layer,s10_j,s10_source,s10,s_act,gelu_percentile,kG,s_product,s_h,gate_nmse_prefill,gate_nmse_decode,gate_nmse_balanced,gelu_nmse_prefill,gelu_nmse_decode,gelu_nmse_balanced,up_nmse_balanced,pre_gpalu_nmse_prefill,pre_gpalu_nmse_decode,pre_gpalu_nmse_balanced,post_gpalu_nmse_prefill,post_gpalu_nmse_decode,post_gpalu_nmse_balanced,post_gpalu_nmse_worst,gpalu_incremental_nmse_balanced,raw_product_min,raw_product_max,raw_product_absmax,raw_product_mean_abs,raw_product_p99_abs,raw_product_p99_9_abs,raw_product_p99_99_abs,preclip_min,preclip_max,clip_rate,positive_clip_rate,negative_clip_rate,output_clip_count,positive_clip_count,negative_clip_count,output_element_count,selected_kG_for_s10,selected_final
0,-4,centered_grid,0.017207328516492978,0.06923578639313316,100.0,0,0.0242881173791108,0.0242881173791108,0.0006240017018692632,0.0010632167484894352,0.0008436092251793493,0.0008821924847221239,0.0009971981956148398,0.0009396953401684819,0.0030342273926470447,0.03213198938282331,0.022889985235310557,0.027510987309066932,0.4300011068587614,0.469338313734462,0.44966971029661174,0.469338313734462,0.41506954431187654,-5952,2540,5952,20.657089233398438,276.0,574.5710000000545,1555.6426999997639,-5952,2540,0.03957366943359375,0.019763946533203125,0.019809722900390625,10374,5181,5193,262144,False,False
0,-4,centered_grid,0.017207328516492978,0.06923578639313316,100.0,1,0.0242881173791108,0.0485762347582216,0.0006240017018692632,0.0010632167484894352,0.0008436092251793493,0.0008821924847221239,0.0009971981956148398,0.0009396953401684819,0.0030342273926470447,0.03213198938282331,0.022889985235310557,0.027510987309066932,0.25362756985418083,0.3160163435809611,0.28482195671757093,0.3160163435809611,0.24037276683414244,-5952,2540,5952,20.657089233398438,276.0,574.5710000000545,1555.6426999997639,-2976,1270,0.01117706298828125,0.00554656982421875,0.0056304931640625,2930,1454,1476,262144,False,False
0,-4,centered_grid,0.017207328516492978,0.06923578639313316,100.0,2,0.0242881173791108,0.0971524695164432,0.0006240017018692632,0.0010632167484894352,0.0008436092251793493,0.0008821924847221239,0.0009971981956148398,0.0009396953401684819,0.0030342273926470447,0.03213198938282331,0.022889985235310557,0.027510987309066932,0.1523604731202644,0.21824850909216467,0.18530449110621455,0.21824850909216467,0.14016326176386373,-5952,2540,5952,20.657089233398438,276.0,574.5710000000545,1555.6426999997639,-1488,635,0.00128173828125,0.000579833984375,0.000701904296875,336,152,184,262144,False,False
0,-4,centered_grid,0.017207328516492978,0.06923578639313316,100.0,3,0.0242881173791108,0.1943049390328864,0.0006240017018692632,0.0010632167484894352,0.0008436092251793493,0.0008821924847221239,0.0009971981956148398,0.0009396953401684819,0.0030342273926470447,0.03213198938282331,0.022889985235310557,0.027510987309066932,0.09233504368121291,0.14773871460636454,0.12003687914378872,0.14773871460636454,0.07919152788962458,-5952,2540,5952,20.657089233398438,276.0,574.5710000000545,1555.6426999997639,-744,318,0.000209808349609375,6.103515625e-05,0.000148773193359375,55,16,39,262144,False,False
0,-4,centered_grid,0.017207328516492978,0.06923578639313316,100.0,4,0.0242881173791108,0.3886098780657728,0.0006240017018692632,0.0010632167484894352,0.0008436092251793493,0.0008821924847221239,0.0009971981956148398,0.0009396953401684819,0.0030342273926470447,0.03213198938282331,0.022889985235310557,0.027510987309066932,0.047308332941216155,0.08454952237792719,0.06592892765957167,0.08454952237792719,0.031758730371485355,-5952,2540,5952,20.657089233398438,276.0,574.5710000000545,1555.6426999997639,-372,159,5.7220458984375e-05,1.52587890625e-05,4.1961669921875e-05,15,4,11,262144,False,False
0,-4,centered_grid,0.017207328516492978,0.06923578639313316,100.0,5,0.0242881173791108,0.7772197561315456,0.0006240017018692632,0.0010632167484894352,0.0008436092251793493,0.0008821924847221239,0.0009971981956148398,0.0009396953401684819,0.0030342273926470447,0.03213198938282331,0.022889985235310557,0.027510987309066932,0.039540480880113964,0.040589878270005576,0.04006517957505977,0.040589878270005576,0.011698172433045677,-5952,2540,5952,20.657089233398438,276.0,574.5710000000545,1555.6426999997639,-186,79,7.62939453125e-06,0.0,7.62939453125e-06,2,0,2,262144,True,False
0,-4,centered_grid,0.017207328516492978,0.06923578639313316,100.0,6,0.0242881173791108,1.5544395122630912,0.0006240017018692632,0.0010632167484894352,0.0008436092251793493,0.0008821924847221239,0.0009971981956148398,0.0009396953401684819,0.0030342273926470447,0.03213198938282331,0.022889985235310557,0.027510987309066932,0.05121960078096961,0.043605455515988815,0.04741252814847921,0.05121960078096961,0.0207895567756929,-5952,2540,5952,20.657089233398438,276.0,574.5710000000545,1555.6426999997639,-93,40,0.0,0.0,0.0,0,0,0,262144,False,False
0,-4,centered_grid,0.017207328516492978,0.06923578639313316,100.0,7,0.0242881173791108,3.1088790245261824,0.0006240017018692632,0.0010632167484894352,0.0008436092251793493,0.0008821924847221239,0.0009971981956148398,0.0009396953401684819,0.0030342273926470447,0.03213198938282331,0.022889985235310557,0.027510987309066932,0.0886275563749642,0.09088314253384978,0.089755349454407,0.09088314253384978,0.060608659136299745,-5952,2540,5952,20.657089233398438,276.0,574.5710000000545,1555.6426999997639,-46,20,0.0,0.0,0.0,0,0,0,262144,False,False
0,-3,centered_grid,0.018764724805746986,0.07550216043887173,100.0,0,0.026486379813801756,0.026486379813801756,0.0003030439915793684,0.0008552999704800139,0.0005791719810296911,0.0003552749439248771,0.0006584975886716729,0.000506886266298275,0.0030342273926470447,0.02883919698131053,0.022174822261624264,0.025507009621467396,0.4052515464792282,0.4477554316121041,0.42650348904566615,0.4477554316121041,0.398622507789845,-5472,2540,5472,19.07738494873047,255.0,526.7140000000363,1498.7141999998712,-5472,2540,0.03710174560546875,0.0185546875,0.01854705810546875,9726,4864,4862,262144,False,False
0,-3,centered_grid,0.018764724805746986,0.07550216043887173,100.0,1,0.026486379813801756,0.05297275962760351,0.0003030439915793684,0.0008552999704800139,0.0005791719810296911,0.0003552749439248771,0.0006584975886716729,0.000506886266298275,0.0030342273926470447,0.02883919698131053,0.022174822261624264,0.025507009621467396,0.23657730041276878,0.3008439644566472,0.268710632434708,0.3008439644566472,0.2322794600083113,-5472,2540,5472,19.07738494873047,255.0,526.7140000000363,1498.7141999998712,-2736,1270,0.009883880615234375,0.004909515380859375,0.004974365234375,2591,1287,1304,262144,False,False
0,-3,centered_grid,0.018764724805746986,0.07550216043887173,100.0,2,0.026486379813801756,0.10594551925520702,0.0003030439915793684,0.0008552999704800139,0.0005791719810296911,0.0003552749439248771,0.0006584975886716729,0.000506886266298275,0.0030342273926470447,0.02883919698131053,0.022174822261624264,0.025507009621467396,0.143633503822959,0.2087682505469468,0.17620087718495292,0.2087682505469468,0.1385313357877423,-5472,2540,5472,19.07738494873047,255.0,526.7140000000363,1498.7141999998712,-1368,635,0.00107574462890625,0.000476837158203125,0.000598907470703125,282,125,157,262144,False,False
0,-3,centered_grid,0.018764724805746986,0.07550216043887173,100.0,3,0.026486379813801756,0.21189103851041405,0.0003030439915793684,0.0008552999704800139,0.0005791719810296911,0.0003552749439248771,0.0006584975886716729,0.000506886266298275,0.0030342273926470447,0.02883919698131053,0.022174822261624264,0.025507009621467396,0.08491982918360279,0.1391683284922395,0.11204407883792114,0.1391683284922395,0.07765738696831054,-5472,2540,5472,19.07738494873047,255.0,526.7140000000363,1498.7141999998712,-684,318,0.00017547607421875,5.340576171875e-05,0.0001220703125,46,14,32,262144,False,False
0,-3,centered_grid,0.018764724805746986,0.07550216043887173,100.0,4,0.026486379813801756,0.4237820770208281,0.0003030439915793684,0.0008552999704800139,0.0005791719810296911,0.0003552749439248771,0.0006584975886716729,0.000506886266298275,0.0030342273926470447,0.02883919698131053,0.022174822261624264,0.025507009621467396,0.042931439964033286,0.07685398517630476,0.059892712570169024,0.07685398517630476,0.03056279544906741,-5472,2540,5472,19.07738494873047,255.0,526.7140000000363,1498.7141999998712,-342,159,4.9591064453125e-05,7.62939453125e-06,4.1961669921875e-05,13,2,11,262144,False,False
0,-3,centered_grid,0.018764724805746986,0.07550216043887173,100.0,5,0.026486379813801756,0.8475641540416562,0.0003030439915793684,0.0008552999704800139,0.0005791719810296911,0.0003552749439248771,0.0006584975886716729,0.000506886266298275,0.0030342273926470447,0.02883919698131053,0.022174822261624264,0.025507009621467396,0.0371803294752967,0.037339387786460836,0.03725985863087877,0.037339387786460836,0.011797763126047793,-5472,2540,5472,19.07738494873047,255.0,526.7140000000363,1498.7141999998712,-171,79,7.62939453125e-06,0.0,7.62939453125e-06,2,0,2,262144,True,False
0,-3,centered_grid,0.018764724805746986,0.07550216043887173,100.0,6,0.026486379813801756,1.6951283080833124,0.0003030439915793684,0.0008552999704800139,0.0005791719810296911,0.0003552749439248771,0.0006584975886716729,0.000506886266298275,0.0030342273926470447,0.02883919698131053,0.022174822261624264,0.025507009621467396,0.05006351755812506,0.04493355718236905,0.047498537370247056,0.05006351755812506,0.02341524261241505,-5472,2540,5472,19.07738494873047,255.0,526.7140000000363,1498.7141999998712,-86,40,0.0,0.0,0.0,0,0,0,262144,False,False
0,-3,centered_grid,0.018764724805746986,0.07550216043887173,100.0,7,0.026486379813801756,3.3902566161666248,0.0003030439915793684,0.0008552999704800139,0.0005791719810296911,0.0003552749439248771,0.0006584975886716729,0.000506886266298275,0.0030342273926470447,0.02883919698131053,0.022174822261624264,0.025507009621467396,0.09918063283353919,0.10463566136715388,0.10190814710034654,0.10463566136715388,0.07433219000420321,-5472,2540,5472,19.07738494873047,255.0,526.7140000000363,1498.7141999998712,-43,20,0.0,0.0,0.0,0,0,0,262144,False,False
0,-2,centered_grid,0.020463077502002665,0.08233568979152253,100.0,0,0.028883601997259804,0.028883601997259804,0.0002290117931753288,0.000804872670988992,0.0005169422320821604,0.00024199852542246454,0.0006057969242805746,0.0004238977248515196,0.0030342273926470447,0.02680371590974674,0.022189894262671286,0.024496805086209012,0.3808846859879624,0.42665139082057246,0.40376803840426745,0.42665139082057246,0.37770998892415236,-4992,2400,4992,17.566146850585938,234.57000000000698,486.0,1377.4283999997424,-4992,2400,0.034214019775390625,0.017131805419921875,0.01708221435546875,8969,4491,4478,262144,False,False
0,-2,centered_grid,0.020463077502002665,0.08233568979152253,100.0,1,0.028883601997259804,0.05776720399451961,0.0002290117931753288,0.000804872670988992,0.0005169422320821604,0.00024199852542246454,0.0006057969242805746,0.0004238977248515196,0.0030342273926470447,0.02680371590974674,0.022189894262671286,0.024496805086209012,0.22093336910078157,0.28664158928109296,0.25378747919093725,0.28664158928109296,0.22040753122829898,-4992,2400,4992,17.566146850585938,234.57000000000698,486.0,1377.4283999997424,-2496,1200,0.0083160400390625,0.0041046142578125,0.00421142578125,2180,1076,1104,262144,False,False
0,-2,centered_grid,0.020463077502002665,0.08233568979152253,100.0,2,0.028883601997259804,0.11553440798903922,0.0002290117931753288,0.000804872670988992,0.0005169422320821604,0.00024199852542246454,0.0006057969242805746,0.0004238977248515196,0.0030342273926470447,0.02680371590974674,0.022189894262671286,0.024496805086209012,0.13569666647261044,0.19973201136584123,0.16771433891922582,0.19973201136584123,0.13334330158258903,-4992,2400,4992,17.566146850585938,234.57000000000698,486.0,1377.4283999997424,-1248,600,0.000850677490234375,0.00035858154296875,0.000492095947265625,223,94,129,262144,False,False
0,-2,centered_grid,0.020463077502002665,0.08233568979152253,100.0,3,0.028883601997259804,0.23106881597807843,0.0002290117931753288,0.000804872670988992,0.0005169422320821604,0.00024199852542246454,0.0006057969242805746,0.0004238977248515196,0.0030342273926470447,0.02680371590974674,0.022189894262671286,0.024496805086209012,0.07817244924014978,0.1310284135913787,0.10460043141576425,0.1310284135913787,0.07272771957919773,-4992,2400,4992,17.566146850585938,234.57000000000698,486.0,1377.4283999997424,-624,300,0.000156402587890625,4.57763671875e-05,0.000110626220703125,41,12,29,262144,False,False
0,-2,centered_grid,0.020463077502002665,0.08233568979152253,100.0,4,0.028883601997259804,0.46213763195615687,0.0002290117931753288,0.000804872670988992,0.0005169422320821604,0.00024199852542246454,0.0006057969242805746,0.0004238977248515196,0.0030342273926470447,0.02680371590974674,0.022189894262671286,0.024496805086209012,0.039630756983748294,0.06970038145694805,0.054665569220348174,0.06970038145694805,0.026930945985580615,-4992,2400,4992,17.566146850585938,234.57000000000698,486.0,1377.4283999997424,-312,150,4.57763671875e-05,7.62939453125e-06,3.814697265625e-05,12,2,10,262144,False,False
0,-2,centered_grid,0.020463077502002665,0.08233568979152253,100.0,5,0.028883601997259804,0.9242752639123137,0.0002290117931753288,0.000804872670988992,0.0005169422320821604,0.00024199852542246454,0.0006057969242805746,0.0004238977248515196,0.0030342273926470447,0.02680371590974674,0.022189894262671286,0.024496805086209012,0.035764829613614824,0.03515909135126969,0.035461960482442254,0.035764829613614824,0.011403575185301856,-4992,2400,4992,17.566146850585938,234.57000000000698,486.0,1377.4283999997424,-156,75,7.62939453125e-06,0.0,7.62939453125e-06,2,0,2,262144,True,False
0,-2,centered_grid,0.020463077502002665,0.08233568979152253,100.0,6,0.028883601997259804,1.8485505278246275,0.0002290117931753288,0.000804872670988992,0.0005169422320821604,0.00024199852542246454,0.0006057969242805746,0.0004238977248515196,0.0030342273926470447,0.02680371590974674,0.022189894262671286,0.024496805086209012,0.05062553489890717,0.04759424354525253,0.04910988922207985,0.05062553489890717,0.0262114108783374,-4992,2400,4992,17.566146850585938,234.57000000000698,486.0,1377.4283999997424,-78,38,0.0,0.0,0.0,0,0,0,262144,False,False
0,-2,centered_grid,0.020463077502002665,0.08233568979152253,100.0,7,0.028883601997259804,3.697101055649255,0.0002290117931753288,0.000804872670988992,0.0005169422320821604,0.00024199852542246454,0.0006057969242805746,0.0004238977248515196,0.0030342273926470447,0.02680371590974674,0.022189894262671286,0.024496805086209012,0.11228095283452996,0.11919702043769224,0.1157389866361111,0.11919702043769224,0.09011759131903838,-4992,2400,4992,17.566146850585938,234.57000000000698,486.0,1377.4283999997424,-39,19,0.0,0.0,0.0,0,0,0,262144,False,False
0,-1,centered_grid,0.022315144250062372,0.08978770639198325,100.0,0,0.0314977913252375,0.0314977913252375,0.0002001003010431397,0.000783643376951098,0.0004918718389971189,0.0002183414059648492,0.0005981592534025067,0.00040825032968367796,0.0030342273926470447,0.025525742176309273,0.022313564143856976,0.023919653160083126,0.35715329869941176,0.4062006596381325,0.38167697916877213,0.4062006596381325,0.3566735360255683,-4608,2200,4608,16.15899658203125,216.0,444.0,1256.1425999996136,-4608,2200,0.030971527099609375,0.01557159423828125,0.015399932861328125,8119,4082,4037,262144,False,False
0,-1,centered_grid,0.022315144250062372,0.08978770639198325,100.0,1,0.0314977913252375,0.062995582650475,0.0002001003010431397,0.000783643376951098,0.0004918718389971189,0.0002183414059648492,0.0005981592534025067,0.00040825032968367796,0.0030342273926470447,0.025525742176309273,0.022313564143856976,0.023919653160083126,0.20678818044313962,0.27348509588532366,0.24013663816423164,0.27348509588532366,0.20893513083937065,-4608,2200,4608,16.15899658203125,216.0,444.0,1256.1425999996136,-2304,1100,0.00673675537109375,0.003330230712890625,0.003406524658203125,1766,873,893,262144,False,False
0,-1,centered_grid,0.022315144250062372,0.08978770639198325,100.0,2,0.0314977913252375,0.12599116530095,0.0002001003010431397,0.000783643376951098,0.0004918718389971189,0.0002183414059648492,0.0005981592534025067,0.00040825032968367796,0.0030342273926470447,0.025525742176309273,0.022313564143856976,0.023919653160083126,0.12811514388176495,0.1910162078763785,0.15956567587907172,0.1910162078763785,0.1278387752683648,-4608,2200,4608,16.15899658203125,216.0,444.0,1256.1425999996136,-1152,550,0.00061798095703125,0.000244140625,0.00037384033203125,162,64,98,262144,False,False
0,-1,centered_grid,0.022315144250062372,0.08978770639198325,100.0,3,0.0314977913252375,0.2519823306019,0.0002001003010431397,0.000783643376951098,0.0004918718389971189,0.0002183414059648492,0.0005981592534025067,0.00040825032968367796,0.0030342273926470447,0.025525742176309273,0.022313564143856976,0.023919653160083126,0.07185939187779763,0.12304427462394409,0.09745183325087087,0.12304427462394409,0.06766267430239323,-4608,2200,4608,16.15899658203125,216.0,444.0,1256.1425999996136,-576,275,0.000141143798828125,3.814697265625e-05,0.000102996826171875,37,10,27,262144,False,False
0,-1,centered_grid,0.022315144250062372,0.08978770639198325,100.0,4,0.0314977913252375,0.5039646612038,0.0002001003010431397,0.000783643376951098,0.0004918718389971189,0.0002183414059648492,0.0005981592534025067,0.00040825032968367796,0.0030342273926470447,0.025525742176309273,0.022313564143856976,0.023919653160083126,0.037476660102948395,0.0631377343615618,0.050307197232255095,0.0631377343615618,0.02396167232538187,-4608,2200,4608,16.15899658203125,216.0,444.0,1256.1425999996136,-288,138,4.1961669921875e-05,7.62939453125e-06,3.4332275390625e-05,11,2,9,262144,False,False
0,-1,centered_grid,0.022315144250062372,0.08978770639198325,100.0,5,0.0314977913252375,1.0079293224076,0.0002001003010431397,0.000783643376951098,0.0004918718389971189,0.0002183414059648492,0.0005981592534025067,0.00040825032968367796,0.0030342273926470447,0.025525742176309273,0.022313564143856976,0.023919653160083126,0.035622896021145004,0.03447332161438943,0.035048108817767216,0.035622896021145004,0.01174294885770628,-4608,2200,4608,16.15899658203125,216.0,444.0,1256.1425999996136,-144,69,7.62939453125e-06,0.0,7.62939453125e-06,2,0,2,262144,True,True
0,-1,centered_grid,0.022315144250062372,0.08978770639198325,100.0,6,0.0314977913252375,2.0158586448152,0.0002001003010431397,0.000783643376951098,0.0004918718389971189,0.0002183414059648492,0.0005981592534025067,0.00040825032968367796,0.0030342273926470447,0.025525742176309273,0.022313564143856976,0.023919653160083126,0.051369233105091484,0.05073675447702592,0.0510529937910587,0.051369233105091484,0.029040462576006967,-4608,2200,4608,16.15899658203125,216.0,444.0,1256.1425999996136,-72,34,0.0,0.0,0.0,0,0,0,262144,False,False
0,-1,centered_grid,0.022315144250062372,0.08978770639198325,100.0,7,0.0314977913252375,4.0317172896304,0.0002001003010431397,0.000783643376951098,0.0004918718389971189,0.0002183414059648492,0.0005981592534025067,0.00040825032968367796,0.0030342273926470447,0.025525742176309273,0.022313564143856976,0.023919653160083126,0.12589632160005323,0.13332392625674097,0.1296101239283971,0.13332392625674097,0.10636918362821575,-4608,2200,4608,16.15899658203125,216.0,444.0,1256.1425999996136,-36,17,0.0,0.0,0.0,0,0,0,262144,False,False
0,0,centered_grid,0.024334837360233678,0.09447198705155851,99.995,0,0.033141050749640404,0.033141050749640404,0.00018762906398006666,0.0007749881810642712,0.00048130862252216897,0.00022066468617102858,0.0005971509744849075,0.0004089078303279681,0.0030342273926470447,0.02500726393877794,0.022432228519827093,0.023719746229302514,0.34363133285851455,0.3945421805471488,0.36908675670283164,0.3945421805471488,0.34432989452359675,-4368,2100,4368,15.363269805908203,204.0,423.42800000007264,1197.4283999997424,-4368,2100,0.029048919677734375,0.01461029052734375,0.014438629150390625,7615,3830,3785,262144,False,False
0,0,centered_grid,0.024334837360233678,0.09447198705155851,99.995,1,0.033141050749640404,0.06628210149928081,0.00018762906398006666,0.0007749881810642712,0.00048130862252216897,0.00022066468617102858,0.0005971509744849075,0.0004089078303279681,0.0030342273926470447,0.02500726393877794,0.022432228519827093,0.023719746229302514,0.19914266395663208,0.26618062887252714,0.2326616464145796,0.26618062887252714,0.20242752209143927,-4368,2100,4368,15.363269805908203,204.0,423.42800000007264,1197.4283999997424,-2184,1050,0.0057525634765625,0.00281524658203125,0.00293731689453125,1508,738,770,262144,False,False
0,0,centered_grid,0.024334837360233678,0.09447198705155851,99.995,2,0.033141050749640404,0.13256420299856161,0.00018762906398006666,0.0007749881810642712,0.00048130862252216897,0.00022066468617102858,0.0005971509744849075,0.0004089078303279681,0.0030342273926470447,0.02500726393877794,0.022432228519827093,0.023719746229302514,0.12381734855085944,0.18591320612502937,0.15486527733794442,0.18591320612502937,0.12442826896575793,-4368,2100,4368,15.363269805908203,204.0,423.42800000007264,1197.4283999997424,-1092,525,0.000522613525390625,0.00020599365234375,0.000316619873046875,137,54,83,262144,False,False
0,0,centered_grid,0.024334837360233678,0.09447198705155851,99.995,3,0.033141050749640404,0.26512840599712323,0.00018762906398006666,0.0007749881810642712,0.00048130862252216897,0.00022066468617102858,0.0005971509744849075,0.0004089078303279681,0.0030342273926470447,0.02500726393877794,0.022432228519827093,0.023719746229302514,0.0681977789930293,0.1184323635027446,0.09331507124788695,0.1184323635027446,0.064657823083992,-4368,2100,4368,15.363269805908203,204.0,423.42800000007264,1197.4283999997424,-546,262,0.00012969970703125,3.4332275390625e-05,9.5367431640625e-05,34,9,25,262144,False,False
0,0,centered_grid,0.024334837360233678,0.09447198705155851,99.995,4,0.033141050749640404,0.5302568119942465,0.00018762906398006666,0.0007749881810642712,0.00048130862252216897,0.00022066468617102858,0.0005971509744849075,0.0004089078303279681,0.0030342273926470447,0.02500726393877794,0.022432228519827093,0.023719746229302514,0.0365876194453971,0.05972824799803661,0.04815793372171685,0.05972824799803661,0.022478119680778785,-4368,2100,4368,15.363269805908203,204.0,423.42800000007264,1197.4283999997424,-273,131,3.4332275390625e-05,3.814697265625e-06,3.0517578125e-05,9,1,8,262144,False,False
0,0,centered_grid,0.024334837360233678,0.09447198705155851,99.995,5,0.033141050749640404,1.060513623988493,0.00018762906398006666,0.0007749881810642712,0.00048130862252216897,0.00022066468617102858,0.0005971509744849075,0.0004089078303279681,0.0030342273926470447,0.02500726393877794,0.022432228519827093,0.023719746229302514,0.036090317357715423,0.03495814178064246,0.035524229569178944,0.036090317357715423,0.012277885514764005,-4368,2100,4368,15.363269805908203,204.0,423.42800000007264,1197.4283999997424,-136,66,7.62939453125e-06,0.0,7.62939453125e-06,2,0,2,262144,True,False
0,0,centered_grid,0.024334837360233678,0.09447198705155851,99.995,6,0.033141050749640404,2.121027247976986,0.00018762906398006666,0.0007749881810642712,0.00048130862252216897,0.00022066468617102858,0.0005971509744849075,0.0004089078303279681,0.0030342273926470447,0.02500726393877794,0.022432228519827093,0.023719746229302514,0.05231654466904936,0.05321885273012007,0.05276769869958471,0.05321885273012007,0.03074662712679616,-4368,2100,4368,15.363269805908203,204.0,423.42800000007264,1197.4283999997424,-68,33,0.0,0.0,0.0,0,0,0,262144,False,False
0,0,centered_grid,0.024334837360233678,0.09447198705155851,99.995,7,0.033141050749640404,4.242054495953972,0.00018762906398006666,0.0007749881810642712,0.00048130862252216897,0.00022066468617102858,0.0005971509744849075,0.0004089078303279681,0.0030342273926470447,0.02500726393877794,0.022432228519827093,0.023719746229302514,0.13432111607991745,0.14233157699219756,0.13832634653605752,0.14233157699219756,0.11643477850246704,-4368,2100,4368,15.363269805908203,204.0,423.42800000007264,1197.4283999997424,-34,16,0.0,0.0,0.0,0,0,0,262144,False,False
0,1,centered_grid,0.02653732831448623,0.09445526341655984,99.995,0,0.03313518404932524,0.03313518404932524,0.0001839488781143355,0.000771602459547731,0.00047777566883103325,0.00022119585181392526,0.0005974117295660093,0.0004093037906899673,0.0030342273926470447,0.025034616241177383,0.02245823347812899,0.023746424859653184,0.3436779872713088,0.3945976337183787,0.36913781049484373,0.3945976337183787,0.3443648248021872,-4368,2100,4368,15.38564682006836,204.0,424.0,1197.4283999997424,-4368,2100,0.02899169921875,0.014560699462890625,0.014430999755859375,7600,3817,3783,262144,False,False
0,1,centered_grid,0.02653732831448623,0.09445526341655984,99.995,1,0.03313518404932524,0.06627036809865049,0.0001839488781143355,0.000771602459547731,0.00047777566883103325,0.00022119585181392526,0.0005974117295660093,0.0004093037906899673,0.0030342273926470447,0.025034616241177383,0.02245823347812899,0.023746424859653184,0.1991737418348847,0.266229207152649,0.23270147449376682,0.266229207152649,0.20246177525873618,-4368,2100,4368,15.38564682006836,204.0,424.0,1197.4283999997424,-2184,1050,0.005764007568359375,0.002841949462890625,0.00292205810546875,1511,745,766,262144,False,False
0,1,centered_grid,0.02653732831448623,0.09445526341655984,99.995,2,0.03313518404932524,0.13254073619730097,0.0001839488781143355,0.000771602459547731,0.00047777566883103325,0.00022119585181392526,0.0005974117295660093,0.0004093037906899673,0.0030342273926470447,0.025034616241177383,0.02245823347812899,0.023746424859653184,0.12385254616537479,0.18596954614781053,0.15491104615659265,0.18596954614781053,0.12446981893309686,-4368,2100,4368,15.38564682006836,204.0,424.0,1197.4283999997424,-1092,525,0.000522613525390625,0.00020599365234375,0.000316619873046875,137,54,83,262144,False,False
0,1,centered_grid,0.02653732831448623,0.09445526341655984,99.995,3,0.03313518404932524,0.26508147239460195,0.0001839488781143355,0.000771602459547731,0.00047777566883103325,0.00022119585181392526,0.0005974117295660093,0.0004093037906899673,0.0030342273926470447,0.025034616241177383,0.02245823347812899,0.023746424859653184,0.06824127820957805,0.11847404244245975,0.0933576603260189,0.11847404244245975,0.0647165793794077,-4368,2100,4368,15.38564682006836,204.0,424.0,1197.4283999997424,-546,262,0.00012969970703125,3.4332275390625e-05,9.5367431640625e-05,34,9,25,262144,False,False
0,1,centered_grid,0.02653732831448623,0.09445526341655984,99.995,4,0.03313518404932524,0.5301629447892039,0.0001839488781143355,0.000771602459547731,0.00047777566883103325,0.00022119585181392526,0.0005974117295660093,0.0004093037906899673,0.0030342273926470447,0.025034616241177383,0.02245823347812899,0.023746424859653184,0.03663709342718586,0.05978027478910498,0.04820868410814542,0.05978027478910498,0.022500143373919985,-4368,2100,4368,15.38564682006836,204.0,424.0,1197.4283999997424,-273,131,3.4332275390625e-05,3.814697265625e-06,3.0517578125e-05,9,1,8,262144,False,False
0,1,centered_grid,0.02653732831448623,0.09445526341655984,99.995,5,0.03313518404932524,1.0603258895784078,0.0001839488781143355,0.000771602459547731,0.00047777566883103325,0.00022119585181392526,0.0005974117295660093,0.0004093037906899673,0.0030342273926470447,0.025034616241177383,0.02245823347812899,0.023746424859653184,0.03612809685083962,0.034898901959457496,0.03551349940514856,0.03612809685083962,0.012320293175942673,-4368,2100,4368,15.38564682006836,204.0,424.0,1197.4283999997424,-136,66,7.62939453125e-06,0.0,7.62939453125e-06,2,0,2,262144,True,False
0,1,centered_grid,0.02653732831448623,0.09445526341655984,99.995,6,0.03313518404932524,2.1206517791568156,0.0001839488781143355,0.000771602459547731,0.00047777566883103325,0.00022119585181392526,0.0005974117295660093,0.0004093037906899673,0.0030342273926470447,0.025034616241177383,0.02245823347812899,0.023746424859653184,0.052334245841821815,0.053275302854845615,0.052804774348333715,0.053275302854845615,0.030873393396646513,-4368,2100,4368,15.38564682006836,204.0,424.0,1197.4283999997424,-68,33,0.0,0.0,0.0,0,0,0,262144,False,False
0,1,centered_grid,0.02653732831448623,0.09445526341655984,99.995,7,0.03313518404932524,4.241303558313631,0.0001839488781143355,0.000771602459547731,0.00047777566883103325,0.00022119585181392526,0.0005974117295660093,0.0004093037906899673,0.0030342273926470447,0.025034616241177383,0.02245823347812899,0.023746424859653184,0.13437402562688328,0.14235192679369787,0.1383629762102906,0.14235192679369787,0.11649750120529345,-4368,2100,4368,15.38564682006836,204.0,424.0,1197.4283999997424,-34,16,0.0,0.0,0.0,0,0,0,262144,False,False
0,2,centered_grid,0.028939161731223923,0.09436964936238432,99.995,0,0.033105150387465615,0.033105150387465615,0.00018501771221505217,0.0007704113826439332,0.00047771454742949265,0.00022038586787720651,0.0005985895632595422,0.00040948771556837435,0.0030342273926470447,0.025039156985289822,0.022432315684003203,0.023735736334646512,0.3439177537210104,0.3947874791614277,0.3693526164412191,0.3947874791614277,0.34462374340584334,-4368,2100,4368,15.369697570800781,204.0,425.0,1197.4283999997424,-4368,2100,0.0290374755859375,0.014598846435546875,0.014438629150390625,7612,3827,3785,262144,False,False
0,2,centered_grid,0.028939161731223923,0.09436964936238432,99.995,1,0.033105150387465615,0.06621030077493123,0.00018501771221505217,0.0007704113826439332,0.00047771454742949265,0.00022038586787720651,0.0005985895632595422,0.00040948771556837435,0.0030342273926470447,0.025039156985289822,0.022432315684003203,0.023735736334646512,0.19931745190718167,0.26635354294585717,0.23283549742651943,0.26635354294585717,0.2024941701416254,-4368,2100,4368,15.369697570800781,204.0,425.0,1197.4283999997424,-2184,1050,0.005794525146484375,0.002849578857421875,0.0029449462890625,1519,747,772,262144,False,False
0,2,centered_grid,0.028939161731223923,0.09436964936238432,99.995,2,0.033105150387465615,0.13242060154986246,0.00018501771221505217,0.0007704113826439332,0.00047771454742949265,0.00022038586787720651,0.0005985895632595422,0.00040948771556837435,0.0030342273926470447,0.025039156985289822,0.022432315684003203,0.023735736334646512,0.12393965182232464,0.18603645490922616,0.1549880533657754,0.18603645490922616,0.12438729864912987,-4368,2100,4368,15.369697570800781,204.0,425.0,1197.4283999997424,-1092,525,0.000522613525390625,0.00020599365234375,0.000316619873046875,137,54,83,262144,False,False
0,2,centered_grid,0.028939161731223923,0.09436964936238432,99.995,3,0.033105150387465615,0.2648412030997249,0.00018501771221505217,0.0007704113826439332,0.00047771454742949265,0.00022038586787720651,0.0005985895632595422,0.00040948771556837435,0.0030342273926470447,0.025039156985289822,0.022432315684003203,0.023735736334646512,0.06831986066733525,0.118513439487111,0.09341665007722313,0.118513439487111,0.0646323086403085,-4368,2100,4368,15.369697570800781,204.0,425.0,1197.4283999997424,-546,262,0.00012969970703125,3.4332275390625e-05,9.5367431640625e-05,34,9,25,262144,False,False
0,2,centered_grid,0.028939161731223923,0.09436964936238432,99.995,4,0.033105150387465615,0.5296824061994498,0.00018501771221505217,0.0007704113826439332,0.00047771454742949265,0.00022038586787720651,0.0005985895632595422,0.00040948771556837435,0.0030342273926470447,0.025039156985289822,0.022432315684003203,0.023735736334646512,0.036646995853079255,0.05976911731031282,0.04820805658169604,0.05976911731031282,0.022415439774646564,-4368,2100,4368,15.369697570800781,204.0,425.0,1197.4283999997424,-273,131,3.814697265625e-05,7.62939453125e-06,3.0517578125e-05,10,2,8,262144,False,False
0,2,centered_grid,0.028939161731223923,0.09436964936238432,99.995,5,0.033105150387465615,1.0593648123988997,0.00018501771221505217,0.0007704113826439332,0.00047771454742949265,0.00022038586787720651,0.0005985895632595422,0.00040948771556837435,0.0030342273926470447,0.025039156985289822,0.022432315684003203,0.023735736334646512,0.036135463867158234,0.03495794100309897,0.0355467024351286,0.036135463867158234,0.012219085204882857,-4368,2100,4368,15.369697570800781,204.0,425.0,1197.4283999997424,-136,66,7.62939453125e-06,0.0,7.62939453125e-06,2,0,2,262144,True,False
0,2,centered_grid,0.028939161731223923,0.09436964936238432,99.995,6,0.033105150387465615,2.1187296247977994,0.00018501771221505217,0.0007704113826439332,0.00047771454742949265,0.00022038586787720651,0.0005985895632595422,0.00040948771556837435,0.0030342273926470447,0.025039156985289822,0.022432315684003203,0.023735736334646512,0.052316133198598215,0.05326461606678464,0.05279037463269143,0.05326461606678464,0.030677674821768,-4368,2100,4368,15.369697570800781,204.0,425.0,1197.4283999997424,-68,33,0.0,0.0,0.0,0,0,0,262144,False,False
0,2,centered_grid,0.028939161731223923,0.09436964936238432,99.995,7,0.033105150387465615,4.237459249595599,0.00018501771221505217,0.0007704113826439332,0.00047771454742949265,0.00022038586787720651,0.0005985895632595422,0.00040948771556837435,0.0030342273926470447,0.025039156985289822,0.022432315684003203,0.023735736334646512,0.1341369392506028,0.14216494734470067,0.13815094329765173,0.14216494734470067,0.11608508999350148,-4368,2100,4368,15.369697570800781,204.0,425.0,1197.4283999997424,-34,16,0.0,0.0,0.0,0,0,0,262144,False,False
0,3,centered_grid,0.031558379644750195,0.08418525778591944,99.99,0,0.02953243588633388,0.02953243588633388,0.00018597881380187672,0.0007725556908967256,0.0004792672523493012,0.00023787595137520626,0.0006061990302318976,0.00042203749080355193,0.0030342273926470447,0.026412676035870004,0.022203178045584672,0.024307927040727338,0.374732784184811,0.4213460218530284,0.3980394030189197,0.4213460218530284,0.37217326917938065,-4896,2340,4896,17.236865997314453,230.0,474.0,1341.4283999997424,-4896,2340,0.0334014892578125,0.0167388916015625,0.01666259765625,8756,4388,4368,262144,False,False
0,3,centered_grid,0.031558379644750195,0.08418525778591944,99.99,1,0.02953243588633388,0.05906487177266776,0.00018597881380187672,0.0007725556908967256,0.0004792672523493012,0.00023787595137520626,0.0006061990302318976,0.00042203749080355193,0.0030342273926470447,0.026412676035870004,0.022203178045584672,0.024307927040727338,0.21714495560388533,0.2831488137176124,0.25014688466074886,0.2831488137176124,0.21741680815472147,-4896,2340,4896,17.236865997314453,230.0,474.0,1341.4283999997424,-2448,1170,0.007968902587890625,0.003940582275390625,0.0040283203125,2089,1033,1056,262144,False,False
0,3,centered_grid,0.031558379644750195,0.08418525778591944,99.99,2,0.02953243588633388,0.11812974354533552,0.00018597881380187672,0.0007725556908967256,0.0004792672523493012,0.00023787595137520626,0.0006061990302318976,0.00042203749080355193,0.0030342273926470447,0.026412676035870004,0.022203178045584672,0.024307927040727338,0.13370360001911374,0.1974450709511179,0.16557433548511583,0.1974450709511179,0.13197916508236957,-4896,2340,4896,17.236865997314453,230.0,474.0,1341.4283999997424,-1224,585,0.000782012939453125,0.00032806396484375,0.000453948974609375,205,86,119,262144,False,False
0,3,centered_grid,0.031558379644750195,0.08418525778591944,99.99,3,0.02953243588633388,0.23625948709067104,0.00018597881380187672,0.0007725556908967256,0.0004792672523493012,0.00023787595137520626,0.0006061990302318976,0.00042203749080355193,0.0030342273926470447,0.026412676035870004,0.022203178045584672,0.024307927040727338,0.07651140108283658,0.12896394794316157,0.10273767451299907,0.12896394794316157,0.07144744040229437,-4896,2340,4896,17.236865997314453,230.0,474.0,1341.4283999997424,-612,292,0.000156402587890625,4.57763671875e-05,0.000110626220703125,41,12,29,262144,False,False
0,3,centered_grid,0.031558379644750195,0.08418525778591944,99.99,4,0.02953243588633388,0.4725189741813421,0.00018597881380187672,0.0007725556908967256,0.0004792672523493012,0.00023787595137520626,0.0006061990302318976,0.00042203749080355193,0.0030342273926470447,0.026412676035870004,0.022203178045584672,0.024307927040727338,0.039038259501243025,0.06795080593729774,0.053494532719270384,0.06795080593729774,0.026118873107729524,-4896,2340,4896,17.236865997314453,230.0,474.0,1341.4283999997424,-306,146,4.57763671875e-05,7.62939453125e-06,3.814697265625e-05,12,2,10,262144,False,False
0,3,centered_grid,0.031558379644750195,0.08418525778591944,99.99,5,0.02953243588633388,0.9450379483626842,0.00018597881380187672,0.0007725556908967256,0.0004792672523493012,0.00023787595137520626,0.0006061990302318976,0.00042203749080355193,0.0030342273926470447,0.026412676035870004,0.022203178045584672,0.024307927040727338,0.03557889091653091,0.034799196485038056,0.03518904370078448,0.03557889091653091,0.011473800595929895,-4896,2340,4896,17.236865997314453,230.0,474.0,1341.4283999997424,-153,73,7.62939453125e-06,0.0,7.62939453125e-06,2,0,2,262144,True,False
0,3,centered_grid,0.031558379644750195,0.08418525778591944,99.99,6,0.02953243588633388,1.8900758967253684,0.00018597881380187672,0.0007725556908967256,0.0004792672523493012,0.00023787595137520626,0.0006061990302318976,0.00042203749080355193,0.0030342273926470447,0.026412676035870004,0.022203178045584672,0.024307927040727338,0.050846636606101364,0.04843232665922959,0.049639481632665475,0.050846636606101364,0.027116002831943722,-4896,2340,4896,17.236865997314453,230.0,474.0,1341.4283999997424,-76,37,0.0,0.0,0.0,0,0,0,262144,False,False
0,3,centered_grid,0.031558379644750195,0.08418525778591944,99.99,7,0.02953243588633388,3.7801517934507367,0.00018597881380187672,0.0007725556908967256,0.0004792672523493012,0.00023787595137520626,0.0006061990302318976,0.00042203749080355193,0.0030342273926470447,0.026412676035870004,0.022203178045584672,0.024307927040727338,0.11581094655011796,0.1231153958853,0.11946317121770898,0.1231153958853,0.09473327481721353,-4896,2340,4896,17.236865997314453,230.0,474.0,1341.4283999997424,-38,18,0.0,0.0,0.0,0,0,0,262144,False,False
0,4,centered_grid,0.034414657032985956,0.09439834741343607,99.995,0,0.03311521774812993,0.03311521774812993,0.00018825389094773328,0.0007739199083630346,0.00048108689965538397,0.00022257262638344087,0.000600940858693883,0.00041175674253866195,0.0030342273926470447,0.025021344042785384,0.022459476401830138,0.02374041022230776,0.34384125119371545,0.39473810630929695,0.3692896787515062,0.39473810630929695,0.3445662477453454,-4368,2100,4368,15.379035949707031,205.0,424.85700000001816,1197.4283999997424,-4368,2100,0.029041290283203125,0.01458740234375,0.014453887939453125,7613,3824,3789,262144,False,False
0,4,centered_grid,0.034414657032985956,0.09439834741343607,99.995,1,0.03311521774812993,0.06623043549625986,0.00018825389094773328,0.0007739199083630346,0.00048108689965538397,0.00022257262638344087,0.000600940858693883,0.00041175674253866195,0.0030342273926470447,0.025021344042785384,0.022459476401830138,0.02374041022230776,0.19926427868723057,0.266328363229217,0.23279632095822378,0.266328363229217,0.2024914526723626,-4368,2100,4368,15.379035949707031,205.0,424.85700000001816,1197.4283999997424,-2184,1050,0.005779266357421875,0.0028533935546875,0.002925872802734375,1515,748,767,262144,False,False
0,4,centered_grid,0.034414657032985956,0.09439834741343607,99.995,2,0.03311521774812993,0.1324608709925197,0.00018825389094773328,0.0007739199083630346,0.00048108689965538397,0.00022257262638344087,0.000600940858693883,0.00041175674253866195,0.0030342273926470447,0.025021344042785384,0.022459476401830138,0.02374041022230776,0.12388774294509314,0.18602927411884865,0.1549585085319709,0.18602927411884865,0.1244149219148012,-4368,2100,4368,15.379035949707031,205.0,424.85700000001816,1197.4283999997424,-1092,525,0.000522613525390625,0.00020599365234375,0.000316619873046875,137,54,83,262144,False,False
0,4,centered_grid,0.034414657032985956,0.09439834741343607,99.995,3,0.03311521774812993,0.2649217419850394,0.00018825389094773328,0.0007739199083630346,0.00048108689965538397,0.00022257262638344087,0.000600940858693883,0.00041175674253866195,0.0030342273926470447,0.025021344042785384,0.022459476401830138,0.02374041022230776,0.06828164662157993,0.11851612928838795,0.09339888795498394,0.11851612928838795,0.06467094196758179,-4368,2100,4368,15.379035949707031,205.0,424.85700000001816,1197.4283999997424,-546,262,0.00012969970703125,3.4332275390625e-05,9.5367431640625e-05,34,9,25,262144,False,False
0,4,centered_grid,0.034414657032985956,0.09439834741343607,99.995,4,0.03311521774812993,0.5298434839700789,0.00018825389094773328,0.0007739199083630346,0.00048108689965538397,0.00022257262638344087,0.000600940858693883,0.00041175674253866195,0.0030342273926470447,0.025021344042785384,0.022459476401830138,0.02374041022230776,0.03662814645660374,0.059815154880566844,0.04822165066858529,0.059815154880566844,0.02247034956944078,-4368,2100,4368,15.379035949707031,205.0,424.85700000001816,1197.4283999997424,-273,131,3.814697265625e-05,7.62939453125e-06,3.0517578125e-05,10,2,8,262144,False,False
0,4,centered_grid,0.034414657032985956,0.09439834741343607,99.995,5,0.03311521774812993,1.0596869679401577,0.00018825389094773328,0.0007739199083630346,0.00048108689965538397,0.00022257262638344087,0.000600940858693883,0.00041175674253866195,0.0030342273926470447,0.025021344042785384,0.022459476401830138,0.02374041022230776,0.036100278789927984,0.03493516784075864,0.03551772331534331,0.036100278789927984,0.012287789534619755,-4368,2100,4368,15.379035949707031,205.0,424.85700000001816,1197.4283999997424,-136,66,7.62939453125e-06,0.0,7.62939453125e-06,2,0,2,262144,True,False
0,4,centered_grid,0.034414657032985956,0.09439834741343607,99.995,6,0.03311521774812993,2.1193739358803154,0.00018825389094773328,0.0007739199083630346,0.00048108689965538397,0.00022257262638344087,0.000600940858693883,0.00041175674253866195,0.0030342273926470447,0.025021344042785384,0.022459476401830138,0.02374041022230776,0.052274519778368944,0.053325428744592486,0.05279997426148071,0.053325428744592486,0.03079059461237245,-4368,2100,4368,15.379035949707031,205.0,424.85700000001816,1197.4283999997424,-68,33,0.0,0.0,0.0,0,0,0,262144,False,False
0,4,centered_grid,0.034414657032985956,0.09439834741343607,99.995,7,0.03311521774812993,4.238747871760631,0.00018825389094773328,0.0007739199083630346,0.00048108689965538397,0.00022257262638344087,0.000600940858693883,0.00041175674253866195,0.0030342273926470447,0.025021344042785384,0.022459476401830138,0.02374041022230776,0.13436841016975012,0.14222869506836033,0.13829855261905522,0.14222869506836033,0.11615019038912941,-4368,2100,4368,15.379035949707031,205.0,424.85700000001816,1197.4283999997424,-34,16,0.0,0.0,0.0,0,0,0,262144,False,False
0,original,original_mixed,0.028939161731223927,0.09436964936238433,99.995,0,0.03310515038746562,0.03310515038746562,0.00018501771221505217,0.0007704113826439332,0.00047771454742949265,0.00022038586787720605,0.0005985895632595396,0.00040948771556837283,0.0030342273926470447,0.025039156985289822,0.022432315684003203,0.023735736334646512,0.3439177537210104,0.39478747916142765,0.36935261644121903,0.39478747916142765,0.34462374340584334,-4368,2100,4368,15.369697570800781,204.0,425.0,1197.4283999997424,-4368,2100,0.0290374755859375,0.014598846435546875,0.014438629150390625,7612,3827,3785,262144,False,False
0,original,original_mixed,0.028939161731223927,0.09436964936238433,99.995,1,0.03310515038746562,0.06621030077493124,0.00018501771221505217,0.0007704113826439332,0.00047771454742949265,0.00022038586787720605,0.0005985895632595396,0.00040948771556837283,0.0030342273926470447,0.025039156985289822,0.022432315684003203,0.023735736334646512,0.19931745190718164,0.26635354294585717,0.2328354974265194,0.26635354294585717,0.20249417014162538,-4368,2100,4368,15.369697570800781,204.0,425.0,1197.4283999997424,-2184,1050,0.005794525146484375,0.002849578857421875,0.0029449462890625,1519,747,772,262144,False,False
0,original,original_mixed,0.028939161731223927,0.09436964936238433,99.995,2,0.03310515038746562,0.1324206015498625,0.00018501771221505217,0.0007704113826439332,0.00047771454742949265,0.00022038586787720605,0.0005985895632595396,0.00040948771556837283,0.0030342273926470447,0.025039156985289822,0.022432315684003203,0.023735736334646512,0.12393965182232464,0.18603645490922616,0.1549880533657754,0.18603645490922616,0.12438729864912985,-4368,2100,4368,15.369697570800781,204.0,425.0,1197.4283999997424,-1092,525,0.000522613525390625,0.00020599365234375,0.000316619873046875,137,54,83,262144,False,False
0,original,original_mixed,0.028939161731223927,0.09436964936238433,99.995,3,0.03310515038746562,0.264841203099725,0.00018501771221505217,0.0007704113826439332,0.00047771454742949265,0.00022038586787720605,0.0005985895632595396,0.00040948771556837283,0.0030342273926470447,0.025039156985289822,0.022432315684003203,0.023735736334646512,0.06831986066733524,0.118513439487111,0.09341665007722312,0.118513439487111,0.06463230864030849,-4368,2100,4368,15.369697570800781,204.0,425.0,1197.4283999997424,-546,262,0.00012969970703125,3.4332275390625e-05,9.5367431640625e-05,34,9,25,262144,False,False
0,original,original_mixed,0.028939161731223927,0.09436964936238433,99.995,4,0.03310515038746562,0.52968240619945,0.00018501771221505217,0.0007704113826439332,0.00047771454742949265,0.00022038586787720605,0.0005985895632595396,0.00040948771556837283,0.0030342273926470447,0.025039156985289822,0.022432315684003203,0.023735736334646512,0.036646995853079255,0.05976911731031282,0.04820805658169604,0.05976911731031282,0.022415439774646554,-4368,2100,4368,15.369697570800781,204.0,425.0,1197.4283999997424,-273,131,3.814697265625e-05,7.62939453125e-06,3.0517578125e-05,10,2,8,262144,False,False
0,original,original_mixed,0.028939161731223927,0.09436964936238433,99.995,5,0.03310515038746562,1.0593648123989,0.00018501771221505217,0.0007704113826439332,0.00047771454742949265,0.00022038586787720605,0.0005985895632595396,0.00040948771556837283,0.0030342273926470447,0.025039156985289822,0.022432315684003203,0.023735736334646512,0.03613546386715824,0.03495794100309898,0.03554670243512861,0.03613546386715824,0.012219085204882858,-4368,2100,4368,15.369697570800781,204.0,425.0,1197.4283999997424,-136,66,7.62939453125e-06,0.0,7.62939453125e-06,2,0,2,262144,True,False
0,original,original_mixed,0.028939161731223927,0.09436964936238433,99.995,6,0.03310515038746562,2.1187296247978,0.00018501771221505217,0.0007704113826439332,0.00047771454742949265,0.00022038586787720605,0.0005985895632595396,0.00040948771556837283,0.0030342273926470447,0.025039156985289822,0.022432315684003203,0.023735736334646512,0.05231613319859822,0.05326461606678466,0.05279037463269144,0.05326461606678466,0.030677674821768003,-4368,2100,4368,15.369697570800781,204.0,425.0,1197.4283999997424,-68,33,0.0,0.0,0.0,0,0,0,262144,False,False
0,original,original_mixed,0.028939161731223927,0.09436964936238433,99.995,7,0.03310515038746562,4.2374592495956,0.00018501771221505217,0.0007704113826439332,0.00047771454742949265,0.00022038586787720605,0.0005985895632595396,0.00040948771556837283,0.0030342273926470447,0.025039156985289822,0.022432315684003203,0.023735736334646512,0.13413693925060288,0.14216494734470073,0.13815094329765182,0.14216494734470073,0.1160850899935015,-4368,2100,4368,15.369697570800781,204.0,425.0,1197.4283999997424,-34,16,0.0,0.0,0.0,0,0,0,262144,False,False
1,-4,centered_grid,0.010646464328643444,0.042837348523515645,100.0,0,0.005893220521164829,0.005893220521164829,0.004903538695441997,0.007963821444643231,0.006433680070042615,0.008522964326950107,0.015253314726500596,0.011888139526725352,0.0020514129288840563,0.013435267730636141,0.024077371721479366,0.018756319726057753,0.6656248674607979,0.6387373072382286,0.6521810873495133,0.6656248674607979,0.6251527023432961,-5032,3720,5032,45.32925033569336,721.0,1270.0,2097.4283999997424,-5032,3720,0.07172012329101562,0.036273956298828125,0.0354461669921875,18801,9509,9292,262144,False,False
1,-4,centered_grid,0.010646464328643444,0.042837348523515645,100.0,1,0.005893220521164829,0.011786441042329659,0.004903538695441997,0.007963821444643231,0.006433680070042615,0.008522964326950107,0.015253314726500596,0.011888139526725352,0.0020514129288840563,0.013435267730636141,0.024077371721479366,0.018756319726057753,0.4479829635889233,0.41824943077848487,0.4331161971837041,0.4479829635889233,0.3963141710805174,-5032,3720,5032,45.32925033569336,721.0,1270.0,2097.4283999997424,-2516,1860,0.0467071533203125,0.02353668212890625,0.02317047119140625,12244,6170,6074,262144,False,False
1,-4,centered_grid,0.010646464328643444,0.042837348523515645,100.0,2,0.005893220521164829,0.023572882084659318,0.004903538695441997,0.007963821444643231,0.006433680070042615,0.008522964326950107,0.015253314726500596,0.011888139526725352,0.0020514129288840563,0.013435267730636141,0.024077371721479366,0.018756319726057753,0.20413075515698806,0.19013969541059408,0.19713522528379107,0.20413075515698806,0.16140668727698806,-5032,3720,5032,45.32925033569336,721.0,1270.0,2097.4283999997424,-1258,930,0.018909454345703125,0.009517669677734375,0.00939178466796875,4957,2495,2462,262144,False,False
1,-4,centered_grid,0.010646464328643444,0.042837348523515645,100.0,3,0.005893220521164829,0.047145764169318635,0.004903538695441997,0.007963821444643231,0.006433680070042615,0.008522964326950107,0.015253314726500596,0.011888139526725352,0.0020514129288840563,0.013435267730636141,0.024077371721479366,0.018756319726057753,0.05702077553531013,0.059230699048931905,0.05812573729212102,0.059230699048931905,0.03620324554949609,-5032,3720,5032,45.32925033569336,721.0,1270.0,2097.4283999997424,-629,465,0.002567291259765625,0.0012664794921875,0.001300811767578125,673,332,341,262144,False,False
1,-4,centered_grid,0.010646464328643444,0.042837348523515645,100.0,4,0.005893220521164829,0.09429152833863727,0.004903538695441997,0.007963821444643231,0.006433680070042615,0.008522964326950107,0.015253314726500596,0.011888139526725352,0.0020514129288840563,0.013435267730636141,0.024077371721479366,0.018756319726057753,0.022718332711042153,0.03024920578623626,0.026483769248639207,0.03024920578623626,0.008546911271456233,-5032,3720,5032,45.32925033569336,721.0,1270.0,2097.4283999997424,-314,232,0.000110626220703125,3.814697265625e-05,7.2479248046875e-05,29,10,19,262144,False,False
1,-4,centered_grid,0.010646464328643444,0.042837348523515645,100.0,5,0.005893220521164829,0.18858305667727454,0.004903538695441997,0.007963821444643231,0.006433680070042615,0.008522964326950107,0.015253314726500596,0.011888139526725352,0.0020514129288840563,0.013435267730636141,0.024077371721479366,0.018756319726057753,0.015633514889378045,0.02655923558104494,0.02109637523521149,0.02655923558104494,0.0035786679701528355,-5032,3720,5032,45.32925033569336,721.0,1270.0,2097.4283999997424,-157,116,1.1444091796875e-05,0.0,1.1444091796875e-05,3,0,3,262144,True,False
1,-4,centered_grid,0.010646464328643444,0.042837348523515645,100.0,6,0.005893220521164829,0.3771661133545491,0.004903538695441997,0.007963821444643231,0.006433680070042615,0.008522964326950107,0.015253314726500596,0.011888139526725352,0.0020514129288840563,0.013435267730636141,0.024077371721479366,0.018756319726057753,0.020156336759223365,0.03273003054039171,0.026443183649807536,0.03273003054039171,0.009838852358588494,-5032,3720,5032,45.32925033569336,721.0,1270.0,2097.4283999997424,-79,58,0.0,0.0,0.0,0,0,0,262144,False,False
1,-4,centered_grid,0.010646464328643444,0.042837348523515645,100.0,7,0.005893220521164829,0.7543322267090982,0.004903538695441997,0.007963821444643231,0.006433680070042615,0.008522964326950107,0.015253314726500596,0.011888139526725352,0.0020514129288840563,0.013435267730636141,0.024077371721479366,0.018756319726057753,0.027440813988841087,0.041922548106239604,0.034681681047540346,0.041922548106239604,0.0195156532852392,-5032,3720,5032,45.32925033569336,721.0,1270.0,2097.4283999997424,-39,29,0.0,0.0,0.0,0,0,0,262144,False,False
1,-3,centered_grid,0.011610051675930504,0.04671445989169586,100.0,0,0.0064266025596273245,0.0064266025596273245,0.00158426339545586,0.004196677081890363,0.0028904702386731112,0.0024107842915746494,0.007711586443563232,0.005061185367568941,0.0020514129288840563,0.008752780993384376,0.016005173366932787,0.012378977180158582,0.6423798424566213,0.6145169565920063,0.6284483995243137,0.6423798424566213,0.6112551862183547,-4588,3400,4588,42.34678268432617,665.0,1245.5710000000545,1947.7139999995707,-4588,3400,0.07021331787109375,0.0354461669921875,0.03476715087890625,18406,9292,9114,262144,False,False
1,-3,centered_grid,0.011610051675930504,0.04671445989169586,100.0,1,0.0064266025596273245,0.012853205119254649,0.00158426339545586,0.004196677081890363,0.0028904702386731112,0.0024107842915746494,0.007711586443563232,0.005061185367568941,0.0020514129288840563,0.008752780993384376,0.016005173366932787,0.012378977180158582,0.4169821707196983,0.3879489919870083,0.4024655813533533,0.4169821707196983,0.3791385418223613,-4588,3400,4588,42.34678268432617,665.0,1245.5710000000545,1947.7139999995707,-2294,1700,0.04498291015625,0.02269744873046875,0.02228546142578125,11792,5950,5842,262144,False,False
1,-3,centered_grid,0.011610051675930504,0.04671445989169586,100.0,2,0.0064266025596273245,0.025706410238509298,0.00158426339545586,0.004196677081890363,0.0028904702386731112,0.0024107842915746494,0.007711586443563232,0.005061185367568941,0.0020514129288840563,0.008752780993384376,0.016005173366932787,0.012378977180158582,0.17715622803554945,0.16554925552238567,0.17135274177896756,0.17715622803554945,0.1484851921772198,-4588,3400,4588,42.34678268432617,665.0,1245.5710000000545,1947.7139999995707,-1147,850,0.017333984375,0.0087127685546875,0.0086212158203125,4544,2284,2260,262144,False,False
1,-3,centered_grid,0.011610051675930504,0.04671445989169586,100.0,3,0.0064266025596273245,0.051412820477018596,0.00158426339545586,0.004196677081890363,0.0028904702386731112,0.0024107842915746494,0.007711586443563232,0.005061185367568941,0.0020514129288840563,0.008752780993384376,0.016005173366932787,0.012378977180158582,0.045693196551327406,0.04610628516124583,0.04589974085628662,0.04610628516124583,0.03109844813428388,-4588,3400,4588,42.34678268432617,665.0,1245.5710000000545,1947.7139999995707,-574,425,0.002185821533203125,0.001079559326171875,0.00110626220703125,573,283,290,262144,False,False
1,-3,centered_grid,0.011610051675930504,0.04671445989169586,100.0,4,0.0064266025596273245,0.10282564095403719,0.00158426339545586,0.004196677081890363,0.0028904702386731112,0.0024107842915746494,0.007711586443563232,0.005061185367568941,0.0020514129288840563,0.008752780993384376,0.016005173366932787,0.012378977180158582,0.01667947404718037,0.021318548346207892,0.01899901119669413,0.021318548346207892,0.006849284946463131,-4588,3400,4588,42.34678268432617,665.0,1245.5710000000545,1947.7139999995707,-287,212,8.7738037109375e-05,3.4332275390625e-05,5.340576171875e-05,23,9,14,262144,False,False
1,-3,centered_grid,0.011610051675930504,0.04671445989169586,100.0,5,0.0064266025596273245,0.20565128190807438,0.00158426339545586,0.004196677081890363,0.0028904702386731112,0.0024107842915746494,0.007711586443563232,0.005061185367568941,0.0020514129288840563,0.008752780993384376,0.016005173366932787,0.012378977180158582,0.011658776708686121,0.019353589225030866,0.015506182966858493,0.019353589225030866,0.0038140771320284207,-4588,3400,4588,42.34678268432617,665.0,1245.5710000000545,1947.7139999995707,-143,106,3.814697265625e-06,0.0,3.814697265625e-06,1,0,1,262144,True,False
1,-3,centered_grid,0.011610051675930504,0.04671445989169586,100.0,6,0.0064266025596273245,0.41130256381614877,0.00158426339545586,0.004196677081890363,0.0028904702386731112,0.0024107842915746494,0.007711586443563232,0.005061185367568941,0.0020514129288840563,0.008752780993384376,0.016005173366932787,0.012378977180158582,0.017049573404750742,0.026226023701357248,0.021637798553053995,0.026226023701357248,0.010493767240267052,-4588,3400,4588,42.34678268432617,665.0,1245.5710000000545,1947.7139999995707,-72,53,0.0,0.0,0.0,0,0,0,262144,False,False
1,-3,centered_grid,0.011610051675930504,0.04671445989169586,100.0,7,0.0064266025596273245,0.8226051276322975,0.00158426339545586,0.004196677081890363,0.0028904702386731112,0.0024107842915746494,0.007711586443563232,0.005061185367568941,0.0020514129288840563,0.008752780993384376,0.016005173366932787,0.012378977180158582,0.025353343413990422,0.03649921336344794,0.030926278388719183,0.03649921336344794,0.020983475973379375,-4588,3400,4588,42.34678268432617,665.0,1245.5710000000545,1947.7139999995707,-36,27,0.0,0.0,0.0,0,0,0,262144,False,False
1,-2,centered_grid,0.012660851129245448,0.05094247974050049,100.0,0,0.007008259786222234,0.007008259786222234,0.0005759421093201436,0.0019075426382009722,0.001241742373760558,0.000539388768495847,0.003094096650059039,0.0018167427092774429,0.0020514129288840563,0.0073930616253248945,0.01100007604230254,0.009196568833813716,0.6178450074159597,0.589095241853409,0.6034701246346843,0.6178450074159597,0.593777271257655,-4218,3120,4218,38.87688446044922,630.0,1143.0,1798.2855999998283,-4218,3120,0.068511962890625,0.034648895263671875,0.033863067626953125,17960,9083,8877,262144,False,False
1,-2,centered_grid,0.012660851129245448,0.05094247974050049,100.0,1,0.007008259786222234,0.014016519572444468,0.0005759421093201436,0.0019075426382009722,0.001241742373760558,0.000539388768495847,0.003094096650059039,0.0018167427092774429,0.0020514129288840563,0.0073930616253248945,0.01100007604230254,0.009196568833813716,0.38554045398079395,0.3575656946509465,0.37155307431587026,0.38554045398079395,0.35780211205798973,-4218,3120,4218,38.87688446044922,630.0,1143.0,1798.2855999998283,-2109,1560,0.042507171630859375,0.021419525146484375,0.021087646484375,11143,5615,5528,262144,False,False
1,-2,centered_grid,0.012660851129245448,0.05094247974050049,100.0,2,0.007008259786222234,0.028033039144888937,0.0005759421093201436,0.0019075426382009722,0.001241742373760558,0.000539388768495847,0.003094096650059039,0.0018167427092774429,0.0020514129288840563,0.0073930616253248945,0.01100007604230254,0.009196568833813716,0.15244829840121624,0.1429262660471794,0.1476872822241978,0.15244829840121624,0.13343102922976235,-4218,3120,4218,38.87688446044922,630.0,1143.0,1798.2855999998283,-1054,780,0.015453338623046875,0.007854461669921875,0.007598876953125,4051,2059,1992,262144,False,False
1,-2,centered_grid,0.012660851129245448,0.05094247974050049,100.0,3,0.007008259786222234,0.056066078289777874,0.0005759421093201436,0.0019075426382009722,0.001241742373760558,0.000539388768495847,0.003094096650059039,0.0018167427092774429,0.0020514129288840563,0.0073930616253248945,0.01100007604230254,0.009196568833813716,0.0380989447018112,0.03608602192035156,0.03709248331108138,0.0380989447018112,0.026667570218361247,-4218,3120,4218,38.87688446044922,630.0,1143.0,1798.2855999998283,-527,390,0.001758575439453125,0.000873565673828125,0.000885009765625,461,229,232,262144,False,False
1,-2,centered_grid,0.012660851129245448,0.05094247974050049,100.0,4,0.007008259786222234,0.11213215657955575,0.0005759421093201436,0.0019075426382009722,0.001241742373760558,0.000539388768495847,0.003094096650059039,0.0018167427092774429,0.0020514129288840563,0.0073930616253248945,0.01100007604230254,0.009196568833813716,0.013969774109480203,0.01554339094838156,0.014756582528930882,0.01554339094838156,0.005699484140957193,-4218,3120,4218,38.87688446044922,630.0,1143.0,1798.2855999998283,-264,195,8.392333984375e-05,3.4332275390625e-05,4.9591064453125e-05,22,9,13,262144,False,False
1,-2,centered_grid,0.012660851129245448,0.05094247974050049,100.0,5,0.007008259786222234,0.2242643131591115,0.0005759421093201436,0.0019075426382009722,0.001241742373760558,0.000539388768495847,0.003094096650059039,0.0018167427092774429,0.0020514129288840563,0.0073930616253248945,0.01100007604230254,0.009196568833813716,0.010972718318977151,0.015235592658237306,0.013104155488607229,0.015235592658237306,0.004223917199553103,-4218,3120,4218,38.87688446044922,630.0,1143.0,1798.2855999998283,-132,98,3.814697265625e-06,0.0,3.814697265625e-06,1,0,1,262144,True,False
1,-2,centered_grid,0.012660851129245448,0.05094247974050049,100.0,6,0.007008259786222234,0.448528626318223,0.0005759421093201436,0.0019075426382009722,0.001241742373760558,0.000539388768495847,0.003094096650059039,0.0018167427092774429,0.0020514129288840563,0.0073930616253248945,0.01100007604230254,0.009196568833813716,0.017136442900910306,0.022606983612294344,0.019871713256602325,0.022606983612294344,0.011190173738454434,-4218,3120,4218,38.87688446044922,630.0,1143.0,1798.2855999998283,-66,49,0.0,0.0,0.0,0,0,0,262144,False,False
1,-2,centered_grid,0.012660851129245448,0.05094247974050049,100.0,7,0.007008259786222234,0.897057252636446,0.0005759421093201436,0.0019075426382009722,0.001241742373760558,0.000539388768495847,0.003094096650059039,0.0018167427092774429,0.0020514129288840563,0.0073930616253248945,0.01100007604230254,0.009196568833813716,0.026946631502498836,0.034282096947654835,0.030614364225076837,0.034282096947654835,0.022178156038914865,-4218,3120,4218,38.87688446044922,630.0,1143.0,1798.2855999998283,-33,24,0.0,0.0,0.0,0,0,0,262144,False,False
1,-1,centered_grid,0.013806756058565822,0.055553168078166404,100.0,0,0.007642561489403329,0.007642561489403329,0.00044150452373919156,0.000863149025532318,0.0006523267746357548,0.0003019260728527097,0.000997106586845998,0.0006495163298493538,0.0020514129288840563,0.00723563943859017,0.008791353561673427,0.008013496500131799,0.5921508641555824,0.5626798836759811,0.5774153739157817,0.5921508641555824,0.5700979091250613,-3848,2880,3848,36.062583923339844,581.0,1080.0,1638.2855999998283,-3848,2880,0.06702804565429688,0.033905029296875,0.033123016357421875,17571,8888,8683,262144,False,False
1,-1,centered_grid,0.013806756058565822,0.055553168078166404,100.0,1,0.007642561489403329,0.015285122978806657,0.00044150452373919156,0.000863149025532318,0.0006523267746357548,0.0003019260728527097,0.000997106586845998,0.0006495163298493538,0.0020514129288840563,0.00723563943859017,0.008791353561673427,0.008013496500131799,0.35396143153326376,0.32746672099090607,0.34071407626208494,0.35396143153326376,0.33066943155862444,-3848,2880,3848,36.062583923339844,581.0,1080.0,1638.2855999998283,-1924,1440,0.039997100830078125,0.02022552490234375,0.019771575927734375,10485,5302,5183,262144,False,False
1,-1,centered_grid,0.013806756058565822,0.055553168078166404,100.0,2,0.007642561489403329,0.030570245957613314,0.00044150452373919156,0.000863149025532318,0.0006523267746357548,0.0003019260728527097,0.000997106586845998,0.0006495163298493538,0.0020514129288840563,0.00723563943859017,0.008791353561673427,0.008013496500131799,0.12998747362226518,0.12252619796152785,0.1262568357918965,0.12998747362226518,0.11550991590085918,-3848,2880,3848,36.062583923339844,581.0,1080.0,1638.2855999998283,-962,720,0.013263702392578125,0.006633758544921875,0.00662994384765625,3477,1739,1738,262144,False,False
1,-1,centered_grid,0.013806756058565822,0.055553168078166404,100.0,3,0.007642561489403329,0.06114049191522663,0.00044150452373919156,0.000863149025532318,0.0006523267746357548,0.0003019260728527097,0.000997106586845998,0.0006495163298493538,0.0020514129288840563,0.00723563943859017,0.008791353561673427,0.008013496500131799,0.03265473606049787,0.029172846464724966,0.030913791262611415,0.03265473606049787,0.02213040038972094,-3848,2880,3848,36.062583923339844,581.0,1080.0,1638.2855999998283,-481,360,0.00122833251953125,0.00061798095703125,0.0006103515625,322,162,160,262144,False,False
1,-1,centered_grid,0.013806756058565822,0.055553168078166404,100.0,4,0.007642561489403329,0.12228098383045326,0.00044150452373919156,0.000863149025532318,0.0006523267746357548,0.0003019260728527097,0.000997106586845998,0.0006495163298493538,0.0020514129288840563,0.00723563943859017,0.008791353561673427,0.008013496500131799,0.012520639517980318,0.012722596268181523,0.01262161789308092,0.012722596268181523,0.004609996258898685,-3848,2880,3848,36.062583923339844,581.0,1080.0,1638.2855999998283,-240,180,7.62939453125e-05,3.0517578125e-05,4.57763671875e-05,20,8,12,262144,True,False
1,-1,centered_grid,0.013806756058565822,0.055553168078166404,100.0,5,0.007642561489403329,0.24456196766090652,0.00044150452373919156,0.000863149025532318,0.0006523267746357548,0.0003019260728527097,0.000997106586845998,0.0006495163298493538,0.0020514129288840563,0.00723563943859017,0.008791353561673427,0.008013496500131799,0.011316523639118493,0.014021111565577175,0.012668817602347834,0.014021111565577175,0.00480273899748899,-3848,2880,3848,36.062583923339844,581.0,1080.0,1638.2855999998283,-120,90,0.0,0.0,0.0,0,0,0,262144,False,False
1,-1,centered_grid,0.013806756058565822,0.055553168078166404,100.0,6,0.007642561489403329,0.48912393532181303,0.00044150452373919156,0.000863149025532318,0.0006523267746357548,0.0003019260728527097,0.000997106586845998,0.0006495163298493538,0.0020514129288840563,0.00723563943859017,0.008791353561673427,0.008013496500131799,0.018320118410986023,0.021713295983913757,0.02001670719744989,0.021713295983913757,0.012532901286150672,-3848,2880,3848,36.062583923339844,581.0,1080.0,1638.2855999998283,-60,45,0.0,0.0,0.0,0,0,0,262144,False,False
1,-1,centered_grid,0.013806756058565822,0.055553168078166404,100.0,7,0.007642561489403329,0.9782478706436261,0.00044150452373919156,0.000863149025532318,0.0006523267746357548,0.0003019260728527097,0.000997106586845998,0.0006495163298493538,0.0020514129288840563,0.00723563943859017,0.008791353561673427,0.008013496500131799,0.029630583487090943,0.03454657815941013,0.032088580823250536,0.03454657815941013,0.025440770194067597,-3848,2880,3848,36.062583923339844,581.0,1080.0,1638.2855999998283,-30,22,0.0,0.0,0.0,0,0,0,262144,False,False
1,0,centered_grid,0.015056374244888924,0.06058115936329323,100.0,0,0.008334272401564041,0.008334272401564041,0.0004366876146660571,0.0006449941383631375,0.0005408408765145973,0.0003362929236998851,0.0006050432778457473,0.0004706681007728162,0.0020514129288840563,0.007326779795208331,0.008459460372112154,0.007893120083660242,0.565378521543116,0.5353843476654534,0.5503814346042847,0.565378521543116,0.5434656144028228,-3552,2640,3552,33.199989318847656,532.0,992.0,1516.5711999996565,-3552,2640,0.06491851806640625,0.03279876708984375,0.0321197509765625,17018,8598,8420,262144,False,False
1,0,centered_grid,0.015056374244888924,0.06058115936329323,100.0,1,0.008334272401564041,0.016668544803128082,0.0004366876146660571,0.0006449941383631375,0.0005408408765145973,0.0003362929236998851,0.0006050432778457473,0.0004706681007728162,0.0020514129288840563,0.007326779795208331,0.008459460372112154,0.007893120083660242,0.3225695811095142,0.29795883357230607,0.31026420734091015,0.3225695811095142,0.3011490543590711,-3552,2640,3552,33.199989318847656,532.0,992.0,1516.5711999996565,-1776,1320,0.036899566650390625,0.018707275390625,0.018192291259765625,9673,4904,4769,262144,False,False
1,0,centered_grid,0.015056374244888924,0.06058115936329323,100.0,2,0.008334272401564041,0.033337089606256164,0.0004366876146660571,0.0006449941383631375,0.0005408408765145973,0.0003362929236998851,0.0006050432778457473,0.0004706681007728162,0.0020514129288840563,0.007326779795208331,0.008459460372112154,0.007893120083660242,0.10996965074313048,0.10434943701062199,0.10715954387687623,0.10996965074313048,0.09751289766592067,-3552,2640,3552,33.199989318847656,532.0,992.0,1516.5711999996565,-888,660,0.011028289794921875,0.005634307861328125,0.00539398193359375,2891,1477,1414,262144,False,False
1,0,centered_grid,0.015056374244888924,0.06058115936329323,100.0,3,0.008334272401564041,0.06667417921251233,0.0004366876146660571,0.0006449941383631375,0.0005408408765145973,0.0003362929236998851,0.0006050432778457473,0.0004706681007728162,0.0020514129288840563,0.007326779795208331,0.008459460372112154,0.007893120083660242,0.02840850425654591,0.024703491201263035,0.026555997728904473,0.02840850425654591,0.01831782352343546,-3552,2640,3552,33.199989318847656,532.0,992.0,1516.5711999996565,-444,330,0.000888824462890625,0.000461578369140625,0.00042724609375,233,121,112,262144,False,False
1,0,centered_grid,0.015056374244888924,0.06058115936329323,100.0,4,0.008334272401564041,0.13334835842502465,0.0004366876146660571,0.0006449941383631375,0.0005408408765145973,0.0003362929236998851,0.0006050432778457473,0.0004706681007728162,0.0020514129288840563,0.007326779795208331,0.008459460372112154,0.007893120083660242,0.0116272542767889,0.011857210077795222,0.011742232177292061,0.011857210077795222,0.0038681415773791526,-3552,2640,3552,33.199989318847656,532.0,992.0,1516.5711999996565,-222,165,5.340576171875e-05,1.9073486328125e-05,3.4332275390625e-05,14,5,9,262144,True,False
1,0,centered_grid,0.015056374244888924,0.06058115936329323,100.0,5,0.008334272401564041,0.2666967168500493,0.0004366876146660571,0.0006449941383631375,0.0005408408765145973,0.0003362929236998851,0.0006050432778457473,0.0004706681007728162,0.0020514129288840563,0.007326779795208331,0.008459460372112154,0.007893120083660242,0.01206251106207814,0.014499621762032065,0.013281066412055103,0.014499621762032065,0.005483153666633543,-3552,2640,3552,33.199989318847656,532.0,992.0,1516.5711999996565,-111,82,0.0,0.0,0.0,0,0,0,262144,False,False
1,0,centered_grid,0.015056374244888924,0.06058115936329323,100.0,6,0.008334272401564041,0.5333934337000986,0.0004366876146660571,0.0006449941383631375,0.0005408408765145973,0.0003362929236998851,0.0006050432778457473,0.0004706681007728162,0.0020514129288840563,0.007326779795208331,0.008459460372112154,0.007893120083660242,0.01934460694051452,0.02253811602557756,0.02094136148304604,0.02253811602557756,0.013761699105288124,-3552,2640,3552,33.199989318847656,532.0,992.0,1516.5711999996565,-56,41,0.0,0.0,0.0,0,0,0,262144,False,False
1,0,centered_grid,0.015056374244888924,0.06058115936329323,100.0,7,0.008334272401564041,1.0667868674001972,0.0004366876146660571,0.0006449941383631375,0.0005408408765145973,0.0003362929236998851,0.0006050432778457473,0.0004706681007728162,0.0020514129288840563,0.007326779795208331,0.008459460372112154,0.007893120083660242,0.031916227873639666,0.03854323709324327,0.03522973248344147,0.03854323709324327,0.02898141736876779,-3552,2640,3552,33.199989318847656,532.0,992.0,1516.5711999996565,-28,21,0.0,0.0,0.0,0,0,0,262144,False,False
1,1,centered_grid,0.0164190925399534,0.061253001987450775,99.99,0,0.008426699147759712,0.008426699147759712,0.0004372551851676201,0.0006371121811626135,0.0005371836831651168,0.0003415578443003047,0.0006129307965519186,0.0004772443204261117,0.0020514129288840563,0.007350709649374657,0.008465916235069693,0.007908312942222176,0.5618928629069165,0.5318539053933328,0.5468733841501247,0.5618928629069165,0.5399450498235968,-3478,2600,3478,32.84046936035156,525.0,980.0,1487.1427999999141,-3478,2600,0.06464767456054688,0.032695770263671875,0.031951904296875,16947,8571,8376,262144,False,False
1,1,centered_grid,0.0164190925399534,0.061253001987450775,99.99,1,0.008426699147759712,0.016853398295519424,0.0004372551851676201,0.0006371121811626135,0.0005371836831651168,0.0003415578443003047,0.0006129307965519186,0.0004772443204261117,0.0020514129288840563,0.007350709649374657,0.008465916235069693,0.007908312942222176,0.3185995342546289,0.2942529640516597,0.3064262491531443,0.3185995342546289,0.2974013889738313,-3478,2600,3478,32.84046936035156,525.0,980.0,1487.1427999999141,-1739,1300,0.0364227294921875,0.0184478759765625,0.017974853515625,9548,4836,4712,262144,False,False
1,1,centered_grid,0.0164190925399534,0.061253001987450775,99.99,2,0.008426699147759712,0.03370679659103885,0.0004372551851676201,0.0006371121811626135,0.0005371836831651168,0.0003415578443003047,0.0006129307965519186,0.0004772443204261117,0.0020514129288840563,0.007350709649374657,0.008465916235069693,0.007908312942222176,0.10760074746582385,0.10217658132464845,0.10488866439523614,0.10760074746582385,0.09534580466019163,-3478,2600,3478,32.84046936035156,525.0,980.0,1487.1427999999141,-870,650,0.0107421875,0.00550079345703125,0.00524139404296875,2816,1442,1374,262144,False,False
1,1,centered_grid,0.0164190925399534,0.061253001987450775,99.99,3,0.008426699147759712,0.0674135931820777,0.0004372551851676201,0.0006371121811626135,0.0005371836831651168,0.0003415578443003047,0.0006129307965519186,0.0004772443204261117,0.0020514129288840563,0.007350709649374657,0.008465916235069693,0.007908312942222176,0.027918775690710475,0.024234390528835716,0.026076583109773094,0.027918775690710475,0.017888178950809352,-3478,2600,3478,32.84046936035156,525.0,980.0,1487.1427999999141,-435,325,0.000827789306640625,0.00041961669921875,0.000408172607421875,217,110,107,262144,False,False
1,1,centered_grid,0.0164190925399534,0.061253001987450775,99.99,4,0.008426699147759712,0.1348271863641554,0.0004372551851676201,0.0006371121811626135,0.0005371836831651168,0.0003415578443003047,0.0006129307965519186,0.0004772443204261117,0.0020514129288840563,0.007350709649374657,0.008465916235069693,0.007908312942222176,0.011507466958726134,0.011842504896045113,0.011674985927385624,0.011842504896045113,0.003772272030440841,-3478,2600,3478,32.84046936035156,525.0,980.0,1487.1427999999141,-217,162,5.340576171875e-05,1.9073486328125e-05,3.4332275390625e-05,14,5,9,262144,True,True
1,1,centered_grid,0.0164190925399534,0.061253001987450775,99.99,5,0.008426699147759712,0.2696543727283108,0.0004372551851676201,0.0006371121811626135,0.0005371836831651168,0.0003415578443003047,0.0006129307965519186,0.0004772443204261117,0.0020514129288840563,0.007350709649374657,0.008465916235069693,0.007908312942222176,0.012184964020614985,0.014666598508375712,0.013425781264495349,0.014666598508375712,0.005580377807525848,-3478,2600,3478,32.84046936035156,525.0,980.0,1487.1427999999141,-109,81,0.0,0.0,0.0,0,0,0,262144,False,False
1,1,centered_grid,0.0164190925399534,0.061253001987450775,99.99,6,0.008426699147759712,0.5393087454566216,0.0004372551851676201,0.0006371121811626135,0.0005371836831651168,0.0003415578443003047,0.0006129307965519186,0.0004772443204261117,0.0020514129288840563,0.007350709649374657,0.008465916235069693,0.007908312942222176,0.019552123442848412,0.02270730907165304,0.021129716257250727,0.02270730907165304,0.013917087017598383,-3478,2600,3478,32.84046936035156,525.0,980.0,1487.1427999999141,-54,41,0.0,0.0,0.0,0,0,0,262144,False,False
1,1,centered_grid,0.0164190925399534,0.061253001987450775,99.99,7,0.008426699147759712,1.078617490913243,0.0004372551851676201,0.0006371121811626135,0.0005371836831651168,0.0003415578443003047,0.0006129307965519186,0.0004772443204261117,0.0020514129288840563,0.007350709649374657,0.008465916235069693,0.007908312942222176,0.0321387730918152,0.03895594689787421,0.03554735999484471,0.03895594689787421,0.029472838505534095,-3478,2600,3478,32.84046936035156,525.0,980.0,1487.1427999999141,-27,20,0.0,0.0,0.0,0,0,0,262144,False,False
1,2,centered_grid,0.01790514737816563,0.06118766899310144,99.99,0,0.008417711155825586,0.008417711155825586,0.00043873940398400174,0.0006372904628507236,0.0005380149334173627,0.0003406123502490339,0.0006111872568521176,0.00047589980355057575,0.0020514129288840563,0.0073578998779467745,0.0084656362882434,0.007911768083095088,0.5622375090804766,0.5321995622488254,0.5472185356646511,0.5622375090804766,0.5403696063144579,-3552,2600,3552,32.851104736328125,525.0,980.0,1487.1427999999141,-3552,2600,0.06465911865234375,0.032688140869140625,0.031970977783203125,16950,8569,8381,262144,False,False
1,2,centered_grid,0.01790514737816563,0.06118766899310144,99.99,1,0.008417711155825586,0.016835422311651173,0.00043873940398400174,0.0006372904628507236,0.0005380149334173627,0.0003406123502490339,0.0006111872568521176,0.00047589980355057575,0.0020514129288840563,0.0073578998779467745,0.0084656362882434,0.007911768083095088,0.3189888820647943,0.2946102236765395,0.3067995528706669,0.3189888820647943,0.2977986075442804,-3552,2600,3552,32.851104736328125,525.0,980.0,1487.1427999999141,-1776,1300,0.036472320556640625,0.018482208251953125,0.0179901123046875,9561,4845,4716,262144,False,False
1,2,centered_grid,0.01790514737816563,0.06118766899310144,99.99,2,0.008417711155825586,0.033670844623302346,0.00043873940398400174,0.0006372904628507236,0.0005380149334173627,0.0003406123502490339,0.0006111872568521176,0.00047589980355057575,0.0020514129288840563,0.0073578998779467745,0.0084656362882434,0.007911768083095088,0.1078345054607853,0.1023857242764013,0.1051101148685933,0.1078345054607853,0.09560234532316028,-3552,2600,3552,32.851104736328125,525.0,980.0,1487.1427999999141,-888,650,0.010791778564453125,0.005542755126953125,0.0052490234375,2829,1453,1376,262144,False,False
1,2,centered_grid,0.01790514737816563,0.06118766899310144,99.99,3,0.008417711155825586,0.06734168924660469,0.00043873940398400174,0.0006372904628507236,0.0005380149334173627,0.0003406123502490339,0.0006111872568521176,0.00047589980355057575,0.0020514129288840563,0.0073578998779467745,0.0084656362882434,0.007911768083095088,0.027964405552658035,0.02428384088992788,0.026124123221292955,0.027964405552658035,0.01799429671054876,-3552,2600,3552,32.851104736328125,525.0,980.0,1487.1427999999141,-444,325,0.000823974609375,0.00041961669921875,0.00040435791015625,216,110,106,262144,False,False
1,2,centered_grid,0.01790514737816563,0.06118766899310144,99.99,4,0.008417711155825586,0.13468337849320938,0.00043873940398400174,0.0006372904628507236,0.0005380149334173627,0.0003406123502490339,0.0006111872568521176,0.00047589980355057575,0.0020514129288840563,0.0073578998779467745,0.0084656362882434,0.007911768083095088,0.011524906847740862,0.011850076532647268,0.011687491690194065,0.011850076532647268,0.0038278386236989073,-3552,2600,3552,32.851104736328125,525.0,980.0,1487.1427999999141,-222,162,5.340576171875e-05,1.9073486328125e-05,3.4332275390625e-05,14,5,9,262144,True,False
1,2,centered_grid,0.01790514737816563,0.06118766899310144,99.99,5,0.008417711155825586,0.26936675698641876,0.00043873940398400174,0.0006372904628507236,0.0005380149334173627,0.0003406123502490339,0.0006111872568521176,0.00047589980355057575,0.0020514129288840563,0.0073578998779467745,0.0084656362882434,0.007911768083095088,0.012177808319832794,0.014633228896774056,0.013405518608303425,0.014633228896774056,0.005549981015741359,-3552,2600,3552,32.851104736328125,525.0,980.0,1487.1427999999141,-111,81,0.0,0.0,0.0,0,0,0,262144,False,False
1,2,centered_grid,0.01790514737816563,0.06118766899310144,99.99,6,0.008417711155825586,0.5387335139728375,0.00043873940398400174,0.0006372904628507236,0.0005380149334173627,0.0003406123502490339,0.0006111872568521176,0.00047589980355057575,0.0020514129288840563,0.0073578998779467745,0.0084656362882434,0.007911768083095088,0.01955980431053655,0.02271070740792247,0.021135255859229513,0.02271070740792247,0.013869427695419993,-3552,2600,3552,32.851104736328125,525.0,980.0,1487.1427999999141,-56,41,0.0,0.0,0.0,0,0,0,262144,False,False
1,2,centered_grid,0.01790514737816563,0.06118766899310144,99.99,7,0.008417711155825586,1.077467027945675,0.00043873940398400174,0.0006372904628507236,0.0005380149334173627,0.0003406123502490339,0.0006111872568521176,0.00047589980355057575,0.0020514129288840563,0.0073578998779467745,0.0084656362882434,0.007911768083095088,0.03209404245119943,0.03890672764499952,0.03550038504809948,0.03890672764499952,0.029319736803821675,-3552,2600,3552,32.851104736328125,525.0,980.0,1487.1427999999141,-28,20,0.0,0.0,0.0,0,0,0,262144,False,False
1,3,centered_grid,0.019525701670400682,0.061190781612751745,99.99,0,0.00841813936519498,0.00841813936519498,0.0004392953584907937,0.0006387751134233765,0.0005390352359570851,0.00034019033562416223,0.0006100692246372586,0.00047512978013071044,0.0020514129288840563,0.007347397792595831,0.008466079603913594,0.007906738698254713,0.5622205653061216,0.5321849437475203,0.547202754526821,0.5622205653061216,0.5403630582894876,-3478,2600,3478,32.83915328979492,525.0,980.0,1506.8567999994848,-3478,2600,0.06455230712890625,0.03263092041015625,0.03192138671875,16922,8554,8368,262144,False,False
1,3,centered_grid,0.019525701670400682,0.061190781612751745,99.99,1,0.00841813936519498,0.01683627873038996,0.0004392953584907937,0.0006387751134233765,0.0005390352359570851,0.00034019033562416223,0.0006100692246372586,0.00047512978013071044,0.0020514129288840563,0.007347397792595831,0.008466079603913594,0.007906738698254713,0.3189701095730115,0.29459102314200264,0.30678056635750706,0.3189701095730115,0.29775161414701756,-3478,2600,3478,32.83915328979492,525.0,980.0,1506.8567999994848,-1739,1300,0.03646087646484375,0.018474578857421875,0.017986297607421875,9558,4843,4715,262144,False,False
1,3,centered_grid,0.019525701670400682,0.061190781612751745,99.99,2,0.00841813936519498,0.03367255746077992,0.0004392953584907937,0.0006387751134233765,0.0005390352359570851,0.00034019033562416223,0.0006100692246372586,0.00047512978013071044,0.0020514129288840563,0.007347397792595831,0.008466079603913594,0.007906738698254713,0.10782058936168609,0.1023750685584872,0.10509782896008665,0.10782058936168609,0.0954447153832578,-3478,2600,3478,32.83915328979492,525.0,980.0,1506.8567999994848,-870,650,0.01079559326171875,0.005523681640625,0.00527191162109375,2830,1448,1382,262144,False,False
1,3,centered_grid,0.019525701670400682,0.061190781612751745,99.99,3,0.00841813936519498,0.06734511492155984,0.0004392953584907937,0.0006387751134233765,0.0005390352359570851,0.00034019033562416223,0.0006100692246372586,0.00047512978013071044,0.0020514129288840563,0.007347397792595831,0.008466079603913594,0.007906738698254713,0.027960608690168313,0.024280462341127743,0.026120535515648028,0.027960608690168313,0.017834958964869013,-3478,2600,3478,32.83915328979492,525.0,980.0,1506.8567999994848,-435,325,0.000820159912109375,0.00041961669921875,0.000400543212890625,215,110,105,262144,False,False
1,3,centered_grid,0.019525701670400682,0.061190781612751745,99.99,4,0.00841813936519498,0.13469022984311968,0.0004392953584907937,0.0006387751134233765,0.0005390352359570851,0.00034019033562416223,0.0006100692246372586,0.00047512978013071044,0.0020514129288840563,0.007347397792595831,0.008466079603913594,0.007906738698254713,0.01152047333160448,0.011848022985810527,0.011684248158707503,0.011848022985810527,0.0037450196270265483,-3478,2600,3478,32.83915328979492,525.0,980.0,1506.8567999994848,-217,162,5.340576171875e-05,1.9073486328125e-05,3.4332275390625e-05,14,5,9,262144,True,False
1,3,centered_grid,0.019525701670400682,0.061190781612751745,99.99,5,0.00841813936519498,0.26938045968623936,0.0004392953584907937,0.0006387751134233765,0.0005390352359570851,0.00034019033562416223,0.0006100692246372586,0.00047512978013071044,0.0020514129288840563,0.007347397792595831,0.008466079603913594,0.007906738698254713,0.012176176400730933,0.014634255442548679,0.013405215921639806,0.014634255442548679,0.005569169296170724,-3478,2600,3478,32.83915328979492,525.0,980.0,1506.8567999994848,-109,81,0.0,0.0,0.0,0,0,0,262144,False,False
1,3,centered_grid,0.019525701670400682,0.061190781612751745,99.99,6,0.00841813936519498,0.5387609193724787,0.0004392953584907937,0.0006387751134233765,0.0005390352359570851,0.00034019033562416223,0.0006100692246372586,0.00047512978013071044,0.0020514129288840563,0.007347397792595831,0.008466079603913594,0.007906738698254713,0.019538114704638516,0.02274578100250599,0.021141947853572256,0.02274578100250599,0.013892197751129577,-3478,2600,3478,32.83915328979492,525.0,980.0,1506.8567999994848,-54,41,0.0,0.0,0.0,0,0,0,262144,False,False
1,3,centered_grid,0.019525701670400682,0.061190781612751745,99.99,7,0.00841813936519498,1.0775218387449574,0.0004392953584907937,0.0006387751134233765,0.0005390352359570851,0.00034019033562416223,0.0006100692246372586,0.00047512978013071044,0.0020514129288840563,0.007347397792595831,0.008466079603913594,0.007906738698254713,0.03208239816261806,0.038885684536799386,0.03548404134970873,0.038885684536799386,0.029344410510333974,-3478,2600,3478,32.83915328979492,525.0,980.0,1506.8567999994848,-27,20,0.0,0.0,0.0,0,0,0,262144,False,False
1,4,centered_grid,0.021292928657286887,0.061196212282753654,99.99,0,0.008418886473431182,0.008418886473431182,0.0004407957592050182,0.0006401497011822047,0.0005404727301936115,0.00033953824200756363,0.0006071894844510463,0.00047336386322930496,0.0020514129288840563,0.007367966547862525,0.008447385000361168,0.007907675774111847,0.5621914212015406,0.532147295200931,0.5471693582012358,0.5621914212015406,0.5403331669497462,-3552,2600,3552,32.84532165527344,525.0,980.0,1506.8567999994848,-3552,2600,0.06468963623046875,0.03270721435546875,0.031982421875,16958,8574,8384,262144,False,False
1,4,centered_grid,0.021292928657286887,0.061196212282753654,99.99,1,0.008418886473431182,0.016837772946862364,0.0004407957592050182,0.0006401497011822047,0.0005404727301936115,0.00033953824200756363,0.0006071894844510463,0.00047336386322930496,0.0020514129288840563,0.007367966547862525,0.008447385000361168,0.007907675774111847,0.31893871434319376,0.29454678389803146,0.3067427491206126,0.31893871434319376,0.29781385856105475,-3552,2600,3552,32.84532165527344,525.0,980.0,1506.8567999994848,-1776,1300,0.036487579345703125,0.018497467041015625,0.0179901123046875,9565,4849,4716,262144,False,False
1,4,centered_grid,0.021292928657286887,0.061196212282753654,99.99,2,0.008418886473431182,0.03367554589372473,0.0004407957592050182,0.0006401497011822047,0.0005404727301936115,0.00033953824200756363,0.0006071894844510463,0.00047336386322930496,0.0020514129288840563,0.007367966547862525,0.008447385000361168,0.007907675774111847,0.1078118319634398,0.10234377405379286,0.10507780300861633,0.1078118319634398,0.09564529900675274,-3552,2600,3552,32.84532165527344,525.0,980.0,1506.8567999994848,-888,650,0.01081085205078125,0.005542755126953125,0.005268096923828125,2834,1453,1381,262144,False,False
1,4,centered_grid,0.021292928657286887,0.061196212282753654,99.99,3,0.008418886473431182,0.06735109178744945,0.0004407957592050182,0.0006401497011822047,0.0005404727301936115,0.00033953824200756363,0.0006071894844510463,0.00047336386322930496,0.0020514129288840563,0.007367966547862525,0.008447385000361168,0.007907675774111847,0.027979403526103903,0.02425883237550452,0.02611911795080421,0.027979403526103903,0.018012497715259125,-3552,2600,3552,32.84532165527344,525.0,980.0,1506.8567999994848,-444,325,0.000827789306640625,0.00041961669921875,0.000408172607421875,217,110,107,262144,False,False
1,4,centered_grid,0.021292928657286887,0.061196212282753654,99.99,4,0.008418886473431182,0.1347021835748989,0.0004407957592050182,0.0006401497011822047,0.0005404727301936115,0.00033953824200756363,0.0006071894844510463,0.00047336386322930496,0.0020514129288840563,0.007367966547862525,0.008447385000361168,0.007907675774111847,0.011545786757990869,0.011834741489421529,0.011690264123706199,0.011834741489421529,0.0038276852985098422,-3552,2600,3552,32.84532165527344,525.0,980.0,1506.8567999994848,-222,162,5.340576171875e-05,1.9073486328125e-05,3.4332275390625e-05,14,5,9,262144,True,False
1,4,centered_grid,0.021292928657286887,0.061196212282753654,99.99,5,0.008418886473431182,0.2694043671497978,0.0004407957592050182,0.0006401497011822047,0.0005404727301936115,0.00033953824200756363,0.0006071894844510463,0.00047336386322930496,0.0020514129288840563,0.007367966547862525,0.008447385000361168,0.007907675774111847,0.012209014616626435,0.014615492890214335,0.013412253753420384,0.014615492890214335,0.005554666686716847,-3552,2600,3552,32.84532165527344,525.0,980.0,1506.8567999994848,-111,81,0.0,0.0,0.0,0,0,0,262144,False,False
1,4,centered_grid,0.021292928657286887,0.061196212282753654,99.99,6,0.008418886473431182,0.5388087342995956,0.0004407957592050182,0.0006401497011822047,0.0005404727301936115,0.00033953824200756363,0.0006071894844510463,0.00047336386322930496,0.0020514129288840563,0.007367966547862525,0.008447385000361168,0.007907675774111847,0.019554617147528645,0.022688203967453188,0.021121410557490915,0.022688203967453188,0.013819279448979586,-3552,2600,3552,32.84532165527344,525.0,980.0,1506.8567999994848,-56,41,0.0,0.0,0.0,0,0,0,262144,False,False
1,4,centered_grid,0.021292928657286887,0.061196212282753654,99.99,7,0.008418886473431182,1.0776174685991913,0.0004407957592050182,0.0006401497011822047,0.0005404727301936115,0.00033953824200756363,0.0006071894844510463,0.00047336386322930496,0.0020514129288840563,0.007367966547862525,0.008447385000361168,0.007907675774111847,0.0320590468972789,0.03889087703295315,0.03547496196511603,0.03889087703295315,0.029260272984122263,-3552,2600,3552,32.84532165527344,525.0,980.0,1506.8567999994848,-28,20,0.0,0.0,0.0,0,0,0,262144,False,False
2,-4,centered_grid,0.01128712964719608,0.040704766202107306,99.995,0,0.0065484317333841845,0.0065484317333841845,0.00023689508018437443,0.0001480852074715459,0.00019249014382796014,0.000699544819092159,0.00042956916268648265,0.0005645569908893208,0.0032353821966811043,0.00813511289791113,0.005900185274880793,0.007017649086395962,0.44490754744531325,0.5045287104296181,0.4747181289374657,0.5045287104296181,0.46719262190805555,-4788,2720,4788,20.54864501953125,276.0,680.0,1495.8569999997853,-4788,2720,0.03002166748046875,0.014659881591796875,0.015361785888671875,7870,3843,4027,262144,False,False
2,-4,centered_grid,0.01128712964719608,0.040704766202107306,99.995,1,0.0065484317333841845,0.013096863466768369,0.00023689508018437443,0.0001480852074715459,0.00019249014382796014,0.000699544819092159,0.00042956916268648265,0.0005645569908893208,0.0032353821966811043,0.00813511289791113,0.005900185274880793,0.007017649086395962,0.2638710333417392,0.29678888624602917,0.2803299597938842,0.29678888624602917,0.27082274050767,-4788,2720,4788,20.54864501953125,276.0,680.0,1495.8569999997853,-2394,1360,0.011577606201171875,0.00577545166015625,0.005802154541015625,3035,1514,1521,262144,False,False
2,-4,centered_grid,0.01128712964719608,0.040704766202107306,99.995,2,0.0065484317333841845,0.026193726933536738,0.00023689508018437443,0.0001480852074715459,0.00019249014382796014,0.000699544819092159,0.00042956916268648265,0.0005645569908893208,0.0032353821966811043,0.00813511289791113,0.005900185274880793,0.007017649086395962,0.13345123790168562,0.13814664997799028,0.13579894393983793,0.13814664997799028,0.1257762983614225,-4788,2720,4788,20.54864501953125,276.0,680.0,1495.8569999997853,-1197,680,0.00249481201171875,0.00124359130859375,0.001251220703125,654,326,328,262144,False,False
2,-4,centered_grid,0.01128712964719608,0.040704766202107306,99.995,3,0.0065484317333841845,0.052387453867073476,0.00023689508018437443,0.0001480852074715459,0.00019249014382796014,0.000699544819092159,0.00042956916268648265,0.0005645569908893208,0.0032353821966811043,0.00813511289791113,0.005900185274880793,0.007017649086395962,0.056052280564551527,0.06218769029744657,0.05911998543099905,0.06218769029744657,0.04945317121890436,-4788,2720,4788,20.54864501953125,276.0,680.0,1495.8569999997853,-598,340,0.00028228759765625,0.00014495849609375,0.0001373291015625,74,38,36,262144,False,False
2,-4,centered_grid,0.01128712964719608,0.040704766202107306,99.995,4,0.0065484317333841845,0.10477490773414695,0.00023689508018437443,0.0001480852074715459,0.00019249014382796014,0.000699544819092159,0.00042956916268648265,0.0005645569908893208,0.0032353821966811043,0.00813511289791113,0.005900185274880793,0.007017649086395962,0.01974578690446012,0.023134721486387663,0.02144025419542389,0.023134721486387663,0.013494325342974348,-4788,2720,4788,20.54864501953125,276.0,680.0,1495.8569999997853,-299,170,6.4849853515625e-05,3.4332275390625e-05,3.0517578125e-05,17,9,8,262144,True,False
2,-4,centered_grid,0.01128712964719608,0.040704766202107306,99.995,5,0.0065484317333841845,0.2095498154682939,0.00023689508018437443,0.0001480852074715459,0.00019249014382796014,0.000699544819092159,0.00042956916268648265,0.0005645569908893208,0.0032353821966811043,0.00813511289791113,0.005900185274880793,0.007017649086395962,0.0289133540486279,0.019507966422052013,0.024210660235339958,0.0289133540486279,0.017620639254979715,-4788,2720,4788,20.54864501953125,276.0,680.0,1495.8569999997853,-150,85,3.814697265625e-06,0.0,3.814697265625e-06,1,0,1,262144,False,False
2,-4,centered_grid,0.01128712964719608,0.040704766202107306,99.995,6,0.0065484317333841845,0.4190996309365878,0.00023689508018437443,0.0001480852074715459,0.00019249014382796014,0.000699544819092159,0.00042956916268648265,0.0005645569908893208,0.0032353821966811043,0.00813511289791113,0.005900185274880793,0.007017649086395962,0.06047615548630232,0.04122614418781253,0.05085114983705742,0.06047615548630232,0.044855239637188626,-4788,2720,4788,20.54864501953125,276.0,680.0,1495.8569999997853,-75,42,0.0,0.0,0.0,0,0,0,262144,False,False
2,-4,centered_grid,0.01128712964719608,0.040704766202107306,99.995,7,0.0065484317333841845,0.8381992618731756,0.00023689508018437443,0.0001480852074715459,0.00019249014382796014,0.000699544819092159,0.00042956916268648265,0.0005645569908893208,0.0032353821966811043,0.00813511289791113,0.005900185274880793,0.007017649086395962,0.1059044516363894,0.07507133945700013,0.09048789554669476,0.1059044516363894,0.08522675175196034,-4788,2720,4788,20.54864501953125,276.0,680.0,1495.8569999997853,-37,21,0.0,0.0,0.0,0,0,0,262144,False,False
2,-3,centered_grid,0.012308702159862605,0.040705943594247486,99.995,0,0.006548621147862458,0.006548621147862458,0.00023393211853305396,0.00014450270171000875,0.00018921741012153134,0.0006978604308171785,0.00043015081670393253,0.0005640056237605555,0.0032353821966811043,0.008153489459465353,0.0059003517016888605,0.007026920580577106,0.4449067928950865,0.5045223853924851,0.4747145891437858,0.5045223853924851,0.4672678734765271,-4788,2752,4788,20.567779541015625,276.0,680.0,1495.8569999997853,-4788,2752,0.0301055908203125,0.014713287353515625,0.015392303466796875,7892,3857,4035,262144,False,False
2,-3,centered_grid,0.012308702159862605,0.040705943594247486,99.995,1,0.006548621147862458,0.013097242295724915,0.00023393211853305396,0.00014450270171000875,0.00018921741012153134,0.0006978604308171785,0.00043015081670393253,0.0005640056237605555,0.0032353821966811043,0.008153489459465353,0.0059003517016888605,0.007026920580577106,0.26387095302427716,0.29677821210111466,0.2803245825626959,0.29677821210111466,0.2709394870171514,-4788,2752,4788,20.567779541015625,276.0,680.0,1495.8569999997853,-2394,1376,0.011569976806640625,0.005794525146484375,0.00577545166015625,3033,1519,1514,262144,False,False
2,-3,centered_grid,0.012308702159862605,0.040705943594247486,99.995,2,0.006548621147862458,0.02619448459144983,0.00023393211853305396,0.00014450270171000875,0.00018921741012153134,0.0006978604308171785,0.00043015081670393253,0.0005640056237605555,0.0032353821966811043,0.008153489459465353,0.0059003517016888605,0.007026920580577106,0.13346463061321948,0.13813412208886064,0.13579937635104006,0.13813412208886064,0.12589861704908917,-4788,2752,4788,20.567779541015625,276.0,680.0,1495.8569999997853,-1197,688,0.002506256103515625,0.001247406005859375,0.00125885009765625,657,327,330,262144,False,False
2,-3,centered_grid,0.012308702159862605,0.040705943594247486,99.995,3,0.006548621147862458,0.05238896918289966,0.00023393211853305396,0.00014450270171000875,0.00018921741012153134,0.0006978604308171785,0.00043015081670393253,0.0005640056237605555,0.0032353821966811043,0.008153489459465353,0.0059003517016888605,0.007026920580577106,0.056061567549706225,0.062178289668590334,0.059119928609148276,0.062178289668590334,0.049567875195811475,-4788,2752,4788,20.567779541015625,276.0,680.0,1495.8569999997853,-598,344,0.00028228759765625,0.00014495849609375,0.0001373291015625,74,38,36,262144,False,False
2,-3,centered_grid,0.012308702159862605,0.040705943594247486,99.995,4,0.006548621147862458,0.10477793836579932,0.00023393211853305396,0.00014450270171000875,0.00018921741012153134,0.0006978604308171785,0.00043015081670393253,0.0005640056237605555,0.0032353821966811043,0.008153489459465353,0.0059003517016888605,0.007026920580577106,0.019755679352062516,0.023127900828025832,0.021441790090044176,0.023127900828025832,0.013501840673538233,-4788,2752,4788,20.567779541015625,276.0,680.0,1495.8569999997853,-299,172,6.4849853515625e-05,3.4332275390625e-05,3.0517578125e-05,17,9,8,262144,True,False
2,-3,centered_grid,0.012308702159862605,0.040705943594247486,99.995,5,0.006548621147862458,0.20955587673159864,0.00023393211853305396,0.00014450270171000875,0.00018921741012153134,0.0006978604308171785,0.00043015081670393253,0.0005640056237605555,0.0032353821966811043,0.008153489459465353,0.0059003517016888605,0.007026920580577106,0.02894348856489708,0.019504303008195306,0.02422389578654619,0.02894348856489708,0.017626978773658132,-4788,2752,4788,20.567779541015625,276.0,680.0,1495.8569999997853,-150,86,3.814697265625e-06,0.0,3.814697265625e-06,1,0,1,262144,False,False
2,-3,centered_grid,0.012308702159862605,0.040705943594247486,99.995,6,0.006548621147862458,0.4191117534631973,0.00023393211853305396,0.00014450270171000875,0.00018921741012153134,0.0006978604308171785,0.00043015081670393253,0.0005640056237605555,0.0032353821966811043,0.008153489459465353,0.0059003517016888605,0.007026920580577106,0.06044673228308134,0.04119513540770043,0.05082093384539088,0.06044673228308134,0.044871886638559635,-4788,2752,4788,20.567779541015625,276.0,680.0,1495.8569999997853,-75,43,0.0,0.0,0.0,0,0,0,262144,False,False
2,-3,centered_grid,0.012308702159862605,0.040705943594247486,99.995,7,0.006548621147862458,0.8382235069263946,0.00023393211853305396,0.00014450270171000875,0.00018921741012153134,0.0006978604308171785,0.00043015081670393253,0.0005640056237605555,0.0032353821966811043,0.008153489459465353,0.0059003517016888605,0.007026920580577106,0.10597282308421038,0.07514740544688664,0.09056011426554851,0.10597282308421038,0.08518562320133452,-4788,2752,4788,20.567779541015625,276.0,680.0,1495.8569999997853,-37,22,0.0,0.0,0.0,0,0,0,262144,False,False
2,-2,centered_grid,0.01342273488440373,0.040690967392589386,99.995,0,0.006546211832115586,0.006546211832115586,0.00023390203190510014,0.0001451530772927025,0.00018952755459890133,0.0007042017773217583,0.0004376696809388751,0.0005709357291303167,0.0032353821966811043,0.008160084174043188,0.005906561262931062,0.007033322718487125,0.44500978310180134,0.5046291792646362,0.4748194811832188,0.5046291792646362,0.46713918407150545,-4788,2720,4788,20.533302307128906,276.0,680.0,1495.8569999997853,-4788,2720,0.030055999755859375,0.01468658447265625,0.015369415283203125,7879,3850,4029,262144,False,False
2,-2,centered_grid,0.01342273488440373,0.040690967392589386,99.995,1,0.006546211832115586,0.013092423664231172,0.00023390203190510014,0.0001451530772927025,0.00018952755459890133,0.0007042017773217583,0.0004376696809388751,0.0005709357291303167,0.0032353821966811043,0.008160084174043188,0.005906561262931062,0.007033322718487125,0.2639555442023826,0.2968823827225795,0.2804189634624811,0.2968823827225795,0.27073915840026463,-4788,2720,4788,20.533302307128906,276.0,680.0,1495.8569999997853,-2394,1360,0.01160430908203125,0.005802154541015625,0.005802154541015625,3042,1521,1521,262144,False,False
2,-2,centered_grid,0.01342273488440373,0.040690967392589386,99.995,2,0.006546211832115586,0.026184847328462345,0.00023390203190510014,0.0001451530772927025,0.00018952755459890133,0.0007042017773217583,0.0004376696809388751,0.0005709357291303167,0.0032353821966811043,0.008160084174043188,0.005906561262931062,0.007033322718487125,0.13350749568427928,0.1382014517889541,0.1358544737366167,0.1382014517889541,0.12576986706668367,-4788,2720,4788,20.533302307128906,276.0,680.0,1495.8569999997853,-1197,680,0.00249481201171875,0.0012359619140625,0.00125885009765625,654,324,330,262144,False,False
2,-2,centered_grid,0.01342273488440373,0.040690967392589386,99.995,3,0.006546211832115586,0.05236969465692469,0.00023390203190510014,0.0001451530772927025,0.00018952755459890133,0.0007042017773217583,0.0004376696809388751,0.0005709357291303167,0.0032353821966811043,0.008160084174043188,0.005906561262931062,0.007033322718487125,0.05609498754005027,0.06222335609272265,0.059159171816386455,0.06222335609272265,0.04947321082564078,-4788,2720,4788,20.533302307128906,276.0,680.0,1495.8569999997853,-598,340,0.00028228759765625,0.00014495849609375,0.0001373291015625,74,38,36,262144,False,False
2,-2,centered_grid,0.01342273488440373,0.040690967392589386,99.995,4,0.006546211832115586,0.10473938931384938,0.00023390203190510014,0.0001451530772927025,0.00018952755459890133,0.0007042017773217583,0.0004376696809388751,0.0005709357291303167,0.0032353821966811043,0.008160084174043188,0.005906561262931062,0.007033322718487125,0.019759775667173917,0.023163605054306476,0.021461690360740197,0.023163605054306476,0.013478048544390771,-4788,2720,4788,20.533302307128906,276.0,680.0,1495.8569999997853,-299,170,6.4849853515625e-05,3.4332275390625e-05,3.0517578125e-05,17,9,8,262144,True,False
2,-2,centered_grid,0.01342273488440373,0.040690967392589386,99.995,5,0.006546211832115586,0.20947877862769876,0.00023390203190510014,0.0001451530772927025,0.00018952755459890133,0.0007042017773217583,0.0004376696809388751,0.0005709357291303167,0.0032353821966811043,0.008160084174043188,0.005906561262931062,0.007033322718487125,0.0289538530253803,0.01950655374457158,0.02423020338497594,0.0289538530253803,0.017617691987790278,-4788,2720,4788,20.533302307128906,276.0,680.0,1495.8569999997853,-150,85,3.814697265625e-06,0.0,3.814697265625e-06,1,0,1,262144,False,False
2,-2,centered_grid,0.01342273488440373,0.040690967392589386,99.995,6,0.006546211832115586,0.4189575572553975,0.00023390203190510014,0.0001451530772927025,0.00018952755459890133,0.0007042017773217583,0.0004376696809388751,0.0005709357291303167,0.0032353821966811043,0.008160084174043188,0.005906561262931062,0.007033322718487125,0.06043040628575106,0.04119182737800712,0.05081111683187909,0.06043040628575106,0.04481236246486896,-4788,2720,4788,20.533302307128906,276.0,680.0,1495.8569999997853,-75,42,0.0,0.0,0.0,0,0,0,262144,False,False
2,-2,centered_grid,0.01342273488440373,0.040690967392589386,99.995,7,0.006546211832115586,0.837915114510795,0.00023390203190510014,0.0001451530772927025,0.00018952755459890133,0.0007042017773217583,0.0004376696809388751,0.0005709357291303167,0.0032353821966811043,0.008160084174043188,0.005906561262931062,0.007033322718487125,0.10591907918033043,0.07505326951433154,0.09048617434733099,0.10591907918033043,0.08514733228537855,-4788,2720,4788,20.533302307128906,276.0,680.0,1495.8569999997853,-37,21,0.0,0.0,0.0,0,0,0,262144,False,False
2,-1,centered_grid,0.014637596184957972,0.04068560142760026,99.995,0,0.006545348575580945,0.006545348575580945,0.0002347185683865817,0.00014619120527365452,0.0001904548868301181,0.0006981667596194162,0.00043389209748417553,0.0005660294285517958,0.0032353821966811043,0.008153737183707826,0.005895679406314171,0.0070247082950109984,0.4450421808607686,0.504669397525239,0.47485578919300375,0.504669397525239,0.4671986635572858,-4788,2752,4788,20.565399169921875,276.0,680.0,1487.3570999999356,-4788,2752,0.030063629150390625,0.014690399169921875,0.01537322998046875,7881,3851,4030,262144,False,False
2,-1,centered_grid,0.014637596184957972,0.04068560142760026,99.995,1,0.006545348575580945,0.01309069715116189,0.0002347185683865817,0.00014619120527365452,0.0001904548868301181,0.0006981667596194162,0.00043389209748417553,0.0005660294285517958,0.0032353821966811043,0.008153737183707826,0.005895679406314171,0.0070247082950109984,0.26398569264467486,0.29692468057602034,0.28045518661034763,0.29692468057602034,0.2707970132384693,-4788,2752,4788,20.565399169921875,276.0,680.0,1487.3570999999356,-2394,1376,0.0116119384765625,0.0058135986328125,0.00579833984375,3044,1524,1520,262144,False,False
2,-1,centered_grid,0.014637596184957972,0.04068560142760026,99.995,2,0.006545348575580945,0.02618139430232378,0.0002347185683865817,0.00014619120527365452,0.0001904548868301181,0.0006981667596194162,0.00043389209748417553,0.0005660294285517958,0.0032353821966811043,0.008153737183707826,0.005895679406314171,0.0070247082950109984,0.1335334461873588,0.1382213401828573,0.13587739318510805,0.1382213401828573,0.1257142474829495,-4788,2752,4788,20.565399169921875,276.0,680.0,1487.3570999999356,-1197,688,0.002513885498046875,0.001255035400390625,0.00125885009765625,659,329,330,262144,False,False
2,-1,centered_grid,0.014637596184957972,0.04068560142760026,99.995,3,0.006545348575580945,0.05236278860464756,0.0002347185683865817,0.00014619120527365452,0.0001904548868301181,0.0006981667596194162,0.00043389209748417553,0.0005660294285517958,0.0032353821966811043,0.008153737183707826,0.005895679406314171,0.0070247082950109984,0.05610827302610222,0.06221290176200419,0.05916058739405321,0.06221290176200419,0.04940303681369741,-4788,2752,4788,20.565399169921875,276.0,680.0,1487.3570999999356,-598,344,0.00028228759765625,0.00014495849609375,0.0001373291015625,74,38,36,262144,False,False
2,-1,centered_grid,0.014637596184957972,0.04068560142760026,99.995,4,0.006545348575580945,0.10472557720929512,0.0002347185683865817,0.00014619120527365452,0.0001904548868301181,0.0006981667596194162,0.00043389209748417553,0.0005660294285517958,0.0032353821966811043,0.008153737183707826,0.005895679406314171,0.0070247082950109984,0.019745131785926337,0.02314771361189075,0.021446422698908542,0.02314771361189075,0.013486238522186184,-4788,2752,4788,20.565399169921875,276.0,680.0,1487.3570999999356,-299,172,6.4849853515625e-05,3.4332275390625e-05,3.0517578125e-05,17,9,8,262144,True,False
2,-1,centered_grid,0.014637596184957972,0.04068560142760026,99.995,5,0.006545348575580945,0.20945115441859025,0.0002347185683865817,0.00014619120527365452,0.0001904548868301181,0.0006981667596194162,0.00043389209748417553,0.0005660294285517958,0.0032353821966811043,0.008153737183707826,0.005895679406314171,0.0070247082950109984,0.02896983522781906,0.01949472440637849,0.024232279817098776,0.02896983522781906,0.01761187229125424,-4788,2752,4788,20.565399169921875,276.0,680.0,1487.3570999999356,-150,86,3.814697265625e-06,0.0,3.814697265625e-06,1,0,1,262144,False,False
2,-1,centered_grid,0.014637596184957972,0.04068560142760026,99.995,6,0.006545348575580945,0.4189023088371805,0.0002347185683865817,0.00014619120527365452,0.0001904548868301181,0.0006981667596194162,0.00043389209748417553,0.0005660294285517958,0.0032353821966811043,0.008153737183707826,0.005895679406314171,0.0070247082950109984,0.06042763954317533,0.04121529178050253,0.05082146566183893,0.06042763954317533,0.044802997558787395,-4788,2752,4788,20.565399169921875,276.0,680.0,1487.3570999999356,-75,43,0.0,0.0,0.0,0,0,0,262144,False,False
2,-1,centered_grid,0.014637596184957972,0.04068560142760026,99.995,7,0.006545348575580945,0.837804617674361,0.0002347185683865817,0.00014619120527365452,0.0001904548868301181,0.0006981667596194162,0.00043389209748417553,0.0005660294285517958,0.0032353821966811043,0.008153737183707826,0.005895679406314171,0.0070247082950109984,0.10591140945719182,0.07510439326559568,0.09050790136139375,0.10591140945719182,0.08511089839830054,-4788,2752,4788,20.565399169921875,276.0,680.0,1487.3570999999356,-37,22,0.0,0.0,0.0,0,0,0,262144,False,False
2,0,centered_grid,0.015962411827328143,0.04072300285404824,99.995,0,0.006551365578273203,0.006551365578273203,0.0002361256369504202,0.00014732808953036645,0.0001917268632403933,0.0006980146601132342,0.0004295438324502228,0.0005637792462817284,0.0032353821966811043,0.00813854569697412,0.005890552425906267,0.007014549061440193,0.4447880170809436,0.5044004594783148,0.4745942382796292,0.5044004594783148,0.46713043944780913,-4788,2720,4788,20.51947021484375,275.0,680.0,1487.3570999999356,-4788,2720,0.030063629150390625,0.014705657958984375,0.01535797119140625,7881,3855,4026,262144,False,False
2,0,centered_grid,0.015962411827328143,0.04072300285404824,99.995,1,0.006551365578273203,0.013102731156546405,0.0002361256369504202,0.00014732808953036645,0.0001917268632403933,0.0006980146601132342,0.0004295438324502228,0.0005637792462817284,0.0032353821966811043,0.00813854569697412,0.005890552425906267,0.007014549061440193,0.26376897118120163,0.296663283999815,0.2802161275905083,0.296663283999815,0.2706863596499836,-4788,2720,4788,20.51947021484375,275.0,680.0,1487.3570999999356,-2394,1360,0.011562347412109375,0.005786895751953125,0.00577545166015625,3031,1517,1514,262144,False,False
2,0,centered_grid,0.015962411827328143,0.04072300285404824,99.995,2,0.006551365578273203,0.02620546231309281,0.0002361256369504202,0.00014732808953036645,0.0001917268632403933,0.0006980146601132342,0.0004295438324502228,0.0005637792462817284,0.0032353821966811043,0.00813854569697412,0.005890552425906267,0.007014549061440193,0.13339036418488895,0.13807727183326132,0.13573381800907514,0.13807727183326132,0.12560270997879777,-4788,2720,4788,20.51947021484375,275.0,680.0,1487.3570999999356,-1197,680,0.002498626708984375,0.00124359130859375,0.001255035400390625,655,326,329,262144,False,False
2,0,centered_grid,0.015962411827328143,0.04072300285404824,99.995,3,0.006551365578273203,0.05241092462618562,0.0002361256369504202,0.00014732808953036645,0.0001917268632403933,0.0006980146601132342,0.0004295438324502228,0.0005637792462817284,0.0032353821966811043,0.00813854569697412,0.005890552425906267,0.007014549061440193,0.05602757735464276,0.062148283742895216,0.059087930548768985,0.062148283742895216,0.04937886698078489,-4788,2720,4788,20.51947021484375,275.0,680.0,1487.3570999999356,-598,340,0.00028228759765625,0.00014495849609375,0.0001373291015625,74,38,36,262144,False,False
2,0,centered_grid,0.015962411827328143,0.04072300285404824,99.995,4,0.006551365578273203,0.10482184925237124,0.0002361256369504202,0.00014732808953036645,0.0001917268632403933,0.0006980146601132342,0.0004295438324502228,0.0005637792462817284,0.0032353821966811043,0.00813854569697412,0.005890552425906267,0.007014549061440193,0.019724694143582744,0.023103797293819145,0.021414245718700944,0.023103797293819145,0.013474709888974649,-4788,2720,4788,20.51947021484375,275.0,680.0,1487.3570999999356,-299,170,6.4849853515625e-05,3.4332275390625e-05,3.0517578125e-05,17,9,8,262144,True,False
2,0,centered_grid,0.015962411827328143,0.04072300285404824,99.995,5,0.006551365578273203,0.2096436985047425,0.0002361256369504202,0.00014732808953036645,0.0001917268632403933,0.0006980146601132342,0.0004295438324502228,0.0005637792462817284,0.0032353821966811043,0.00813854569697412,0.005890552425906267,0.007014549061440193,0.028936993227724354,0.01950079986995273,0.02421889654883854,0.028936993227724354,0.017607569595354863,-4788,2720,4788,20.51947021484375,275.0,680.0,1487.3570999999356,-150,85,3.814697265625e-06,0.0,3.814697265625e-06,1,0,1,262144,False,False
2,0,centered_grid,0.015962411827328143,0.04072300285404824,99.995,6,0.006551365578273203,0.419287397009485,0.0002361256369504202,0.00014732808953036645,0.0001917268632403933,0.0006980146601132342,0.0004295438324502228,0.0005637792462817284,0.0032353821966811043,0.00813854569697412,0.005890552425906267,0.007014549061440193,0.06050039248796484,0.0412437808265636,0.050872086657264226,0.06050039248796484,0.044830260912918994,-4788,2720,4788,20.51947021484375,275.0,680.0,1487.3570999999356,-75,42,0.0,0.0,0.0,0,0,0,262144,False,False
2,0,centered_grid,0.015962411827328143,0.04072300285404824,99.995,7,0.006551365578273203,0.83857479401897,0.0002361256369504202,0.00014732808953036645,0.0001917268632403933,0.0006980146601132342,0.0004295438324502228,0.0005637792462817284,0.0032353821966811043,0.00813854569697412,0.005890552425906267,0.007014549061440193,0.10592835824013308,0.07514602986490114,0.09053719405251712,0.10592835824013308,0.08508958931196142,-4788,2720,4788,20.51947021484375,275.0,680.0,1487.3570999999356,-37,21,0.0,0.0,0.0,0,0,0,262144,False,False
2,1,centered_grid,0.017407133529688704,0.04070802037619955,99.995,0,0.006548955252836079,0.006548955252836079,0.0002374879320290447,0.00014927862992942143,0.00019338328097923306,0.0007044307998546444,0.00043246495749045376,0.000568447878672549,0.0032353821966811043,0.008162447408066072,0.005903585039038772,0.007033016223552422,0.4448937011515706,0.5045118700540532,0.47470278560281187,0.5045118700540532,0.4673401287307117,-4788,2752,4788,20.533000946044922,276.0,683.7140000000363,1487.3570999999356,-4788,2752,0.03000640869140625,0.014667510986328125,0.015338897705078125,7866,3845,4021,262144,False,False
2,1,centered_grid,0.017407133529688704,0.04070802037619955,99.995,1,0.006548955252836079,0.013097910505672158,0.0002374879320290447,0.00014927862992942143,0.00019338328097923306,0.0007044307998546444,0.00043246495749045376,0.000568447878672549,0.0032353821966811043,0.008162447408066072,0.005903585039038772,0.007033016223552422,0.26386462205074196,0.2967730988062681,0.28031886042850507,0.2967730988062681,0.2709127050651927,-4788,2752,4788,20.533000946044922,276.0,683.7140000000363,1487.3570999999356,-2394,1376,0.011585235595703125,0.005779266357421875,0.00580596923828125,3037,1515,1522,262144,False,False
2,1,centered_grid,0.017407133529688704,0.04070802037619955,99.995,2,0.006548955252836079,0.026195821011344315,0.0002374879320290447,0.00014927862992942143,0.00019338328097923306,0.0007044307998546444,0.00043246495749045376,0.000568447878672549,0.0032353821966811043,0.008162447408066072,0.005903585039038772,0.007033016223552422,0.1334656431771343,0.13813752002204538,0.13580158159958983,0.13813752002204538,0.12587970354763545,-4788,2752,4788,20.533000946044922,276.0,683.7140000000363,1487.3570999999356,-1197,688,0.002498626708984375,0.00124359130859375,0.001255035400390625,655,326,329,262144,False,False
2,1,centered_grid,0.017407133529688704,0.04070802037619955,99.995,3,0.006548955252836079,0.05239164202268863,0.0002374879320290447,0.00014927862992942143,0.00019338328097923306,0.0007044307998546444,0.00043246495749045376,0.000568447878672549,0.0032353821966811043,0.008162447408066072,0.005903585039038772,0.007033016223552422,0.056062166573564,0.062191949368335456,0.05912705797094973,0.062191949368335456,0.04955323297591094,-4788,2752,4788,20.533000946044922,276.0,683.7140000000363,1487.3570999999356,-598,344,0.00028228759765625,0.00014495849609375,0.0001373291015625,74,38,36,262144,False,False
2,1,centered_grid,0.017407133529688704,0.04070802037619955,99.995,4,0.006548955252836079,0.10478328404537726,0.0002374879320290447,0.00014927862992942143,0.00019338328097923306,0.0007044307998546444,0.00043246495749045376,0.000568447878672549,0.0032353821966811043,0.008162447408066072,0.005903585039038772,0.007033016223552422,0.019747047823344854,0.02311238794083611,0.02142971788209048,0.02311238794083611,0.013504440648919088,-4788,2752,4788,20.533000946044922,276.0,683.7140000000363,1487.3570999999356,-299,172,6.4849853515625e-05,3.4332275390625e-05,3.0517578125e-05,17,9,8,262144,True,False
2,1,centered_grid,0.017407133529688704,0.04070802037619955,99.995,5,0.006548955252836079,0.20956656809075452,0.0002374879320290447,0.00014927862992942143,0.00019338328097923306,0.0007044307998546444,0.00043246495749045376,0.000568447878672549,0.0032353821966811043,0.008162447408066072,0.005903585039038772,0.007033016223552422,0.02899869542947183,0.019497115812231198,0.024247905620851516,0.02899869542947183,0.01760800190524816,-4788,2752,4788,20.533000946044922,276.0,683.7140000000363,1487.3570999999356,-150,86,3.814697265625e-06,0.0,3.814697265625e-06,1,0,1,262144,False,False
2,1,centered_grid,0.017407133529688704,0.04070802037619955,99.995,6,0.006548955252836079,0.41913313618150905,0.0002374879320290447,0.00014927862992942143,0.00019338328097923306,0.0007044307998546444,0.00043246495749045376,0.000568447878672549,0.0032353821966811043,0.008162447408066072,0.005903585039038772,0.007033016223552422,0.06040580866965278,0.041241450605594636,0.05082362963762371,0.06040580866965278,0.04478967929617965,-4788,2752,4788,20.533000946044922,276.0,683.7140000000363,1487.3570999999356,-75,43,0.0,0.0,0.0,0,0,0,262144,False,False
2,1,centered_grid,0.017407133529688704,0.04070802037619955,99.995,7,0.006548955252836079,0.8382662723630181,0.0002374879320290447,0.00014927862992942143,0.00019338328097923306,0.0007044307998546444,0.00043246495749045376,0.000568447878672549,0.0032353821966811043,0.008162447408066072,0.005903585039038772,0.007033016223552422,0.10594321010985322,0.07515198805637244,0.09054759908311283,0.10594321010985322,0.08501202669384986,-4788,2752,4788,20.533000946044922,276.0,683.7140000000363,1487.3570999999356,-37,22,0.0,0.0,0.0,0,0,0,262144,False,False
2,2,centered_grid,0.018982613717662213,0.04078912986034396,99.995,0,0.006562003845652273,0.006562003845652273,0.00023947560198702336,0.00015088332880606518,0.00019517946539654427,0.0006961987506504851,0.00043292967090236966,0.0005645642107764274,0.0032353821966811043,0.008133123655340945,0.005900737194482239,0.007016930424911592,0.44435324868857906,0.503923977500557,0.474138613094568,0.503923977500557,0.46637641891756376,-4788,2720,4788,20.532756805419922,275.0,680.0,1487.3570999999356,-4788,2720,0.029994964599609375,0.01464080810546875,0.015354156494140625,7863,3838,4025,262144,False,False
2,2,centered_grid,0.018982613717662213,0.04078912986034396,99.995,1,0.006562003845652273,0.013124007691304547,0.00023947560198702336,0.00015088332880606518,0.00019517946539654427,0.0006961987506504851,0.00043292967090236966,0.0005645642107764274,0.0032353821966811043,0.008133123655340945,0.005900737194482239,0.007016930424911592,0.2634159556733091,0.2962014743746997,0.2798087150240044,0.2962014743746997,0.27013651859160576,-4788,2720,4788,20.532756805419922,275.0,680.0,1487.3570999999356,-2394,1360,0.01149749755859375,0.005756378173828125,0.005741119384765625,3014,1509,1505,262144,False,False
2,2,centered_grid,0.018982613717662213,0.04078912986034396,99.995,2,0.006562003845652273,0.026248015382609093,0.00023947560198702336,0.00015088332880606518,0.00019517946539654427,0.0006961987506504851,0.00043292967090236966,0.0005645642107764274,0.0032353821966811043,0.008133123655340945,0.005900737194482239,0.007016930424911592,0.13316083725699415,0.13782000915166331,0.13549042320432875,0.13782000915166331,0.12539995011645483,-4788,2720,4788,20.532756805419922,275.0,680.0,1487.3570999999356,-1197,680,0.00247955322265625,0.00122833251953125,0.001251220703125,650,322,328,262144,False,False
2,2,centered_grid,0.018982613717662213,0.04078912986034396,99.995,3,0.006562003845652273,0.052496030765218187,0.00023947560198702336,0.00015088332880606518,0.00019517946539654427,0.0006961987506504851,0.00043292967090236966,0.0005645642107764274,0.0032353821966811043,0.008133123655340945,0.005900737194482239,0.007016930424911592,0.055904023668265905,0.062037473417245526,0.05897074854275572,0.062037473417245526,0.04928375385696413,-4788,2720,4788,20.532756805419922,275.0,680.0,1487.3570999999356,-598,340,0.00028228759765625,0.00014495849609375,0.0001373291015625,74,38,36,262144,False,False
2,2,centered_grid,0.018982613717662213,0.04078912986034396,99.995,4,0.006562003845652273,0.10499206153043637,0.00023947560198702336,0.00015088332880606518,0.00019517946539654427,0.0006961987506504851,0.00043292967090236966,0.0005645642107764274,0.0032353821966811043,0.008133123655340945,0.005900737194482239,0.007016930424911592,0.019715945378588683,0.023101983134145347,0.021408964256367014,0.023101983134145347,0.013457957097053278,-4788,2720,4788,20.532756805419922,275.0,680.0,1487.3570999999356,-299,170,6.4849853515625e-05,3.4332275390625e-05,3.0517578125e-05,17,9,8,262144,True,True
2,2,centered_grid,0.018982613717662213,0.04078912986034396,99.995,5,0.006562003845652273,0.20998412306087275,0.00023947560198702336,0.00015088332880606518,0.00019517946539654427,0.0006961987506504851,0.00043292967090236966,0.0005645642107764274,0.0032353821966811043,0.008133123655340945,0.005900737194482239,0.007016930424911592,0.028970622535519,0.019520655970698825,0.02424563925310891,0.028970622535519,0.017659136582570484,-4788,2720,4788,20.532756805419922,275.0,680.0,1487.3570999999356,-150,85,3.814697265625e-06,0.0,3.814697265625e-06,1,0,1,262144,False,False
2,2,centered_grid,0.018982613717662213,0.04078912986034396,99.995,6,0.006562003845652273,0.4199682461217455,0.00023947560198702336,0.00015088332880606518,0.00019517946539654427,0.0006961987506504851,0.00043292967090236966,0.0005645642107764274,0.0032353821966811043,0.008133123655340945,0.005900737194482239,0.007016930424911592,0.06065288245506071,0.041301393973408124,0.05097713821423441,0.06065288245506071,0.044994998998797636,-4788,2720,4788,20.532756805419922,275.0,680.0,1487.3570999999356,-75,42,0.0,0.0,0.0,0,0,0,262144,False,False
2,2,centered_grid,0.018982613717662213,0.04078912986034396,99.995,7,0.006562003845652273,0.839936492243491,0.00023947560198702336,0.00015088332880606518,0.00019517946539654427,0.0006961987506504851,0.00043292967090236966,0.0005645642107764274,0.0032353821966811043,0.008133123655340945,0.005900737194482239,0.007016930424911592,0.10605398902065032,0.0752045568812838,0.09062927295096707,0.10605398902065032,0.08548639971141639,-4788,2720,4788,20.532756805419922,275.0,680.0,1487.3570999999356,-37,21,0.0,0.0,0.0,0,0,0,262144,False,False
2,3,centered_grid,0.02070068704530824,0.0407493834124407,99.995,0,0.006555609584610539,0.006555609584610539,0.0002409672998762414,0.00015287494596926942,0.0001969211229227554,0.0007039544512188655,0.00043659937831308103,0.0005702769147659732,0.0032353821966811043,0.008152775214164854,0.005903396393908468,0.007028085804036661,0.44462119583921145,0.5042130788872862,0.4744171373632488,0.5042130788872862,0.4665401435303662,-4788,2720,4788,20.537715911865234,275.0,680.0,1487.3570999999356,-4788,2720,0.030109405517578125,0.01470947265625,0.015399932861328125,7893,3856,4037,262144,False,False
2,3,centered_grid,0.02070068704530824,0.0407493834124407,99.995,1,0.006555609584610539,0.013111219169221078,0.0002409672998762414,0.00015287494596926942,0.0001969211229227554,0.0007039544512188655,0.00043659937831308103,0.0005702769147659732,0.0032353821966811043,0.008152775214164854,0.005903396393908468,0.007028085804036661,0.26363713572060893,0.29648429301569496,0.28006071436815194,0.29648429301569496,0.27015895468826157,-4788,2720,4788,20.537715911865234,275.0,680.0,1487.3570999999356,-2394,1360,0.011554718017578125,0.00579071044921875,0.005764007568359375,3029,1518,1511,262144,False,False
2,3,centered_grid,0.02070068704530824,0.0407493834124407,99.995,2,0.006555609584610539,0.026222438338442157,0.0002409672998762414,0.00015287494596926942,0.0001969211229227554,0.0007039544512188655,0.00043659937831308103,0.0005702769147659732,0.0032353821966811043,0.008152775214164854,0.005903396393908468,0.007028085804036661,0.1333071466840056,0.13797988663923183,0.13564351666161872,0.13797988663923183,0.12533133828144263,-4788,2720,4788,20.537715911865234,275.0,680.0,1487.3570999999356,-1197,680,0.002490997314453125,0.001232147216796875,0.00125885009765625,653,323,330,262144,False,False
2,3,centered_grid,0.02070068704530824,0.0407493834124407,99.995,3,0.006555609584610539,0.052444876676884314,0.0002409672998762414,0.00015287494596926942,0.0001969211229227554,0.0007039544512188655,0.00043659937831308103,0.0005702769147659732,0.0032353821966811043,0.008152775214164854,0.005903396393908468,0.007028085804036661,0.05598763888745658,0.06211401706038984,0.059050827973923206,0.06211401706038984,0.04923463688583393,-4788,2720,4788,20.537715911865234,275.0,680.0,1487.3570999999356,-598,340,0.00028228759765625,0.00014495849609375,0.0001373291015625,74,38,36,262144,False,False
2,3,centered_grid,0.02070068704530824,0.0407493834124407,99.995,4,0.006555609584610539,0.10488975335376863,0.0002409672998762414,0.00015287494596926942,0.0001969211229227554,0.0007039544512188655,0.00043659937831308103,0.0005702769147659732,0.0032353821966811043,0.008152775214164854,0.005903396393908468,0.007028085804036661,0.019729663388250395,0.023104026123996126,0.02141684475612326,0.023104026123996126,0.013458372652758043,-4788,2720,4788,20.537715911865234,275.0,680.0,1487.3570999999356,-299,170,6.4849853515625e-05,3.4332275390625e-05,3.0517578125e-05,17,9,8,262144,True,False
2,3,centered_grid,0.02070068704530824,0.0407493834124407,99.995,5,0.006555609584610539,0.20977950670753726,0.0002409672998762414,0.00015287494596926942,0.0001969211229227554,0.0007039544512188655,0.00043659937831308103,0.0005702769147659732,0.0032353821966811043,0.008152775214164854,0.005903396393908468,0.007028085804036661,0.02905614750694736,0.01952346881881249,0.024289808162879924,0.02905614750694736,0.017622149211447866,-4788,2720,4788,20.537715911865234,275.0,680.0,1487.3570999999356,-150,85,3.814697265625e-06,0.0,3.814697265625e-06,1,0,1,262144,False,False
2,3,centered_grid,0.02070068704530824,0.0407493834124407,99.995,6,0.006555609584610539,0.4195590134150745,0.0002409672998762414,0.00015287494596926942,0.0001969211229227554,0.0007039544512188655,0.00043659937831308103,0.0005702769147659732,0.0032353821966811043,0.008152775214164854,0.005903396393908468,0.007028085804036661,0.06053778500377172,0.04126593526766789,0.050901860135719804,0.06053778500377172,0.0448449912342162,-4788,2720,4788,20.537715911865234,275.0,680.0,1487.3570999999356,-75,42,0.0,0.0,0.0,0,0,0,262144,False,False
2,3,centered_grid,0.02070068704530824,0.0407493834124407,99.995,7,0.006555609584610539,0.839118026830149,0.0002409672998762414,0.00015287494596926942,0.0001969211229227554,0.0007039544512188655,0.00043659937831308103,0.0005702769147659732,0.0032353821966811043,0.008152775214164854,0.005903396393908468,0.007028085804036661,0.10601560430382077,0.07518755198616464,0.0906015781449927,0.10601560430382077,0.08532344102861267,-4788,2720,4788,20.537715911865234,275.0,680.0,1487.3570999999356,-37,21,0.0,0.0,0.0,0,0,0,262144,False,False
2,4,centered_grid,0.02257425929439216,0.040704766202107306,99.995,0,0.0065484317333841845,0.0065484317333841845,0.00024321896915571978,0.00015588778677075446,0.00019955337796323712,0.0007146890465102056,0.00043902308681024977,0.0005768560666602277,0.0032353821966811043,0.008167208377094889,0.005911728689224355,0.0070394685331596225,0.44493118739931603,0.5045325452617994,0.4747318663305577,0.5045325452617994,0.46727522412506345,-4788,2720,4788,20.545089721679688,276.0,680.0,1487.3570999999356,-4788,2720,0.03000640869140625,0.0146331787109375,0.01537322998046875,7866,3836,4030,262144,False,False
2,4,centered_grid,0.02257425929439216,0.040704766202107306,99.995,1,0.0065484317333841845,0.013096863466768369,0.00024321896915571978,0.00015588778677075446,0.00019955337796323712,0.0007146890465102056,0.00043902308681024977,0.0005768560666602277,0.0032353821966811043,0.008167208377094889,0.005911728689224355,0.0070394685331596225,0.26389225391305976,0.29679423977051494,0.28034324684178735,0.29679423977051494,0.27086633317895115,-4788,2720,4788,20.545089721679688,276.0,680.0,1487.3570999999356,-2394,1360,0.011585235595703125,0.00579071044921875,0.005794525146484375,3037,1518,1519,262144,False,False
2,4,centered_grid,0.02257425929439216,0.040704766202107306,99.995,2,0.0065484317333841845,0.026193726933536738,0.00024321896915571978,0.00015588778677075446,0.00019955337796323712,0.0007146890465102056,0.00043902308681024977,0.0005768560666602277,0.0032353821966811043,0.008167208377094889,0.005911728689224355,0.0070394685331596225,0.13348182331065317,0.1381595320611987,0.13582067768592593,0.1381595320611987,0.12585491897686318,-4788,2720,4788,20.545089721679688,276.0,680.0,1487.3570999999356,-1197,680,0.0024871826171875,0.0012359619140625,0.001251220703125,652,324,328,262144,False,False
2,4,centered_grid,0.02257425929439216,0.040704766202107306,99.995,3,0.0065484317333841845,0.052387453867073476,0.00024321896915571978,0.00015588778677075446,0.00019955337796323712,0.0007146890465102056,0.00043902308681024977,0.0005768560666602277,0.0032353821966811043,0.008167208377094889,0.005911728689224355,0.0070394685331596225,0.05606859759454893,0.062207105241033234,0.059137851417791085,0.062207105241033234,0.04955535477334551,-4788,2720,4788,20.545089721679688,276.0,680.0,1487.3570999999356,-598,340,0.00028228759765625,0.00014495849609375,0.0001373291015625,74,38,36,262144,False,False
2,4,centered_grid,0.02257425929439216,0.040704766202107306,99.995,4,0.0065484317333841845,0.10477490773414695,0.00024321896915571978,0.00015588778677075446,0.00019955337796323712,0.0007146890465102056,0.00043902308681024977,0.0005768560666602277,0.0032353821966811043,0.008167208377094889,0.005911728689224355,0.0070394685331596225,0.0197424342471185,0.023138062776745495,0.021440248511932,0.023138062776745495,0.013528903664414171,-4788,2720,4788,20.545089721679688,276.0,680.0,1487.3570999999356,-299,170,6.4849853515625e-05,3.4332275390625e-05,3.0517578125e-05,17,9,8,262144,True,False
2,4,centered_grid,0.02257425929439216,0.040704766202107306,99.995,5,0.0065484317333841845,0.2095498154682939,0.00024321896915571978,0.00015588778677075446,0.00019955337796323712,0.0007146890465102056,0.00043902308681024977,0.0005768560666602277,0.0032353821966811043,0.008167208377094889,0.005911728689224355,0.0070394685331596225,0.028991494017425696,0.0195251790436387,0.0242583365305322,0.028991494017425696,0.017633660698926627,-4788,2720,4788,20.545089721679688,276.0,680.0,1487.3570999999356,-150,85,3.814697265625e-06,0.0,3.814697265625e-06,1,0,1,262144,False,False
2,4,centered_grid,0.02257425929439216,0.040704766202107306,99.995,6,0.0065484317333841845,0.4190996309365878,0.00024321896915571978,0.00015588778677075446,0.00019955337796323712,0.0007146890465102056,0.00043902308681024977,0.0005768560666602277,0.0032353821966811043,0.008167208377094889,0.005911728689224355,0.0070394685331596225,0.06045159935638808,0.041269475172711054,0.05086053726454957,0.06045159935638808,0.04484814191245117,-4788,2720,4788,20.545089721679688,276.0,680.0,1487.3570999999356,-75,42,0.0,0.0,0.0,0,0,0,262144,False,False
2,4,centered_grid,0.02257425929439216,0.040704766202107306,99.995,7,0.0065484317333841845,0.8381992618731756,0.00024321896915571978,0.00015588778677075446,0.00019955337796323712,0.0007146890465102056,0.00043902308681024977,0.0005768560666602277,0.0032353821966811043,0.008167208377094889,0.005911728689224355,0.0070394685331596225,0.10605655588031784,0.07513908857230636,0.0905978222263121,0.10605655588031784,0.0852034151980882,-4788,2720,4788,20.545089721679688,276.0,680.0,1487.3570999999356,-37,21,0.0,0.0,0.0,0,0,0,262144,False,False
3,-4,centered_grid,0.00973092438962283,0.03915355974348796,100.0,0,0.003817912808815898,0.003817912808815898,0.00043400826195743317,0.0002486889277698671,0.00034134859486365014,0.001895869080262693,0.0013463021104089317,0.0016210855953358123,0.0017502244156773206,0.008814294728634235,0.005916851640667069,0.007365573184650652,0.46964704148322595,0.4895569206721112,0.4796019810776686,0.4895569206721112,0.4702220584646507,-3048,4628,4628,27.34408187866211,250.0,687.4280000000726,1615.7139999995707,-3048,4628,0.023563385009765625,0.012012481689453125,0.0115509033203125,6177,3149,3028,262144,False,False
3,-4,centered_grid,0.00973092438962283,0.03915355974348796,100.0,1,0.003817912808815898,0.007635825617631796,0.00043400826195743317,0.0002486889277698671,0.00034134859486365014,0.001895869080262693,0.0013463021104089317,0.0016210855953358123,0.0017502244156773206,0.008814294728634235,0.005916851640667069,0.007365573184650652,0.3052451621573694,0.32427700355617334,0.3147610828567714,0.32427700355617334,0.30313321585537545,-3048,4628,4628,27.34408187866211,250.0,687.4280000000726,1615.7139999995707,-1524,2314,0.009593963623046875,0.0049285888671875,0.004665374755859375,2515,1292,1223,262144,False,False
3,-4,centered_grid,0.00973092438962283,0.03915355974348796,100.0,2,0.003817912808815898,0.015271651235263592,0.00043400826195743317,0.0002486889277698671,0.00034134859486365014,0.001895869080262693,0.0013463021104089317,0.0016210855953358123,0.0017502244156773206,0.008814294728634235,0.005916851640667069,0.007365573184650652,0.1726454126862363,0.18323056002434357,0.17793798635528993,0.18323056002434357,0.16590808781453703,-3048,4628,4628,27.34408187866211,250.0,687.4280000000726,1615.7139999995707,-762,1157,0.002223968505859375,0.001239776611328125,0.00098419189453125,583,325,258,262144,False,False
3,-4,centered_grid,0.00973092438962283,0.03915355974348796,100.0,3,0.003817912808815898,0.030543302470527185,0.00043400826195743317,0.0002486889277698671,0.00034134859486365014,0.001895869080262693,0.0013463021104089317,0.0016210855953358123,0.0017502244156773206,0.008814294728634235,0.005916851640667069,0.007365573184650652,0.09230851466232334,0.09609473272005231,0.09420162369118783,0.09609473272005231,0.08279089021878175,-3048,4628,4628,27.34408187866211,250.0,687.4280000000726,1615.7139999995707,-381,578,0.000270843505859375,0.000164031982421875,0.0001068115234375,71,43,28,262144,False,False
3,-4,centered_grid,0.00973092438962283,0.03915355974348796,100.0,4,0.003817912808815898,0.06108660494105437,0.00043400826195743317,0.0002486889277698671,0.00034134859486365014,0.001895869080262693,0.0013463021104089317,0.0016210855953358123,0.0017502244156773206,0.008814294728634235,0.005916851640667069,0.007365573184650652,0.03609654515878953,0.04081586813487563,0.03845620664683258,0.04081586813487563,0.029947872769580552,-3048,4628,4628,27.34408187866211,250.0,687.4280000000726,1615.7139999995707,-190,289,6.4849853515625e-05,4.9591064453125e-05,1.52587890625e-05,17,13,4,262144,False,False
3,-4,centered_grid,0.00973092438962283,0.03915355974348796,100.0,5,0.003817912808815898,0.12217320988210874,0.00043400826195743317,0.0002486889277698671,0.00034134859486365014,0.001895869080262693,0.0013463021104089317,0.0016210855953358123,0.0017502244156773206,0.008814294728634235,0.005916851640667069,0.007365573184650652,0.02889658387751166,0.024916460455571828,0.026906522166541744,0.02889658387751166,0.020075111765076238,-3048,4628,4628,27.34408187866211,250.0,687.4280000000726,1615.7139999995707,-95,145,1.1444091796875e-05,1.1444091796875e-05,0.0,3,3,0,262144,True,False
3,-4,centered_grid,0.00973092438962283,0.03915355974348796,100.0,6,0.003817912808815898,0.24434641976421748,0.00043400826195743317,0.0002486889277698671,0.00034134859486365014,0.001895869080262693,0.0013463021104089317,0.0016210855953358123,0.0017502244156773206,0.008814294728634235,0.005916851640667069,0.007365573184650652,0.07693870772540079,0.06901314504322797,0.07297592638431438,0.07693870772540079,0.06704389060877688,-3048,4628,4628,27.34408187866211,250.0,687.4280000000726,1615.7139999995707,-48,72,0.0,0.0,0.0,0,0,0,262144,False,False
3,-4,centered_grid,0.00973092438962283,0.03915355974348796,100.0,7,0.003817912808815898,0.48869283952843495,0.00043400826195743317,0.0002486889277698671,0.00034134859486365014,0.001895869080262693,0.0013463021104089317,0.0016210855953358123,0.0017502244156773206,0.008814294728634235,0.005916851640667069,0.007365573184650652,0.163818012701644,0.15442485938904998,0.159121436045347,0.163818012701644,0.15418980569009477,-3048,4628,4628,27.34408187866211,250.0,687.4280000000726,1615.7139999995707,-24,36,0.0,0.0,0.0,0,0,0,262144,False,False
3,-3,centered_grid,0.010611648292864649,0.04269726194339294,100.0,0,0.004163463663151602,0.004163463663151602,0.0004130767116537219,0.00023960009958854062,0.00032633840562113127,0.0018108704313072339,0.0013635222185733574,0.0015871963249402955,0.0017502244156773206,0.007919270245813483,0.005545658664209609,0.006732464455011546,0.4495208972174018,0.46971011433078724,0.4596155057740945,0.46971011433078724,0.4464581024838342,-3000,4212,4212,25.589214324951172,228.0,630.0,1491.4996999995492,-3000,4212,0.021617889404296875,0.01110076904296875,0.010517120361328125,5667,2910,2757,262144,False,False
3,-3,centered_grid,0.010611648292864649,0.04269726194339294,100.0,1,0.004163463663151602,0.008326927326303205,0.0004130767116537219,0.00023960009958854062,0.00032633840562113127,0.0018108704313072339,0.0013635222185733574,0.0015871963249402955,0.0017502244156773206,0.007919270245813483,0.005545658664209609,0.006732464455011546,0.2860921010093227,0.30450966621878395,0.2953008836140533,0.30450966621878395,0.28252281108512733,-3000,4212,4212,25.589214324951172,228.0,630.0,1491.4996999995492,-1500,2106,0.008258819580078125,0.004276275634765625,0.0039825439453125,2165,1121,1044,262144,False,False
3,-3,centered_grid,0.010611648292864649,0.04269726194339294,100.0,2,0.004163463663151602,0.01665385465260641,0.0004130767116537219,0.00023960009958854062,0.00032633840562113127,0.0018108704313072339,0.0013635222185733574,0.0015871963249402955,0.0017502244156773206,0.007919270245813483,0.005545658664209609,0.006732464455011546,0.1605044511030148,0.1696958897703447,0.16510017043667974,0.1696958897703447,0.1537313056083024,-3000,4212,4212,25.589214324951172,228.0,630.0,1491.4996999995492,-750,1053,0.00177001953125,0.000965118408203125,0.000804901123046875,464,253,211,262144,False,False
3,-3,centered_grid,0.010611648292864649,0.04269726194339294,100.0,3,0.004163463663151602,0.03330770930521282,0.0004130767116537219,0.00023960009958854062,0.00032633840562113127,0.0018108704313072339,0.0013635222185733574,0.0015871963249402955,0.0017502244156773206,0.007919270245813483,0.005545658664209609,0.006732464455011546,0.08454878829870383,0.08819950663297316,0.08637414746583849,0.08819950663297316,0.07612592009734304,-3000,4212,4212,25.589214324951172,228.0,630.0,1491.4996999995492,-375,526,0.00022125244140625,0.000133514404296875,8.7738037109375e-05,58,35,23,262144,False,False
3,-3,centered_grid,0.010611648292864649,0.04269726194339294,100.0,4,0.004163463663151602,0.06661541861042564,0.0004130767116537219,0.00023960009958854062,0.00032633840562113127,0.0018108704313072339,0.0013635222185733574,0.0015871963249402955,0.0017502244156773206,0.007919270245813483,0.005545658664209609,0.006732464455011546,0.031260678229495326,0.03580514062073435,0.03353290942511484,0.03580514062073435,0.025826063040115588,-3000,4212,4212,25.589214324951172,228.0,630.0,1491.4996999995492,-188,263,6.103515625e-05,4.57763671875e-05,1.52587890625e-05,16,12,4,262144,False,False
3,-3,centered_grid,0.010611648292864649,0.04269726194339294,100.0,5,0.004163463663151602,0.13323083722085127,0.0004130767116537219,0.00023960009958854062,0.00032633840562113127,0.0018108704313072339,0.0013635222185733574,0.0015871963249402955,0.0017502244156773206,0.007919270245813483,0.005545658664209609,0.006732464455011546,0.03126859073186811,0.026883608821539482,0.029076099776703793,0.03126859073186811,0.022513462259062735,-3000,4212,4212,25.589214324951172,228.0,630.0,1491.4996999995492,-94,132,7.62939453125e-06,7.62939453125e-06,0.0,2,2,0,262144,True,False
3,-3,centered_grid,0.010611648292864649,0.04269726194339294,100.0,6,0.004163463663151602,0.26646167444170255,0.0004130767116537219,0.00023960009958854062,0.00032633840562113127,0.0018108704313072339,0.0013635222185733574,0.0015871963249402955,0.0017502244156773206,0.007919270245813483,0.005545658664209609,0.006732464455011546,0.0850707822841156,0.07747748232796946,0.08127413230604252,0.0850707822841156,0.0758246221141125,-3000,4212,4212,25.589214324951172,228.0,630.0,1491.4996999995492,-47,66,0.0,0.0,0.0,0,0,0,262144,False,False
3,-3,centered_grid,0.010611648292864649,0.04269726194339294,100.0,7,0.004163463663151602,0.5329233488834051,0.0004130767116537219,0.00023960009958854062,0.00032633840562113127,0.0018108704313072339,0.0013635222185733574,0.0015871963249402955,0.0017502244156773206,0.007919270245813483,0.005545658664209609,0.006732464455011546,0.17273665179007694,0.16357555733544615,0.16815610456276153,0.17273665179007694,0.16786727878892327,-3000,4212,4212,25.589214324951172,228.0,630.0,1491.4996999995492,-23,33,0.0,0.0,0.0,0,0,0,262144,False,False
3,-2,centered_grid,0.01157208451969298,0.033512029017273764,99.99,0,0.003267800058862837,0.003267800058862837,0.0004017110722795083,0.0002351056472161783,0.0003184083597478433,0.002298893631565886,0.001463684431130639,0.0018812890313482625,0.0017502244156773206,0.011235386357257513,0.006827827748254596,0.009031607052756055,0.5048125621320866,0.5241069269679721,0.5144597445500294,0.5241069269679721,0.4995985792790391,-3136,5408,5408,32.43353271484375,290.0,800.0,1892.4277999988408,-3136,5408,0.029109954833984375,0.01486968994140625,0.014240264892578125,7631,3898,3733,262144,False,False
3,-2,centered_grid,0.01157208451969298,0.033512029017273764,99.99,1,0.003267800058862837,0.006535600117725674,0.0004017110722795083,0.0002351056472161783,0.0003184083597478433,0.002298893631565886,0.001463684431130639,0.0018812890313482625,0.0017502244156773206,0.011235386357257513,0.006827827748254596,0.009031607052756055,0.34087590478759017,0.36069163152166,0.3507837681546251,0.36069163152166,0.33412969575093077,-3136,5408,5408,32.43353271484375,290.0,800.0,1892.4277999988408,-1568,2704,0.01213836669921875,0.00620269775390625,0.0059356689453125,3182,1626,1556,262144,False,False
3,-2,centered_grid,0.01157208451969298,0.033512029017273764,99.99,2,0.003267800058862837,0.013071200235451347,0.0004017110722795083,0.0002351056472161783,0.0003184083597478433,0.002298893631565886,0.001463684431130639,0.0018812890313482625,0.0017502244156773206,0.011235386357257513,0.006827827748254596,0.009031607052756055,0.19690040242725276,0.20987588521767575,0.20338814382246426,0.20987588521767575,0.18700182698065432,-3136,5408,5408,32.43353271484375,290.0,800.0,1892.4277999988408,-784,1352,0.00323486328125,0.0017242431640625,0.0015106201171875,848,452,396,262144,False,False
3,-2,centered_grid,0.01157208451969298,0.033512029017273764,99.99,3,0.003267800058862837,0.026142400470902695,0.0004017110722795083,0.0002351056472161783,0.0003184083597478433,0.002298893631565886,0.001463684431130639,0.0018812890313482625,0.0017502244156773206,0.011235386357257513,0.006827827748254596,0.009031607052756055,0.10676421484044085,0.11122051594071514,0.108992365390578,0.11122051594071514,0.09422949848136286,-3136,5408,5408,32.43353271484375,290.0,800.0,1892.4277999988408,-392,676,0.000469207763671875,0.000263214111328125,0.00020599365234375,123,69,54,262144,False,False
3,-2,centered_grid,0.01157208451969298,0.033512029017273764,99.99,4,0.003267800058862837,0.05228480094180539,0.0004017110722795083,0.0002351056472161783,0.0003184083597478433,0.002298893631565886,0.001463684431130639,0.0018812890313482625,0.0017502244156773206,0.011235386357257513,0.006827827748254596,0.009031607052756055,0.04597751335048858,0.0505152298179337,0.04824637158421114,0.0505152298179337,0.037678333409266206,-3136,5408,5408,32.43353271484375,290.0,800.0,1892.4277999988408,-196,338,8.0108642578125e-05,6.103515625e-05,1.9073486328125e-05,21,16,5,262144,False,False
3,-2,centered_grid,0.01157208451969298,0.033512029017273764,99.99,5,0.003267800058862837,0.10456960188361078,0.0004017110722795083,0.0002351056472161783,0.0003184083597478433,0.002298893631565886,0.001463684431130639,0.0018812890313482625,0.0017502244156773206,0.011235386357257513,0.006827827748254596,0.009031607052756055,0.027335235246361358,0.024223179614714044,0.0257792074305377,0.027335235246361358,0.017359761813216093,-3136,5408,5408,32.43353271484375,290.0,800.0,1892.4277999988408,-98,169,1.1444091796875e-05,1.1444091796875e-05,0.0,3,3,0,262144,True,False
3,-2,centered_grid,0.01157208451969298,0.033512029017273764,99.99,6,0.003267800058862837,0.20913920376722156,0.0004017110722795083,0.0002351056472161783,0.0003184083597478433,0.002298893631565886,0.001463684431130639,0.0018812890313482625,0.0017502244156773206,0.011235386357257513,0.006827827748254596,0.009031607052756055,0.06335699897801474,0.05506813423499735,0.05921256660650605,0.06335699897801474,0.05164425534507788,-3136,5408,5408,32.43353271484375,290.0,800.0,1892.4277999988408,-49,84,0.0,0.0,0.0,0,0,0,262144,False,False
3,-2,centered_grid,0.01157208451969298,0.033512029017273764,99.99,7,0.003267800058862837,0.4182784075344431,0.0004017110722795083,0.0002351056472161783,0.0003184083597478433,0.002298893631565886,0.001463684431130639,0.0018812890313482625,0.0017502244156773206,0.011235386357257513,0.006827827748254596,0.009031607052756055,0.1461758952231288,0.1350216947561192,0.140598794989624,0.1461758952231288,0.1362207506319891,-3136,5408,5408,32.43353271484375,290.0,800.0,1892.4277999988408,-24,42,0.0,0.0,0.0,0,0,0,262144,False,False
3,-1,centered_grid,0.01261944765178112,0.050775887795740784,100.0,0,0.004951220621174812,0.004951220621174812,0.00039484208913312526,0.00023401055596968386,0.00031442632255140456,0.0019942653631150526,0.001693708401415962,0.0018439868822655073,0.0017502244156773206,0.007097872735505324,0.0056570112215954226,0.006377441978550374,0.4089391636907155,0.4293304422902492,0.41913480299048234,0.4293304422902492,0.41448056327543314,-2540,3550,3550,20.91943359375,192.0,530.0,1252.4994999992487,-2540,3550,0.017436981201171875,0.00896453857421875,0.008472442626953125,4571,2350,2221,262144,False,False
3,-1,centered_grid,0.01261944765178112,0.050775887795740784,100.0,1,0.004951220621174812,0.009902441242349624,0.00039484208913312526,0.00023401055596968386,0.00031442632255140456,0.0019942653631150526,0.001693708401415962,0.0018439868822655073,0.0017502244156773206,0.007097872735505324,0.0056570112215954226,0.006377441978550374,0.2502541001490515,0.267041853010289,0.2586479765796702,0.267041853010289,0.2527019956693254,-2540,3550,3550,20.91943359375,192.0,530.0,1252.4994999992487,-1270,1775,0.00598907470703125,0.00305938720703125,0.0029296875,1570,802,768,262144,False,False
3,-1,centered_grid,0.01261944765178112,0.050775887795740784,100.0,2,0.004951220621174812,0.01980488248469925,0.00039484208913312526,0.00023401055596968386,0.00031442632255140456,0.0019942653631150526,0.001693708401415962,0.0018439868822655073,0.0017502244156773206,0.007097872735505324,0.0056570112215954226,0.006377441978550374,0.13911015953265093,0.1457819429673769,0.14244605125001392,0.1457819429673769,0.1359085700971971,-2540,3550,3550,20.91943359375,192.0,530.0,1252.4994999992487,-635,888,0.001148223876953125,0.00063323974609375,0.000514984130859375,301,166,135,262144,False,False
3,-1,centered_grid,0.01261944765178112,0.050775887795740784,100.0,3,0.004951220621174812,0.0396097649693985,0.00039484208913312526,0.00023401055596968386,0.00031442632255140456,0.0019942653631150526,0.001693708401415962,0.0018439868822655073,0.0017502244156773206,0.007097872735505324,0.0056570112215954226,0.006377441978550374,0.06979371222849162,0.0735405820857335,0.07166714715711256,0.0735405820857335,0.0645292590082938,-2540,3550,3550,20.91943359375,192.0,530.0,1252.4994999992487,-318,444,0.000152587890625,0.0001068115234375,4.57763671875e-05,40,28,12,262144,False,False
3,-1,centered_grid,0.01261944765178112,0.050775887795740784,100.0,4,0.004951220621174812,0.079219529938797,0.00039484208913312526,0.00023401055596968386,0.00031442632255140456,0.0019942653631150526,0.001693708401415962,0.0018439868822655073,0.0017502244156773206,0.007097872735505324,0.0056570112215954226,0.006377441978550374,0.024561484714273826,0.02834940352108107,0.026455444117677446,0.02834940352108107,0.019713071536010505,-2540,3550,3550,20.91943359375,192.0,530.0,1252.4994999992487,-159,222,5.340576171875e-05,4.1961669921875e-05,1.1444091796875e-05,14,11,3,262144,True,False
3,-1,centered_grid,0.01261944765178112,0.050775887795740784,100.0,5,0.004951220621174812,0.158439059877594,0.00039484208913312526,0.00023401055596968386,0.00031442632255140456,0.0019942653631150526,0.001693708401415962,0.0018439868822655073,0.0017502244156773206,0.007097872735505324,0.0056570112215954226,0.006377441978550374,0.039050093873837635,0.03479609564994756,0.036923094761892594,0.039050093873837635,0.030908870209948217,-2540,3550,3550,20.91943359375,192.0,530.0,1252.4994999992487,-79,111,0.0,0.0,0.0,0,0,0,262144,False,False
3,-1,centered_grid,0.01261944765178112,0.050775887795740784,100.0,6,0.004951220621174812,0.316878119755188,0.00039484208913312526,0.00023401055596968386,0.00031442632255140456,0.0019942653631150526,0.001693708401415962,0.0018439868822655073,0.0017502244156773206,0.007097872735505324,0.0056570112215954226,0.006377441978550374,0.10549492638286466,0.09857686067285001,0.10203589352785733,0.10549492638286466,0.09631398304868181,-2540,3550,3550,20.91943359375,192.0,530.0,1252.4994999992487,-40,55,0.0,0.0,0.0,0,0,0,262144,False,False
3,-1,centered_grid,0.01261944765178112,0.050775887795740784,100.0,7,0.004951220621174812,0.633756239510376,0.00039484208913312526,0.00023401055596968386,0.00031442632255140456,0.0019942653631150526,0.001693708401415962,0.0018439868822655073,0.0017502244156773206,0.007097872735505324,0.0056570112215954226,0.006377441978550374,0.1932010441269248,0.1840508228497376,0.18862593348833118,0.1932010441269248,0.18157577457748492,-2540,3550,3550,20.91943359375,192.0,530.0,1252.4994999992487,-20,28,0.0,0.0,0.0,0,0,0,262144,False,False
3,0,centered_grid,0.013761605246231738,0.055371498274208,100.0,0,0.005399344373523709,0.005399344373523709,0.00039102018000651816,0.00023493963032211631,0.0003129799051643172,0.0019796849997242984,0.0017494718195913798,0.001864578409657839,0.0017502244156773206,0.0068018627860839806,0.005893744295264976,0.006347803540674478,0.3883250904792094,0.4086594246515329,0.3984922575653711,0.4086594246515329,0.3890374732185411,-2540,3276,3276,19.70730972290039,176.0,486.0,1146.2138999994204,-2540,3276,0.01584625244140625,0.008174896240234375,0.007671356201171875,4154,2143,2011,262144,False,False
3,0,centered_grid,0.013761605246231738,0.055371498274208,100.0,1,0.005399344373523709,0.010798688747047418,0.00039102018000651816,0.00023493963032211631,0.0003129799051643172,0.0019796849997242984,0.0017494718195913798,0.001864578409657839,0.0017502244156773206,0.0068018627860839806,0.005893744295264976,0.006347803540674478,0.23327514589075157,0.24908553771701286,0.2411803418038822,0.24908553771701286,0.23348265363302523,-2540,3276,3276,19.70730972290039,176.0,486.0,1146.2138999994204,-1270,1638,0.005062103271484375,0.00260162353515625,0.002460479736328125,1327,682,645,262144,False,False
3,0,centered_grid,0.013761605246231738,0.055371498274208,100.0,2,0.005399344373523709,0.021597377494094835,0.00039102018000651816,0.00023493963032211631,0.0003129799051643172,0.0019796849997242984,0.0017494718195913798,0.001864578409657839,0.0017502244156773206,0.0068018627860839806,0.005893744295264976,0.006347803540674478,0.1291633111811152,0.13500748200553664,0.1320853965933259,0.13500748200553664,0.1254444701676087,-2540,3276,3276,19.70730972290039,176.0,486.0,1146.2138999994204,-635,819,0.000820159912109375,0.000457763671875,0.000362396240234375,215,120,95,262144,False,False
3,0,centered_grid,0.013761605246231738,0.055371498274208,100.0,3,0.005399344373523709,0.04319475498818967,0.00039102018000651816,0.00023493963032211631,0.0003129799051643172,0.0019796849997242984,0.0017494718195913798,0.001864578409657839,0.0017502244156773206,0.0068018627860839806,0.005893744295264976,0.006347803540674478,0.06274918561425519,0.06672086254812001,0.0647350240811876,0.06672086254812001,0.0581729999821403,-2540,3276,3276,19.70730972290039,176.0,486.0,1146.2138999994204,-318,410,0.000133514404296875,9.5367431640625e-05,3.814697265625e-05,35,25,10,262144,False,False
3,0,centered_grid,0.013761605246231738,0.055371498274208,100.0,4,0.005399344373523709,0.08638950997637934,0.00039102018000651816,0.00023493963032211631,0.0003129799051643172,0.0019796849997242984,0.0017494718195913798,0.001864578409657839,0.0017502244156773206,0.0068018627860839806,0.005893744295264976,0.006347803540674478,0.023210804835957305,0.026132225717225302,0.024671515276591303,0.026132225717225302,0.017969136734337053,-2540,3276,3276,19.70730972290039,176.0,486.0,1146.2138999994204,-159,205,3.814697265625e-05,3.0517578125e-05,7.62939453125e-06,10,8,2,262144,True,True
3,0,centered_grid,0.013761605246231738,0.055371498274208,100.0,5,0.005399344373523709,0.17277901995275868,0.00039102018000651816,0.00023493963032211631,0.0003129799051643172,0.0019796849997242984,0.0017494718195913798,0.001864578409657839,0.0017502244156773206,0.0068018627860839806,0.005893744295264976,0.006347803540674478,0.0443189741828327,0.04027469508777913,0.04229683463530591,0.0443189741828327,0.035588234025396265,-2540,3276,3276,19.70730972290039,176.0,486.0,1146.2138999994204,-79,102,0.0,0.0,0.0,0,0,0,262144,False,False
3,0,centered_grid,0.013761605246231738,0.055371498274208,100.0,6,0.005399344373523709,0.34555803990551737,0.00039102018000651816,0.00023493963032211631,0.0003129799051643172,0.0019796849997242984,0.0017494718195913798,0.001864578409657839,0.0017502244156773206,0.0068018627860839806,0.005893744295264976,0.006347803540674478,0.11664399042462945,0.11028369392681728,0.11346384217572336,0.11664399042462945,0.10769330103439648,-2540,3276,3276,19.70730972290039,176.0,486.0,1146.2138999994204,-40,51,0.0,0.0,0.0,0,0,0,262144,False,False
3,0,centered_grid,0.013761605246231738,0.055371498274208,100.0,7,0.005399344373523709,0.6911160798110347,0.00039102018000651816,0.00023493963032211631,0.0003129799051643172,0.0019796849997242984,0.0017494718195913798,0.001864578409657839,0.0017502244156773206,0.0068018627860839806,0.005893744295264976,0.006347803540674478,0.20243559354510302,0.19314128461114308,0.19778843907812305,0.20243559354510302,0.198985325100803,-2540,3276,3276,19.70730972290039,176.0,486.0,1146.2138999994204,-20,26,0.0,0.0,0.0,0,0,0,262144,False,False
3,1,centered_grid,0.015007136934902488,0.033533792256368475,99.99,0,0.0032699222196534614,0.0032699222196534614,0.0003913802061631578,0.00023664979039844533,0.0003140149982808016,0.0022940720093635337,0.0014612492030977751,0.0018776606062306544,0.0017502244156773206,0.011238055151468083,0.006827702186312628,0.009032878668890356,0.5046779559663892,0.5239680348268353,0.5143229953966122,0.5239680348268353,0.49891809253130437,-3136,5356,5356,32.43092346191406,290.0,800.0,1892.4277999988408,-3136,5356,0.029155731201171875,0.014888763427734375,0.0142669677734375,7643,3903,3740,262144,False,False
3,1,centered_grid,0.015007136934902488,0.033533792256368475,99.99,1,0.0032699222196534614,0.006539844439306923,0.0003913802061631578,0.00023664979039844533,0.0003140149982808016,0.0022940720093635337,0.0014612492030977751,0.0018776606062306544,0.0017502244156773206,0.011238055151468083,0.006827702186312628,0.009032878668890356,0.3407333128281047,0.36053988294325534,0.35063659788568,0.36053988294325534,0.3334019057699512,-3136,5356,5356,32.43092346191406,290.0,800.0,1892.4277999988408,-1568,2678,0.012134552001953125,0.006206512451171875,0.00592803955078125,3181,1627,1554,262144,False,False
3,1,centered_grid,0.015007136934902488,0.033533792256368475,99.99,2,0.0032699222196534614,0.013079688878613846,0.0003913802061631578,0.00023664979039844533,0.0003140149982808016,0.0022940720093635337,0.0014612492030977751,0.0018776606062306544,0.0017502244156773206,0.011238055151468083,0.006827702186312628,0.009032878668890356,0.19681413371616754,0.20976383318399486,0.2032889834500812,0.20976383318399486,0.186357573036295,-3136,5356,5356,32.43092346191406,290.0,800.0,1892.4277999988408,-784,1339,0.00323486328125,0.001720428466796875,0.001514434814453125,848,451,397,262144,False,False
3,1,centered_grid,0.015007136934902488,0.033533792256368475,99.99,3,0.0032699222196534614,0.02615937775722769,0.0003913802061631578,0.00023664979039844533,0.0003140149982808016,0.0022940720093635337,0.0014612492030977751,0.0018776606062306544,0.0017502244156773206,0.011238055151468083,0.006827702186312628,0.009032878668890356,0.10670584399125256,0.11115484011984375,0.10893034205554816,0.11115484011984375,0.09366160399230797,-3136,5356,5356,32.43092346191406,290.0,800.0,1892.4277999988408,-392,670,0.0004730224609375,0.000263214111328125,0.000209808349609375,124,69,55,262144,False,False
3,1,centered_grid,0.015007136934902488,0.033533792256368475,99.99,4,0.0032699222196534614,0.05231875551445538,0.0003913802061631578,0.00023664979039844533,0.0003140149982808016,0.0022940720093635337,0.0014612492030977751,0.0018776606062306544,0.0017502244156773206,0.011238055151468083,0.006827702186312628,0.009032878668890356,0.045920025696719054,0.05048609732416785,0.04820306151044346,0.05048609732416785,0.037249578085672114,-3136,5356,5356,32.43092346191406,290.0,800.0,1892.4277999988408,-196,335,8.0108642578125e-05,6.103515625e-05,1.9073486328125e-05,21,16,5,262144,False,False
3,1,centered_grid,0.015007136934902488,0.033533792256368475,99.99,5,0.0032699222196534614,0.10463751102891077,0.0003913802061631578,0.00023664979039844533,0.0003140149982808016,0.0022940720093635337,0.0014612492030977751,0.0018776606062306544,0.0017502244156773206,0.011238055151468083,0.006827702186312628,0.009032878668890356,0.027306754672425375,0.024224669006755555,0.025765711839590463,0.027306754672425375,0.017149679445235398,-3136,5356,5356,32.43092346191406,290.0,800.0,1892.4277999988408,-98,167,1.1444091796875e-05,1.1444091796875e-05,0.0,3,3,0,262144,True,False
3,1,centered_grid,0.015007136934902488,0.033533792256368475,99.99,6,0.0032699222196534614,0.20927502205782153,0.0003913802061631578,0.00023664979039844533,0.0003140149982808016,0.0022940720093635337,0.0014612492030977751,0.0018776606062306544,0.0017502244156773206,0.011238055151468083,0.006827702186312628,0.009032878668890356,0.06338440939001785,0.05507906514866528,0.05923173726934157,0.06338440939001785,0.05153295934668394,-3136,5356,5356,32.43092346191406,290.0,800.0,1892.4277999988408,-49,84,0.0,0.0,0.0,0,0,0,262144,False,False
3,1,centered_grid,0.015007136934902488,0.033533792256368475,99.99,7,0.0032699222196534614,0.41855004411564306,0.0003913802061631578,0.00023664979039844533,0.0003140149982808016,0.0022940720093635337,0.0014612492030977751,0.0018776606062306544,0.0017502244156773206,0.011238055151468083,0.006827702186312628,0.009032878668890356,0.14630357281342232,0.13506017746451432,0.14068187513896832,0.14630357281342232,0.13638785560288413,-3136,5356,5356,32.43092346191406,290.0,800.0,1892.4277999988408,-24,42,0.0,0.0,0.0,0,0,0,262144,False,False
3,2,centered_grid,0.016365398872677555,0.03347619374198736,99.99,0,0.0032643057161410066,0.0032643057161410066,0.0003937202325743592,0.00023940327698727156,0.00031656175478081536,0.0023198383806668876,0.0014756886152440289,0.0018977634979554583,0.0017502244156773206,0.011276172527048758,0.006850000938337439,0.009063086732693099,0.5050586195117787,0.524342253003437,0.5147004362576078,0.524342253003437,0.49979493416360954,-3168,5408,5408,32.44644546508789,290.0,800.0,1897.7852999993775,-3168,5408,0.029205322265625,0.014919281005859375,0.014286041259765625,7656,3911,3745,262144,False,False
3,2,centered_grid,0.016365398872677555,0.03347619374198736,99.99,1,0.0032643057161410066,0.006528611432282013,0.0003937202325743592,0.00023940327698727156,0.00031656175478081536,0.0023198383806668876,0.0014756886152440289,0.0018977634979554583,0.0017502244156773206,0.011276172527048758,0.006850000938337439,0.009063086732693099,0.3411365707797528,0.36094470932133155,0.35104064005054214,0.36094470932133155,0.334471006138769,-3168,5408,5408,32.44644546508789,290.0,800.0,1897.7852999993775,-1584,2704,0.012157440185546875,0.006214141845703125,0.00594329833984375,3187,1629,1558,262144,False,False
3,2,centered_grid,0.016365398872677555,0.03347619374198736,99.99,2,0.0032643057161410066,0.013057222864564027,0.0003937202325743592,0.00023940327698727156,0.00031656175478081536,0.0023198383806668876,0.0014756886152440289,0.0018977634979554583,0.0017502244156773206,0.011276172527048758,0.006850000938337439,0.009063086732693099,0.1971029753990799,0.21007452733089896,0.20358875136498944,0.21007452733089896,0.18745136848573762,-3168,5408,5408,32.44644546508789,290.0,800.0,1897.7852999993775,-792,1352,0.003246307373046875,0.001728057861328125,0.00151824951171875,851,453,398,262144,False,False
3,2,centered_grid,0.016365398872677555,0.03347619374198736,99.99,3,0.0032643057161410066,0.026114445729128053,0.0003937202325743592,0.00023940327698727156,0.00031656175478081536,0.0023198383806668876,0.0014756886152440289,0.0018977634979554583,0.0017502244156773206,0.011276172527048758,0.006850000938337439,0.009063086732693099,0.10688914032665474,0.11133297959603412,0.10911105996134443,0.11133297959603412,0.09456647614413097,-3168,5408,5408,32.44644546508789,290.0,800.0,1897.7852999993775,-396,676,0.0004730224609375,0.000263214111328125,0.000209808349609375,124,69,55,262144,False,False
3,2,centered_grid,0.016365398872677555,0.03347619374198736,99.99,4,0.0032643057161410066,0.052228891458256106,0.0003937202325743592,0.00023940327698727156,0.00031656175478081536,0.0023198383806668876,0.0014756886152440289,0.0018977634979554583,0.0017502244156773206,0.011276172527048758,0.006850000938337439,0.009063086732693099,0.0460431801915736,0.050561135746807234,0.04830215796919042,0.050561135746807234,0.037874071471186974,-3168,5408,5408,32.44644546508789,290.0,800.0,1897.7852999993775,-198,338,8.0108642578125e-05,6.103515625e-05,1.9073486328125e-05,21,16,5,262144,False,False
3,2,centered_grid,0.016365398872677555,0.03347619374198736,99.99,5,0.0032643057161410066,0.10445778291651221,0.0003937202325743592,0.00023940327698727156,0.00031656175478081536,0.0023198383806668876,0.0014756886152440289,0.0018977634979554583,0.0017502244156773206,0.011276172527048758,0.006850000938337439,0.009063086732693099,0.027316791895174605,0.02424000768786818,0.02577839979152139,0.027316791895174605,0.017384076900455462,-3168,5408,5408,32.44644546508789,290.0,800.0,1897.7852999993775,-99,169,1.1444091796875e-05,1.1444091796875e-05,0.0,3,3,0,262144,True,False
3,2,centered_grid,0.016365398872677555,0.03347619374198736,99.99,6,0.0032643057161410066,0.20891556583302442,0.0003937202325743592,0.00023940327698727156,0.00031656175478081536,0.0023198383806668876,0.0014756886152440289,0.0018977634979554583,0.0017502244156773206,0.011276172527048758,0.006850000938337439,0.009063086732693099,0.0632674947644706,0.05502377641166553,0.05914563558806807,0.0632674947644706,0.051511213446745016,-3168,5408,5408,32.44644546508789,290.0,800.0,1897.7852999993775,-50,84,0.0,0.0,0.0,0,0,0,262144,False,False
3,2,centered_grid,0.016365398872677555,0.03347619374198736,99.99,7,0.0032643057161410066,0.41783113166604885,0.0003937202325743592,0.00023940327698727156,0.00031656175478081536,0.0023198383806668876,0.0014756886152440289,0.0018977634979554583,0.0017502244156773206,0.011276172527048758,0.006850000938337439,0.009063086732693099,0.14616188830554397,0.13490014313506304,0.14053101572030352,0.14616188830554397,0.1360319313853483,-3168,5408,5408,32.44644546508789,290.0,800.0,1897.7852999993775,-25,42,0.0,0.0,0.0,0,0,0,262144,False,False
3,3,centered_grid,0.017846594018806165,0.03355505880844636,99.99,0,0.003271995947868966,0.003271995947868966,0.0003962596919470681,0.00024201498890414046,0.0003191373404256043,0.0022902075094317453,0.001471975767785717,0.001881091638608731,0.0017502244156773206,0.011214129586072041,0.006821884444125926,0.009018007015098984,0.5045300881646442,0.5238326644402361,0.5141813763024401,0.5238326644402361,0.4995349671638136,-3136,5408,5408,32.33972930908203,290.0,800.0,1900.9280999992916,-3136,5408,0.029026031494140625,0.014804840087890625,0.01422119140625,7609,3881,3728,262144,False,False
3,3,centered_grid,0.017846594018806165,0.03355505880844636,99.99,1,0.003271995947868966,0.006543991895737932,0.0003962596919470681,0.00024201498890414046,0.0003191373404256043,0.0022902075094317453,0.001471975767785717,0.001881091638608731,0.0017502244156773206,0.011214129586072041,0.006821884444125926,0.009018007015098984,0.3405766723356466,0.3603814404173218,0.3504790563764842,0.3603814404173218,0.33395668506309495,-3136,5408,5408,32.33972930908203,290.0,800.0,1900.9280999992916,-1568,2704,0.012126922607421875,0.006191253662109375,0.0059356689453125,3179,1623,1556,262144,False,False
3,3,centered_grid,0.017846594018806165,0.03355505880844636,99.99,2,0.003271995947868966,0.013087983791475863,0.0003962596919470681,0.00024201498890414046,0.0003191373404256043,0.0022902075094317453,0.001471975767785717,0.001881091638608731,0.0017502244156773206,0.011214129586072041,0.006821884444125926,0.009018007015098984,0.19670786014190406,0.2096464543393477,0.20317715724062588,0.2096464543393477,0.18684237954892807,-3136,5408,5408,32.33972930908203,290.0,800.0,1900.9280999992916,-784,1352,0.00322723388671875,0.00171661376953125,0.0015106201171875,846,450,396,262144,False,False
3,3,centered_grid,0.017846594018806165,0.03355505880844636,99.99,3,0.003271995947868966,0.026175967582951726,0.0003962596919470681,0.00024201498890414046,0.0003191373404256043,0.0022902075094317453,0.001471975767785717,0.001881091638608731,0.0017502244156773206,0.011214129586072041,0.006821884444125926,0.009018007015098984,0.10665601276448716,0.11108918706778104,0.1088725999161341,0.11108918706778104,0.0940914412438848,-3136,5408,5408,32.33972930908203,290.0,800.0,1900.9280999992916,-392,676,0.000469207763671875,0.000263214111328125,0.00020599365234375,123,69,54,262144,False,False
3,3,centered_grid,0.017846594018806165,0.03355505880844636,99.99,4,0.003271995947868966,0.05235193516590345,0.0003962596919470681,0.00024201498890414046,0.0003191373404256043,0.0022902075094317453,0.001471975767785717,0.001881091638608731,0.0017502244156773206,0.011214129586072041,0.006821884444125926,0.009018007015098984,0.045877629634433634,0.050440507213970254,0.048159068424201944,0.050440507213970254,0.0375242348442496,-3136,5408,5408,32.33972930908203,290.0,800.0,1900.9280999992916,-196,338,7.62939453125e-05,5.7220458984375e-05,1.9073486328125e-05,20,15,5,262144,False,False
3,3,centered_grid,0.017846594018806165,0.03355505880844636,99.99,5,0.003271995947868966,0.1047038703318069,0.0003962596919470681,0.00024201498890414046,0.0003191373404256043,0.0022902075094317453,0.001471975767785717,0.001881091638608731,0.0017502244156773206,0.011214129586072041,0.006821884444125926,0.009018007015098984,0.027327114889091588,0.024229883023307256,0.025778498956199422,0.027327114889091588,0.01732126675691082,-3136,5408,5408,32.33972930908203,290.0,800.0,1900.9280999992916,-98,169,1.1444091796875e-05,1.1444091796875e-05,0.0,3,3,0,262144,True,False
3,3,centered_grid,0.017846594018806165,0.03355505880844636,99.99,6,0.003271995947868966,0.2094077406636138,0.0003962596919470681,0.00024201498890414046,0.0003191373404256043,0.0022902075094317453,0.001471975767785717,0.001881091638608731,0.0017502244156773206,0.011214129586072041,0.006821884444125926,0.009018007015098984,0.0634620038419079,0.05517187836512177,0.059316941103514834,0.0634620038419079,0.05168280565972043,-3136,5408,5408,32.33972930908203,290.0,800.0,1900.9280999992916,-49,84,0.0,0.0,0.0,0,0,0,262144,False,False
3,3,centered_grid,0.017846594018806165,0.03355505880844636,99.99,7,0.003271995947868966,0.4188154813272276,0.0003962596919470681,0.00024201498890414046,0.0003191373404256043,0.0022902075094317453,0.001471975767785717,0.001881091638608731,0.0017502244156773206,0.011214129586072041,0.006821884444125926,0.009018007015098984,0.14631131949100598,0.1351539887384667,0.14073265411473634,0.14631131949100598,0.1361521399068658,-3136,5408,5408,32.33972930908203,290.0,800.0,1900.9280999992916,-24,42,0.0,0.0,0.0,0,0,0,262144,False,False
3,4,centered_grid,0.01946184877924566,0.03352720373092001,99.99,0,0.0032692797642582,0.0032692797642582,0.00040010262805134785,0.00024538350324835505,0.00032274306564985145,0.002300889105758418,0.0014739013362041608,0.0018873952209812893,0.0017502244156773206,0.011239688231132652,0.006849831355465716,0.009044759793299184,0.5047188454236418,0.5240136448743915,0.5143662451490166,0.5240136448743915,0.4993448881436876,-3168,5356,5356,32.411556243896484,290.0,800.0,1892.4277999988408,-3168,5356,0.0290374755859375,0.014797210693359375,0.014240264892578125,7612,3879,3733,262144,False,False
3,4,centered_grid,0.01946184877924566,0.03352720373092001,99.99,1,0.0032692797642582,0.0065385595285164,0.00040010262805134785,0.00024538350324835505,0.00032274306564985145,0.002300889105758418,0.0014739013362041608,0.0018873952209812893,0.0017502244156773206,0.011239688231132652,0.006849831355465716,0.009044759793299184,0.34077721415035844,0.36059756073977767,0.35068738744506806,0.36059756073977767,0.33375996124412877,-3168,5356,5356,32.411556243896484,290.0,800.0,1892.4277999988408,-1584,2678,0.01210784912109375,0.006168365478515625,0.005939483642578125,3174,1617,1557,262144,False,False
3,4,centered_grid,0.01946184877924566,0.03352720373092001,99.99,2,0.0032692797642582,0.0130771190570328,0.00040010262805134785,0.00024538350324835505,0.00032274306564985145,0.002300889105758418,0.0014739013362041608,0.0018873952209812893,0.0017502244156773206,0.011239688231132652,0.006849831355465716,0.009044759793299184,0.1968395609731686,0.20981431630623543,0.20332693863970203,0.20981431630623543,0.18657741837249756,-3168,5356,5356,32.411556243896484,290.0,800.0,1892.4277999988408,-792,1339,0.003223419189453125,0.001712799072265625,0.0015106201171875,845,449,396,262144,False,False
3,4,centered_grid,0.01946184877924566,0.03352720373092001,99.99,3,0.0032692797642582,0.0261542381140656,0.00040010262805134785,0.00024538350324835505,0.00032274306564985145,0.002300889105758418,0.0014739013362041608,0.0018873952209812893,0.0017502244156773206,0.011239688231132652,0.006849831355465716,0.009044759793299184,0.10673597238740662,0.11119671126517815,0.10896634182629239,0.11119671126517815,0.09375803026308757,-3168,5356,5356,32.411556243896484,290.0,800.0,1892.4277999988408,-396,670,0.000469207763671875,0.000263214111328125,0.00020599365234375,123,69,54,262144,False,False
3,4,centered_grid,0.01946184877924566,0.03352720373092001,99.99,4,0.0032692797642582,0.0523084762281312,0.00040010262805134785,0.00024538350324835505,0.00032274306564985145,0.002300889105758418,0.0014739013362041608,0.0018873952209812893,0.0017502244156773206,0.011239688231132652,0.006849831355465716,0.009044759793299184,0.04594732264016276,0.05050426426452319,0.04822579345234297,0.05050426426452319,0.03726711142931685,-3168,5356,5356,32.411556243896484,290.0,800.0,1892.4277999988408,-198,335,8.0108642578125e-05,6.103515625e-05,1.9073486328125e-05,21,16,5,262144,False,False
3,4,centered_grid,0.01946184877924566,0.03352720373092001,99.99,5,0.0032692797642582,0.1046169524562624,0.00040010262805134785,0.00024538350324835505,0.00032274306564985145,0.002300889105758418,0.0014739013362041608,0.0018873952209812893,0.0017502244156773206,0.011239688231132652,0.006849831355465716,0.009044759793299184,0.027345842985301298,0.024269551029616372,0.025807697007458837,0.027345842985301298,0.017202077964842893,-3168,5356,5356,32.411556243896484,290.0,800.0,1892.4277999988408,-99,167,1.1444091796875e-05,1.1444091796875e-05,0.0,3,3,0,262144,True,False
3,4,centered_grid,0.01946184877924566,0.03352720373092001,99.99,6,0.0032692797642582,0.2092339049125248,0.00040010262805134785,0.00024538350324835505,0.00032274306564985145,0.002300889105758418,0.0014739013362041608,0.0018873952209812893,0.0017502244156773206,0.011239688231132652,0.006849831355465716,0.009044759793299184,0.06341879806504182,0.05516984277040661,0.059294320417724214,0.06341879806504182,0.051671096636622775,-3168,5356,5356,32.411556243896484,290.0,800.0,1892.4277999988408,-50,84,0.0,0.0,0.0,0,0,0,262144,False,False
3,4,centered_grid,0.01946184877924566,0.03352720373092001,99.99,7,0.0032692797642582,0.4184678098250496,0.00040010262805134785,0.00024538350324835505,0.00032274306564985145,0.002300889105758418,0.0014739013362041608,0.0018873952209812893,0.0017502244156773206,0.011239688231132652,0.006849831355465716,0.009044759793299184,0.14624252851797187,0.13516846753521294,0.1407054980265924,0.14624252851797187,0.13623407367502843,-3168,5356,5356,32.411556243896484,290.0,800.0,1892.4277999988408,-25,42,0.0,0.0,0.0,0,0,0,262144,False,False
4,-4,centered_grid,0.0059802203781435725,0.02403822879932177,100.0,0,0.002409946622166359,0.002409946622166359,0.00118482633798511,0.0008374050684410954,0.0010111157032131027,0.0014595860160981908,0.0024667409779793245,0.0019631634970387578,0.002475694444472252,0.0035665404848293373,0.01119299258339973,0.007379766534114533,0.5364231248302376,0.5244312708936324,0.530427197861935,0.5364231248302376,0.5149468306246427,-6096,7239,7239,36.74910354614258,308.0,901.7140000000363,2009.999599999399,-6096,7239,0.0341644287109375,0.017353057861328125,0.016811370849609375,8956,4549,4407,262144,False,False
4,-4,centered_grid,0.0059802203781435725,0.02403822879932177,100.0,1,0.002409946622166359,0.004819893244332718,0.00118482633798511,0.0008374050684410954,0.0010111157032131027,0.0014595860160981908,0.0024667409779793245,0.0019631634970387578,0.002475694444472252,0.0035665404848293373,0.01119299258339973,0.007379766534114533,0.3737316375543732,0.378343699137116,0.3760376683457446,0.378343699137116,0.3572039101456662,-6096,7239,7239,36.74910354614258,308.0,901.7140000000363,2009.999599999399,-3048,3620,0.0129547119140625,0.00666046142578125,0.00629425048828125,3396,1746,1650,262144,False,False
4,-4,centered_grid,0.0059802203781435725,0.02403822879932177,100.0,2,0.002409946622166359,0.009639786488665435,0.00118482633798511,0.0008374050684410954,0.0010111157032131027,0.0014595860160981908,0.0024667409779793245,0.0019631634970387578,0.002475694444472252,0.0035665404848293373,0.01119299258339973,0.007379766534114533,0.21050172817813007,0.24060662422418697,0.22555417620115853,0.24060662422418697,0.20472753658133647,-6096,7239,7239,36.74910354614258,308.0,901.7140000000363,2009.999599999399,-1524,1810,0.00406646728515625,0.00209808349609375,0.0019683837890625,1066,550,516,262144,False,False
4,-4,centered_grid,0.0059802203781435725,0.02403822879932177,100.0,3,0.002409946622166359,0.01927957297733087,0.00118482633798511,0.0008374050684410954,0.0010111157032131027,0.0014595860160981908,0.0024667409779793245,0.0019631634970387578,0.002475694444472252,0.0035665404848293373,0.01119299258339973,0.007379766534114533,0.09686581573802462,0.1349125611811063,0.11588918845956547,0.1349125611811063,0.09597646685891674,-6096,7239,7239,36.74910354614258,308.0,901.7140000000363,2009.999599999399,-762,905,0.000732421875,0.000362396240234375,0.000370025634765625,192,95,97,262144,False,False
4,-4,centered_grid,0.0059802203781435725,0.02403822879932177,100.0,4,0.002409946622166359,0.03855914595466174,0.00118482633798511,0.0008374050684410954,0.0010111157032131027,0.0014595860160981908,0.0024667409779793245,0.0019631634970387578,0.002475694444472252,0.0035665404848293373,0.01119299258339973,0.007379766534114533,0.041392216162846204,0.06995455388330335,0.05567338502307478,0.06995455388330335,0.03823592249347544,-6096,7239,7239,36.74910354614258,308.0,901.7140000000363,2009.999599999399,-381,452,9.5367431640625e-05,4.9591064453125e-05,4.57763671875e-05,25,13,12,262144,False,False
4,-4,centered_grid,0.0059802203781435725,0.02403822879932177,100.0,5,0.002409946622166359,0.07711829190932348,0.00118482633798511,0.0008374050684410954,0.0010111157032131027,0.0014595860160981908,0.0024667409779793245,0.0019631634970387578,0.002475694444472252,0.0035665404848293373,0.01119299258339973,0.007379766534114533,0.023819146879350037,0.03914195444916028,0.03148055066425516,0.03914195444916028,0.01907012759303641,-6096,7239,7239,36.74910354614258,308.0,901.7140000000363,2009.999599999399,-190,226,1.1444091796875e-05,3.814697265625e-06,7.62939453125e-06,3,1,2,262144,True,False
4,-4,centered_grid,0.0059802203781435725,0.02403822879932177,100.0,6,0.002409946622166359,0.15423658381864697,0.00118482633798511,0.0008374050684410954,0.0010111157032131027,0.0014595860160981908,0.0024667409779793245,0.0019631634970387578,0.002475694444472252,0.0035665404848293373,0.01119299258339973,0.007379766534114533,0.04076395581427916,0.05775614768639226,0.04926005175033571,0.05775614768639226,0.043107847576027716,-6096,7239,7239,36.74910354614258,308.0,901.7140000000363,2009.999599999399,-95,113,0.0,0.0,0.0,0,0,0,262144,False,False
4,-4,centered_grid,0.0059802203781435725,0.02403822879932177,100.0,7,0.002409946622166359,0.30847316763729393,0.00118482633798511,0.0008374050684410954,0.0010111157032131027,0.0014595860160981908,0.0024667409779793245,0.0019631634970387578,0.002475694444472252,0.0035665404848293373,0.01119299258339973,0.007379766534114533,0.11225429019758006,0.14335715779344194,0.127805723995511,0.14335715779344194,0.1248769542677427,-6096,7239,7239,36.74910354614258,308.0,901.7140000000363,2009.999599999399,-48,57,0.0,0.0,0.0,0,0,0,262144,False,False
4,-3,centered_grid,0.006521476565407916,0.02623078539474557,100.0,0,0.002629760835815879,0.002629760835815879,0.0006205725440624783,0.0004430656105317933,0.0005318190772971358,0.001185637964951222,0.0020717889188181797,0.0016287134418847009,0.002475694444472252,0.0035445654322910384,0.008100207353246007,0.005822386392768523,0.5175562384889002,0.5070271133085674,0.5122916758987338,0.5175562384889002,0.5039947239221869,-6096,6726,6726,33.21202087402344,282.0,836.0,1853.4998999998497,-6096,6726,0.029552459716796875,0.01506805419921875,0.014484405517578125,7747,3950,3797,262144,False,False
4,-3,centered_grid,0.006521476565407916,0.02623078539474557,100.0,1,0.002629760835815879,0.005259521671631758,0.0006205725440624783,0.0004430656105317933,0.0005318190772971358,0.001185637964951222,0.0020717889188181797,0.0016287134418847009,0.002475694444472252,0.0035445654322910384,0.008100207353246007,0.005822386392768523,0.3524160697374489,0.36005483128192356,0.3562354505096862,0.36005483128192356,0.3442196713684183,-6096,6726,6726,33.21202087402344,282.0,836.0,1853.4998999998497,-3048,3363,0.011470794677734375,0.005893707275390625,0.00557708740234375,3007,1545,1462,262144,False,False
4,-3,centered_grid,0.006521476565407916,0.02623078539474557,100.0,2,0.002629760835815879,0.010519043343263515,0.0006205725440624783,0.0004430656105317933,0.0005318190772971358,0.001185637964951222,0.0020717889188181797,0.0016287134418847009,0.002475694444472252,0.0035445654322910384,0.008100207353246007,0.005822386392768523,0.1930532656502665,0.22566595059371633,0.20935960812199142,0.22566595059371633,0.1945794218734339,-6096,6726,6726,33.21202087402344,282.0,836.0,1853.4998999998497,-1524,1682,0.003353118896484375,0.0016937255859375,0.001659393310546875,879,444,435,262144,False,False
4,-3,centered_grid,0.006521476565407916,0.02623078539474557,100.0,3,0.002629760835815879,0.02103808668652703,0.0006205725440624783,0.0004430656105317933,0.0005318190772971358,0.001185637964951222,0.0020717889188181797,0.0016287134418847009,0.002475694444472252,0.0035445654322910384,0.008100207353246007,0.005822386392768523,0.08710500635391219,0.12419836797214001,0.1056516871630261,0.12419836797214001,0.09079712192962011,-6096,6726,6726,33.21202087402344,282.0,836.0,1853.4998999998497,-762,841,0.000614166259765625,0.000293731689453125,0.0003204345703125,161,77,84,262144,False,False
4,-3,centered_grid,0.006521476565407916,0.02623078539474557,100.0,4,0.002629760835815879,0.04207617337305406,0.0006205725440624783,0.0004430656105317933,0.0005318190772971358,0.001185637964951222,0.0020717889188181797,0.0016287134418847009,0.002475694444472252,0.0035445654322910384,0.008100207353246007,0.005822386392768523,0.037266174167708346,0.06414920286902633,0.050707688518367336,0.06414920286902633,0.037367513144366066,-6096,6726,6726,33.21202087402344,282.0,836.0,1853.4998999998497,-381,420,6.866455078125e-05,4.1961669921875e-05,2.6702880859375e-05,18,11,7,262144,False,False
4,-3,centered_grid,0.006521476565407916,0.02623078539474557,100.0,5,0.002629760835815879,0.08415234674610812,0.0006205725440624783,0.0004430656105317933,0.0005318190772971358,0.001185637964951222,0.0020717889188181797,0.0016287134418847009,0.002475694444472252,0.0035445654322910384,0.008100207353246007,0.005822386392768523,0.02337569316898155,0.037044248361384126,0.030209970765182836,0.037044248361384126,0.02083764919140987,-6096,6726,6726,33.21202087402344,282.0,836.0,1853.4998999998497,-190,210,7.62939453125e-06,3.814697265625e-06,3.814697265625e-06,2,1,1,262144,True,False
4,-3,centered_grid,0.006521476565407916,0.02623078539474557,100.0,6,0.002629760835815879,0.16830469349221625,0.0006205725440624783,0.0004430656105317933,0.0005318190772971358,0.001185637964951222,0.0020717889188181797,0.0016287134418847009,0.002475694444472252,0.0035445654322910384,0.008100207353246007,0.005822386392768523,0.04690933655058393,0.062809979717558,0.05485965813407097,0.062809979717558,0.05034525781261273,-6096,6726,6726,33.21202087402344,282.0,836.0,1853.4998999998497,-95,105,0.0,0.0,0.0,0,0,0,262144,False,False
4,-3,centered_grid,0.006521476565407916,0.02623078539474557,100.0,7,0.002629760835815879,0.3366093869844325,0.0006205725440624783,0.0004430656105317933,0.0005318190772971358,0.001185637964951222,0.0020717889188181797,0.0016287134418847009,0.002475694444472252,0.0035445654322910384,0.008100207353246007,0.005822386392768523,0.12462700813130803,0.1533063478008321,0.13896667796607007,0.1533063478008321,0.1357810808578811,-6096,6726,6726,33.21202087402344,282.0,836.0,1853.4998999998497,-48,53,0.0,0.0,0.0,0,0,0,262144,False,False
4,-2,centered_grid,0.007111720622972598,0.027810626438538717,99.99,0,0.0027881474049276803,0.0027881474049276803,0.000346614589229762,0.0002504651921266896,0.00029853989067822584,0.0008854536007098327,0.0015558217606533745,0.0012206376806816036,0.002475694444472252,0.0033669924247029504,0.006179298125029696,0.004773145274866324,0.5044341534050274,0.4949464433343674,0.49969029836969736,0.5044341534050274,0.48949300174705856,-6096,6327,6327,31.743793487548828,266.0,792.0,1757.8569999997853,-6096,6327,0.02761077880859375,0.014148712158203125,0.013462066650390625,7238,3709,3529,262144,False,False
4,-2,centered_grid,0.007111720622972598,0.027810626438538717,99.99,1,0.0027881474049276803,0.005576294809855361,0.000346614589229762,0.0002504651921266896,0.00029853989067822584,0.0008854536007098327,0.0015558217606533745,0.0012206376806816036,0.002475694444472252,0.0033669924247029504,0.006179298125029696,0.004773145274866324,0.33791540063134157,0.34766386201058586,0.34278963132096374,0.34766386201058586,0.33048628278250214,-6096,6327,6327,31.743793487548828,266.0,792.0,1757.8569999997853,-3048,3164,0.01064300537109375,0.005466461181640625,0.005176544189453125,2790,1433,1357,262144,False,False
4,-2,centered_grid,0.007111720622972598,0.027810626438538717,99.99,2,0.0027881474049276803,0.011152589619710721,0.000346614589229762,0.0002504651921266896,0.00029853989067822584,0.0008854536007098327,0.0015558217606533745,0.0012206376806816036,0.002475694444472252,0.0033669924247029504,0.006179298125029696,0.004773145274866324,0.18165314243748143,0.2156884691208176,0.19867080577914953,0.2156884691208176,0.18503670724099947,-6096,6327,6327,31.743793487548828,266.0,792.0,1757.8569999997853,-1524,1582,0.002941131591796875,0.001483917236328125,0.00145721435546875,771,389,382,262144,False,False
4,-2,centered_grid,0.007111720622972598,0.027810626438538717,99.99,3,0.0027881474049276803,0.022305179239421442,0.000346614589229762,0.0002504651921266896,0.00029853989067822584,0.0008854536007098327,0.0015558217606533745,0.0012206376806816036,0.002475694444472252,0.0033669924247029504,0.006179298125029696,0.004773145274866324,0.08087374139379193,0.11708229746519734,0.09897801942949463,0.11708229746519734,0.08604714003296086,-6096,6327,6327,31.743793487548828,266.0,792.0,1757.8569999997853,-762,791,0.000545501708984375,0.000263214111328125,0.00028228759765625,143,69,74,262144,False,False
4,-2,centered_grid,0.007111720622972598,0.027810626438538717,99.99,4,0.0027881474049276803,0.044610358478842885,0.000346614589229762,0.0002504651921266896,0.00029853989067822584,0.0008854536007098327,0.0015558217606533745,0.0012206376806816036,0.002475694444472252,0.0033669924247029504,0.006179298125029696,0.004773145274866324,0.03478348162263732,0.06035258145059213,0.04756803153661472,0.06035258145059213,0.03621539059290549,-6096,6327,6327,31.743793487548828,266.0,792.0,1757.8569999997853,-381,395,6.4849853515625e-05,3.814697265625e-05,2.6702880859375e-05,17,10,7,262144,False,False
4,-2,centered_grid,0.007111720622972598,0.027810626438538717,99.99,5,0.0027881474049276803,0.08922071695768577,0.000346614589229762,0.0002504651921266896,0.00029853989067822584,0.0008854536007098327,0.0015558217606533745,0.0012206376806816036,0.002475694444472252,0.0033669924247029504,0.006179298125029696,0.004773145274866324,0.023451663366017398,0.036191457844812445,0.029821560605414923,0.036191457844812445,0.021789042218230456,-6096,6327,6327,31.743793487548828,266.0,792.0,1757.8569999997853,-190,198,7.62939453125e-06,3.814697265625e-06,3.814697265625e-06,2,1,1,262144,True,True
4,-2,centered_grid,0.007111720622972598,0.027810626438538717,99.99,6,0.0027881474049276803,0.17844143391537154,0.000346614589229762,0.0002504651921266896,0.00029853989067822584,0.0008854536007098327,0.0015558217606533745,0.0012206376806816036,0.002475694444472252,0.0033669924247029504,0.006179298125029696,0.004773145274866324,0.05135885382716111,0.0665843366089585,0.05897159521805981,0.0665843366089585,0.05499855336868604,-6096,6327,6327,31.743793487548828,266.0,792.0,1757.8569999997853,-95,99,0.0,0.0,0.0,0,0,0,262144,False,False
4,-2,centered_grid,0.007111720622972598,0.027810626438538717,99.99,7,0.0027881474049276803,0.3568828678307431,0.000346614589229762,0.0002504651921266896,0.00029853989067822584,0.0008854536007098327,0.0015558217606533745,0.0012206376806816036,0.002475694444472252,0.0033669924247029504,0.006179298125029696,0.004773145274866324,0.13292259020307448,0.16031396426026556,0.14661827723167004,0.16031396426026556,0.1447763873531719,-6096,6327,6327,31.743793487548828,266.0,792.0,1757.8569999997853,-48,49,0.0,0.0,0.0,0,0,0,262144,False,False
4,-1,centered_grid,0.007755386331906602,0.027824410622162257,99.99,0,0.0027895293348127893,0.0027895293348127893,0.00022707781000325867,0.00016135276906382803,0.00019421528953354335,0.0008870380511724585,0.0015574172559826064,0.0012222276535775324,0.002475694444472252,0.0033665439473650155,0.006176222816933385,0.0047713833821492,0.504325315992566,0.49484654395509675,0.4995859299738314,0.504325315992566,0.4892524641584761,-6096,6327,6327,31.741348266601562,266.0,792.0,1757.8569999997853,-6096,6327,0.027591705322265625,0.014148712158203125,0.0134429931640625,7233,3709,3524,262144,False,False
4,-1,centered_grid,0.007755386331906602,0.027824410622162257,99.99,1,0.0027895293348127893,0.0055790586696255785,0.00022707781000325867,0.00016135276906382803,0.00019421528953354335,0.0008870380511724585,0.0015574172559826064,0.0012222276535775324,0.002475694444472252,0.0033665439473650155,0.006176222816933385,0.0047713833821492,0.33779668124826834,0.3475661404333442,0.3426814108408063,0.3475661404333442,0.33029246318742767,-6096,6327,6327,31.741348266601562,266.0,792.0,1757.8569999997853,-3048,3164,0.0106048583984375,0.005466461181640625,0.005138397216796875,2780,1433,1347,262144,False,False
4,-1,centered_grid,0.007755386331906602,0.027824410622162257,99.99,2,0.0027895293348127893,0.011158117339251157,0.00022707781000325867,0.00016135276906382803,0.00019421528953354335,0.0008870380511724585,0.0015574172559826064,0.0012222276535775324,0.002475694444472252,0.0033665439473650155,0.006176222816933385,0.0047713833821492,0.18156106604707561,0.21561431819807575,0.19858769212257568,0.21561431819807575,0.1849810986678832,-6096,6327,6327,31.741348266601562,266.0,792.0,1757.8569999997853,-1524,1582,0.00292205810546875,0.001483917236328125,0.001438140869140625,766,389,377,262144,False,False
4,-1,centered_grid,0.007755386331906602,0.027824410622162257,99.99,3,0.0027895293348127893,0.022316234678502314,0.00022707781000325867,0.00016135276906382803,0.00019421528953354335,0.0008870380511724585,0.0015574172559826064,0.0012222276535775324,0.002475694444472252,0.0033665439473650155,0.006176222816933385,0.0047713833821492,0.08083211455804991,0.11702191930952446,0.09892701693378719,0.11702191930952446,0.08605329252796477,-6096,6327,6327,31.741348266601562,266.0,792.0,1757.8569999997853,-762,791,0.00054168701171875,0.000263214111328125,0.000278472900390625,142,69,73,262144,False,False
4,-1,centered_grid,0.007755386331906602,0.027824410622162257,99.99,4,0.0027895293348127893,0.04463246935700463,0.00022707781000325867,0.00016135276906382803,0.00019421528953354335,0.0008870380511724585,0.0015574172559826064,0.0012222276535775324,0.002475694444472252,0.0033665439473650155,0.006176222816933385,0.0047713833821492,0.034758250561473004,0.060336292579280935,0.04754727157037697,0.060336292579280935,0.036229118284822115,-6096,6327,6327,31.741348266601562,266.0,792.0,1757.8569999997853,-381,395,6.4849853515625e-05,3.814697265625e-05,2.6702880859375e-05,17,10,7,262144,False,False
4,-1,centered_grid,0.007755386331906602,0.027824410622162257,99.99,5,0.0027895293348127893,0.08926493871400926,0.00022707781000325867,0.00016135276906382803,0.00019421528953354335,0.0008870380511724585,0.0015574172559826064,0.0012222276535775324,0.002475694444472252,0.0033665439473650155,0.006176222816933385,0.0047713833821492,0.023437933974422818,0.03622119147999089,0.029829562727206854,0.03622119147999089,0.021804712683176505,-6096,6327,6327,31.741348266601562,266.0,792.0,1757.8569999997853,-190,198,7.62939453125e-06,3.814697265625e-06,3.814697265625e-06,2,1,1,262144,True,False
4,-1,centered_grid,0.007755386331906602,0.027824410622162257,99.99,6,0.0027895293348127893,0.1785298774280185,0.00022707781000325867,0.00016135276906382803,0.00019421528953354335,0.0008870380511724585,0.0015574172559826064,0.0012222276535775324,0.002475694444472252,0.0033665439473650155,0.006176222816933385,0.0047713833821492,0.05141681926280372,0.06659877031555723,0.05900779478918047,0.06659877031555723,0.05501089436309454,-6096,6327,6327,31.741348266601562,266.0,792.0,1757.8569999997853,-95,99,0.0,0.0,0.0,0,0,0,262144,False,False
4,-1,centered_grid,0.007755386331906602,0.027824410622162257,99.99,7,0.0027895293348127893,0.357059754856037,0.00022707781000325867,0.00016135276906382803,0.00019421528953354335,0.0008870380511724585,0.0015574172559826064,0.0012222276535775324,0.002475694444472252,0.0033665439473650155,0.006176222816933385,0.0047713833821492,0.132971078005097,0.16038440281853697,0.14667774041181697,0.16038440281853697,0.1447503162954446,-6096,6327,6327,31.741348266601562,266.0,792.0,1757.8569999997853,-48,49,0.0,0.0,0.0,0,0,0,262144,False,False
4,0,centered_grid,0.008457308764750598,0.03402890549652569,100.0,0,0.003411559418208223,0.003411559418208223,0.00018430163178712196,0.00012465487090495975,0.00015447825134604087,0.001080961908633694,0.0012650293312072237,0.0011729956199204587,0.002475694444472252,0.0035932465894392414,0.003826135385787983,0.0037096909876136123,0.45820577809652757,0.4530769468684004,0.455641362482464,0.45820577809652757,0.4514008617315859,-6000,5187,6000,26.07177734375,219.0,648.0,1447.8569999997853,-6000,5187,0.020954132080078125,0.01078033447265625,0.010173797607421875,5493,2826,2667,262144,False,False
4,0,centered_grid,0.008457308764750598,0.03402890549652569,100.0,1,0.003411559418208223,0.006823118836416446,0.00018430163178712196,0.00012465487090495975,0.00015447825134604087,0.001080961908633694,0.0012650293312072237,0.0011729956199204587,0.002475694444472252,0.0035932465894392414,0.003826135385787983,0.0037096909876136123,0.28920126079537095,0.30677846476741827,0.2979898627813946,0.30677846476741827,0.2939389609299804,-6000,5187,6000,26.07177734375,219.0,648.0,1447.8569999997853,-3000,2594,0.007656097412109375,0.00397491455078125,0.003681182861328125,2007,1042,965,262144,False,False
4,0,centered_grid,0.008457308764750598,0.03402890549652569,100.0,2,0.003411559418208223,0.013646237672832892,0.00018430163178712196,0.00012465487090495975,0.00015447825134604087,0.001080961908633694,0.0012650293312072237,0.0011729956199204587,0.002475694444472252,0.0035932465894392414,0.003826135385787983,0.0037096909876136123,0.1461139216703906,0.18381781497883862,0.16496586832461463,0.18381781497883862,0.16121517819223052,-6000,5187,6000,26.07177734375,219.0,648.0,1447.8569999997853,-1500,1297,0.00180816650390625,0.000926971435546875,0.000881195068359375,474,243,231,262144,False,False
4,0,centered_grid,0.008457308764750598,0.03402890549652569,100.0,3,0.003411559418208223,0.027292475345665784,0.00018430163178712196,0.00012465487090495975,0.00015447825134604087,0.001080961908633694,0.0012650293312072237,0.0011729956199204587,0.002475694444472252,0.0035932465894392414,0.003826135385787983,0.0037096909876136123,0.06307622842975391,0.09589997090053975,0.07948809966514683,0.09589997090053975,0.07651125413288094,-6000,5187,6000,26.07177734375,219.0,648.0,1447.8569999997853,-750,648,0.000335693359375,0.00016021728515625,0.00017547607421875,88,42,46,262144,False,False
4,0,centered_grid,0.008457308764750598,0.03402890549652569,100.0,4,0.003411559418208223,0.05458495069133157,0.00018430163178712196,0.00012465487090495975,0.00015447825134604087,0.001080961908633694,0.0012650293312072237,0.0011729956199204587,0.002475694444472252,0.0035932465894392414,0.003826135385787983,0.0037096909876136123,0.028581442444796767,0.04932324725422006,0.038952344849508415,0.04932324725422006,0.03596981440064782,-6000,5187,6000,26.07177734375,219.0,648.0,1447.8569999997853,-375,324,4.1961669921875e-05,2.6702880859375e-05,1.52587890625e-05,11,7,4,262144,False,False
4,0,centered_grid,0.008457308764750598,0.03402890549652569,100.0,5,0.003411559418208223,0.10916990138266314,0.00018430163178712196,0.00012465487090495975,0.00015447825134604087,0.001080961908633694,0.0012650293312072237,0.0011729956199204587,0.002475694444472252,0.0035932465894392414,0.003826135385787983,0.0037096909876136123,0.025798150896711988,0.03605634922525251,0.03092725006098225,0.03605634922525251,0.02750736866190477,-6000,5187,6000,26.07177734375,219.0,648.0,1447.8569999997853,-188,162,7.62939453125e-06,3.814697265625e-06,3.814697265625e-06,2,1,1,262144,True,False
4,0,centered_grid,0.008457308764750598,0.03402890549652569,100.0,6,0.003411559418208223,0.21833980276532627,0.00018430163178712196,0.00012465487090495975,0.00015447825134604087,0.001080961908633694,0.0012650293312072237,0.0011729956199204587,0.002475694444472252,0.0035932465894392414,0.003826135385787983,0.0037096909876136123,0.07030506381046012,0.08789740132759384,0.07910123256902699,0.08789740132759384,0.07498718913253499,-6000,5187,6000,26.07177734375,219.0,648.0,1447.8569999997853,-94,81,0.0,0.0,0.0,0,0,0,262144,False,False
4,0,centered_grid,0.008457308764750598,0.03402890549652569,100.0,7,0.003411559418208223,0.43667960553065255,0.00018430163178712196,0.00012465487090495975,0.00015447825134604087,0.001080961908633694,0.0012650293312072237,0.0011729956199204587,0.002475694444472252,0.0035932465894392414,0.003826135385787983,0.0037096909876136123,0.16192632236062734,0.18797308676556618,0.17494970456309678,0.18797308676556618,0.17237373781801238,-6000,5187,6000,26.07177734375,219.0,648.0,1447.8569999997853,-47,41,0.0,0.0,0.0,0,0,0,262144,False,False
4,1,centered_grid,0.009222760605498186,0.027804037851905532,99.99,0,0.0027874868678209722,0.0027874868678209722,0.00017233037602225614,0.00011391993819615236,0.00014312515710920425,0.0008920656032872629,0.0015633990909150275,0.0012277323471011452,0.002475694444472252,0.0033705065113934698,0.0061866073181911785,0.004778556914792324,0.5044886434961461,0.4949958839901847,0.4997422637431654,0.5044886434961461,0.4894475307425895,-6096,6327,6327,31.743297576904297,266.0,792.0,1757.8569999997853,-6096,6327,0.02765655517578125,0.01416778564453125,0.01348876953125,7250,3714,3536,262144,False,False
4,1,centered_grid,0.009222760605498186,0.027804037851905532,99.99,1,0.0027874868678209722,0.0055749737356419445,0.00017233037602225614,0.00011391993819615236,0.00014312515710920425,0.0008920656032872629,0.0015633990909150275,0.0012277323471011452,0.002475694444472252,0.0033705065113934698,0.0061866073181911785,0.004778556914792324,0.33797677576809604,0.34771442372076405,0.3428455997444301,0.34771442372076405,0.330402599809534,-6096,6327,6327,31.743297576904297,266.0,792.0,1757.8569999997853,-3048,3164,0.01065826416015625,0.0054779052734375,0.00518035888671875,2794,1436,1358,262144,False,False
4,1,centered_grid,0.009222760605498186,0.027804037851905532,99.99,2,0.0027874868678209722,0.011149947471283889,0.00017233037602225614,0.00011391993819615236,0.00014312515710920425,0.0008920656032872629,0.0015633990909150275,0.0012277323471011452,0.002475694444472252,0.0033705065113934698,0.0061866073181911785,0.004778556914792324,0.18170256070721477,0.21573592854280105,0.1987192446250079,0.21573592854280105,0.18495625064739543,-6096,6327,6327,31.743297576904297,266.0,792.0,1757.8569999997853,-1524,1582,0.00293731689453125,0.00148773193359375,0.0014495849609375,770,390,380,262144,False,False
4,1,centered_grid,0.009222760605498186,0.027804037851905532,99.99,3,0.0027874868678209722,0.022299894942567778,0.00017233037602225614,0.00011391993819615236,0.00014312515710920425,0.0008920656032872629,0.0015633990909150275,0.0012277323471011452,0.002475694444472252,0.0033705065113934698,0.0061866073181911785,0.004778556914792324,0.0809044825698899,0.11711114331192846,0.09900781294090918,0.11711114331192846,0.08595602255563396,-6096,6327,6327,31.743297576904297,266.0,792.0,1757.8569999997853,-762,791,0.00054931640625,0.00026702880859375,0.00028228759765625,144,70,74,262144,False,False
4,1,centered_grid,0.009222760605498186,0.027804037851905532,99.99,4,0.0027874868678209722,0.044599789885135556,0.00017233037602225614,0.00011391993819615236,0.00014312515710920425,0.0008920656032872629,0.0015633990909150275,0.0012277323471011452,0.002475694444472252,0.0033705065113934698,0.0061866073181911785,0.004778556914792324,0.034789988265601035,0.060366564056208716,0.047578276160904875,0.060366564056208716,0.036163261480349096,-6096,6327,6327,31.743297576904297,266.0,792.0,1757.8569999997853,-381,395,6.4849853515625e-05,3.814697265625e-05,2.6702880859375e-05,17,10,7,262144,False,False
4,1,centered_grid,0.009222760605498186,0.027804037851905532,99.99,5,0.0027874868678209722,0.08919957977027111,0.00017233037602225614,0.00011391993819615236,0.00014312515710920425,0.0008920656032872629,0.0015633990909150275,0.0012277323471011452,0.002475694444472252,0.0033705065113934698,0.0061866073181911785,0.004778556914792324,0.02345687660037957,0.036200407406691226,0.029828642003535397,0.036200407406691226,0.021798267193901072,-6096,6327,6327,31.743297576904297,266.0,792.0,1757.8569999997853,-190,198,7.62939453125e-06,3.814697265625e-06,3.814697265625e-06,2,1,1,262144,True,False
4,1,centered_grid,0.009222760605498186,0.027804037851905532,99.99,6,0.0027874868678209722,0.17839915954054222,0.00017233037602225614,0.00011391993819615236,0.00014312515710920425,0.0008920656032872629,0.0015633990909150275,0.0012277323471011452,0.002475694444472252,0.0033705065113934698,0.0061866073181911785,0.004778556914792324,0.05135403325736137,0.06657968672416652,0.05896685999076394,0.06657968672416652,0.05499413744074235,-6096,6327,6327,31.743297576904297,266.0,792.0,1757.8569999997853,-95,99,0.0,0.0,0.0,0,0,0,262144,False,False
4,1,centered_grid,0.009222760605498186,0.027804037851905532,99.99,7,0.0027874868678209722,0.35679831908108445,0.00017233037602225614,0.00011391993819615236,0.00014312515710920425,0.0008920656032872629,0.0015633990909150275,0.0012277323471011452,0.002475694444472252,0.0033705065113934698,0.0061866073181911785,0.004778556914792324,0.13283559962273142,0.1602005454429488,0.1465180725328401,0.1602005454429488,0.14465575585358534,-6096,6327,6327,31.743297576904297,266.0,792.0,1757.8569999997853,-48,49,0.0,0.0,0.0,0,0,0,262144,False,False
4,2,centered_grid,0.010057491756816285,0.027803708603889,99.99,0,0.0027874538591433394,0.0027874538591433394,0.0001709358138103459,0.00011385531759897692,0.0001423955657046614,0.0008843168579507901,0.0015620278795853567,0.0012231723687680734,0.002475694444472252,0.003376063310411579,0.006199768916745963,0.004787916113578771,0.5044939574835178,0.4949995217928949,0.49974673963820637,0.5044939574835178,0.48930255673387335,-6096,6327,6327,31.79726791381836,266.0,792.0,1757.8569999997853,-6096,6327,0.027614593505859375,0.014148712158203125,0.01346588134765625,7239,3709,3530,262144,False,False
4,2,centered_grid,0.010057491756816285,0.027803708603889,99.99,1,0.0027874538591433394,0.005574907718286679,0.0001709358138103459,0.00011385531759897692,0.0001423955657046614,0.0008843168579507901,0.0015620278795853567,0.0012231723687680734,0.002475694444472252,0.003376063310411579,0.006199768916745963,0.004787916113578771,0.33798140222842044,0.34772198716410546,0.342851694696263,0.34772198716410546,0.3304398227643873,-6096,6327,6327,31.79726791381836,266.0,792.0,1757.8569999997853,-3048,3164,0.01068115234375,0.00550079345703125,0.00518035888671875,2800,1442,1358,262144,False,False
4,2,centered_grid,0.010057491756816285,0.027803708603889,99.99,2,0.0027874538591433394,0.011149815436573358,0.0001709358138103459,0.00011385531759897692,0.0001423955657046614,0.0008843168579507901,0.0015620278795853567,0.0012231723687680734,0.002475694444472252,0.003376063310411579,0.006199768916745963,0.004787916113578771,0.18170749237911765,0.2157363498186689,0.19872192109889328,0.2157363498186689,0.18510240564713012,-6096,6327,6327,31.79726791381836,266.0,792.0,1757.8569999997853,-1524,1582,0.002941131591796875,0.00148773193359375,0.001453399658203125,771,390,381,262144,False,False
4,2,centered_grid,0.010057491756816285,0.027803708603889,99.99,3,0.0027874538591433394,0.022299630873146715,0.0001709358138103459,0.00011385531759897692,0.0001423955657046614,0.0008843168579507901,0.0015620278795853567,0.0012231723687680734,0.002475694444472252,0.003376063310411579,0.006199768916745963,0.004787916113578771,0.08091104584968783,0.11710992029223116,0.0990104830709595,0.11710992029223116,0.08611763754963628,-6096,6327,6327,31.79726791381836,266.0,792.0,1757.8569999997853,-762,791,0.000545501708984375,0.000263214111328125,0.00028228759765625,143,69,74,262144,False,False
4,2,centered_grid,0.010057491756816285,0.027803708603889,99.99,4,0.0027874538591433394,0.04459926174629343,0.0001709358138103459,0.00011385531759897692,0.0001423955657046614,0.0008843168579507901,0.0015620278795853567,0.0012231723687680734,0.002475694444472252,0.003376063310411579,0.006199768916745963,0.004787916113578771,0.03479866482198352,0.06036557864566432,0.04758212173382392,0.06036557864566432,0.0362320027315116,-6096,6327,6327,31.79726791381836,266.0,792.0,1757.8569999997853,-381,395,6.4849853515625e-05,3.814697265625e-05,2.6702880859375e-05,17,10,7,262144,False,False
4,2,centered_grid,0.010057491756816285,0.027803708603889,99.99,5,0.0027874538591433394,0.08919852349258686,0.0001709358138103459,0.00011385531759897692,0.0001423955657046614,0.0008843168579507901,0.0015620278795853567,0.0012231723687680734,0.002475694444472252,0.003376063310411579,0.006199768916745963,0.004787916113578771,0.023449937057275275,0.03621197849642345,0.02983095777684936,0.03621197849642345,0.021804215534471788,-6096,6327,6327,31.79726791381836,266.0,792.0,1757.8569999997853,-190,198,7.62939453125e-06,3.814697265625e-06,3.814697265625e-06,2,1,1,262144,True,False
4,2,centered_grid,0.010057491756816285,0.027803708603889,99.99,6,0.0027874538591433394,0.17839704698517372,0.0001709358138103459,0.00011385531759897692,0.0001423955657046614,0.0008843168579507901,0.0015620278795853567,0.0012231723687680734,0.002475694444472252,0.003376063310411579,0.006199768916745963,0.004787916113578771,0.05131689546358177,0.06657247133231341,0.05894468339794759,0.06657247133231341,0.055078018062378824,-6096,6327,6327,31.79726791381836,266.0,792.0,1757.8569999997853,-95,99,0.0,0.0,0.0,0,0,0,262144,False,False
4,2,centered_grid,0.010057491756816285,0.027803708603889,99.99,7,0.0027874538591433394,0.35679409397034745,0.0001709358138103459,0.00011385531759897692,0.0001423955657046614,0.0008843168579507901,0.0015620278795853567,0.0012231723687680734,0.002475694444472252,0.003376063310411579,0.006199768916745963,0.004787916113578771,0.13287883009458715,0.16026039790311758,0.14656961399885238,0.16026039790311758,0.14509685386421223,-6096,6327,6327,31.79726791381836,266.0,792.0,1757.8569999997853,-48,49,0.0,0.0,0.0,0,0,0,262144,False,False
4,3,centered_grid,0.010967772532025246,0.027816120665499003,99.99,0,0.002788698227278815,0.002788698227278815,0.00017169787520094384,0.00011532217467512826,0.00014351002493803605,0.0008883190102553128,0.0015624451280326248,0.0012253820691439689,0.002475694444472252,0.0033795137046646467,0.006186761056271601,0.004783137380468124,0.5043931285066077,0.4949073135860543,0.49965022104633094,0.5043931285066077,0.4891182419013066,-6096,6327,6327,31.777095794677734,266.0,792.0,1757.8569999997853,-6096,6327,0.02761077880859375,0.014129638671875,0.01348114013671875,7238,3704,3534,262144,False,False
4,3,centered_grid,0.010967772532025246,0.027816120665499003,99.99,1,0.002788698227278815,0.00557739645455763,0.00017169787520094384,0.00011532217467512826,0.00014351002493803605,0.0008883190102553128,0.0015624451280326248,0.0012253820691439689,0.002475694444472252,0.0033795137046646467,0.006186761056271601,0.004783137380468124,0.3378692415757836,0.34762719039441425,0.3427482159850989,0.34762719039441425,0.33021024191642023,-6096,6327,6327,31.777095794677734,266.0,792.0,1757.8569999997853,-3048,3164,0.01064300537109375,0.005481719970703125,0.005161285400390625,2790,1437,1353,262144,False,False
4,3,centered_grid,0.010967772532025246,0.027816120665499003,99.99,2,0.002788698227278815,0.01115479290911526,0.00017169787520094384,0.00011532217467512826,0.00014351002493803605,0.0008883190102553128,0.0015624451280326248,0.0012253820691439689,0.002475694444472252,0.0033795137046646467,0.006186761056271601,0.004783137380468124,0.18162012843343708,0.21566268449072754,0.1986414064620823,0.21566268449072754,0.18490617649845043,-6096,6327,6327,31.777095794677734,266.0,792.0,1757.8569999997853,-1524,1582,0.0029296875,0.00148773193359375,0.00144195556640625,768,390,378,262144,False,False
4,3,centered_grid,0.010967772532025246,0.027816120665499003,99.99,3,0.002788698227278815,0.02230958581823052,0.00017169787520094384,0.00011532217467512826,0.00014351002493803605,0.0008883190102553128,0.0015624451280326248,0.0012253820691439689,0.002475694444472252,0.0033795137046646467,0.006186761056271601,0.004783137380468124,0.08086893013928864,0.11706224746370102,0.09896558880149484,0.11706224746370102,0.08599794933834365,-6096,6327,6327,31.777095794677734,266.0,792.0,1757.8569999997853,-762,791,0.000537872314453125,0.000263214111328125,0.000274658203125,141,69,72,262144,False,False
4,3,centered_grid,0.010967772532025246,0.027816120665499003,99.99,4,0.002788698227278815,0.04461917163646104,0.00017169787520094384,0.00011532217467512826,0.00014351002493803605,0.0008883190102553128,0.0015624451280326248,0.0012253820691439689,0.002475694444472252,0.0033795137046646467,0.006186761056271601,0.004783137380468124,0.034787262153371724,0.06034651179728355,0.04756688697532764,0.06034651179728355,0.03617600360708678,-6096,6327,6327,31.777095794677734,266.0,792.0,1757.8569999997853,-381,395,6.4849853515625e-05,3.814697265625e-05,2.6702880859375e-05,17,10,7,262144,False,False
4,3,centered_grid,0.010967772532025246,0.027816120665499003,99.99,5,0.002788698227278815,0.08923834327292209,0.00017169787520094384,0.00011532217467512826,0.00014351002493803605,0.0008883190102553128,0.0015624451280326248,0.0012253820691439689,0.002475694444472252,0.0033795137046646467,0.006186761056271601,0.004783137380468124,0.023458388359770467,0.0362085336356818,0.029833460997726133,0.0362085336356818,0.0217749782151792,-6096,6327,6327,31.777095794677734,266.0,792.0,1757.8569999997853,-190,198,7.62939453125e-06,3.814697265625e-06,3.814697265625e-06,2,1,1,262144,True,False
4,3,centered_grid,0.010967772532025246,0.027816120665499003,99.99,6,0.002788698227278815,0.17847668654584417,0.00017169787520094384,0.00011532217467512826,0.00014351002493803605,0.0008883190102553128,0.0015624451280326248,0.0012253820691439689,0.002475694444472252,0.0033795137046646467,0.006186761056271601,0.004783137380468124,0.051406533669758274,0.0665829861106669,0.05899475989021259,0.0665829861106669,0.0549593209608693,-6096,6327,6327,31.777095794677734,266.0,792.0,1757.8569999997853,-95,99,0.0,0.0,0.0,0,0,0,262144,False,False
4,3,centered_grid,0.010967772532025246,0.027816120665499003,99.99,7,0.002788698227278815,0.35695337309168834,0.00017169787520094384,0.00011532217467512826,0.00014351002493803605,0.0008883190102553128,0.0015624451280326248,0.0012253820691439689,0.002475694444472252,0.0033795137046646467,0.006186761056271601,0.004783137380468124,0.1329589525957812,0.1603770452659293,0.14666799893085525,0.1603770452659293,0.14484941406958066,-6096,6327,6327,31.777095794677734,266.0,792.0,1757.8569999997853,-48,49,0.0,0.0,0.0,0,0,0,262144,False,False
4,4,centered_grid,0.011960440756287145,0.027791254027630156,99.99,0,0.0027862052287123667,0.0027862052287123667,0.00017388026732495504,0.00011689748903576798,0.0001453888781803615,0.0008945951005409336,0.0015654769491316616,0.0012300360248362976,0.002475694444472252,0.0033796784516117386,0.006207102754948988,0.004793390603280363,0.5045948693048511,0.4950911741187062,0.49984302171177863,0.5045948693048511,0.4893240261491192,-6096,6327,6327,31.787864685058594,266.0,792.0,1757.8569999997853,-6096,6327,0.02764892578125,0.01418304443359375,0.01346588134765625,7248,3718,3530,262144,False,False
4,4,centered_grid,0.011960440756287145,0.027791254027630156,99.99,1,0.0027862052287123667,0.005572410457424733,0.00017388026732495504,0.00011689748903576798,0.0001453888781803615,0.0008945951005409336,0.0015654769491316616,0.0012300360248362976,0.002475694444472252,0.0033796784516117386,0.006207102754948988,0.004793390603280363,0.33809336974911625,0.3478108678667355,0.34295211880792587,0.3478108678667355,0.3303807143867209,-6096,6327,6327,31.787864685058594,266.0,792.0,1757.8569999997853,-3048,3164,0.010684967041015625,0.00550079345703125,0.005184173583984375,2801,1442,1359,262144,False,False
4,4,centered_grid,0.011960440756287145,0.027791254027630156,99.99,2,0.0027862052287123667,0.011144820914849467,0.00017388026732495504,0.00011689748903576798,0.0001453888781803615,0.0008945951005409336,0.0015654769491316616,0.0012300360248362976,0.002475694444472252,0.0033796784516117386,0.006207102754948988,0.004793390603280363,0.18179569774394477,0.21581164793663632,0.19880367284029055,0.21581164793663632,0.1850287096923548,-6096,6327,6327,31.787864685058594,266.0,792.0,1757.8569999997853,-1524,1582,0.0029449462890625,0.001491546630859375,0.001453399658203125,772,391,381,262144,False,False
4,4,centered_grid,0.011960440756287145,0.027791254027630156,99.99,3,0.0027862052287123667,0.022289641829698933,0.00017388026732495504,0.00011689748903576798,0.0001453888781803615,0.0008945951005409336,0.0015654769491316616,0.0012300360248362976,0.002475694444472252,0.0033796784516117386,0.006207102754948988,0.004793390603280363,0.08095190989148342,0.11715527905194045,0.09905359447171194,0.11715527905194045,0.08609779033017739,-6096,6327,6327,31.787864685058594,266.0,792.0,1757.8569999997853,-762,791,0.00054931640625,0.000263214111328125,0.000286102294921875,144,69,75,262144,False,False
4,4,centered_grid,0.011960440756287145,0.027791254027630156,99.99,4,0.0027862052287123667,0.04457928365939787,0.00017388026732495504,0.00011689748903576798,0.0001453888781803615,0.0008945951005409336,0.0015654769491316616,0.0012300360248362976,0.002475694444472252,0.0033796784516117386,0.006207102754948988,0.004793390603280363,0.03480380197035286,0.06039162496516473,0.0475977134677588,0.06039162496516473,0.036166508204479,-6096,6327,6327,31.787864685058594,266.0,792.0,1757.8569999997853,-381,395,6.4849853515625e-05,3.814697265625e-05,2.6702880859375e-05,17,10,7,262144,False,False
4,4,centered_grid,0.011960440756287145,0.027791254027630156,99.99,5,0.0027862052287123667,0.08915856731879573,0.00017388026732495504,0.00011689748903576798,0.0001453888781803615,0.0008945951005409336,0.0015654769491316616,0.0012300360248362976,0.002475694444472252,0.0033796784516117386,0.006207102754948988,0.004793390603280363,0.023442685596395375,0.03621895487688354,0.02983082023663946,0.03621895487688354,0.021739550859413162,-6096,6327,6327,31.787864685058594,266.0,792.0,1757.8569999997853,-190,198,7.62939453125e-06,3.814697265625e-06,3.814697265625e-06,2,1,1,262144,True,False
4,4,centered_grid,0.011960440756287145,0.027791254027630156,99.99,6,0.0027862052287123667,0.17831713463759147,0.00017388026732495504,0.00011689748903576798,0.0001453888781803615,0.0008945951005409336,0.0015654769491316616,0.0012300360248362976,0.002475694444472252,0.0033796784516117386,0.006207102754948988,0.004793390603280363,0.0513084248205232,0.06652530633380775,0.05891686557716548,0.06652530633380775,0.054837343588372334,-6096,6327,6327,31.787864685058594,266.0,792.0,1757.8569999997853,-95,99,0.0,0.0,0.0,0,0,0,262144,False,False
4,4,centered_grid,0.011960440756287145,0.027791254027630156,99.99,7,0.0027862052287123667,0.35663426927518294,0.00017388026732495504,0.00011689748903576798,0.0001453888781803615,0.0008945951005409336,0.0015654769491316616,0.0012300360248362976,0.002475694444472252,0.0033796784516117386,0.006207102754948988,0.004793390603280363,0.13283736214098277,0.16026293748205558,0.14655014981151918,0.16026293748205558,0.14465968402513188,-6096,6327,6327,31.787864685058594,266.0,792.0,1757.8569999997853,-48,49,0.0,0.0,0.0,0,0,0,262144,False,False
4,original,original_mixed,0.010057491756816287,0.027803708603889008,99.99,0,0.0027874538591433403,0.0027874538591433403,0.0001709358138103459,0.00011385531759897692,0.0001423955657046614,0.0008843168579507893,0.0015620278795853567,0.001223172368768073,0.002475694444472252,0.00337606331041158,0.00619976891674596,0.00478791611357877,0.5044939574835177,0.4949995217928948,0.49974673963820626,0.5044939574835177,0.48930255673387335,-6096,6327,6327,31.79726791381836,266.0,792.0,1757.8569999997853,-6096,6327,0.027614593505859375,0.014148712158203125,0.01346588134765625,7239,3709,3530,262144,False,False
4,original,original_mixed,0.010057491756816287,0.027803708603889008,99.99,1,0.0027874538591433403,0.005574907718286681,0.0001709358138103459,0.00011385531759897692,0.0001423955657046614,0.0008843168579507893,0.0015620278795853567,0.001223172368768073,0.002475694444472252,0.00337606331041158,0.00619976891674596,0.00478791611357877,0.33798140222842044,0.34772198716410546,0.342851694696263,0.34772198716410546,0.3304398227643873,-6096,6327,6327,31.79726791381836,266.0,792.0,1757.8569999997853,-3048,3164,0.01068115234375,0.00550079345703125,0.00518035888671875,2800,1442,1358,262144,False,False
4,original,original_mixed,0.010057491756816287,0.027803708603889008,99.99,2,0.0027874538591433403,0.011149815436573361,0.0001709358138103459,0.00011385531759897692,0.0001423955657046614,0.0008843168579507893,0.0015620278795853567,0.001223172368768073,0.002475694444472252,0.00337606331041158,0.00619976891674596,0.00478791611357877,0.18170749237911762,0.2157363498186689,0.19872192109889325,0.2157363498186689,0.1851024056471301,-6096,6327,6327,31.79726791381836,266.0,792.0,1757.8569999997853,-1524,1582,0.002941131591796875,0.00148773193359375,0.001453399658203125,771,390,381,262144,False,False
4,original,original_mixed,0.010057491756816287,0.027803708603889008,99.99,3,0.0027874538591433403,0.022299630873146722,0.0001709358138103459,0.00011385531759897692,0.0001423955657046614,0.0008843168579507893,0.0015620278795853567,0.001223172368768073,0.002475694444472252,0.00337606331041158,0.00619976891674596,0.00478791611357877,0.0809110458496878,0.11710992029223112,0.09901048307095946,0.11710992029223112,0.08611763754963628,-6096,6327,6327,31.79726791381836,266.0,792.0,1757.8569999997853,-762,791,0.000545501708984375,0.000263214111328125,0.00028228759765625,143,69,74,262144,False,False
4,original,original_mixed,0.010057491756816287,0.027803708603889008,99.99,4,0.0027874538591433403,0.044599261746293445,0.0001709358138103459,0.00011385531759897692,0.0001423955657046614,0.0008843168579507893,0.0015620278795853567,0.001223172368768073,0.002475694444472252,0.00337606331041158,0.00619976891674596,0.00478791611357877,0.0347986648219835,0.06036557864566432,0.04758212173382391,0.06036557864566432,0.0362320027315116,-6096,6327,6327,31.79726791381836,266.0,792.0,1757.8569999997853,-381,395,6.4849853515625e-05,3.814697265625e-05,2.6702880859375e-05,17,10,7,262144,False,False
4,original,original_mixed,0.010057491756816287,0.027803708603889008,99.99,5,0.0027874538591433403,0.08919852349258689,0.0001709358138103459,0.00011385531759897692,0.0001423955657046614,0.0008843168579507893,0.0015620278795853567,0.001223172368768073,0.002475694444472252,0.00337606331041158,0.00619976891674596,0.00478791611357877,0.023449937057275272,0.03621197849642346,0.029830957776849364,0.03621197849642346,0.021804215534471795,-6096,6327,6327,31.79726791381836,266.0,792.0,1757.8569999997853,-190,198,7.62939453125e-06,3.814697265625e-06,3.814697265625e-06,2,1,1,262144,True,False
4,original,original_mixed,0.010057491756816287,0.027803708603889008,99.99,6,0.0027874538591433403,0.17839704698517378,0.0001709358138103459,0.00011385531759897692,0.0001423955657046614,0.0008843168579507893,0.0015620278795853567,0.001223172368768073,0.002475694444472252,0.00337606331041158,0.00619976891674596,0.00478791611357877,0.05131689546358179,0.06657247133231342,0.0589446833979476,0.06657247133231342,0.05507801806237883,-6096,6327,6327,31.79726791381836,266.0,792.0,1757.8569999997853,-95,99,0.0,0.0,0.0,0,0,0,262144,False,False
4,original,original_mixed,0.010057491756816287,0.027803708603889008,99.99,7,0.0027874538591433403,0.35679409397034756,0.0001709358138103459,0.00011385531759897692,0.0001423955657046614,0.0008843168579507893,0.0015620278795853567,0.001223172368768073,0.002475694444472252,0.00337606331041158,0.00619976891674596,0.00478791611357877,0.1328788300945872,0.1602603979031176,0.1465696139988524,0.1602603979031176,0.14509685386421223,-6096,6327,6327,31.79726791381836,266.0,792.0,1757.8569999997853,-48,49,0.0,0.0,0.0,0,0,0,262144,False,False
5,-4,centered_grid,0.007852951708328797,0.03159678949865277,100.0,0,0.0026670034027546125,0.0026670034027546125,0.00018238888584731875,0.00028954241753276785,0.0002359656516900433,0.0019454419931775534,0.003611920325898682,0.002778681159538118,0.0013969286248255682,0.0037913369238742256,0.0034693942459954417,0.0036303655849348336,0.38662368553185456,0.43492605584001776,0.41077487068593616,0.43492605584001776,0.4118761683409398,-2201,3360,3360,28.339881896972656,200.0,674.5710000000545,1521.4283999997424,-2201,3360,0.0195770263671875,0.009761810302734375,0.009815216064453125,5132,2559,2573,262144,False,False
5,-4,centered_grid,0.007852951708328797,0.03159678949865277,100.0,1,0.0026670034027546125,0.005334006805509225,0.00018238888584731875,0.00028954241753276785,0.0002359656516900433,0.0019454419931775534,0.003611920325898682,0.002778681159538118,0.0013969286248255682,0.0037913369238742256,0.0034693942459954417,0.0036303655849348336,0.2429473961007101,0.2830860588730489,0.2630167274868795,0.2830860588730489,0.26253037134616064,-2201,3360,3360,28.339881896972656,200.0,674.5710000000545,1521.4283999997424,-1100,1680,0.0066680908203125,0.00347137451171875,0.00319671630859375,1748,910,838,262144,False,False
5,-4,centered_grid,0.007852951708328797,0.03159678949865277,100.0,2,0.0026670034027546125,0.01066801361101845,0.00018238888584731875,0.00028954241753276785,0.0002359656516900433,0.0019454419931775534,0.003611920325898682,0.002778681159538118,0.0013969286248255682,0.0037913369238742256,0.0034693942459954417,0.0036303655849348336,0.11701457307099207,0.14200540296377667,0.12950998801738436,0.14200540296377667,0.12754063694977053,-2201,3360,3360,28.339881896972656,200.0,674.5710000000545,1521.4283999997424,-550,840,0.001865386962890625,0.000972747802734375,0.00089263916015625,489,255,234,262144,False,False
5,-4,centered_grid,0.007852951708328797,0.03159678949865277,100.0,3,0.0026670034027546125,0.0213360272220369,0.00018238888584731875,0.00028954241753276785,0.0002359656516900433,0.0019454419931775534,0.003611920325898682,0.002778681159538118,0.0013969286248255682,0.0037913369238742256,0.0034693942459954417,0.0036303655849348336,0.0369876241594129,0.048498112944610046,0.042742868552011475,0.048498112944610046,0.0400179337169873,-2201,3360,3360,28.339881896972656,200.0,674.5710000000545,1521.4283999997424,-275,420,0.00035858154296875,0.000171661376953125,0.000186920166015625,94,45,49,262144,False,False
5,-4,centered_grid,0.007852951708328797,0.03159678949865277,100.0,4,0.0026670034027546125,0.0426720544440738,0.00018238888584731875,0.00028954241753276785,0.0002359656516900433,0.0019454419931775534,0.003611920325898682,0.002778681159538118,0.0013969286248255682,0.0037913369238742256,0.0034693942459954417,0.0036303655849348336,0.012757664836915282,0.013558291494131692,0.013157978165523488,0.013558291494131692,0.009941837269577144,-2201,3360,3360,28.339881896972656,200.0,674.5710000000545,1521.4283999997424,-138,210,3.814697265625e-05,3.4332275390625e-05,3.814697265625e-06,10,9,1,262144,True,False
5,-4,centered_grid,0.007852951708328797,0.03159678949865277,100.0,5,0.0026670034027546125,0.0853441088881476,0.00018238888584731875,0.00028954241753276785,0.0002359656516900433,0.0019454419931775534,0.003611920325898682,0.002778681159538118,0.0013969286248255682,0.0037913369238742256,0.0034693942459954417,0.0036303655849348336,0.030122979654080125,0.023081863920367516,0.026602421787223822,0.030122979654080125,0.02300017383977536,-2201,3360,3360,28.339881896972656,200.0,674.5710000000545,1521.4283999997424,-69,105,0.0,0.0,0.0,0,0,0,262144,False,False
5,-4,centered_grid,0.007852951708328797,0.03159678949865277,100.0,6,0.0026670034027546125,0.1706882177762952,0.00018238888584731875,0.00028954241753276785,0.0002359656516900433,0.0019454419931775534,0.003611920325898682,0.002778681159538118,0.0013969286248255682,0.0037913369238742256,0.0034693942459954417,0.0036303655849348336,0.09584484293988937,0.07453828417248187,0.08519156355618562,0.09584484293988937,0.08162262640967413,-2201,3360,3360,28.339881896972656,200.0,674.5710000000545,1521.4283999997424,-34,52,0.0,0.0,0.0,0,0,0,262144,False,False
5,-4,centered_grid,0.007852951708328797,0.03159678949865277,100.0,7,0.0026670034027546125,0.3413764355525904,0.00018238888584731875,0.00028954241753276785,0.0002359656516900433,0.0019454419931775534,0.003611920325898682,0.002778681159538118,0.0013969286248255682,0.0037913369238742256,0.0034693942459954417,0.0036303655849348336,0.2325321423948736,0.19219750245449152,0.21236482242468258,0.2325321423948736,0.20754063573190434,-2201,3360,3360,28.339881896972656,200.0,674.5710000000545,1521.4283999997424,-17,26,0.0,0.0,0.0,0,0,0,262144,False,False
5,-3,centered_grid,0.008563704562179399,0.03445702964273639,100.0,0,0.0029084288867358764,0.0029084288867358764,0.00015778544636110885,0.000226964674335914,0.00019237506034851143,0.002097044898133134,0.0032417773325361036,0.0026694111153346186,0.0013969286248255682,0.004010593168150329,0.003685186276947622,0.0038478897225489757,0.369043219992441,0.41674823622907103,0.392895728110756,0.41674823622907103,0.3872226945709829,-2015,3090,3090,26.495166778564453,182.57000000000698,620.8570000000182,1461.4271999979392,-2015,3090,0.01735687255859375,0.0087127685546875,0.00864410400390625,4550,2284,2266,262144,False,False
5,-3,centered_grid,0.008563704562179399,0.03445702964273639,100.0,1,0.0029084288867358764,0.005816857773471753,0.00015778544636110885,0.000226964674335914,0.00019237506034851143,0.002097044898133134,0.0032417773325361036,0.0026694111153346186,0.0013969286248255682,0.004010593168150329,0.003685186276947622,0.0038478897225489757,0.22586431103386323,0.2643237993017835,0.24509405516782337,0.2643237993017835,0.24021875404175924,-2015,3090,3090,26.495166778564453,182.57000000000698,620.8570000000182,1461.4271999979392,-1008,1545,0.005840301513671875,0.0030670166015625,0.002773284912109375,1531,804,727,262144,False,False
5,-3,centered_grid,0.008563704562179399,0.03445702964273639,100.0,2,0.0029084288867358764,0.011633715546943505,0.00015778544636110885,0.000226964674335914,0.00019237506034851143,0.002097044898133134,0.0032417773325361036,0.0026694111153346186,0.0013969286248255682,0.004010593168150329,0.003685186276947622,0.0038478897225489757,0.10417272639777109,0.1271761609481803,0.11567444367297569,0.1271761609481803,0.11156290971501015,-2015,3090,3090,26.495166778564453,182.57000000000698,620.8570000000182,1461.4271999979392,-504,772,0.0016021728515625,0.000827789306640625,0.000774383544921875,420,217,203,262144,False,False
5,-3,centered_grid,0.008563704562179399,0.03445702964273639,100.0,3,0.0029084288867358764,0.02326743109388701,0.00015778544636110885,0.000226964674335914,0.00019237506034851143,0.002097044898133134,0.0032417773325361036,0.0026694111153346186,0.0013969286248255682,0.004010593168150329,0.003685186276947622,0.0038478897225489757,0.0315077083596165,0.04136745623759165,0.036437582298604075,0.04136745623759165,0.03290955780255149,-2015,3090,3090,26.495166778564453,182.57000000000698,620.8570000000182,1461.4271999979392,-252,386,0.000263214111328125,0.000118255615234375,0.00014495849609375,69,31,38,262144,False,False
5,-3,centered_grid,0.008563704562179399,0.03445702964273639,100.0,4,0.0029084288867358764,0.04653486218777402,0.00015778544636110885,0.000226964674335914,0.00019237506034851143,0.002097044898133134,0.0032417773325361036,0.0026694111153346186,0.0013969286248255682,0.004010593168150329,0.003685186276947622,0.0038478897225489757,0.01322716290788538,0.012814098637565677,0.013020630772725528,0.01322716290788538,0.009463862211703573,-2015,3090,3090,26.495166778564453,182.57000000000698,620.8570000000182,1461.4271999979392,-126,193,2.288818359375e-05,2.288818359375e-05,0.0,6,6,0,262144,True,True
5,-3,centered_grid,0.008563704562179399,0.03445702964273639,100.0,5,0.0029084288867358764,0.09306972437554804,0.00015778544636110885,0.000226964674335914,0.00019237506034851143,0.002097044898133134,0.0032417773325361036,0.0026694111153346186,0.0013969286248255682,0.004010593168150329,0.003685186276947622,0.0038478897225489757,0.03479234710696874,0.026720125284910117,0.03075623619593943,0.03479234710696874,0.026772141897763974,-2015,3090,3090,26.495166778564453,182.57000000000698,620.8570000000182,1461.4271999979392,-63,97,0.0,0.0,0.0,0,0,0,262144,False,False
5,-3,centered_grid,0.008563704562179399,0.03445702964273639,100.0,6,0.0029084288867358764,0.1861394487510961,0.00015778544636110885,0.000226964674335914,0.00019237506034851143,0.002097044898133134,0.0032417773325361036,0.0026694111153346186,0.0013969286248255682,0.004010593168150329,0.003685186276947622,0.0038478897225489757,0.10990997201109072,0.08592358616404892,0.09791677908756982,0.10990997201109072,0.09321535604561021,-2015,3090,3090,26.495166778564453,182.57000000000698,620.8570000000182,1461.4271999979392,-31,48,0.0,0.0,0.0,0,0,0,262144,False,False
5,-3,centered_grid,0.008563704562179399,0.03445702964273639,100.0,7,0.0029084288867358764,0.3722788975021922,0.00015778544636110885,0.000226964674335914,0.00019237506034851143,0.002097044898133134,0.0032417773325361036,0.0026694111153346186,0.0013969286248255682,0.004010593168150329,0.003685186276947622,0.0038478897225489757,0.25175661644445735,0.20951846112621628,0.23063753878533683,0.25175661644445735,0.22681023748682422,-2015,3090,3090,26.495166778564453,182.57000000000698,620.8570000000182,1461.4271999979392,-16,24,0.0,0.0,0.0,0,0,0,262144,False,False
5,-2,centered_grid,0.009338786045317378,0.03144035503517269,99.995,0,0.0026537991736848435,0.0026537991736848435,0.00015230036722304146,0.0002011836250517557,0.0001767419961373986,0.0020029877494362196,0.0036841143935863567,0.002843551071511288,0.0013969286248255682,0.0038133156889978634,0.003507633728305154,0.0036604747086515085,0.38767818014170646,0.43599741275358944,0.41183779644764795,0.43599741275358944,0.41323216407137103,-2201,3390,3390,28.450027465820312,200.0,674.5710000000545,1521.4283999997424,-2201,3390,0.01966094970703125,0.00981903076171875,0.0098419189453125,5154,2574,2580,262144,False,False
5,-2,centered_grid,0.009338786045317378,0.03144035503517269,99.995,1,0.0026537991736848435,0.005307598347369687,0.00015230036722304146,0.0002011836250517557,0.0001767419961373986,0.0020029877494362196,0.0036841143935863567,0.002843551071511288,0.0013969286248255682,0.0038133156889978634,0.003507633728305154,0.0036604747086515085,0.24399263434344973,0.28420916389922024,0.264100899121335,0.28420916389922024,0.26375098968318034,-2201,3390,3390,28.450027465820312,200.0,674.5710000000545,1521.4283999997424,-1100,1695,0.006710052490234375,0.003490447998046875,0.0032196044921875,1759,915,844,262144,False,False
5,-2,centered_grid,0.009338786045317378,0.03144035503517269,99.995,2,0.0026537991736848435,0.010615196694739374,0.00015230036722304146,0.0002011836250517557,0.0001767419961373986,0.0020029877494362196,0.0036841143935863567,0.002843551071511288,0.0013969286248255682,0.0038133156889978634,0.003507633728305154,0.0036604747086515085,0.11782969941190541,0.14291851902903624,0.13037410922047082,0.14291851902903624,0.12833573967432885,-2201,3390,3390,28.450027465820312,200.0,674.5710000000545,1521.4283999997424,-550,848,0.0018768310546875,0.00098419189453125,0.00089263916015625,492,258,234,262144,False,False
5,-2,centered_grid,0.009338786045317378,0.03144035503517269,99.995,3,0.0026537991736848435,0.021230393389478748,0.00015230036722304146,0.0002011836250517557,0.0001767419961373986,0.0020029877494362196,0.0036841143935863567,0.002843551071511288,0.0013969286248255682,0.0038133156889978634,0.003507633728305154,0.0036604747086515085,0.037379030229341435,0.04897719576626743,0.043178112997804434,0.04897719576626743,0.04028285944392719,-2201,3390,3390,28.450027465820312,200.0,674.5710000000545,1521.4283999997424,-275,424,0.00035858154296875,0.000171661376953125,0.000186920166015625,94,45,49,262144,False,False
5,-2,centered_grid,0.009338786045317378,0.03144035503517269,99.995,4,0.0026537991736848435,0.042460786778957496,0.00015230036722304146,0.0002011836250517557,0.0001767419961373986,0.0020029877494362196,0.0036841143935863567,0.002843551071511288,0.0013969286248255682,0.0038133156889978634,0.003507633728305154,0.0036604747086515085,0.012808668936814625,0.013676147544880297,0.01324240824084746,0.013676147544880297,0.009932268514351703,-2201,3390,3390,28.450027465820312,200.0,674.5710000000545,1521.4283999997424,-138,212,4.1961669921875e-05,3.4332275390625e-05,7.62939453125e-06,11,9,2,262144,True,False
5,-2,centered_grid,0.009338786045317378,0.03144035503517269,99.995,5,0.0026537991736848435,0.08492157355791499,0.00015230036722304146,0.0002011836250517557,0.0001767419961373986,0.0020029877494362196,0.0036841143935863567,0.002843551071511288,0.0013969286248255682,0.0038133156889978634,0.003507633728305154,0.0036604747086515085,0.029917134246590777,0.02293659491980108,0.02642686458319593,0.029917134246590777,0.02282436428935284,-2201,3390,3390,28.450027465820312,200.0,674.5710000000545,1521.4283999997424,-69,106,0.0,0.0,0.0,0,0,0,262144,False,False
5,-2,centered_grid,0.009338786045317378,0.03144035503517269,99.995,6,0.0026537991736848435,0.16984314711582998,0.00015230036722304146,0.0002011836250517557,0.0001767419961373986,0.0020029877494362196,0.0036841143935863567,0.002843551071511288,0.0013969286248255682,0.0038133156889978634,0.003507633728305154,0.0036604747086515085,0.09513283677621398,0.07401577379697995,0.08457430528659696,0.09513283677621398,0.08119408917717312,-2201,3390,3390,28.450027465820312,200.0,674.5710000000545,1521.4283999997424,-34,53,0.0,0.0,0.0,0,0,0,262144,False,False
5,-2,centered_grid,0.009338786045317378,0.03144035503517269,99.995,7,0.0026537991736848435,0.33968629423165997,0.00015230036722304146,0.0002011836250517557,0.0001767419961373986,0.0020029877494362196,0.0036841143935863567,0.002843551071511288,0.0013969286248255682,0.0038133156889978634,0.003507633728305154,0.0036604747086515085,0.23150304069847297,0.19127834531699428,0.2113906930077336,0.23150304069847297,0.2066203762243899,-2201,3390,3390,28.450027465820312,200.0,674.5710000000545,1521.4283999997424,-17,26,0.0,0.0,0.0,0,0,0,262144,False,False
5,-1,centered_grid,0.010184018396125002,0.04097664051316038,100.0,0,0.003458732403388988,0.003458732403388988,0.00014937943435676013,0.00018663438479278125,0.0001680069095747707,0.002480551977344407,0.0028028357294491847,0.0026416938533967956,0.0013969286248255682,0.004625350522895845,0.00407083011783203,0.004348090320363937,0.33351365529903765,0.37957389874658376,0.3565437770228107,0.37957389874658376,0.352708352603897,-1705,2580,2580,22.11574935913086,154.0,520.0,1234.1417999984114,-1705,2580,0.01316070556640625,0.006656646728515625,0.006504058837890625,3450,1745,1705,262144,False,False
5,-1,centered_grid,0.010184018396125002,0.04097664051316038,100.0,1,0.003458732403388988,0.006917464806777976,0.00014937943435676013,0.00018663438479278125,0.0001680069095747707,0.002480551977344407,0.0028028357294491847,0.0026416938533967956,0.0013969286248255682,0.004625350522895845,0.00407083011783203,0.004348090320363937,0.19287270419647837,0.22753636992894816,0.21020453706271325,0.22753636992894816,0.20625537685241865,-1705,2580,2580,22.11574935913086,154.0,520.0,1234.1417999984114,-852,1290,0.00415802001953125,0.0022125244140625,0.00194549560546875,1090,580,510,262144,False,False
5,-1,centered_grid,0.010184018396125002,0.04097664051316038,100.0,2,0.003458732403388988,0.013834929613555952,0.00014937943435676013,0.00018663438479278125,0.0001680069095747707,0.002480551977344407,0.0028028357294491847,0.0026416938533967956,0.0013969286248255682,0.004625350522895845,0.00407083011783203,0.004348090320363937,0.0808605806817201,0.10015328864136584,0.09050693466154297,0.10015328864136584,0.08643025363282861,-1705,2580,2580,22.11574935913086,154.0,520.0,1234.1417999984114,-426,645,0.001064300537109375,0.000545501708984375,0.000518798828125,279,143,136,262144,False,False
5,-1,centered_grid,0.010184018396125002,0.04097664051316038,100.0,3,0.003458732403388988,0.027669859227111904,0.00014937943435676013,0.00018663438479278125,0.0001680069095747707,0.002480551977344407,0.0028028357294491847,0.0026416938533967956,0.0013969286248255682,0.004625350522895845,0.00407083011783203,0.004348090320363937,0.02360773221701215,0.0299900630882971,0.026798897652654627,0.0299900630882971,0.02287005602106027,-1705,2580,2580,22.11574935913086,154.0,520.0,1234.1417999984114,-213,322,0.000156402587890625,7.2479248046875e-05,8.392333984375e-05,41,19,22,262144,False,False
5,-1,centered_grid,0.010184018396125002,0.04097664051316038,100.0,4,0.003458732403388988,0.05533971845422381,0.00014937943435676013,0.00018663438479278125,0.0001680069095747707,0.002480551977344407,0.0028028357294491847,0.0026416938533967956,0.0013969286248255682,0.004625350522895845,0.00407083011783203,0.004348090320363937,0.016638869347678026,0.013635774140306789,0.015137321743992408,0.016638869347678026,0.01088639594007821,-1705,2580,2580,22.11574935913086,154.0,520.0,1234.1417999984114,-107,161,1.52587890625e-05,1.52587890625e-05,0.0,4,4,0,262144,True,False
5,-1,centered_grid,0.010184018396125002,0.04097664051316038,100.0,5,0.003458732403388988,0.11067943690844761,0.00014937943435676013,0.00018663438479278125,0.0001680069095747707,0.002480551977344407,0.0028028357294491847,0.0026416938533967956,0.0013969286248255682,0.004625350522895845,0.00407083011783203,0.004348090320363937,0.04769711691221271,0.03656164934657301,0.042129383129392864,0.04769711691221271,0.03755300736479881,-1705,2580,2580,22.11574935913086,154.0,520.0,1234.1417999984114,-53,81,0.0,0.0,0.0,0,0,0,262144,False,False
5,-1,centered_grid,0.010184018396125002,0.04097664051316038,100.0,6,0.003458732403388988,0.22135887381689523,0.00014937943435676013,0.00018663438479278125,0.0001680069095747707,0.002480551977344407,0.0028028357294491847,0.0026416938533967956,0.0013969286248255682,0.004625350522895845,0.00407083011783203,0.004348090320363937,0.14240333690775886,0.11315203186920177,0.1277776843884803,0.14240333690775886,0.12288446853468354,-1705,2580,2580,22.11574935913086,154.0,520.0,1234.1417999984114,-27,40,0.0,0.0,0.0,0,0,0,262144,False,False
5,-1,centered_grid,0.010184018396125002,0.04097664051316038,100.0,7,0.003458732403388988,0.44271774763379046,0.00014937943435676013,0.00018663438479278125,0.0001680069095747707,0.002480551977344407,0.0028028357294491847,0.0026416938533967956,0.0013969286248255682,0.004625350522895845,0.00407083011783203,0.004348090320363937,0.2857089915624503,0.23949467566254787,0.26260183361249906,0.2857089915624503,0.2587882207123798,-1705,2580,2580,22.11574935913086,154.0,520.0,1234.1417999984114,-13,20,0.0,0.0,0.0,0,0,0,262144,False,False
5,0,centered_grid,0.01110575081057955,0.03145219018817549,99.995,0,0.002654798148385483,0.002654798148385483,0.00014920209443280923,0.00017625392287603102,0.00016272800865442012,0.0020073805840508767,0.0036922892496086593,0.0028498349168297682,0.0013969286248255682,0.003811417866788923,0.0035085017225532983,0.0036599597946711106,0.3875966626340888,0.4359226604070364,0.41175966152056265,0.4359226604070364,0.41286829500097677,-2201,3360,3360,28.450599670410156,200.0,676.0,1521.4283999997424,-2201,3360,0.019596099853515625,0.00978851318359375,0.009807586669921875,5137,2566,2571,262144,False,False
5,0,centered_grid,0.01110575081057955,0.03145219018817549,99.995,1,0.002654798148385483,0.005309596296770966,0.00014920209443280923,0.00017625392287603102,0.00016272800865442012,0.0020073805840508767,0.0036922892496086593,0.0028498349168297682,0.0013969286248255682,0.003811417866788923,0.0035085017225532983,0.0036599597946711106,0.24391185271142668,0.2841351191297288,0.2640234859205777,0.2841351191297288,0.2633857448200231,-2201,3360,3360,28.450599670410156,200.0,676.0,1521.4283999997424,-1100,1680,0.006732940673828125,0.003498077392578125,0.00323486328125,1765,917,848,262144,False,False
5,0,centered_grid,0.01110575081057955,0.03145219018817549,99.995,2,0.002654798148385483,0.010619192593541932,0.00014920209443280923,0.00017625392287603102,0.00016272800865442012,0.0020073805840508767,0.0036922892496086593,0.0028498349168297682,0.0013969286248255682,0.003811417866788923,0.0035085017225532983,0.0036599597946711106,0.11776566413410776,0.1428606590775372,0.1303131616058225,0.1428606590775372,0.12799936000932005,-2201,3360,3360,28.450599670410156,200.0,676.0,1521.4283999997424,-550,840,0.001880645751953125,0.000980377197265625,0.0009002685546875,493,257,236,262144,False,False
5,0,centered_grid,0.01110575081057955,0.03145219018817549,99.995,3,0.002654798148385483,0.021238385187083864,0.00014920209443280923,0.00017625392287603102,0.00016272800865442012,0.0020073805840508767,0.0036922892496086593,0.0028498349168297682,0.0013969286248255682,0.003811417866788923,0.0035085017225532983,0.0036599597946711106,0.03735651362255081,0.04895996615341019,0.043158239887980496,0.04895996615341019,0.040113908281396854,-2201,3360,3360,28.450599670410156,200.0,676.0,1521.4283999997424,-275,420,0.0003662109375,0.000171661376953125,0.000194549560546875,96,45,51,262144,False,False
5,0,centered_grid,0.01110575081057955,0.03145219018817549,99.995,4,0.002654798148385483,0.04247677037416773,0.00014920209443280923,0.00017625392287603102,0.00016272800865442012,0.0020073805840508767,0.0036922892496086593,0.0028498349168297682,0.0013969286248255682,0.003811417866788923,0.0035085017225532983,0.0036599597946711106,0.012829180055688897,0.013695532478222472,0.013262356266955684,0.013695532478222472,0.009890956772467,-2201,3360,3360,28.450599670410156,200.0,676.0,1521.4283999997424,-138,210,3.814697265625e-05,3.4332275390625e-05,3.814697265625e-06,10,9,1,262144,True,False
5,0,centered_grid,0.01110575081057955,0.03145219018817549,99.995,5,0.002654798148385483,0.08495354074833546,0.00014920209443280923,0.00017625392287603102,0.00016272800865442012,0.0020073805840508767,0.0036922892496086593,0.0028498349168297682,0.0013969286248255682,0.003811417866788923,0.0035085017225532983,0.0036599597946711106,0.02993086076922133,0.022965997066419417,0.02644842891782037,0.02993086076922133,0.022880852818537054,-2201,3360,3360,28.450599670410156,200.0,676.0,1521.4283999997424,-69,105,0.0,0.0,0.0,0,0,0,262144,False,False
5,0,centered_grid,0.01110575081057955,0.03145219018817549,99.995,6,0.002654798148385483,0.16990708149667091,0.00014920209443280923,0.00017625392287603102,0.00016272800865442012,0.0020073805840508767,0.0036922892496086593,0.0028498349168297682,0.0013969286248255682,0.003811417866788923,0.0035085017225532983,0.0036599597946711106,0.09515375726673914,0.07402847746553427,0.0845911173661367,0.09515375726673914,0.0813143204925838,-2201,3360,3360,28.450599670410156,200.0,676.0,1521.4283999997424,-34,52,0.0,0.0,0.0,0,0,0,262144,False,False
5,0,centered_grid,0.01110575081057955,0.03145219018817549,99.995,7,0.002654798148385483,0.33981416299334183,0.00014920209443280923,0.00017625392287603102,0.00016272800865442012,0.0020073805840508767,0.0036922892496086593,0.0028498349168297682,0.0013969286248255682,0.003811417866788923,0.0035085017225532983,0.0036599597946711106,0.2315040623406256,0.19137334670161676,0.21143870452112118,0.2315040623406256,0.20688586312496493,-2201,3360,3360,28.450599670410156,200.0,676.0,1521.4283999997424,-17,26,0.0,0.0,0.0,0,0,0,262144,False,False
5,1,centered_grid,0.012110907135990454,0.031438058853632427,99.995,0,0.002653605358930928,0.002653605358930928,0.00015088459182029706,0.00016903029629295095,0.000159957444056624,0.0020122032751973846,0.0037026684900433944,0.0028574358826203893,0.0013969286248255682,0.003810620940494212,0.003532518124333681,0.0036715695324139467,0.38769067486102515,0.4360206903616474,0.4118556826113363,0.4360206903616474,0.4132923248999578,-2201,3360,3360,28.43268585205078,200.0,679.4280000000726,1521.4283999997424,-2201,3360,0.01969146728515625,0.009830474853515625,0.009860992431640625,5162,2577,2585,262144,False,False
5,1,centered_grid,0.012110907135990454,0.031438058853632427,99.995,1,0.002653605358930928,0.005307210717861856,0.00015088459182029706,0.00016903029629295095,0.000159957444056624,0.0020122032751973846,0.0037026684900433944,0.0028574358826203893,0.0013969286248255682,0.003810620940494212,0.003532518124333681,0.0036715695324139467,0.24400520017168253,0.28423350617930637,0.26411935317549445,0.28423350617930637,0.2637927220895928,-2201,3360,3360,28.43268585205078,200.0,679.4280000000726,1521.4283999997424,-1100,1680,0.006717681884765625,0.003498077392578125,0.0032196044921875,1761,917,844,262144,False,False
5,1,centered_grid,0.012110907135990454,0.031438058853632427,99.995,2,0.002653605358930928,0.010614421435723711,0.00015088459182029706,0.00016903029629295095,0.000159957444056624,0.0020122032751973846,0.0037026684900433944,0.0028574358826203893,0.0013969286248255682,0.003810620940494212,0.003532518124333681,0.0036715695324139467,0.11782598285756134,0.14294804991018156,0.13038701638387146,0.14294804991018156,0.12837896578665398,-2201,3360,3360,28.43268585205078,200.0,679.4280000000726,1521.4283999997424,-550,840,0.00188446044921875,0.000988006591796875,0.000896453857421875,494,259,235,262144,False,False
5,1,centered_grid,0.012110907135990454,0.031438058853632427,99.995,3,0.002653605358930928,0.021228842871447422,0.00015088459182029706,0.00016903029629295095,0.000159957444056624,0.0020122032751973846,0.0037026684900433944,0.0028574358826203893,0.0013969286248255682,0.003810620940494212,0.003532518124333681,0.0036715695324139467,0.037383062898832864,0.049027408772684085,0.04320523583575847,0.049027408772684085,0.04029691501690505,-2201,3360,3360,28.43268585205078,200.0,679.4280000000726,1521.4283999997424,-275,420,0.0003662109375,0.000171661376953125,0.000194549560546875,96,45,51,262144,False,False
5,1,centered_grid,0.012110907135990454,0.031438058853632427,99.995,4,0.002653605358930928,0.042457685742894845,0.00015088459182029706,0.00016903029629295095,0.000159957444056624,0.0020122032751973846,0.0037026684900433944,0.0028574358826203893,0.0013969286248255682,0.003810620940494212,0.003532518124333681,0.0036715695324139467,0.01281621160936447,0.013728533636609072,0.01327237262298677,0.013728533636609072,0.00988508012854113,-2201,3360,3360,28.43268585205078,200.0,679.4280000000726,1521.4283999997424,-138,210,4.1961669921875e-05,3.4332275390625e-05,7.62939453125e-06,11,9,2,262144,True,False
5,1,centered_grid,0.012110907135990454,0.031438058853632427,99.995,5,0.002653605358930928,0.08491537148578969,0.00015088459182029706,0.00016903029629295095,0.000159957444056624,0.0020122032751973846,0.0037026684900433944,0.0028574358826203893,0.0013969286248255682,0.003810620940494212,0.003532518124333681,0.0036715695324139467,0.02994735987176305,0.022973700679998283,0.02646053027588067,0.02994735987176305,0.02283535546504985,-2201,3360,3360,28.43268585205078,200.0,679.4280000000726,1521.4283999997424,-69,105,0.0,0.0,0.0,0,0,0,262144,False,False
5,1,centered_grid,0.012110907135990454,0.031438058853632427,99.995,6,0.002653605358930928,0.16983074297157938,0.00015088459182029706,0.00016903029629295095,0.000159957444056624,0.0020122032751973846,0.0037026684900433944,0.0028574358826203893,0.0013969286248255682,0.003810620940494212,0.003532518124333681,0.0036715695324139467,0.09512028948632821,0.07403160636121246,0.08457594792377034,0.09512028948632821,0.08112057404604484,-2201,3360,3360,28.43268585205078,200.0,679.4280000000726,1521.4283999997424,-34,52,0.0,0.0,0.0,0,0,0,262144,False,False
5,1,centered_grid,0.012110907135990454,0.031438058853632427,99.995,7,0.002653605358930928,0.33966148594315876,0.00015088459182029706,0.00016903029629295095,0.000159957444056624,0.0020122032751973846,0.0037026684900433944,0.0028574358826203893,0.0013969286248255682,0.003810620940494212,0.003532518124333681,0.0036715695324139467,0.23143096266907834,0.19128101398749756,0.21135598832828795,0.23143096266907834,0.20643527588128496,-2201,3360,3360,28.43268585205078,200.0,679.4280000000726,1521.4283999997424,-17,26,0.0,0.0,0.0,0,0,0,262144,False,False
5,2,centered_grid,0.013207037881388438,0.03147571548355545,99.995,0,0.002656783857814343,0.002656783857814343,0.00015319436904080564,0.00016402445911293243,0.00015860941407686902,0.0020018312286969194,0.003678999616782465,0.002840415422739692,0.0013969286248255682,0.0038304215283097446,0.0035066626691172597,0.003668542098713502,0.3874505964923942,0.4357602442262972,0.4116054203593457,0.4357602442262972,0.41261520043246624,-2201,3360,3360,28.430309295654297,200.0,675.0,1521.4283999997424,-2201,3360,0.01966094970703125,0.009815216064453125,0.009845733642578125,5154,2573,2581,262144,False,False
5,2,centered_grid,0.013207037881388438,0.03147571548355545,99.995,1,0.002656783857814343,0.005313567715628686,0.00015319436904080564,0.00016402445911293243,0.00015860941407686902,0.0020018312286969194,0.003678999616782465,0.002840415422739692,0.0013969286248255682,0.0038304215283097446,0.0035066626691172597,0.003668542098713502,0.24376778397403098,0.2839647646380005,0.2638662743060157,0.2839647646380005,0.26309554797611984,-2201,3360,3360,28.430309295654297,200.0,675.0,1521.4283999997424,-1100,1680,0.006710052490234375,0.00347900390625,0.003231048583984375,1759,912,847,262144,False,False
5,2,centered_grid,0.013207037881388438,0.03147571548355545,99.995,2,0.002656783857814343,0.010627135431257371,0.00015319436904080564,0.00016402445911293243,0.00015860941407686902,0.0020018312286969194,0.003678999616782465,0.002840415422739692,0.0013969286248255682,0.0038304215283097446,0.0035066626691172597,0.003668542098713502,0.1176617354563449,0.14272249893685632,0.13019211719660062,0.14272249893685632,0.12787259926610262,-2201,3360,3360,28.430309295654297,200.0,675.0,1521.4283999997424,-550,840,0.001873016357421875,0.00098419189453125,0.000888824462890625,491,258,233,262144,False,False
5,2,centered_grid,0.013207037881388438,0.03147571548355545,99.995,3,0.002656783857814343,0.021254270862514742,0.00015319436904080564,0.00016402445911293243,0.00015860941407686902,0.0020018312286969194,0.003678999616782465,0.002840415422739692,0.0013969286248255682,0.0038304215283097446,0.0035066626691172597,0.003668542098713502,0.03730022280379523,0.04888450425582054,0.04309236352980789,0.04888450425582054,0.04016245855086471,-2201,3360,3360,28.430309295654297,200.0,675.0,1521.4283999997424,-275,420,0.00035858154296875,0.000171661376953125,0.000186920166015625,94,45,49,262144,False,False
5,2,centered_grid,0.013207037881388438,0.03147571548355545,99.995,4,0.002656783857814343,0.042508541725029485,0.00015319436904080564,0.00016402445911293243,0.00015860941407686902,0.0020018312286969194,0.003678999616782465,0.002840415422739692,0.0013969286248255682,0.0038304215283097446,0.0035066626691172597,0.003668542098713502,0.012823346347252662,0.01366667991498319,0.013245013131117925,0.01366667991498319,0.009877950155220507,-2201,3360,3360,28.430309295654297,200.0,675.0,1521.4283999997424,-138,210,3.814697265625e-05,3.4332275390625e-05,3.814697265625e-06,10,9,1,262144,True,False
5,2,centered_grid,0.013207037881388438,0.03147571548355545,99.995,5,0.002656783857814343,0.08501708345005897,0.00015319436904080564,0.00016402445911293243,0.00015860941407686902,0.0020018312286969194,0.003678999616782465,0.002840415422739692,0.0013969286248255682,0.0038304215283097446,0.0035066626691172597,0.003668542098713502,0.030016460406403125,0.023018924554396105,0.026517692480399615,0.030016460406403125,0.02288219862237941,-2201,3360,3360,28.430309295654297,200.0,675.0,1521.4283999997424,-69,105,0.0,0.0,0.0,0,0,0,262144,False,False
5,2,centered_grid,0.013207037881388438,0.03147571548355545,99.995,6,0.002656783857814343,0.17003416690011794,0.00015319436904080564,0.00016402445911293243,0.00015860941407686902,0.0020018312286969194,0.003678999616782465,0.002840415422739692,0.0013969286248255682,0.0038304215283097446,0.0035066626691172597,0.003668542098713502,0.09530564573827707,0.07412818696634792,0.08471691635231249,0.09530564573827707,0.08133496182203613,-2201,3360,3360,28.430309295654297,200.0,675.0,1521.4283999997424,-34,52,0.0,0.0,0.0,0,0,0,262144,False,False
5,2,centered_grid,0.013207037881388438,0.03147571548355545,99.995,7,0.002656783857814343,0.3400683338002359,0.00015319436904080564,0.00016402445911293243,0.00015860941407686902,0.0020018312286969194,0.003678999616782465,0.002840415422739692,0.0013969286248255682,0.0038304215283097446,0.0035066626691172597,0.003668542098713502,0.231729012188862,0.1914829374834444,0.21160597483615318,0.231729012188862,0.20690011091008847,-2201,3360,3360,28.430309295654297,200.0,675.0,1521.4283999997424,-17,26,0.0,0.0,0.0,0,0,0,262144,False,False
5,3,centered_grid,0.014402376935257075,0.031388165083822195,99.995,0,0.0026493939546720926,0.0026493939546720926,0.00015519302902677675,0.00016378530612797635,0.00015948916757737655,0.0020440101548866935,0.003739254973626006,0.00289163256425635,0.0013969286248255682,0.003846828588081766,0.003531011710194007,0.0036889201491378865,0.3880506544039457,0.4363721951413569,0.41221142477265127,0.4363721951413569,0.41384462640844266,-2201,3360,3360,28.45343780517578,200.0,676.0,1521.4283999997424,-2201,3360,0.019710540771484375,0.00986480712890625,0.009845733642578125,5167,2586,2581,262144,False,False
5,3,centered_grid,0.014402376935257075,0.031388165083822195,99.995,1,0.0026493939546720926,0.005298787909344185,0.00015519302902677675,0.00016378530612797635,0.00015948916757737655,0.0020440101548866935,0.003739254973626006,0.00289163256425635,0.0013969286248255682,0.003846828588081766,0.003531011710194007,0.0036889201491378865,0.2443589591101399,0.28459575695785494,0.2644773580339974,0.28459575695785494,0.2640649165227928,-2201,3360,3360,28.45343780517578,200.0,676.0,1521.4283999997424,-1100,1680,0.0067596435546875,0.00351715087890625,0.00324249267578125,1772,922,850,262144,False,False
5,3,centered_grid,0.014402376935257075,0.031388165083822195,99.995,2,0.0026493939546720926,0.01059757581868837,0.00015519302902677675,0.00016378530612797635,0.00015948916757737655,0.0020440101548866935,0.003739254973626006,0.00289163256425635,0.0013969286248255682,0.003846828588081766,0.003531011710194007,0.0036889201491378865,0.11811056153892167,0.14324116899012015,0.1306758652645209,0.14324116899012015,0.12835073418019077,-2201,3360,3360,28.45343780517578,200.0,676.0,1521.4283999997424,-550,840,0.001903533935546875,0.001003265380859375,0.0009002685546875,499,263,236,262144,False,False
5,3,centered_grid,0.014402376935257075,0.031388165083822195,99.995,3,0.0026493939546720926,0.02119515163737674,0.00015519302902677675,0.00016378530612797635,0.00015948916757737655,0.0020440101548866935,0.003739254973626006,0.00289163256425635,0.0013969286248255682,0.003846828588081766,0.003531011710194007,0.0036889201491378865,0.037528484945103975,0.04917270595906196,0.04335059545208297,0.04917270595906196,0.04022255771026395,-2201,3360,3360,28.45343780517578,200.0,676.0,1521.4283999997424,-275,420,0.0003662109375,0.000171661376953125,0.000194549560546875,96,45,51,262144,False,False
5,3,centered_grid,0.014402376935257075,0.031388165083822195,99.995,4,0.0026493939546720926,0.04239030327475348,0.00015519302902677675,0.00016378530612797635,0.00015948916757737655,0.0020440101548866935,0.003739254973626006,0.00289163256425635,0.0013969286248255682,0.003846828588081766,0.003531011710194007,0.0036889201491378865,0.012842465335824983,0.013742960725556662,0.013292713030690823,0.013742960725556662,0.009835386588331715,-2201,3360,3360,28.45343780517578,200.0,676.0,1521.4283999997424,-138,210,4.1961669921875e-05,3.4332275390625e-05,7.62939453125e-06,11,9,2,262144,True,False
5,3,centered_grid,0.014402376935257075,0.031388165083822195,99.995,5,0.0026493939546720926,0.08478060654950696,0.00015519302902677675,0.00016378530612797635,0.00015948916757737655,0.0020440101548866935,0.003739254973626006,0.00289163256425635,0.0013969286248255682,0.003846828588081766,0.003531011710194007,0.0036889201491378865,0.02991331340399244,0.022936084365851653,0.02642469888492205,0.02991331340399244,0.022714077320505857,-2201,3360,3360,28.45343780517578,200.0,676.0,1521.4283999997424,-69,105,0.0,0.0,0.0,0,0,0,262144,False,False
5,3,centered_grid,0.014402376935257075,0.031388165083822195,99.995,6,0.0026493939546720926,0.16956121309901392,0.00015519302902677675,0.00016378530612797635,0.00015948916757737655,0.0020440101548866935,0.003739254973626006,0.00289163256425635,0.0013969286248255682,0.003846828588081766,0.003531011710194007,0.0036889201491378865,0.09496368217606532,0.07382623020617568,0.0843949561911205,0.09496368217606532,0.08085406184357463,-2201,3360,3360,28.45343780517578,200.0,676.0,1521.4283999997424,-34,52,0.0,0.0,0.0,0,0,0,262144,False,False
5,3,centered_grid,0.014402376935257075,0.031388165083822195,99.995,7,0.0026493939546720926,0.33912242619802785,0.00015519302902677675,0.00016378530612797635,0.00015948916757737655,0.0020440101548866935,0.003739254973626006,0.00289163256425635,0.0013969286248255682,0.003846828588081766,0.003531011710194007,0.0036889201491378865,0.2311204520476161,0.1910445628159015,0.2110825074317588,0.2311204520476161,0.20600525272663045,-2201,3360,3360,28.45343780517578,200.0,676.0,1521.4283999997424,-17,26,0.0,0.0,0.0,0,0,0,262144,False,False
5,4,centered_grid,0.015705903416657594,0.031384712663205624,99.995,0,0.0026491025447637367,0.0026491025447637367,0.00015801129817629036,0.00016676976596316105,0.0001623905320697257,0.002058946942458596,0.003759677694434673,0.0029093123184466343,0.0013969286248255682,0.0038572328185354013,0.0035636400024924826,0.003710436410513942,0.388075302767345,0.4364121330681525,0.4122437179177487,0.4364121330681525,0.41372012421331916,-2201,3390,3390,28.498088836669922,200.0,680.0,1521.4283999997424,-2201,3390,0.019718170166015625,0.009838104248046875,0.00988006591796875,5169,2579,2590,262144,False,False
5,4,centered_grid,0.015705903416657594,0.031384712663205624,99.995,1,0.0026491025447637367,0.005298205089527473,0.00015801129817629036,0.00016676976596316105,0.0001623905320697257,0.002058946942458596,0.003759677694434673,0.0029093123184466343,0.0013969286248255682,0.0038572328185354013,0.0035636400024924826,0.003710436410513942,0.24438189931420967,0.28464010207634155,0.2645110006952756,0.28464010207634155,0.2640423803044073,-2201,3390,3390,28.498088836669922,200.0,680.0,1521.4283999997424,-1100,1695,0.006740570068359375,0.003498077392578125,0.00324249267578125,1767,917,850,262144,False,False
5,4,centered_grid,0.015705903416657594,0.031384712663205624,99.995,2,0.0026491025447637367,0.010596410179054947,0.00015801129817629036,0.00016676976596316105,0.0001623905320697257,0.002058946942458596,0.003759677694434673,0.0029093123184466343,0.0013969286248255682,0.0038572328185354013,0.0035636400024924826,0.003710436410513942,0.11813041128795852,0.1432780798404683,0.13070424556421342,0.1432780798404683,0.12854994049000143,-2201,3390,3390,28.498088836669922,200.0,680.0,1521.4283999997424,-550,848,0.001888275146484375,0.0009918212890625,0.000896453857421875,495,260,235,262144,False,False
5,4,centered_grid,0.015705903416657594,0.031384712663205624,99.995,3,0.0026491025447637367,0.021192820358109894,0.00015801129817629036,0.00016676976596316105,0.0001623905320697257,0.002058946942458596,0.003759677694434673,0.0029093123184466343,0.0013969286248255682,0.0038572328185354013,0.0035636400024924826,0.003710436410513942,0.03754409415965649,0.04919716354998507,0.04337062885482078,0.04919716354998507,0.04047588369791541,-2201,3390,3390,28.498088836669922,200.0,680.0,1521.4283999997424,-275,424,0.000362396240234375,0.000171661376953125,0.00019073486328125,95,45,50,262144,False,False
5,4,centered_grid,0.015705903416657594,0.031384712663205624,99.995,4,0.0026491025447637367,0.04238564071621979,0.00015801129817629036,0.00016676976596316105,0.0001623905320697257,0.002058946942458596,0.003759677694434673,0.0029093123184466343,0.0013969286248255682,0.0038572328185354013,0.0035636400024924826,0.003710436410513942,0.012852187735614569,0.013775226245602156,0.013313706990608363,0.013775226245602156,0.00996587438793411,-2201,3390,3390,28.498088836669922,200.0,680.0,1521.4283999997424,-138,212,4.1961669921875e-05,3.4332275390625e-05,7.62939453125e-06,11,9,2,262144,True,False
5,4,centered_grid,0.015705903416657594,0.031384712663205624,99.995,5,0.0026491025447637367,0.08477128143243957,0.00015801129817629036,0.00016676976596316105,0.0001623905320697257,0.002058946942458596,0.003759677694434673,0.0029093123184466343,0.0013969286248255682,0.0038572328185354013,0.0035636400024924826,0.003710436410513942,0.029903903771345157,0.022963049869280976,0.026433476820313065,0.029903903771345157,0.022753980746059076,-2201,3390,3390,28.498088836669922,200.0,680.0,1521.4283999997424,-69,106,0.0,0.0,0.0,0,0,0,262144,False,False
5,4,centered_grid,0.015705903416657594,0.031384712663205624,99.995,6,0.0026491025447637367,0.16954256286487915,0.00015801129817629036,0.00016676976596316105,0.0001623905320697257,0.002058946942458596,0.003759677694434673,0.0029093123184466343,0.0013969286248255682,0.0038572328185354013,0.0035636400024924826,0.003710436410513942,0.09491601958289946,0.07388617834967609,0.08440109896628778,0.09491601958289946,0.08092996493211024,-2201,3390,3390,28.498088836669922,200.0,680.0,1521.4283999997424,-34,53,0.0,0.0,0.0,0,0,0,262144,False,False
5,4,centered_grid,0.015705903416657594,0.031384712663205624,99.995,7,0.0026491025447637367,0.3390851257297583,0.00015801129817629036,0.00016676976596316105,0.0001623905320697257,0.002058946942458596,0.003759677694434673,0.0029093123184466343,0.0013969286248255682,0.0038572328185354013,0.0035636400024924826,0.003710436410513942,0.23109205770038851,0.19098250714740034,0.2110372824238944,0.23109205770038851,0.20610593409993716,-2201,3390,3390,28.498088836669922,200.0,680.0,1521.4283999997424,-17,26,0.0,0.0,0.0,0,0,0,262144,False,False
5,original,original_mixed,0.01320703788138844,0.031475715483555454,99.995,0,0.0026567838578143432,0.0026567838578143432,0.00015319436904080564,0.00016402445911293243,0.00015860941407686902,0.002001831228696915,0.003678999616782461,0.002840415422739688,0.0013969286248255682,0.0038304215283097424,0.003506662669117258,0.0036685420987135004,0.3874505964923942,0.4357602442262972,0.4116054203593457,0.4357602442262972,0.41261520043246624,-2201,3360,3360,28.430309295654297,200.0,675.0,1521.4283999997424,-2201,3360,0.01966094970703125,0.009815216064453125,0.009845733642578125,5154,2573,2581,262144,False,False
5,original,original_mixed,0.01320703788138844,0.031475715483555454,99.995,1,0.0026567838578143432,0.0053135677156286865,0.00015319436904080564,0.00016402445911293243,0.00015860941407686902,0.002001831228696915,0.003678999616782461,0.002840415422739688,0.0013969286248255682,0.0038304215283097424,0.003506662669117258,0.0036685420987135004,0.24376778397403098,0.2839647646380005,0.2638662743060157,0.2839647646380005,0.26309554797611984,-2201,3360,3360,28.430309295654297,200.0,675.0,1521.4283999997424,-1100,1680,0.006710052490234375,0.00347900390625,0.003231048583984375,1759,912,847,262144,False,False
5,original,original_mixed,0.01320703788138844,0.031475715483555454,99.995,2,0.0026567838578143432,0.010627135431257373,0.00015319436904080564,0.00016402445911293243,0.00015860941407686902,0.002001831228696915,0.003678999616782461,0.002840415422739688,0.0013969286248255682,0.0038304215283097424,0.003506662669117258,0.0036685420987135004,0.11766173545634487,0.14272249893685623,0.13019211719660057,0.14272249893685623,0.1278725992661026,-2201,3360,3360,28.430309295654297,200.0,675.0,1521.4283999997424,-550,840,0.001873016357421875,0.00098419189453125,0.000888824462890625,491,258,233,262144,False,False
5,original,original_mixed,0.01320703788138844,0.031475715483555454,99.995,3,0.0026567838578143432,0.021254270862514746,0.00015319436904080564,0.00016402445911293243,0.00015860941407686902,0.002001831228696915,0.003678999616782461,0.002840415422739688,0.0013969286248255682,0.0038304215283097424,0.003506662669117258,0.0036685420987135004,0.03730022280379522,0.04888450425582052,0.04309236352980787,0.04888450425582052,0.04016245855086471,-2201,3360,3360,28.430309295654297,200.0,675.0,1521.4283999997424,-275,420,0.00035858154296875,0.000171661376953125,0.000186920166015625,94,45,49,262144,False,False
5,original,original_mixed,0.01320703788138844,0.031475715483555454,99.995,4,0.0026567838578143432,0.04250854172502949,0.00015319436904080564,0.00016402445911293243,0.00015860941407686902,0.002001831228696915,0.003678999616782461,0.002840415422739688,0.0013969286248255682,0.0038304215283097424,0.003506662669117258,0.0036685420987135004,0.01282334634725266,0.013666679914983186,0.013245013131117922,0.013666679914983186,0.00987795015522051,-2201,3360,3360,28.430309295654297,200.0,675.0,1521.4283999997424,-138,210,3.814697265625e-05,3.4332275390625e-05,3.814697265625e-06,10,9,1,262144,True,False
5,original,original_mixed,0.01320703788138844,0.031475715483555454,99.995,5,0.0026567838578143432,0.08501708345005898,0.00015319436904080564,0.00016402445911293243,0.00015860941407686902,0.002001831228696915,0.003678999616782461,0.002840415422739688,0.0013969286248255682,0.0038304215283097424,0.003506662669117258,0.0036685420987135004,0.030016460406403125,0.023018924554396112,0.02651769248039962,0.030016460406403125,0.022882198622379404,-2201,3360,3360,28.430309295654297,200.0,675.0,1521.4283999997424,-69,105,0.0,0.0,0.0,0,0,0,262144,False,False
5,original,original_mixed,0.01320703788138844,0.031475715483555454,99.995,6,0.0026567838578143432,0.17003416690011797,0.00015319436904080564,0.00016402445911293243,0.00015860941407686902,0.002001831228696915,0.003678999616782461,0.002840415422739688,0.0013969286248255682,0.0038304215283097424,0.003506662669117258,0.0036685420987135004,0.09530564573827707,0.07412818696634793,0.0847169163523125,0.09530564573827707,0.08133496182203613,-2201,3360,3360,28.430309295654297,200.0,675.0,1521.4283999997424,-34,52,0.0,0.0,0.0,0,0,0,262144,False,False
5,original,original_mixed,0.01320703788138844,0.031475715483555454,99.995,7,0.0026567838578143432,0.34006833380023593,0.00015319436904080564,0.00016402445911293243,0.00015860941407686902,0.002001831228696915,0.003678999616782461,0.002840415422739688,0.0013969286248255682,0.0038304215283097424,0.003506662669117258,0.0036685420987135004,0.23172901218886202,0.1914829374834444,0.2116059748361532,0.23172901218886202,0.20690011091008847,-2201,3360,3360,28.430309295654297,200.0,675.0,1521.4283999997424,-17,26,0.0,0.0,0.0,0,0,0,262144,False,False
6,-4,centered_grid,0.011322560097713642,0.045557702435974096,100.0,0,0.0028056130602130904,0.0028056130602130904,0.0004223720769853056,0.0002723685969859788,0.00034737033698564225,0.00468871396176214,0.007254983497053798,0.005971848729407969,0.0011472548284538761,0.006711776681458454,0.014773858244395368,0.01074281746292691,0.39975481701763654,0.49850028731416784,0.44912755216590217,0.49850028731416784,0.42972762766979544,-4998,3723,4998,26.492294311523438,195.0,638.0,1481.142399999313,-4998,3723,0.018848419189453125,0.00958251953125,0.009265899658203125,4941,2512,2429,262144,False,False
6,-4,centered_grid,0.011322560097713642,0.045557702435974096,100.0,1,0.0028056130602130904,0.005611226120426181,0.0004223720769853056,0.0002723685969859788,0.00034737033698564225,0.00468871396176214,0.007254983497053798,0.005971848729407969,0.0011472548284538761,0.006711776681458454,0.014773858244395368,0.01074281746292691,0.2687285273194404,0.35042991727069206,0.30957922229506624,0.35042991727069206,0.2897125424405911,-4998,3723,4998,26.492294311523438,195.0,638.0,1481.142399999313,-2499,1862,0.006252288818359375,0.0031280517578125,0.003124237060546875,1639,820,819,262144,False,False
6,-4,centered_grid,0.011322560097713642,0.045557702435974096,100.0,2,0.0028056130602130904,0.011222452240852361,0.0004223720769853056,0.0002723685969859788,0.00034737033698564225,0.00468871396176214,0.007254983497053798,0.005971848729407969,0.0011472548284538761,0.006711776681458454,0.014773858244395368,0.01074281746292691,0.1630949412431391,0.21184650579998038,0.18747072352155975,0.21184650579998038,0.16782092062487888,-4998,3723,4998,26.492294311523438,195.0,638.0,1481.142399999313,-1250,931,0.00154876708984375,0.000728607177734375,0.000820159912109375,406,191,215,262144,False,False
6,-4,centered_grid,0.011322560097713642,0.045557702435974096,100.0,3,0.0028056130602130904,0.022444904481704723,0.0004223720769853056,0.0002723685969859788,0.00034737033698564225,0.00468871396176214,0.007254983497053798,0.005971848729407969,0.0011472548284538761,0.006711776681458454,0.014773858244395368,0.01074281746292691,0.09080131319457477,0.11234708173220816,0.10157419746339147,0.11234708173220816,0.08368307831857405,-4998,3723,4998,26.492294311523438,195.0,638.0,1481.142399999313,-625,465,0.000263214111328125,0.00012969970703125,0.000133514404296875,69,34,35,262144,False,False
6,-4,centered_grid,0.011322560097713642,0.045557702435974096,100.0,4,0.0028056130602130904,0.044889808963409446,0.0004223720769853056,0.0002723685969859788,0.00034737033698564225,0.00468871396176214,0.007254983497053798,0.005971848729407969,0.0011472548284538761,0.006711776681458454,0.014773858244395368,0.01074281746292691,0.040813238850277204,0.04873963905832532,0.044776438954301265,0.04873963905832532,0.031315070127096126,-4998,3723,4998,26.492294311523438,195.0,638.0,1481.142399999313,-312,233,6.103515625e-05,2.288818359375e-05,3.814697265625e-05,16,6,10,262144,False,False
6,-4,centered_grid,0.011322560097713642,0.045557702435974096,100.0,5,0.0028056130602130904,0.08977961792681889,0.0004223720769853056,0.0002723685969859788,0.00034737033698564225,0.00468871396176214,0.007254983497053798,0.005971848729407969,0.0011472548284538761,0.006711776681458454,0.014773858244395368,0.01074281746292691,0.03625042838288769,0.03431023698797973,0.03528033268543371,0.03625042838288769,0.024374600317509952,-4998,3723,4998,26.492294311523438,195.0,638.0,1481.142399999313,-156,116,7.62939453125e-06,0.0,7.62939453125e-06,2,0,2,262144,True,True
6,-4,centered_grid,0.011322560097713642,0.045557702435974096,100.0,6,0.0028056130602130904,0.17955923585363778,0.0004223720769853056,0.0002723685969859788,0.00034737033698564225,0.00468871396176214,0.007254983497053798,0.005971848729407969,0.0011472548284538761,0.006711776681458454,0.014773858244395368,0.01074281746292691,0.10644468326017903,0.07670307621353059,0.09157387973685481,0.10644468326017903,0.08154483755896633,-4998,3723,4998,26.492294311523438,195.0,638.0,1481.142399999313,-78,58,0.0,0.0,0.0,0,0,0,262144,False,False
6,-4,centered_grid,0.011322560097713642,0.045557702435974096,100.0,7,0.0028056130602130904,0.35911847170727557,0.0004223720769853056,0.0002723685969859788,0.00034737033698564225,0.00468871396176214,0.007254983497053798,0.005971848729407969,0.0011472548284538761,0.006711776681458454,0.014773858244395368,0.01074281746292691,0.2405176900950625,0.17262594087259264,0.20657181548382758,0.2405176900950625,0.2013590770336302,-4998,3723,4998,26.492294311523438,195.0,638.0,1481.142399999313,-39,29,0.0,0.0,0.0,0,0,0,262144,False,False
6,-3,centered_grid,0.01234733934012382,0.0496810267936919,100.0,0,0.0030595427373245714,0.0030595427373245714,0.0004216861788019754,0.00024053556725106199,0.0003311108730265187,0.004970245231764901,0.00680980335031648,0.0058900242910406905,0.0011472548284538761,0.007154616211930508,0.013227722771753193,0.01019116949184185,0.38343237252932694,0.4810392692310518,0.43223582088018936,0.4810392692310518,0.4252336756367427,-4590,3431,4590,23.332256317138672,176.0,586.8560000001453,1364.5711999996565,-4590,3431,0.015911102294921875,0.007965087890625,0.007946014404296875,4171,2088,2083,262144,False,False
6,-3,centered_grid,0.01234733934012382,0.0496810267936919,100.0,1,0.0030595427373245714,0.006119085474649143,0.0004216861788019754,0.00024053556725106199,0.0003311108730265187,0.004970245231764901,0.00680980335031648,0.0058900242910406905,0.0011472548284538761,0.007154616211930508,0.013227722771753193,0.01019116949184185,0.25419736999970155,0.3321007149241051,0.2931490424619033,0.3321007149241051,0.28174283223667357,-4590,3431,4590,23.332256317138672,176.0,586.8560000001453,1364.5711999996565,-2295,1716,0.005340576171875,0.002689361572265625,0.002651214599609375,1400,705,695,262144,False,False
6,-3,centered_grid,0.01234733934012382,0.0496810267936919,100.0,2,0.0030595427373245714,0.012238170949298285,0.0004216861788019754,0.00024053556725106199,0.0003311108730265187,0.004970245231764901,0.00680980335031648,0.0058900242910406905,0.0011472548284538761,0.007154616211930508,0.013227722771753193,0.01019116949184185,0.15293972224708688,0.19737496581691746,0.17515734403200217,0.19737496581691746,0.16068580235047203,-4590,3431,4590,23.332256317138672,176.0,586.8560000001453,1364.5711999996565,-1148,858,0.00128173828125,0.000640869140625,0.000640869140625,336,168,168,262144,False,False
6,-3,centered_grid,0.01234733934012382,0.0496810267936919,100.0,3,0.0030595427373245714,0.02447634189859657,0.0004216861788019754,0.00024053556725106199,0.0003311108730265187,0.004970245231764901,0.00680980335031648,0.0058900242910406905,0.0011472548284538761,0.007154616211930508,0.013227722771753193,0.01019116949184185,0.08391155233906424,0.10291299714180048,0.09341227474043236,0.10291299714180048,0.07850790385857316,-4590,3431,4590,23.332256317138672,176.0,586.8560000001453,1364.5711999996565,-574,429,0.000209808349609375,9.918212890625e-05,0.000110626220703125,55,26,29,262144,False,False
6,-3,centered_grid,0.01234733934012382,0.0496810267936919,100.0,4,0.0030595427373245714,0.04895268379719314,0.0004216861788019754,0.00024053556725106199,0.0003311108730265187,0.004970245231764901,0.00680980335031648,0.0058900242910406905,0.0011472548284538761,0.007154616211930508,0.013227722771753193,0.01019116949184185,0.03683074523333373,0.04337940652914992,0.040105075881241826,0.04337940652914992,0.02829362155874799,-4590,3431,4590,23.332256317138672,176.0,586.8560000001453,1364.5711999996565,-287,214,4.1961669921875e-05,1.1444091796875e-05,3.0517578125e-05,11,3,8,262144,False,False
6,-3,centered_grid,0.01234733934012382,0.0496810267936919,100.0,5,0.0030595427373245714,0.09790536759438628,0.0004216861788019754,0.00024053556725106199,0.0003311108730265187,0.004970245231764901,0.00680980335031648,0.0058900242910406905,0.0011472548284538761,0.007154616211930508,0.013227722771753193,0.01019116949184185,0.041545799068287335,0.03459494037078151,0.038070369719534425,0.041545799068287335,0.028686098536809885,-4590,3431,4590,23.332256317138672,176.0,586.8560000001453,1364.5711999996565,-143,107,3.814697265625e-06,0.0,3.814697265625e-06,1,0,1,262144,True,False
6,-3,centered_grid,0.01234733934012382,0.0496810267936919,100.0,6,0.0030595427373245714,0.19581073518877257,0.0004216861788019754,0.00024053556725106199,0.0003311108730265187,0.004970245231764901,0.00680980335031648,0.0058900242910406905,0.0011472548284538761,0.007154616211930508,0.013227722771753193,0.01019116949184185,0.1213750411146442,0.0848604012299567,0.10311772117230045,0.1213750411146442,0.09535908885077377,-4590,3431,4590,23.332256317138672,176.0,586.8560000001453,1364.5711999996565,-72,54,0.0,0.0,0.0,0,0,0,262144,False,False
6,-3,centered_grid,0.01234733934012382,0.0496810267936919,100.0,7,0.0030595427373245714,0.39162147037754513,0.0004216861788019754,0.00024053556725106199,0.0003311108730265187,0.004970245231764901,0.00680980335031648,0.0058900242910406905,0.0011472548284538761,0.007154616211930508,0.013227722771753193,0.01019116949184185,0.25883221076666835,0.18460656634030687,0.2217193885534876,0.25883221076666835,0.21112631872576246,-4590,3431,4590,23.332256317138672,176.0,586.8560000001453,1364.5711999996565,-36,27,0.0,0.0,0.0,0,0,0,262144,False,False
6,-2,centered_grid,0.013464869028246966,0.05417754388530859,100.0,0,0.003336455013474597,0.003336455013474597,0.0004240093443719809,0.0002134295506748543,0.0003187194475234176,0.00457604600902261,0.005863352823051343,0.005219699416036977,0.0011472548284538761,0.0070123455261613754,0.011462948369630018,0.009237646947895696,0.3665219318818573,0.46293401557073677,0.414727973726297,0.46293401557073677,0.400014167797193,-4233,3139,4233,21.98211669921875,162.0,532.0,1242.4281999994419,-4233,3139,0.014293670654296875,0.007129669189453125,0.00716400146484375,3747,1869,1878,262144,False,False
6,-2,centered_grid,0.013464869028246966,0.05417754388530859,100.0,1,0.003336455013474597,0.006672910026949194,0.0004240093443719809,0.0002134295506748543,0.0003187194475234176,0.00457604600902261,0.005863352823051343,0.005219699416036977,0.0011472548284538761,0.0070123455261613754,0.011462948369630018,0.009237646947895696,0.23946416950983962,0.313633253835363,0.2765487116726013,0.313633253835363,0.2602982572496396,-4233,3139,4233,21.98211669921875,162.0,532.0,1242.4281999994419,-2116,1570,0.004642486572265625,0.002330780029296875,0.00231170654296875,1217,611,606,262144,False,False
6,-2,centered_grid,0.013464869028246966,0.05417754388530859,100.0,2,0.003336455013474597,0.013345820053898389,0.0004240093443719809,0.0002134295506748543,0.0003187194475234176,0.00457604600902261,0.005863352823051343,0.005219699416036977,0.0011472548284538761,0.0070123455261613754,0.011462948369630018,0.009237646947895696,0.14247709900777653,0.1831777807430211,0.16282743987539883,0.1831777807430211,0.14603119525947147,-4233,3139,4233,21.98211669921875,162.0,532.0,1242.4281999994419,-1058,785,0.00110626220703125,0.000537872314453125,0.000568389892578125,290,141,149,262144,False,False
6,-2,centered_grid,0.013464869028246966,0.05417754388530859,100.0,3,0.003336455013474597,0.026691640107796778,0.0004240093443719809,0.0002134295506748543,0.0003187194475234176,0.00457604600902261,0.005863352823051343,0.005219699416036977,0.0011472548284538761,0.0070123455261613754,0.011462948369630018,0.009237646947895696,0.07673069112044947,0.09381554078391072,0.0852731159521801,0.09381554078391072,0.06985974286320437,-4233,3139,4233,21.98211669921875,162.0,532.0,1242.4281999994419,-529,392,0.00017547607421875,8.392333984375e-05,9.1552734375e-05,46,22,24,262144,False,False
6,-2,centered_grid,0.013464869028246966,0.05417754388530859,100.0,4,0.003336455013474597,0.053383280215593555,0.0004240093443719809,0.0002134295506748543,0.0003187194475234176,0.00457604600902261,0.005863352823051343,0.005219699416036977,0.0011472548284538761,0.0070123455261613754,0.011462948369630018,0.009237646947895696,0.033597487381288475,0.038726482732922854,0.03616198505710566,0.038726482732922854,0.02474888086875173,-4233,3139,4233,21.98211669921875,162.0,532.0,1242.4281999994419,-265,196,3.814697265625e-05,1.1444091796875e-05,2.6702880859375e-05,10,3,7,262144,True,False
6,-2,centered_grid,0.013464869028246966,0.05417754388530859,100.0,5,0.003336455013474597,0.10676656043118711,0.0004240093443719809,0.0002134295506748543,0.0003187194475234176,0.00457604600902261,0.005863352823051343,0.005219699416036977,0.0011472548284538761,0.0070123455261613754,0.011462948369630018,0.009237646947895696,0.0477258203154229,0.036238123868487654,0.041981972091955276,0.0477258203154229,0.03257701726390281,-4233,3139,4233,21.98211669921875,162.0,532.0,1242.4281999994419,-132,98,3.814697265625e-06,0.0,3.814697265625e-06,1,0,1,262144,False,False
6,-2,centered_grid,0.013464869028246966,0.05417754388530859,100.0,6,0.003336455013474597,0.21353312086237422,0.0004240093443719809,0.0002134295506748543,0.0003187194475234176,0.00457604600902261,0.005863352823051343,0.005219699416036977,0.0011472548284538761,0.0070123455261613754,0.011462948369630018,0.009237646947895696,0.13706813469730125,0.09390329155610588,0.11548571312670357,0.13706813469730125,0.10675376085874544,-4233,3139,4233,21.98211669921875,162.0,532.0,1242.4281999994419,-66,49,0.0,0.0,0.0,0,0,0,262144,False,False
6,-2,centered_grid,0.013464869028246966,0.05417754388530859,100.0,7,0.003336455013474597,0.42706624172474844,0.0004240093443719809,0.0002134295506748543,0.0003187194475234176,0.00457604600902261,0.005863352823051343,0.005219699416036977,0.0011472548284538761,0.0070123455261613754,0.011462948369630018,0.009237646947895696,0.2737905778622635,0.19480060968623975,0.23429559377425163,0.2737905778622635,0.23058816974641577,-4233,3139,4233,21.98211669921875,162.0,532.0,1242.4281999994419,-33,25,0.0,0.0,0.0,0,0,0,262144,False,False
6,-1,centered_grid,0.01468354379462825,0.02997271902366087,99.995,0,0.0018458317133323685,0.0018458317133323685,0.00042509082508739195,0.00018876357466622492,0.00030692719987680843,0.0033357996862307575,0.009379894168183916,0.006357846927207337,0.0011472548284538761,0.004954302102046942,0.025447075365482612,0.015200688733764777,0.47765698816317825,0.5780837816132851,0.5278703848882317,0.5780837816132851,0.5080448929845898,-6480,5694,6480,39.917728424072266,294.0,967.7140000000363,2251.7139999995707,-6480,5694,0.04000091552734375,0.0201568603515625,0.01984405517578125,10486,5284,5202,262144,False,False
6,-1,centered_grid,0.01468354379462825,0.02997271902366087,99.995,1,0.0018458317133323685,0.003691663426664737,0.00042509082508739195,0.00018876357466622492,0.00030692719987680843,0.0033357996862307575,0.009379894168183916,0.006357846927207337,0.0011472548284538761,0.004954302102046942,0.025447075365482612,0.015200688733764777,0.3441558807561852,0.43937888676276315,0.3917673837594742,0.43937888676276315,0.3677344984937837,-6480,5694,6480,39.917728424072266,294.0,967.7140000000363,2251.7139999995707,-3240,2847,0.012237548828125,0.006114959716796875,0.006122589111328125,3208,1603,1605,262144,False,False
6,-1,centered_grid,0.01468354379462825,0.02997271902366087,99.995,2,0.0018458317133323685,0.007383326853329474,0.00042509082508739195,0.00018876357466622492,0.00030692719987680843,0.0033357996862307575,0.009379894168183916,0.006357846927207337,0.0011472548284538761,0.004954302102046942,0.025447075365482612,0.015200688733764777,0.22011007862822565,0.2902927268373166,0.25520140273277114,0.2902927268373166,0.2282859176744419,-6480,5694,6480,39.917728424072266,294.0,967.7140000000363,2251.7139999995707,-1620,1424,0.003917694091796875,0.00197601318359375,0.001941680908203125,1027,518,509,262144,False,False
6,-1,centered_grid,0.01468354379462825,0.02997271902366087,99.995,3,0.0018458317133323685,0.014766653706658948,0.00042509082508739195,0.00018876357466622492,0.00030692719987680843,0.0033357996862307575,0.009379894168183916,0.006357846927207337,0.0011472548284538761,0.004954302102046942,0.025447075365482612,0.015200688733764777,0.12807000748396177,0.16528255137314893,0.14667627942855535,0.16528255137314893,0.11972726617892149,-6480,5694,6480,39.917728424072266,294.0,967.7140000000363,2251.7139999995707,-810,712,0.000850677490234375,0.000408172607421875,0.0004425048828125,223,107,116,262144,False,False
6,-1,centered_grid,0.01468354379462825,0.02997271902366087,99.995,4,0.0018458317133323685,0.029533307413317895,0.00042509082508739195,0.00018876357466622492,0.00030692719987680843,0.0033357996862307575,0.009379894168183916,0.006357846927207337,0.0011472548284538761,0.004954302102046942,0.025447075365482612,0.015200688733764777,0.06694433045726259,0.08163727091036134,0.07429080068381197,0.08163727091036134,0.05165986640841265,-6480,5694,6480,39.917728424072266,294.0,967.7140000000363,2251.7139999995707,-405,356,0.0001220703125,6.4849853515625e-05,5.7220458984375e-05,32,17,15,262144,False,False
6,-1,centered_grid,0.01468354379462825,0.02997271902366087,99.995,5,0.0018458317133323685,0.05906661482663579,0.00042509082508739195,0.00018876357466622492,0.00030692719987680843,0.0033357996862307575,0.009379894168183916,0.006357846927207337,0.0011472548284538761,0.004954302102046942,0.025447075365482612,0.015200688733764777,0.029122431616260193,0.04281481395801578,0.035968622787137985,0.04281481395801578,0.018733827915636336,-6480,5694,6480,39.917728424072266,294.0,967.7140000000363,2251.7139999995707,-202,178,2.288818359375e-05,1.1444091796875e-05,1.1444091796875e-05,6,3,3,262144,True,False
6,-1,centered_grid,0.01468354379462825,0.02997271902366087,99.995,6,0.0018458317133323685,0.11813322965327158,0.00042509082508739195,0.00018876357466622492,0.00030692719987680843,0.0033357996862307575,0.009379894168183916,0.006357846927207337,0.0011472548284538761,0.004954302102046942,0.025447075365482612,0.015200688733764777,0.053826741428410776,0.055100134093550385,0.05446343776098058,0.055100134093550385,0.04025104307475663,-6480,5694,6480,39.917728424072266,294.0,967.7140000000363,2251.7139999995707,-101,89,0.0,0.0,0.0,0,0,0,262144,False,False
6,-1,centered_grid,0.01468354379462825,0.02997271902366087,99.995,7,0.0018458317133323685,0.23626645930654316,0.00042509082508739195,0.00018876357466622492,0.00030692719987680843,0.0033357996862307575,0.009379894168183916,0.006357846927207337,0.0011472548284538761,0.004954302102046942,0.025447075365482612,0.015200688733764777,0.1546083150032676,0.12118284946318862,0.13789558223322812,0.1546083150032676,0.12616534920339398,-6480,5694,6480,39.917728424072266,294.0,967.7140000000363,2251.7139999995707,-51,44,0.0,0.0,0.0,0,0,0,262144,False,False
6,0,centered_grid,0.016012518050971068,0.03003791206197832,99.995,0,0.0018498465435357896,0.0018498465435357896,0.0004273100358257373,0.00016681460052416628,0.0002970623181749518,0.0033520394834050016,0.009380197418006149,0.006366118450705575,0.0011472548284538761,0.004950406595881347,0.02538679714550177,0.015168601870691557,0.47725637997505727,0.5776992551137039,0.5274778175443806,0.5776992551137039,0.5080811694764011,-6480,5694,6480,39.81876754760742,290.0,965.142000000109,2246.1421999990125,-6480,5694,0.039707183837890625,0.02001190185546875,0.019695281982421875,10409,5246,5163,262144,False,False
6,0,centered_grid,0.016012518050971068,0.03003791206197832,99.995,1,0.0018498465435357896,0.003699693087071579,0.0004273100358257373,0.00016681460052416628,0.0002970623181749518,0.0033520394834050016,0.009380197418006149,0.006366118450705575,0.0011472548284538761,0.004950406595881347,0.02538679714550177,0.015168601870691557,0.3437383112354074,0.4389403193363919,0.3913393152858996,0.4389403193363919,0.3678975543319655,-6480,5694,6480,39.81876754760742,290.0,965.142000000109,2246.1421999990125,-3240,2847,0.01214599609375,0.006076812744140625,0.006069183349609375,3184,1593,1591,262144,False,False
6,0,centered_grid,0.016012518050971068,0.03003791206197832,99.995,2,0.0018498465435357896,0.007399386174143158,0.0004273100358257373,0.00016681460052416628,0.0002970623181749518,0.0033520394834050016,0.009380197418006149,0.006366118450705575,0.0011472548284538761,0.004950406595881347,0.02538679714550177,0.015168601870691557,0.21977021841496536,0.28987220560929283,0.2548212120121291,0.28987220560929283,0.228498032468465,-6480,5694,6480,39.81876754760742,290.0,965.142000000109,2246.1421999990125,-1620,1424,0.003902435302734375,0.001964569091796875,0.0019378662109375,1023,515,508,262144,False,False
6,0,centered_grid,0.016012518050971068,0.03003791206197832,99.995,3,0.0018498465435357896,0.014798772348286316,0.0004273100358257373,0.00016681460052416628,0.0002970623181749518,0.0033520394834050016,0.009380197418006149,0.006366118450705575,0.0011472548284538761,0.004950406595881347,0.02538679714550177,0.015168601870691557,0.12783836575233867,0.1649920745933571,0.1464152201728479,0.1649920745933571,0.11995969435356343,-6480,5694,6480,39.81876754760742,290.0,965.142000000109,2246.1421999990125,-810,712,0.00084686279296875,0.00040435791015625,0.0004425048828125,222,106,116,262144,False,False
6,0,centered_grid,0.016012518050971068,0.03003791206197832,99.995,4,0.0018498465435357896,0.029597544696572633,0.0004273100358257373,0.00016681460052416628,0.0002970623181749518,0.0033520394834050016,0.009380197418006149,0.006366118450705575,0.0011472548284538761,0.004950406595881347,0.02538679714550177,0.015168601870691557,0.06678902777750986,0.08148006154775614,0.074134544662633,0.08148006154775614,0.05184905443535139,-6480,5694,6480,39.81876754760742,290.0,965.142000000109,2246.1421999990125,-405,356,0.0001220703125,6.4849853515625e-05,5.7220458984375e-05,32,17,15,262144,False,False
6,0,centered_grid,0.016012518050971068,0.03003791206197832,99.995,5,0.0018498465435357896,0.059195089393145266,0.0004273100358257373,0.00016681460052416628,0.0002970623181749518,0.0033520394834050016,0.009380197418006149,0.006366118450705575,0.0011472548284538761,0.004950406595881347,0.02538679714550177,0.015168601870691557,0.02908101600056157,0.04276638703640562,0.03592370151848359,0.04276638703640562,0.01884890166561387,-6480,5694,6480,39.81876754760742,290.0,965.142000000109,2246.1421999990125,-202,178,2.288818359375e-05,1.1444091796875e-05,1.1444091796875e-05,6,3,3,262144,True,False
6,0,centered_grid,0.016012518050971068,0.03003791206197832,99.995,6,0.0018498465435357896,0.11839017878629053,0.0004273100358257373,0.00016681460052416628,0.0002970623181749518,0.0033520394834050016,0.009380197418006149,0.006366118450705575,0.0011472548284538761,0.004950406595881347,0.02538679714550177,0.015168601870691557,0.054007708405023905,0.055138680077349504,0.0545731942411867,0.055138680077349504,0.04041447683928141,-6480,5694,6480,39.81876754760742,290.0,965.142000000109,2246.1421999990125,-101,89,0.0,0.0,0.0,0,0,0,262144,False,False
6,0,centered_grid,0.016012518050971068,0.03003791206197832,99.995,7,0.0018498465435357896,0.23678035757258106,0.0004273100358257373,0.00016681460052416628,0.0002970623181749518,0.0033520394834050016,0.009380197418006149,0.006366118450705575,0.0011472548284538761,0.004950406595881347,0.02538679714550177,0.015168601870691557,0.15506271487059914,0.1213525062452033,0.1382076105579012,0.15506271487059914,0.12670926719852094,-6480,5694,6480,39.81876754760742,290.0,965.142000000109,2246.1421999990125,-51,44,0.0,0.0,0.0,0,0,0,262144,False,False
6,1,centered_grid,0.01746177475402597,0.030021530900545212,99.995,0,0.001848837730579895,0.001848837730579895,0.00043084360469105177,0.00014811799257638918,0.00028948079863372046,0.0033539256606426792,0.009383687966104788,0.006368806813373734,0.0011472548284538761,0.004948615173164657,0.025406108528750602,0.01517736185095763,0.47735601580358106,0.5777992899419283,0.5275776528727547,0.5777992899419283,0.5074773788033438,-6480,5694,6480,39.938289642333984,294.0,965.142000000109,2251.7139999995707,-6480,5694,0.0400543212890625,0.020183563232421875,0.019870758056640625,10500,5291,5209,262144,False,False
6,1,centered_grid,0.01746177475402597,0.030021530900545212,99.995,1,0.001848837730579895,0.00369767546115979,0.00043084360469105177,0.00014811799257638918,0.00028948079863372046,0.0033539256606426792,0.009383687966104788,0.006368806813373734,0.0011472548284538761,0.004948615173164657,0.025406108528750602,0.01517736185095763,0.3438541568069178,0.4390557912793113,0.3914549740431146,0.4390557912793113,0.3672495822250103,-6480,5694,6480,39.938289642333984,294.0,965.142000000109,2251.7139999995707,-3240,2847,0.012203216552734375,0.00609588623046875,0.006107330322265625,3199,1598,1601,262144,False,False
6,1,centered_grid,0.01746177475402597,0.030021530900545212,99.995,2,0.001848837730579895,0.00739535092231958,0.00043084360469105177,0.00014811799257638918,0.00028948079863372046,0.0033539256606426792,0.009383687966104788,0.006368806813373734,0.0011472548284538761,0.004948615173164657,0.025406108528750602,0.01517736185095763,0.21987038061556885,0.28998599445519974,0.25492818753538427,0.28998599445519974,0.22799697891183618,-6480,5694,6480,39.938289642333984,294.0,965.142000000109,2251.7139999995707,-1620,1424,0.00389862060546875,0.0019683837890625,0.00193023681640625,1022,516,506,262144,False,False
6,1,centered_grid,0.01746177475402597,0.030021530900545212,99.995,3,0.001848837730579895,0.01479070184463916,0.00043084360469105177,0.00014811799257638918,0.00028948079863372046,0.0033539256606426792,0.009383687966104788,0.006368806813373734,0.0011472548284538761,0.004948615173164657,0.025406108528750602,0.01517736185095763,0.12790096790047803,0.16506762733070623,0.14648429761559212,0.16506762733070623,0.11965093859446671,-6480,5694,6480,39.938289642333984,294.0,965.142000000109,2251.7139999995707,-810,712,0.000850677490234375,0.000408172607421875,0.0004425048828125,223,107,116,262144,False,False
6,1,centered_grid,0.01746177475402597,0.030021530900545212,99.995,4,0.001848837730579895,0.02958140368927832,0.00043084360469105177,0.00014811799257638918,0.00028948079863372046,0.0033539256606426792,0.009383687966104788,0.006368806813373734,0.0011472548284538761,0.004948615173164657,0.025406108528750602,0.01517736185095763,0.06682715162734001,0.08151682087038774,0.07417198624886387,0.08151682087038774,0.051634580808329875,-6480,5694,6480,39.938289642333984,294.0,965.142000000109,2251.7139999995707,-405,356,0.0001220703125,6.4849853515625e-05,5.7220458984375e-05,32,17,15,262144,False,False
6,1,centered_grid,0.01746177475402597,0.030021530900545212,99.995,5,0.001848837730579895,0.05916280737855664,0.00043084360469105177,0.00014811799257638918,0.00028948079863372046,0.0033539256606426792,0.009383687966104788,0.006368806813373734,0.0011472548284538761,0.004948615173164657,0.025406108528750602,0.01517736185095763,0.02909292809196124,0.04277704425142645,0.03593498617169384,0.04277704425142645,0.01877060415907479,-6480,5694,6480,39.938289642333984,294.0,965.142000000109,2251.7139999995707,-202,178,2.288818359375e-05,1.1444091796875e-05,1.1444091796875e-05,6,3,3,262144,True,False
6,1,centered_grid,0.01746177475402597,0.030021530900545212,99.995,6,0.001848837730579895,0.11832561475711328,0.00043084360469105177,0.00014811799257638918,0.00028948079863372046,0.0033539256606426792,0.009383687966104788,0.006368806813373734,0.0011472548284538761,0.004948615173164657,0.025406108528750602,0.01517736185095763,0.05395584059464079,0.05513899853881332,0.054547419566727054,0.05513899853881332,0.040294026282168154,-6480,5694,6480,39.938289642333984,294.0,965.142000000109,2251.7139999995707,-101,89,0.0,0.0,0.0,0,0,0,262144,False,False
6,1,centered_grid,0.01746177475402597,0.030021530900545212,99.995,7,0.001848837730579895,0.23665122951422657,0.00043084360469105177,0.00014811799257638918,0.00028948079863372046,0.0033539256606426792,0.009383687966104788,0.006368806813373734,0.0011472548284538761,0.004948615173164657,0.025406108528750602,0.01517736185095763,0.1549305171803743,0.12130404550350084,0.13811728134193757,0.1549305171803743,0.12634281195097993,-6480,5694,6480,39.938289642333984,294.0,965.142000000109,2251.7139999995707,-51,44,0.0,0.0,0.0,0,0,0,262144,False,False
6,2,centered_grid,0.019042200395324296,0.030039947751937548,99.995,0,0.00184997190890829,0.00184997190890829,0.00043294320435240965,0.0001340689452032771,0.00028350607477784336,0.0033656151883797642,0.009387133977332079,0.006376374582855921,0.0011472548284538761,0.004965334546415348,0.025376841259083013,0.01517108790274918,0.4772521323746631,0.5776898652245044,0.5274709987995837,0.5776898652245044,0.5078547247444228,-6480,5694,6480,39.82910919189453,292.0,966.0,2251.7139999995707,-6480,5694,0.03985595703125,0.020107269287109375,0.019748687744140625,10448,5271,5177,262144,False,False
6,2,centered_grid,0.019042200395324296,0.030039947751937548,99.995,1,0.00184997190890829,0.00369994381781658,0.00043294320435240965,0.0001340689452032771,0.00028350607477784336,0.0033656151883797642,0.009387133977332079,0.006376374582855921,0.0011472548284538761,0.004965334546415348,0.025376841259083013,0.01517108790274918,0.3437439842206609,0.43892400307485036,0.3913339936477556,0.43892400307485036,0.3676718783643699,-6480,5694,6480,39.82910919189453,292.0,966.0,2251.7139999995707,-3240,2847,0.012187957763671875,0.00608062744140625,0.006107330322265625,3195,1594,1601,262144,False,False
6,2,centered_grid,0.019042200395324296,0.030039947751937548,99.995,2,0.00184997190890829,0.00739988763563316,0.00043294320435240965,0.0001340689452032771,0.00028350607477784336,0.0033656151883797642,0.009387133977332079,0.006376374582855921,0.0011472548284538761,0.004965334546415348,0.025376841259083013,0.01517108790274918,0.21977841552954117,0.2898533634185359,0.25481588947403855,0.2898533634185359,0.22837939473428331,-6480,5694,6480,39.82910919189453,292.0,966.0,2251.7139999995707,-1620,1424,0.003902435302734375,0.001972198486328125,0.00193023681640625,1023,517,506,262144,False,False
6,2,centered_grid,0.019042200395324296,0.030039947751937548,99.995,3,0.00184997190890829,0.01479977527126632,0.00043294320435240965,0.0001340689452032771,0.00028350607477784336,0.0033656151883797642,0.009387133977332079,0.006376374582855921,0.0011472548284538761,0.004965334546415348,0.025376841259083013,0.01517108790274918,0.12785447126571176,0.16497417211157495,0.14641432168864335,0.16497417211157495,0.1199620611514754,-6480,5694,6480,39.82910919189453,292.0,966.0,2251.7139999995707,-810,712,0.0008544921875,0.0004119873046875,0.0004425048828125,224,108,116,262144,False,False
6,2,centered_grid,0.019042200395324296,0.030039947751937548,99.995,4,0.00184997190890829,0.02959955054253264,0.00043294320435240965,0.0001340689452032771,0.00028350607477784336,0.0033656151883797642,0.009387133977332079,0.006376374582855921,0.0011472548284538761,0.004965334546415348,0.025376841259083013,0.01517108790274918,0.06679721181778196,0.08145519915533683,0.0741262054865594,0.08145519915533683,0.051825265384335906,-6480,5694,6480,39.82910919189453,292.0,966.0,2251.7139999995707,-405,356,0.0001220703125,6.4849853515625e-05,5.7220458984375e-05,32,17,15,262144,False,False
6,2,centered_grid,0.019042200395324296,0.030039947751937548,99.995,5,0.00184997190890829,0.05919910108506528,0.00043294320435240965,0.0001340689452032771,0.00028350607477784336,0.0033656151883797642,0.009387133977332079,0.006376374582855921,0.0011472548284538761,0.004965334546415348,0.025376841259083013,0.01517108790274918,0.029050494172303192,0.04274979541305229,0.03590014479267774,0.04274979541305229,0.018797056728175405,-6480,5694,6480,39.82910919189453,292.0,966.0,2251.7139999995707,-202,178,2.288818359375e-05,1.1444091796875e-05,1.1444091796875e-05,6,3,3,262144,True,False
6,2,centered_grid,0.019042200395324296,0.030039947751937548,99.995,6,0.00184997190890829,0.11839820217013056,0.00043294320435240965,0.0001340689452032771,0.00028350607477784336,0.0033656151883797642,0.009387133977332079,0.006376374582855921,0.0011472548284538761,0.004965334546415348,0.025376841259083013,0.01517108790274918,0.05404522518959662,0.05516297808539369,0.054604101637495156,0.05516297808539369,0.040282051426788854,-6480,5694,6480,39.82910919189453,292.0,966.0,2251.7139999995707,-101,89,0.0,0.0,0.0,0,0,0,262144,False,False
6,2,centered_grid,0.019042200395324296,0.030039947751937548,99.995,7,0.00184997190890829,0.2367964043402611,0.00043294320435240965,0.0001340689452032771,0.00028350607477784336,0.0033656151883797642,0.009387133977332079,0.006376374582855921,0.0011472548284538761,0.004965334546415348,0.025376841259083013,0.01517108790274918,0.1551014177050124,0.12134648252442297,0.1382239501147177,0.1551014177050124,0.12638598235058843,-6480,5694,6480,39.82910919189453,292.0,966.0,2251.7139999995707,-51,44,0.0,0.0,0.0,0,0,0,262144,False,False
6,3,centered_grid,0.02076566677806257,0.029996748682257265,99.995,0,0.0018473115492412416,0.0018473115492412416,0.0004373077669643066,0.00012630488587571668,0.00028180632642001163,0.003396726246597669,0.009411093906367221,0.006403910076482445,0.0011472548284538761,0.00501027168419538,0.02544808125369494,0.015229176468945161,0.47752484981574617,0.5779484409093012,0.5277366453625236,0.5779484409093012,0.5069459915184664,-6480,5621,6480,40.00223159790039,294.0,960.0,2246.1421999990125,-6480,5621,0.04022979736328125,0.020282745361328125,0.019947052001953125,10546,5317,5229,262144,False,False
6,3,centered_grid,0.02076566677806257,0.029996748682257265,99.995,1,0.0018473115492412416,0.003694623098482483,0.0004373077669643066,0.00012630488587571668,0.00028180632642001163,0.003396726246597669,0.009411093906367221,0.006403910076482445,0.0011472548284538761,0.00501027168419538,0.02544808125369494,0.015229176468945161,0.3440325605935696,0.4392344631825709,0.3916335118880703,0.4392344631825709,0.36669332276965527,-6480,5621,6480,40.00223159790039,294.0,960.0,2246.1421999990125,-3240,2810,0.012241363525390625,0.006122589111328125,0.0061187744140625,3209,1605,1604,262144,False,False
6,3,centered_grid,0.02076566677806257,0.029996748682257265,99.995,2,0.0018473115492412416,0.007389246196964966,0.0004373077669643066,0.00012630488587571668,0.00028180632642001163,0.003396726246597669,0.009411093906367221,0.006403910076482445,0.0011472548284538761,0.00501027168419538,0.02544808125369494,0.015229176468945161,0.2200279422363041,0.2901631887288112,0.25509556548255763,0.2901631887288112,0.2274443514340026,-6480,5621,6480,40.00223159790039,294.0,960.0,2246.1421999990125,-1620,1405,0.00391387939453125,0.001972198486328125,0.001941680908203125,1026,517,509,262144,False,False
6,3,centered_grid,0.02076566677806257,0.029996748682257265,99.995,3,0.0018473115492412416,0.014778492393929933,0.0004373077669643066,0.00012630488587571668,0.00028180632642001163,0.003396726246597669,0.009411093906367221,0.006403910076482445,0.0011472548284538761,0.00501027168419538,0.02544808125369494,0.015229176468945161,0.1280369715390683,0.16520095488657385,0.14661896321282109,0.16520095488657385,0.11916906118950224,-6480,5621,6480,40.00223159790039,294.0,960.0,2246.1421999990125,-810,703,0.00084686279296875,0.000408172607421875,0.000438690185546875,222,107,115,262144,False,False
6,3,centered_grid,0.02076566677806257,0.029996748682257265,99.995,4,0.0018473115492412416,0.029556984787859866,0.0004373077669643066,0.00012630488587571668,0.00028180632642001163,0.003396726246597669,0.009411093906367221,0.006403910076482445,0.0011472548284538761,0.00501027168419538,0.02544808125369494,0.015229176468945161,0.0669276508462997,0.08159472221278218,0.07426118652954095,0.08159472221278218,0.051264127721914805,-6480,5621,6480,40.00223159790039,294.0,960.0,2246.1421999990125,-405,351,0.0001220703125,6.4849853515625e-05,5.7220458984375e-05,32,17,15,262144,False,False
6,3,centered_grid,0.02076566677806257,0.029996748682257265,99.995,5,0.0018473115492412416,0.05911396957571973,0.0004373077669643066,0.00012630488587571668,0.00028180632642001163,0.003396726246597669,0.009411093906367221,0.006403910076482445,0.0011472548284538761,0.00501027168419538,0.02544808125369494,0.015229176468945161,0.029116665948755276,0.04280323218020395,0.035959949064479614,0.04280323218020395,0.018547819260914842,-6480,5621,6480,40.00223159790039,294.0,960.0,2246.1421999990125,-202,176,2.288818359375e-05,1.1444091796875e-05,1.1444091796875e-05,6,3,3,262144,True,False
6,3,centered_grid,0.02076566677806257,0.029996748682257265,99.995,6,0.0018473115492412416,0.11822793915143946,0.0004373077669643066,0.00012630488587571668,0.00028180632642001163,0.003396726246597669,0.009411093906367221,0.006403910076482445,0.0011472548284538761,0.00501027168419538,0.02544808125369494,0.015229176468945161,0.053906626263531536,0.05512145730608007,0.0545140417848058,0.05512145730608007,0.0401246879268953,-6480,5621,6480,40.00223159790039,294.0,960.0,2246.1421999990125,-101,88,0.0,0.0,0.0,0,0,0,262144,False,False
6,3,centered_grid,0.02076566677806257,0.029996748682257265,99.995,7,0.0018473115492412416,0.23645587830287892,0.0004373077669643066,0.00012630488587571668,0.00028180632642001163,0.003396726246597669,0.009411093906367221,0.006403910076482445,0.0011472548284538761,0.00501027168419538,0.02544808125369494,0.015229176468945161,0.15480440293715753,0.12121189485813372,0.13800814889764562,0.15480440293715753,0.1263117751416192,-6480,5621,6480,40.00223159790039,294.0,960.0,2246.1421999990125,-51,44,0.0,0.0,0.0,0,0,0,262144,False,False
6,4,centered_grid,0.022645120195427283,0.030037214867197497,99.995,0,0.0018498036076834967,0.0018498036076834967,0.00044213717076729055,0.0001253521264776688,0.0002837446486224797,0.003409088926118962,0.009419604871737939,0.00641434689892845,0.0011472548284538761,0.005014766501476015,0.02542982612725588,0.015222296314365946,0.47728390760558453,0.5777219178858914,0.527502912745738,0.5777219178858914,0.5070026971524351,-6477,5694,6477,39.93705749511719,294.0,968.0,2251.7139999995707,-6477,5694,0.040111541748046875,0.0202484130859375,0.019863128662109375,10515,5308,5207,262144,False,False
6,4,centered_grid,0.022645120195427283,0.030037214867197497,99.995,1,0.0018498036076834967,0.0036996072153669935,0.00044213717076729055,0.0001253521264776688,0.0002837446486224797,0.003409088926118962,0.009419604871737939,0.00641434689892845,0.0011472548284538761,0.005014766501476015,0.02542982612725588,0.015222296314365946,0.34378800765118805,0.43897667371916055,0.3913823406851743,0.43897667371916055,0.3668158722215543,-6477,5694,6477,39.93705749511719,294.0,968.0,2251.7139999995707,-3238,2847,0.0122222900390625,0.006084442138671875,0.006137847900390625,3204,1595,1609,262144,False,False
6,4,centered_grid,0.022645120195427283,0.030037214867197497,99.995,2,0.0018498036076834967,0.007399214430733987,0.00044213717076729055,0.0001253521264776688,0.0002837446486224797,0.003409088926118962,0.009419604871737939,0.00641434689892845,0.0011472548284538761,0.005014766501476015,0.02542982612725588,0.015222296314365946,0.2198387822791761,0.2899134807117412,0.2548761314954587,0.2899134807117412,0.22760050995177838,-6477,5694,6477,39.93705749511719,294.0,968.0,2251.7139999995707,-1619,1424,0.003894805908203125,0.00196075439453125,0.001934051513671875,1021,514,507,262144,False,False
6,4,centered_grid,0.022645120195427283,0.030037214867197497,99.995,3,0.0018498036076834967,0.014798428861467974,0.00044213717076729055,0.0001253521264776688,0.0002837446486224797,0.003409088926118962,0.009419604871737939,0.00641434689892845,0.0011472548284538761,0.005014766501476015,0.02542982612725588,0.015222296314365946,0.12789762358163417,0.16503113487243423,0.1464643792270342,0.16503113487243423,0.11923448596009315,-6477,5694,6477,39.93705749511719,294.0,968.0,2251.7139999995707,-810,712,0.000850677490234375,0.000408172607421875,0.0004425048828125,223,107,116,262144,False,False
6,4,centered_grid,0.022645120195427283,0.030037214867197497,99.995,4,0.0018498036076834967,0.029596857722935948,0.00044213717076729055,0.0001253521264776688,0.0002837446486224797,0.003409088926118962,0.009419604871737939,0.00641434689892845,0.0011472548284538761,0.005014766501476015,0.02542982612725588,0.015222296314365946,0.06684641572330989,0.0815046606823218,0.07417553820281585,0.0815046606823218,0.05123423772262148,-6477,5694,6477,39.93705749511719,294.0,968.0,2251.7139999995707,-405,356,0.0001220703125,6.4849853515625e-05,5.7220458984375e-05,32,17,15,262144,False,False
6,4,centered_grid,0.022645120195427283,0.030037214867197497,99.995,5,0.0018498036076834967,0.059193715445871896,0.00044213717076729055,0.0001253521264776688,0.0002837446486224797,0.003409088926118962,0.009419604871737939,0.00641434689892845,0.0011472548284538761,0.005014766501476015,0.02542982612725588,0.015222296314365946,0.02911974881995672,0.04277479478551159,0.03594727180273416,0.04277479478551159,0.0185400460339034,-6477,5694,6477,39.93705749511719,294.0,968.0,2251.7139999995707,-202,178,2.288818359375e-05,1.1444091796875e-05,1.1444091796875e-05,6,3,3,262144,True,False
6,4,centered_grid,0.022645120195427283,0.030037214867197497,99.995,6,0.0018498036076834967,0.11838743089174379,0.00044213717076729055,0.0001253521264776688,0.0002837446486224797,0.003409088926118962,0.009419604871737939,0.00641434689892845,0.0011472548284538761,0.005014766501476015,0.02542982612725588,0.015222296314365946,0.05405145076643102,0.055178409511641234,0.05461493013903612,0.055178409511641234,0.04024966804031972,-6477,5694,6477,39.93705749511719,294.0,968.0,2251.7139999995707,-101,89,0.0,0.0,0.0,0,0,0,262144,False,False
6,4,centered_grid,0.022645120195427283,0.030037214867197497,99.995,7,0.0018498036076834967,0.23677486178348758,0.00044213717076729055,0.0001253521264776688,0.0002837446486224797,0.003409088926118962,0.009419604871737939,0.00641434689892845,0.0011472548284538761,0.005014766501476015,0.02542982612725588,0.015222296314365946,0.15506896127518216,0.12142138756541339,0.13824517442029777,0.15506896127518216,0.12650449060769092,-6477,5694,6477,39.93705749511719,294.0,968.0,2251.7139999995707,-51,44,0.0,0.0,0.0,0,0,0,262144,False,False
6,original,original_mixed,0.020765666778062575,0.029996748682257268,99.995,0,0.0018473115492412418,0.0018473115492412418,0.0004373077669643066,0.00012630488587571668,0.00028180632642001163,0.00339672624659767,0.00941109390636722,0.006403910076482445,0.0011472548284538761,0.005010271684195379,0.02544808125369494,0.015229176468945161,0.47752484981574617,0.5779484409093012,0.5277366453625236,0.5779484409093012,0.5069459915184663,-6480,5621,6480,40.00223159790039,294.0,960.0,2246.1421999990125,-6480,5621,0.04022979736328125,0.020282745361328125,0.019947052001953125,10546,5317,5229,262144,False,False
6,original,original_mixed,0.020765666778062575,0.029996748682257268,99.995,1,0.0018473115492412418,0.0036946230984824836,0.0004373077669643066,0.00012630488587571668,0.00028180632642001163,0.00339672624659767,0.00941109390636722,0.006403910076482445,0.0011472548284538761,0.005010271684195379,0.02544808125369494,0.015229176468945161,0.34403256059356957,0.4392344631825709,0.3916335118880703,0.4392344631825709,0.36669332276965516,-6480,5621,6480,40.00223159790039,294.0,960.0,2246.1421999990125,-3240,2810,0.012241363525390625,0.006122589111328125,0.0061187744140625,3209,1605,1604,262144,False,False
6,original,original_mixed,0.020765666778062575,0.029996748682257268,99.995,2,0.0018473115492412418,0.007389246196964967,0.0004373077669643066,0.00012630488587571668,0.00028180632642001163,0.00339672624659767,0.00941109390636722,0.006403910076482445,0.0011472548284538761,0.005010271684195379,0.02544808125369494,0.015229176468945161,0.2200279422363041,0.290163188728811,0.2550955654825575,0.290163188728811,0.22744435143400255,-6480,5621,6480,40.00223159790039,294.0,960.0,2246.1421999990125,-1620,1405,0.00391387939453125,0.001972198486328125,0.001941680908203125,1026,517,509,262144,False,False
6,original,original_mixed,0.020765666778062575,0.029996748682257268,99.995,3,0.0018473115492412418,0.014778492393929935,0.0004373077669643066,0.00012630488587571668,0.00028180632642001163,0.00339672624659767,0.00941109390636722,0.006403910076482445,0.0011472548284538761,0.005010271684195379,0.02544808125369494,0.015229176468945161,0.1280369715390683,0.16520095488657385,0.14661896321282109,0.16520095488657385,0.11916906118950224,-6480,5621,6480,40.00223159790039,294.0,960.0,2246.1421999990125,-810,703,0.00084686279296875,0.000408172607421875,0.000438690185546875,222,107,115,262144,False,False
6,original,original_mixed,0.020765666778062575,0.029996748682257268,99.995,4,0.0018473115492412418,0.02955698478785987,0.0004373077669643066,0.00012630488587571668,0.00028180632642001163,0.00339672624659767,0.00941109390636722,0.006403910076482445,0.0011472548284538761,0.005010271684195379,0.02544808125369494,0.015229176468945161,0.06692765084629969,0.08159472221278218,0.07426118652954093,0.08159472221278218,0.051264127721914805,-6480,5621,6480,40.00223159790039,294.0,960.0,2246.1421999990125,-405,351,0.0001220703125,6.4849853515625e-05,5.7220458984375e-05,32,17,15,262144,False,False
6,original,original_mixed,0.020765666778062575,0.029996748682257268,99.995,5,0.0018473115492412418,0.05911396957571974,0.0004373077669643066,0.00012630488587571668,0.00028180632642001163,0.00339672624659767,0.00941109390636722,0.006403910076482445,0.0011472548284538761,0.005010271684195379,0.02544808125369494,0.015229176468945161,0.029116665948755276,0.042803232180203946,0.03595994906447961,0.042803232180203946,0.018547819260914842,-6480,5621,6480,40.00223159790039,294.0,960.0,2246.1421999990125,-202,176,2.288818359375e-05,1.1444091796875e-05,1.1444091796875e-05,6,3,3,262144,True,False
6,original,original_mixed,0.020765666778062575,0.029996748682257268,99.995,6,0.0018473115492412418,0.11822793915143948,0.0004373077669643066,0.00012630488587571668,0.00028180632642001163,0.00339672624659767,0.00941109390636722,0.006403910076482445,0.0011472548284538761,0.005010271684195379,0.02544808125369494,0.015229176468945161,0.05390662626353154,0.05512145730608006,0.0545140417848058,0.05512145730608006,0.04012468792689529,-6480,5621,6480,40.00223159790039,294.0,960.0,2246.1421999990125,-101,88,0.0,0.0,0.0,0,0,0,262144,False,False
6,original,original_mixed,0.020765666778062575,0.029996748682257268,99.995,7,0.0018473115492412418,0.23645587830287895,0.0004373077669643066,0.00012630488587571668,0.00028180632642001163,0.00339672624659767,0.00941109390636722,0.006403910076482445,0.0011472548284538761,0.005010271684195379,0.02544808125369494,0.015229176468945161,0.15480440293715755,0.12121189485813375,0.13800814889764565,0.15480440293715755,0.12631177514161918,-6480,5621,6480,40.00223159790039,294.0,960.0,2246.1421999990125,-51,44,0.0,0.0,0.0,0,0,0,262144,False,False
7,-4,centered_grid,0.009130179156605182,0.03001838481883905,99.995,0,0.002322246487136685,0.002322246487136685,0.0011656990442171066,0.001005947817014061,0.0010858234306155839,0.0030401911410145917,0.0025987326814310287,0.0028194619112228104,0.0017402947689583964,0.005389314959709402,0.004051470917616005,0.0047203929386627035,0.3668460237808349,0.4146998136838737,0.3907729187323543,0.4146998136838737,0.3829902645340701,-3150,2835,3150,30.663455963134766,228.0,666.0,1472.214099999721,-3150,2835,0.024074554443359375,0.0120697021484375,0.012004852294921875,6311,3164,3147,262144,False,False
7,-4,centered_grid,0.009130179156605182,0.03001838481883905,99.995,1,0.002322246487136685,0.00464449297427337,0.0011656990442171066,0.001005947817014061,0.0010858234306155839,0.0030401911410145917,0.0025987326814310287,0.0028194619112228104,0.0017402947689583964,0.005389314959709402,0.004051470917616005,0.0047203929386627035,0.2213086443685255,0.2507636182423001,0.2360361313054128,0.2507636182423001,0.22832712932182142,-3150,2835,3150,30.663455963134766,228.0,666.0,1472.214099999721,-1575,1418,0.008304595947265625,0.004131317138671875,0.00417327880859375,2177,1083,1094,262144,False,False
7,-4,centered_grid,0.009130179156605182,0.03001838481883905,99.995,2,0.002322246487136685,0.00928898594854674,0.0011656990442171066,0.001005947817014061,0.0010858234306155839,0.0030401911410145917,0.0025987326814310287,0.0028194619112228104,0.0017402947689583964,0.005389314959709402,0.004051470917616005,0.0047203929386627035,0.10525274549681612,0.11125436465364501,0.10825355507523057,0.11125436465364501,0.10125553933994444,-3150,2835,3150,30.663455963134766,228.0,666.0,1472.214099999721,-788,709,0.002010345458984375,0.000995635986328125,0.00101470947265625,527,261,266,262144,False,False
7,-4,centered_grid,0.009130179156605182,0.03001838481883905,99.995,3,0.002322246487136685,0.01857797189709348,0.0011656990442171066,0.001005947817014061,0.0010858234306155839,0.0030401911410145917,0.0025987326814310287,0.0028194619112228104,0.0017402947689583964,0.005389314959709402,0.004051470917616005,0.0047203929386627035,0.04036900805487349,0.029742627699831426,0.03505581787735246,0.04036900805487349,0.029203786650267034,-3150,2835,3150,30.663455963134766,228.0,666.0,1472.214099999721,-394,354,0.00035858154296875,0.000186920166015625,0.000171661376953125,94,49,45,262144,False,False
7,-4,centered_grid,0.009130179156605182,0.03001838481883905,99.995,4,0.002322246487136685,0.03715594379418696,0.0011656990442171066,0.001005947817014061,0.0010858234306155839,0.0030401911410145917,0.0025987326814310287,0.0028194619112228104,0.0017402947689583964,0.005389314959709402,0.004051470917616005,0.0047203929386627035,0.018595931938299993,0.009670529628895877,0.014133230783597935,0.018595931938299993,0.008724178347070864,-3150,2835,3150,30.663455963134766,228.0,666.0,1472.214099999721,-197,177,1.9073486328125e-05,7.62939453125e-06,1.1444091796875e-05,5,2,3,262144,True,False
7,-4,centered_grid,0.009130179156605182,0.03001838481883905,99.995,5,0.002322246487136685,0.07431188758837393,0.0011656990442171066,0.001005947817014061,0.0010858234306155839,0.0030401911410145917,0.0025987326814310287,0.0028194619112228104,0.0017402947689583964,0.005389314959709402,0.004051470917616005,0.0047203929386627035,0.031060517295532407,0.021391427734631013,0.02622597251508171,0.031060517295532407,0.02111619424361086,-3150,2835,3150,30.663455963134766,228.0,666.0,1472.214099999721,-98,89,0.0,0.0,0.0,0,0,0,262144,False,False
7,-4,centered_grid,0.009130179156605182,0.03001838481883905,99.995,6,0.002322246487136685,0.14862377517674785,0.0011656990442171066,0.001005947817014061,0.0010858234306155839,0.0030401911410145917,0.0025987326814310287,0.0028194619112228104,0.0017402947689583964,0.005389314959709402,0.004051470917616005,0.0047203929386627035,0.09565069749201131,0.06685035466583834,0.08125052607892483,0.09565069749201131,0.07621935031741839,-3150,2835,3150,30.663455963134766,228.0,666.0,1472.214099999721,-49,44,0.0,0.0,0.0,0,0,0,262144,False,False
7,-4,centered_grid,0.009130179156605182,0.03001838481883905,99.995,7,0.002322246487136685,0.2972475503534957,0.0011656990442171066,0.001005947817014061,0.0010858234306155839,0.0030401911410145917,0.0025987326814310287,0.0028194619112228104,0.0017402947689583964,0.005389314959709402,0.004051470917616005,0.0047203929386627035,0.24028773610760373,0.17907156614371664,0.20967965112566017,0.24028773610760373,0.2055485708034962,-3150,2835,3150,30.663455963134766,228.0,666.0,1472.214099999721,-25,22,0.0,0.0,0.0,0,0,0,262144,False,False
7,-3,centered_grid,0.00995653097089711,0.04006131653898037,100.0,0,0.0030991757939065534,0.0030991757939065534,0.0009801133191931432,0.0008198742345469575,0.0008999937768700504,0.002894789450877996,0.0022947551847599034,0.0025947723178189495,0.0017402947689583964,0.005528859516674722,0.004520048175183386,0.005024453845929054,0.3062358293359773,0.3472147683164232,0.32672529882620027,0.3472147683164232,0.323460487650832,-2472,2135,2472,22.693634033203125,168.0,495.85700000001816,1112.5711999996565,-2472,2135,0.015186309814453125,0.00754547119140625,0.007640838623046875,3981,1978,2003,262144,False,False
7,-3,centered_grid,0.00995653097089711,0.04006131653898037,100.0,1,0.0030991757939065534,0.006198351587813107,0.0009801133191931432,0.0008198742345469575,0.0008999937768700504,0.002894789450877996,0.0022947551847599034,0.0025947723178189495,0.0017402947689583964,0.005528859516674722,0.004520048175183386,0.005024453845929054,0.16755488263633792,0.18732191539004522,0.17743839901319158,0.18732191539004522,0.17360808558899887,-2472,2135,2472,22.693634033203125,168.0,495.85700000001816,1112.5711999996565,-1236,1068,0.00490570068359375,0.00240325927734375,0.00250244140625,1286,630,656,262144,False,False
7,-3,centered_grid,0.00995653097089711,0.04006131653898037,100.0,2,0.0030991757939065534,0.012396703175626213,0.0009801133191931432,0.0008198742345469575,0.0008999937768700504,0.002894789450877996,0.0022947551847599034,0.0025947723178189495,0.0017402947689583964,0.005528859516674722,0.004520048175183386,0.005024453845929054,0.07283397417970547,0.06994576717731128,0.07138987067850838,0.07283397417970547,0.06691259601399321,-2472,2135,2472,22.693634033203125,168.0,495.85700000001816,1112.5711999996565,-618,534,0.000926971435546875,0.00048828125,0.000438690185546875,243,128,115,262144,False,False
7,-3,centered_grid,0.00995653097089711,0.04006131653898037,100.0,3,0.0030991757939065534,0.024793406351252427,0.0009801133191931432,0.0008198742345469575,0.0008999937768700504,0.002894789450877996,0.0022947551847599034,0.0025947723178189495,0.0017402947689583964,0.005528859516674722,0.004520048175183386,0.005024453845929054,0.02812490918575207,0.015917521314320233,0.022021215250036152,0.02812490918575207,0.017247937588336346,-2472,2135,2472,22.693634033203125,168.0,495.85700000001816,1112.5711999996565,-309,267,0.000133514404296875,7.2479248046875e-05,6.103515625e-05,35,19,16,262144,False,False
7,-3,centered_grid,0.00995653097089711,0.04006131653898037,100.0,4,0.0030991757939065534,0.049586812702504854,0.0009801133191931432,0.0008198742345469575,0.0008999937768700504,0.002894789450877996,0.0022947551847599034,0.0025947723178189495,0.0017402947689583964,0.005528859516674722,0.004520048175183386,0.005024453845929054,0.018771931166457378,0.012625570960462651,0.015698751063460015,0.018771931166457378,0.010761888289638179,-2472,2135,2472,22.693634033203125,168.0,495.85700000001816,1112.5711999996565,-154,133,1.1444091796875e-05,3.814697265625e-06,7.62939453125e-06,3,1,2,262144,True,False
7,-3,centered_grid,0.00995653097089711,0.04006131653898037,100.0,5,0.0030991757939065534,0.09917362540500971,0.0009801133191931432,0.0008198742345469575,0.0008999937768700504,0.002894789450877996,0.0022947551847599034,0.0025947723178189495,0.0017402947689583964,0.005528859516674722,0.004520048175183386,0.005024453845929054,0.0496137657907614,0.03472707672455398,0.042170421257657686,0.0496137657907614,0.03721849767170039,-2472,2135,2472,22.693634033203125,168.0,495.85700000001816,1112.5711999996565,-77,67,0.0,0.0,0.0,0,0,0,262144,False,False
7,-3,centered_grid,0.00995653097089711,0.04006131653898037,100.0,6,0.0030991757939065534,0.19834725081001942,0.0009801133191931432,0.0008198742345469575,0.0008999937768700504,0.002894789450877996,0.0022947551847599034,0.0025947723178189495,0.0017402947689583964,0.005528859516674722,0.004520048175183386,0.005024453845929054,0.15008248189557577,0.10638174835721083,0.1282321151263933,0.15008248189557577,0.12310520535112261,-2472,2135,2472,22.693634033203125,168.0,495.85700000001816,1112.5711999996565,-39,33,0.0,0.0,0.0,0,0,0,262144,False,False
7,-3,centered_grid,0.00995653097089711,0.04006131653898037,100.0,7,0.0030991757939065534,0.39669450162003883,0.0009801133191931432,0.0008198742345469575,0.0008999937768700504,0.002894789450877996,0.0022947551847599034,0.0025947723178189495,0.0017402947689583964,0.005528859516674722,0.004520048175183386,0.005024453845929054,0.299760400846041,0.23404752869525738,0.2669039647706492,0.299760400846041,0.2619718450480779,-2472,2135,2472,22.693634033203125,168.0,495.85700000001816,1112.5711999996565,-19,17,0.0,0.0,0.0,0,0,0,262144,False,False
7,-2,centered_grid,0.010857674014284424,0.029979392879616346,99.995,0,0.002319230039235406,0.002319230039235406,0.0008172906306603538,0.0006586418347671598,0.0007379662327137567,0.003037705777978948,0.002608852810195464,0.002823279294087206,0.0017402947689583964,0.0053874199900061,0.004073623440604394,0.004730521715305247,0.36711684705732733,0.4150078297132798,0.3910623383853036,0.4150078297132798,0.3827953074036632,-3150,2835,3150,30.766010284423828,225.0,666.0,1477.7139999995707,-3150,2835,0.02410888671875,0.012096405029296875,0.012012481689453125,6320,3171,3149,262144,False,False
7,-2,centered_grid,0.010857674014284424,0.029979392879616346,99.995,1,0.002319230039235406,0.004638460078470812,0.0008172906306603538,0.0006586418347671598,0.0007379662327137567,0.003037705777978948,0.002608852810195464,0.002823279294087206,0.0017402947689583964,0.0053874199900061,0.004073623440604394,0.004730521715305247,0.22155148774165798,0.2510720144533776,0.23631175109751779,0.2510720144533776,0.22849732406709755,-3150,2835,3150,30.766010284423828,225.0,666.0,1477.7139999995707,-1575,1418,0.008296966552734375,0.004119873046875,0.004177093505859375,2175,1080,1095,262144,False,False
7,-2,centered_grid,0.010857674014284424,0.029979392879616346,99.995,2,0.002319230039235406,0.009276920156941624,0.0008172906306603538,0.0006586418347671598,0.0007379662327137567,0.003037705777978948,0.002608852810195464,0.002823279294087206,0.0017402947689583964,0.0053874199900061,0.004073623440604394,0.004730521715305247,0.10540291906691386,0.11148365601131065,0.10844328753911225,0.11148365601131065,0.10156182569348518,-3150,2835,3150,30.766010284423828,225.0,666.0,1477.7139999995707,-788,709,0.00200653076171875,0.000995635986328125,0.001010894775390625,526,261,265,262144,False,False
7,-2,centered_grid,0.010857674014284424,0.029979392879616346,99.995,3,0.002319230039235406,0.018553840313883248,0.0008172906306603538,0.0006586418347671598,0.0007379662327137567,0.003037705777978948,0.002608852810195464,0.002823279294087206,0.0017402947689583964,0.0053874199900061,0.004073623440604394,0.004730521715305247,0.04043578379162213,0.029850708820428576,0.035143246306025354,0.04043578379162213,0.02933602872444871,-3150,2835,3150,30.766010284423828,225.0,666.0,1477.7139999995707,-394,354,0.000362396240234375,0.00019073486328125,0.000171661376953125,95,50,45,262144,False,False
7,-2,centered_grid,0.010857674014284424,0.029979392879616346,99.995,4,0.002319230039235406,0.037107680627766496,0.0008172906306603538,0.0006586418347671598,0.0007379662327137567,0.003037705777978948,0.002608852810195464,0.002823279294087206,0.0017402947689583964,0.0053874199900061,0.004073623440604394,0.004730521715305247,0.018593511192217103,0.009697827376921436,0.01414566928456927,0.018593511192217103,0.00871706975070716,-3150,2835,3150,30.766010284423828,225.0,666.0,1477.7139999995707,-197,177,1.9073486328125e-05,7.62939453125e-06,1.1444091796875e-05,5,2,3,262144,True,False
7,-2,centered_grid,0.010857674014284424,0.029979392879616346,99.995,5,0.002319230039235406,0.07421536125553299,0.0008172906306603538,0.0006586418347671598,0.0007379662327137567,0.003037705777978948,0.002608852810195464,0.002823279294087206,0.0017402947689583964,0.0053874199900061,0.004073623440604394,0.004730521715305247,0.030992151965016715,0.02135714180572184,0.026174646885369277,0.030992151965016715,0.02112546931774536,-3150,2835,3150,30.766010284423828,225.0,666.0,1477.7139999995707,-98,89,0.0,0.0,0.0,0,0,0,262144,False,False
7,-2,centered_grid,0.010857674014284424,0.029979392879616346,99.995,6,0.002319230039235406,0.14843072251106598,0.0008172906306603538,0.0006586418347671598,0.0007379662327137567,0.003037705777978948,0.002608852810195464,0.002823279294087206,0.0017402947689583964,0.0053874199900061,0.004073623440604394,0.004730521715305247,0.09548530512864746,0.06668784609862799,0.08108657561363772,0.09548530512864746,0.07614785300206121,-3150,2835,3150,30.766010284423828,225.0,666.0,1477.7139999995707,-49,44,0.0,0.0,0.0,0,0,0,262144,False,False
7,-2,centered_grid,0.010857674014284424,0.029979392879616346,99.995,7,0.002319230039235406,0.29686144502213196,0.0008172906306603538,0.0006586418347671598,0.0007379662327137567,0.003037705777978948,0.002608852810195464,0.002823279294087206,0.0017402947689583964,0.0053874199900061,0.004073623440604394,0.004730521715305247,0.23995779388321611,0.1789737437291009,0.20946576880615853,0.23995779388321611,0.2058333934562333,-3150,2835,3150,30.766010284423828,225.0,666.0,1477.7139999995707,-25,22,0.0,0.0,0.0,0,0,0,262144,False,False
7,-1,centered_grid,0.011840377471335794,0.02998918014630667,99.995,0,0.002319987190089039,0.002319987190089039,0.0006853234775165089,0.0005235759935482476,0.0006044497355323782,0.003043332609462361,0.0026028916815048595,0.0028231121454836104,0.0017402947689583964,0.005405051720320011,0.004056832052338156,0.004730941886329084,0.36705314987126303,0.4149349065201662,0.3909940281957146,0.4149349065201662,0.38297301866137834,-3150,2835,3150,30.701576232910156,225.0,666.0,1477.7139999995707,-3150,2835,0.02404022216796875,0.012081146240234375,0.011959075927734375,6302,3167,3135,262144,False,False
7,-1,centered_grid,0.011840377471335794,0.02998918014630667,99.995,1,0.002319987190089039,0.004639974380178078,0.0006853234775165089,0.0005235759935482476,0.0006044497355323782,0.003043332609462361,0.0026028916815048595,0.0028231121454836104,0.0017402947689583964,0.005405051720320011,0.004056832052338156,0.004730941886329084,0.22150610393896866,0.2509955470491889,0.23625082549407878,0.2509955470491889,0.22854561689223651,-3150,2835,3150,30.701576232910156,225.0,666.0,1477.7139999995707,-1575,1418,0.00829315185546875,0.004123687744140625,0.004169464111328125,2174,1081,1093,262144,False,False
7,-1,centered_grid,0.011840377471335794,0.02998918014630667,99.995,2,0.002319987190089039,0.009279948760356156,0.0006853234775165089,0.0005235759935482476,0.0006044497355323782,0.003043332609462361,0.0026028916815048595,0.0028231121454836104,0.0017402947689583964,0.005405051720320011,0.004056832052338156,0.004730941886329084,0.10537639279306016,0.11141285496430725,0.1083946238786837,0.11141285496430725,0.10147052564490477,-3150,2835,3150,30.701576232910156,225.0,666.0,1477.7139999995707,-788,709,0.002002716064453125,0.000995635986328125,0.001007080078125,525,261,264,262144,False,False
7,-1,centered_grid,0.011840377471335794,0.02998918014630667,99.995,3,0.002319987190089039,0.018559897520712312,0.0006853234775165089,0.0005235759935482476,0.0006044497355323782,0.003043332609462361,0.0026028916815048595,0.0028231121454836104,0.0017402947689583964,0.005405051720320011,0.004056832052338156,0.004730941886329084,0.0404305818196502,0.02981675874791422,0.03512367028378221,0.0404305818196502,0.029249306664080856,-3150,2835,3150,30.701576232910156,225.0,666.0,1477.7139999995707,-394,354,0.000362396240234375,0.00019073486328125,0.000171661376953125,95,50,45,262144,False,False
7,-1,centered_grid,0.011840377471335794,0.02998918014630667,99.995,4,0.002319987190089039,0.037119795041424625,0.0006853234775165089,0.0005235759935482476,0.0006044497355323782,0.003043332609462361,0.0026028916815048595,0.0028231121454836104,0.0017402947689583964,0.005405051720320011,0.004056832052338156,0.004730941886329084,0.018621732697451373,0.009689898609967098,0.014155815653709235,0.018621732697451373,0.008730488302845547,-3150,2835,3150,30.701576232910156,225.0,666.0,1477.7139999995707,-197,177,1.9073486328125e-05,7.62939453125e-06,1.1444091796875e-05,5,2,3,262144,True,False
7,-1,centered_grid,0.011840377471335794,0.02998918014630667,99.995,5,0.002319987190089039,0.07423959008284925,0.0006853234775165089,0.0005235759935482476,0.0006044497355323782,0.003043332609462361,0.0026028916815048595,0.0028231121454836104,0.0017402947689583964,0.005405051720320011,0.004056832052338156,0.004730941886329084,0.031062921553018926,0.021388836065117895,0.02622587880906841,0.031062921553018926,0.02112771742815789,-3150,2835,3150,30.701576232910156,225.0,666.0,1477.7139999995707,-98,89,0.0,0.0,0.0,0,0,0,262144,False,False
7,-1,centered_grid,0.011840377471335794,0.02998918014630667,99.995,6,0.002319987190089039,0.1484791801656985,0.0006853234775165089,0.0005235759935482476,0.0006044497355323782,0.003043332609462361,0.0026028916815048595,0.0028231121454836104,0.0017402947689583964,0.005405051720320011,0.004056832052338156,0.004730941886329084,0.09549309159943357,0.06673797482726308,0.08111553321334833,0.09549309159943357,0.07621296450690715,-3150,2835,3150,30.701576232910156,225.0,666.0,1477.7139999995707,-49,44,0.0,0.0,0.0,0,0,0,262144,False,False
7,-1,centered_grid,0.011840377471335794,0.02998918014630667,99.995,7,0.002319987190089039,0.296958360331397,0.0006853234775165089,0.0005235759935482476,0.0006044497355323782,0.003043332609462361,0.0026028916815048595,0.0028231121454836104,0.0017402947689583964,0.005405051720320011,0.004056832052338156,0.004730941886329084,0.2400986678534101,0.1788742983159923,0.2094864830847012,0.2400986678534101,0.20592479748639148,-3150,2835,3150,30.701576232910156,225.0,666.0,1477.7139999995707,-25,22,0.0,0.0,0.0,0,0,0,262144,False,False
7,0,centered_grid,0.012912023190167194,0.029958454320593,99.995,0,0.002317610215403074,0.002317610215403074,0.0005822023918272522,0.0004151018716902489,0.0004986521317587505,0.0030366286321357725,0.0025982427095948817,0.002817435670865327,0.0017402947689583964,0.0054031410614791145,0.004047465862729723,0.004725303462104419,0.3672509536970901,0.4151579877161339,0.391204470706612,0.4151579877161339,0.38276015809682634,-3150,2835,3150,30.793697357177734,228.0,666.0,1477.7139999995707,-3150,2835,0.02416229248046875,0.012149810791015625,0.012012481689453125,6334,3185,3149,262144,False,False
7,0,centered_grid,0.012912023190167194,0.029958454320593,99.995,1,0.002317610215403074,0.004635220430806148,0.0005822023918272522,0.0004151018716902489,0.0004986521317587505,0.0030366286321357725,0.0025982427095948817,0.002817435670865327,0.0017402947689583964,0.0054031410614791145,0.004047465862729723,0.004725303462104419,0.22168499029873628,0.25122094329683914,0.2364529667977877,0.25122094329683914,0.22843188137306797,-3150,2835,3150,30.793697357177734,228.0,666.0,1477.7139999995707,-1575,1418,0.00832366943359375,0.004146575927734375,0.004177093505859375,2182,1087,1095,262144,False,False
7,0,centered_grid,0.012912023190167194,0.029958454320593,99.995,2,0.002317610215403074,0.009270440861612297,0.0005822023918272522,0.0004151018716902489,0.0004986521317587505,0.0030366286321357725,0.0025982427095948817,0.002817435670865327,0.0017402947689583964,0.0054031410614791145,0.004047465862729723,0.004725303462104419,0.10549223677585844,0.11157504755748382,0.10853364216667113,0.11157504755748382,0.10144433082117774,-3150,2835,3150,30.793697357177734,228.0,666.0,1477.7139999995707,-788,709,0.002017974853515625,0.001003265380859375,0.00101470947265625,529,263,266,262144,False,False
7,0,centered_grid,0.012912023190167194,0.029958454320593,99.995,3,0.002317610215403074,0.018540881723224593,0.0005822023918272522,0.0004151018716902489,0.0004986521317587505,0.0030366286321357725,0.0025982427095948817,0.002817435670865327,0.0017402947689583964,0.0054031410614791145,0.004047465862729723,0.004725303462104419,0.0404763241095998,0.0298680967427101,0.035172210426154954,0.0404763241095998,0.029299441470710695,-3150,2835,3150,30.793697357177734,228.0,666.0,1477.7139999995707,-394,354,0.0003662109375,0.00019073486328125,0.00017547607421875,96,50,46,262144,False,False
7,0,centered_grid,0.012912023190167194,0.029958454320593,99.995,4,0.002317610215403074,0.03708176344644919,0.0005822023918272522,0.0004151018716902489,0.0004986521317587505,0.0030366286321357725,0.0025982427095948817,0.002817435670865327,0.0017402947689583964,0.0054031410614791145,0.004047465862729723,0.004725303462104419,0.01859906875293285,0.009654075359250159,0.014126572056091505,0.01859906875293285,0.008674318648957156,-3150,2835,3150,30.793697357177734,228.0,666.0,1477.7139999995707,-197,177,2.288818359375e-05,1.1444091796875e-05,1.1444091796875e-05,6,3,3,262144,True,True
7,0,centered_grid,0.012912023190167194,0.029958454320593,99.995,5,0.002317610215403074,0.07416352689289837,0.0005822023918272522,0.0004151018716902489,0.0004986521317587505,0.0030366286321357725,0.0025982427095948817,0.002817435670865327,0.0017402947689583964,0.0054031410614791145,0.004047465862729723,0.004725303462104419,0.030962968673413364,0.021289559291647855,0.02612626398253061,0.030962968673413364,0.021028459824643055,-3150,2835,3150,30.793697357177734,228.0,666.0,1477.7139999995707,-98,89,0.0,0.0,0.0,0,0,0,262144,False,False
7,0,centered_grid,0.012912023190167194,0.029958454320593,99.995,6,0.002317610215403074,0.14832705378579675,0.0005822023918272522,0.0004151018716902489,0.0004986521317587505,0.0030366286321357725,0.0025982427095948817,0.002817435670865327,0.0017402947689583964,0.0054031410614791145,0.004047465862729723,0.004725303462104419,0.0953513207894622,0.06658433564426425,0.08096782821686321,0.0953513207894622,0.07593311154749682,-3150,2835,3150,30.793697357177734,228.0,666.0,1477.7139999995707,-49,44,0.0,0.0,0.0,0,0,0,262144,False,False
7,0,centered_grid,0.012912023190167194,0.029958454320593,99.995,7,0.002317610215403074,0.2966541075715935,0.0005822023918272522,0.0004151018716902489,0.0004986521317587505,0.0030366286321357725,0.0025982427095948817,0.002817435670865327,0.0017402947689583964,0.0054031410614791145,0.004047465862729723,0.004725303462104419,0.2398177104336642,0.17877354036788937,0.20929562540077679,0.2398177104336642,0.20580263128444348,-3150,2835,3150,30.793697357177734,228.0,666.0,1477.7139999995707,-25,22,0.0,0.0,0.0,0,0,0,262144,False,False
7,1,centered_grid,0.014080661133230454,0.030009174649780646,99.995,0,0.0023215339810218195,0.0023215339810218195,0.000507408284847802,0.00033559042920568925,0.0004214993570267456,0.0030584815587938793,0.0026148038409339264,0.002836642699863903,0.0017402947689583964,0.005404186004835108,0.004074987583649272,0.00473958679424219,0.36692543278368805,0.4147901929733419,0.39085781287851495,0.4147901929733419,0.3835436792536453,-3150,2835,3150,30.687347412109375,228.0,666.0,1472.214099999721,-3150,2835,0.024078369140625,0.01207733154296875,0.01200103759765625,6312,3166,3146,262144,False,False
7,1,centered_grid,0.014080661133230454,0.030009174649780646,99.995,1,0.0023215339810218195,0.004643067962043639,0.000507408284847802,0.00033559042920568925,0.0004214993570267456,0.0030584815587938793,0.0026148038409339264,0.002836642699863903,0.0017402947689583964,0.005404186004835108,0.004074987583649272,0.00473958679424219,0.2213736229810559,0.2508537332135089,0.2361136780972824,0.2508537332135089,0.22868144779905783,-3150,2835,3150,30.687347412109375,228.0,666.0,1472.214099999721,-1575,1418,0.00835418701171875,0.00415802001953125,0.0041961669921875,2190,1090,1100,262144,False,False
7,1,centered_grid,0.014080661133230454,0.030009174649780646,99.995,2,0.0023215339810218195,0.009286135924087278,0.000507408284847802,0.00033559042920568925,0.0004214993570267456,0.0030584815587938793,0.0026148038409339264,0.002836642699863903,0.0017402947689583964,0.005404186004835108,0.004074987583649272,0.00473958679424219,0.10528635962173069,0.111320700302429,0.10830352996207984,0.111320700302429,0.10135499035355461,-3150,2835,3150,30.687347412109375,228.0,666.0,1472.214099999721,-788,709,0.002010345458984375,0.000995635986328125,0.00101470947265625,527,261,266,262144,False,False
7,1,centered_grid,0.014080661133230454,0.030009174649780646,99.995,3,0.0023215339810218195,0.018572271848174556,0.000507408284847802,0.00033559042920568925,0.0004214993570267456,0.0030584815587938793,0.0026148038409339264,0.002836642699863903,0.0017402947689583964,0.005404186004835108,0.004074987583649272,0.00473958679424219,0.04038517346061195,0.029787070300653643,0.035086121880632794,0.04038517346061195,0.02914315569353284,-3150,2835,3150,30.687347412109375,228.0,666.0,1472.214099999721,-394,354,0.000362396240234375,0.00019073486328125,0.000171661376953125,95,50,45,262144,False,False
7,1,centered_grid,0.014080661133230454,0.030009174649780646,99.995,4,0.0023215339810218195,0.03714454369634911,0.000507408284847802,0.00033559042920568925,0.0004214993570267456,0.0030584815587938793,0.0026148038409339264,0.002836642699863903,0.0017402947689583964,0.005404186004835108,0.004074987583649272,0.00473958679424219,0.018579047719378874,0.009699684135764058,0.014139365927571465,0.018579047719378874,0.00868216822856082,-3150,2835,3150,30.687347412109375,228.0,666.0,1472.214099999721,-197,177,1.9073486328125e-05,7.62939453125e-06,1.1444091796875e-05,5,2,3,262144,True,False
7,1,centered_grid,0.014080661133230454,0.030009174649780646,99.995,5,0.0023215339810218195,0.07428908739269822,0.000507408284847802,0.00033559042920568925,0.0004214993570267456,0.0030584815587938793,0.0026148038409339264,0.002836642699863903,0.0017402947689583964,0.005404186004835108,0.004074987583649272,0.00473958679424219,0.03101022672256152,0.021351485182693634,0.026180855952627577,0.03101022672256152,0.021088408335077552,-3150,2835,3150,30.687347412109375,228.0,666.0,1472.214099999721,-98,89,0.0,0.0,0.0,0,0,0,262144,False,False
7,1,centered_grid,0.014080661133230454,0.030009174649780646,99.995,6,0.0023215339810218195,0.14857817478539645,0.000507408284847802,0.00033559042920568925,0.0004214993570267456,0.0030584815587938793,0.0026148038409339264,0.002836642699863903,0.0017402947689583964,0.005404186004835108,0.004074987583649272,0.00473958679424219,0.09566638624110017,0.0668656659653054,0.08126602610320278,0.09566638624110017,0.07624386343448686,-3150,2835,3150,30.687347412109375,228.0,666.0,1472.214099999721,-49,44,0.0,0.0,0.0,0,0,0,262144,False,False
7,1,centered_grid,0.014080661133230454,0.030009174649780646,99.995,7,0.0023215339810218195,0.2971563495707929,0.000507408284847802,0.00033559042920568925,0.0004214993570267456,0.0030584815587938793,0.0026148038409339264,0.002836642699863903,0.0017402947689583964,0.005404186004835108,0.004074987583649272,0.00473958679424219,0.24023831927471467,0.1789842436930185,0.2096112814838666,0.24023831927471467,0.20556137808224745,-3150,2835,3150,30.687347412109375,228.0,666.0,1472.214099999721,-25,22,0.0,0.0,0.0,0,0,0,262144,False,False
7,2,centered_grid,0.01535506984682696,0.029957434217647714,99.995,0,0.0023175312994155716,0.0023175312994155716,0.00046282612357499887,0.00028349271455580736,0.0003731594190654031,0.0030791532575631725,0.002637274467354271,0.0028582138624587217,0.0017402947689583964,0.005436273266674514,0.004090384463536061,0.004763328865105288,0.3672968694564183,0.4151917524666368,0.39124431096152756,0.4151917524666368,0.38314915143065287,-3150,2835,3150,30.768375396728516,228.0,666.0,1472.214099999721,-3150,2835,0.0241851806640625,0.012142181396484375,0.012042999267578125,6340,3183,3157,262144,False,False
7,2,centered_grid,0.01535506984682696,0.029957434217647714,99.995,1,0.0023175312994155716,0.004635062598831143,0.00046282612357499887,0.00028349271455580736,0.0003731594190654031,0.0030791532575631725,0.002637274467354271,0.0028582138624587217,0.0017402947689583964,0.005436273266674514,0.004090384463536061,0.004763328865105288,0.22173503809920173,0.2512577605464627,0.23649639932283223,0.2512577605464627,0.2287884009080399,-3150,2835,3150,30.768375396728516,228.0,666.0,1472.214099999721,-1575,1418,0.00830841064453125,0.004116058349609375,0.004192352294921875,2178,1079,1099,262144,False,False
7,2,centered_grid,0.01535506984682696,0.029957434217647714,99.995,2,0.0023175312994155716,0.009270125197662286,0.00046282612357499887,0.00028349271455580736,0.0003731594190654031,0.0030791532575631725,0.002637274467354271,0.0028582138624587217,0.0017402947689583964,0.005436273266674514,0.004090384463536061,0.004763328865105288,0.10553801468575277,0.11162352522068136,0.10858076995321707,0.11162352522068136,0.10160987481741807,-3150,2835,3150,30.768375396728516,228.0,666.0,1472.214099999721,-788,709,0.002010345458984375,0.000995635986328125,0.00101470947265625,527,261,266,262144,False,False
7,2,centered_grid,0.01535506984682696,0.029957434217647714,99.995,3,0.0023175312994155716,0.018540250395324573,0.00046282612357499887,0.00028349271455580736,0.0003731594190654031,0.0030791532575631725,0.002637274467354271,0.0028582138624587217,0.0017402947689583964,0.005436273266674514,0.004090384463536061,0.004763328865105288,0.04052517123655645,0.02991926159063845,0.03522221641359745,0.04052517123655645,0.029302467226070553,-3150,2835,3150,30.768375396728516,228.0,666.0,1472.214099999721,-394,354,0.000362396240234375,0.00019073486328125,0.000171661376953125,95,50,45,262144,False,False
7,2,centered_grid,0.01535506984682696,0.029957434217647714,99.995,4,0.0023175312994155716,0.037080500790649146,0.00046282612357499887,0.00028349271455580736,0.0003731594190654031,0.0030791532575631725,0.002637274467354271,0.0028582138624587217,0.0017402947689583964,0.005436273266674514,0.004090384463536061,0.004763328865105288,0.018658891061543233,0.009716766726513405,0.01418782889402832,0.018658891061543233,0.008724498850508897,-3150,2835,3150,30.768375396728516,228.0,666.0,1472.214099999721,-197,177,1.9073486328125e-05,7.62939453125e-06,1.1444091796875e-05,5,2,3,262144,True,False
7,2,centered_grid,0.01535506984682696,0.029957434217647714,99.995,5,0.0023175312994155716,0.07416100158129829,0.00046282612357499887,0.00028349271455580736,0.0003731594190654031,0.0030791532575631725,0.002637274467354271,0.0028582138624587217,0.0017402947689583964,0.005436273266674514,0.004090384463536061,0.004763328865105288,0.030999616459759603,0.021364965123359895,0.02618229079155975,0.030999616459759603,0.021121020776431455,-3150,2835,3150,30.768375396728516,228.0,666.0,1472.214099999721,-98,89,0.0,0.0,0.0,0,0,0,262144,False,False
7,2,centered_grid,0.01535506984682696,0.029957434217647714,99.995,6,0.0023175312994155716,0.14832200316259658,0.00046282612357499887,0.00028349271455580736,0.0003731594190654031,0.0030791532575631725,0.002637274467354271,0.0028582138624587217,0.0017402947689583964,0.005436273266674514,0.004090384463536061,0.004763328865105288,0.09539188341380486,0.06660641256488331,0.08099914798934409,0.09539188341380486,0.07610903827816119,-3150,2835,3150,30.768375396728516,228.0,666.0,1472.214099999721,-49,44,0.0,0.0,0.0,0,0,0,262144,False,False
7,2,centered_grid,0.01535506984682696,0.029957434217647714,99.995,7,0.0023175312994155716,0.29664400632519317,0.00046282612357499887,0.00028349271455580736,0.0003731594190654031,0.0030791532575631725,0.002637274467354271,0.0028582138624587217,0.0017402947689583964,0.005436273266674514,0.004090384463536061,0.004763328865105288,0.23984073031593017,0.17871180070548023,0.20927626551070522,0.23984073031593017,0.20567667075049056,-3150,2835,3150,30.768375396728516,228.0,666.0,1472.214099999721,-25,22,0.0,0.0,0.0,0,0,0,262144,False,False
7,3,centered_grid,0.016744822403579933,0.03003201245140827,99.995,0,0.0023233007317955117,0.0023233007317955117,0.00044153143570018356,0.0002605413165641787,0.00035103637613218117,0.0030863512047709313,0.0026308855460590082,0.0028586183754149698,0.0017402947689583964,0.0054281483798559035,0.004077433671638236,0.0047527910257470695,0.3667678530335169,0.41463812878380496,0.3907029909086609,0.41463812878380496,0.3825577046935403,-3150,2835,3150,30.69915771484375,225.0,666.0,1469.6424999994633,-3150,2835,0.02405548095703125,0.0120697021484375,0.01198577880859375,6306,3164,3142,262144,False,False
7,3,centered_grid,0.016744822403579933,0.03003201245140827,99.995,1,0.0023233007317955117,0.004646601463591023,0.00044153143570018356,0.0002605413165641787,0.00035103637613218117,0.0030863512047709313,0.0026308855460590082,0.0028586183754149698,0.0017402947689583964,0.0054281483798559035,0.004077433671638236,0.0047527910257470695,0.22123385606718257,0.25070986183914906,0.2359718589531658,0.25070986183914906,0.2279738577225413,-3150,2835,3150,30.69915771484375,225.0,666.0,1469.6424999994633,-1575,1418,0.008312225341796875,0.004146575927734375,0.0041656494140625,2179,1087,1092,262144,False,False
7,3,centered_grid,0.016744822403579933,0.03003201245140827,99.995,2,0.0023233007317955117,0.009293202927182047,0.00044153143570018356,0.0002605413165641787,0.00035103637613218117,0.0030863512047709313,0.0026308855460590082,0.0028586183754149698,0.0017402947689583964,0.0054281483798559035,0.004077433671638236,0.0047527910257470695,0.10522286789705969,0.11121751501097785,0.10822019145401876,0.11121751501097785,0.10106546583212811,-3150,2835,3150,30.69915771484375,225.0,666.0,1469.6424999994633,-788,709,0.002002716064453125,0.0009918212890625,0.001010894775390625,525,260,265,262144,False,False
7,3,centered_grid,0.016744822403579933,0.03003201245140827,99.995,3,0.0023233007317955117,0.018586405854364094,0.00044153143570018356,0.0002605413165641787,0.00035103637613218117,0.0030863512047709313,0.0026308855460590082,0.0028586183754149698,0.0017402947689583964,0.0054281483798559035,0.004077433671638236,0.0047527910257470695,0.04040749401309876,0.029761444840057053,0.035084469426577905,0.04040749401309876,0.029061015904365408,-3150,2835,3150,30.69915771484375,225.0,666.0,1469.6424999994633,-394,354,0.00035858154296875,0.000186920166015625,0.000171661376953125,94,49,45,262144,False,False
7,3,centered_grid,0.016744822403579933,0.03003201245140827,99.995,4,0.0023233007317955117,0.03717281170872819,0.00044153143570018356,0.0002605413165641787,0.00035103637613218117,0.0030863512047709313,0.0026308855460590082,0.0028586183754149698,0.0017402947689583964,0.0054281483798559035,0.004077433671638236,0.0047527910257470695,0.01863483914928795,0.009754402839372038,0.014194620994329995,0.01863483914928795,0.00874355676528398,-3150,2835,3150,30.69915771484375,225.0,666.0,1469.6424999994633,-197,177,1.9073486328125e-05,7.62939453125e-06,1.1444091796875e-05,5,2,3,262144,True,False
7,3,centered_grid,0.016744822403579933,0.03003201245140827,99.995,5,0.0023233007317955117,0.07434562341745637,0.00044153143570018356,0.0002605413165641787,0.00035103637613218117,0.0030863512047709313,0.0026308855460590082,0.0028586183754149698,0.0017402947689583964,0.0054281483798559035,0.004077433671638236,0.0047527910257470695,0.031098140286833633,0.02142553946925292,0.02626183987804328,0.031098140286833633,0.02119253272061357,-3150,2835,3150,30.69915771484375,225.0,666.0,1469.6424999994633,-98,89,0.0,0.0,0.0,0,0,0,262144,False,False
7,3,centered_grid,0.016744822403579933,0.03003201245140827,99.995,6,0.0023233007317955117,0.14869124683491275,0.00044153143570018356,0.0002605413165641787,0.00035103637613218117,0.0030863512047709313,0.0026308855460590082,0.0028586183754149698,0.0017402947689583964,0.0054281483798559035,0.004077433671638236,0.0047527910257470695,0.09579003745845703,0.06694599608092713,0.08136801676969208,0.09579003745845703,0.07629238976603894,-3150,2835,3150,30.69915771484375,225.0,666.0,1469.6424999994633,-49,44,0.0,0.0,0.0,0,0,0,262144,False,False
7,3,centered_grid,0.016744822403579933,0.03003201245140827,99.995,7,0.0023233007317955117,0.2973824936698255,0.00044153143570018356,0.0002605413165641787,0.00035103637613218117,0.0030863512047709313,0.0026308855460590082,0.0028586183754149698,0.0017402947689583964,0.0054281483798559035,0.004077433671638236,0.0047527910257470695,0.24044120774954442,0.1792065106444174,0.2098238591969809,0.24044120774954442,0.20594759017854503,-3150,2835,3150,30.69915771484375,225.0,666.0,1469.6424999994633,-25,22,0.0,0.0,0.0,0,0,0,262144,False,False
7,4,centered_grid,0.018260358313210365,0.03001838481883905,99.995,0,0.002322246487136685,0.002322246487136685,0.00043378064451282824,0.0002605026448241265,0.0003471416446684774,0.003085263470641688,0.002620086630538595,0.0028526750505901413,0.0017402947689583964,0.0054097090395584125,0.004086904324851964,0.004748306682205188,0.3668685568622008,0.4147227474106844,0.39079565213644263,0.4147227474106844,0.3838199586869614,-3150,2835,3150,30.654464721679688,225.0,666.0,1469.6424999994633,-3150,2835,0.02400970458984375,0.0120391845703125,0.01197052001953125,6294,3156,3138,262144,False,False
7,4,centered_grid,0.018260358313210365,0.03001838481883905,99.995,1,0.002322246487136685,0.00464449297427337,0.00043378064451282824,0.0002605026448241265,0.0003471416446684774,0.003085263470641688,0.002620086630538595,0.0028526750505901413,0.0017402947689583964,0.0054097090395584125,0.004086904324851964,0.004748306682205188,0.2213178425847154,0.2507892807161543,0.23605356165043484,0.2507892807161543,0.22910372703948234,-3150,2835,3150,30.654464721679688,225.0,666.0,1469.6424999994633,-1575,1418,0.00830841064453125,0.00414276123046875,0.0041656494140625,2178,1086,1092,262144,False,False
7,4,centered_grid,0.018260358313210365,0.03001838481883905,99.995,2,0.002322246487136685,0.00928898594854674,0.00043378064451282824,0.0002605026448241265,0.0003471416446684774,0.003085263470641688,0.002620086630538595,0.0028526750505901413,0.0017402947689583964,0.0054097090395584125,0.004086904324851964,0.004748306682205188,0.1052631370626544,0.11127905368189667,0.10827109537227553,0.11127905368189667,0.10173439015737341,-3150,2835,3150,30.654464721679688,225.0,666.0,1469.6424999994633,-788,709,0.00201416015625,0.001007080078125,0.001007080078125,528,264,264,262144,False,False
7,4,centered_grid,0.018260358313210365,0.03001838481883905,99.995,3,0.002322246487136685,0.01857797189709348,0.00043378064451282824,0.0002605026448241265,0.0003471416446684774,0.003085263470641688,0.002620086630538595,0.0028526750505901413,0.0017402947689583964,0.0054097090395584125,0.004086904324851964,0.004748306682205188,0.040402340100483526,0.0297793421772366,0.03509084113886006,0.040402340100483526,0.02942810649219582,-3150,2835,3150,30.654464721679688,225.0,666.0,1469.6424999994633,-394,354,0.00035858154296875,0.000186920166015625,0.000171661376953125,94,49,45,262144,False,False
7,4,centered_grid,0.018260358313210365,0.03001838481883905,99.995,4,0.002322246487136685,0.03715594379418696,0.00043378064451282824,0.0002605026448241265,0.0003471416446684774,0.003085263470641688,0.002620086630538595,0.0028526750505901413,0.0017402947689583964,0.0054097090395584125,0.004086904324851964,0.004748306682205188,0.018648335121979803,0.009723706311756,0.014186020716867902,0.018648335121979803,0.008737449364585113,-3150,2835,3150,30.654464721679688,225.0,666.0,1469.6424999994633,-197,177,1.9073486328125e-05,7.62939453125e-06,1.1444091796875e-05,5,2,3,262144,True,False
7,4,centered_grid,0.018260358313210365,0.03001838481883905,99.995,5,0.002322246487136685,0.07431188758837393,0.00043378064451282824,0.0002605026448241265,0.0003471416446684774,0.003085263470641688,0.002620086630538595,0.0028526750505901413,0.0017402947689583964,0.0054097090395584125,0.004086904324851964,0.004748306682205188,0.03107329935314249,0.021431187277246178,0.026252243315194334,0.03107329935314249,0.021177198894491094,-3150,2835,3150,30.654464721679688,225.0,666.0,1469.6424999994633,-98,89,0.0,0.0,0.0,0,0,0,262144,False,False
7,4,centered_grid,0.018260358313210365,0.03001838481883905,99.995,6,0.002322246487136685,0.14862377517674785,0.00043378064451282824,0.0002605026448241265,0.0003471416446684774,0.003085263470641688,0.002620086630538595,0.0028526750505901413,0.0017402947689583964,0.0054097090395584125,0.004086904324851964,0.004748306682205188,0.09572402902264916,0.06693601474692815,0.08133002188478866,0.09572402902264916,0.07636106730391629,-3150,2835,3150,30.654464721679688,225.0,666.0,1469.6424999994633,-49,44,0.0,0.0,0.0,0,0,0,262144,False,False
7,4,centered_grid,0.018260358313210365,0.03001838481883905,99.995,7,0.002322246487136685,0.2972475503534957,0.00043378064451282824,0.0002605026448241265,0.0003471416446684774,0.003085263470641688,0.002620086630538595,0.0028526750505901413,0.0017402947689583964,0.0054097090395584125,0.004086904324851964,0.004748306682205188,0.24028267551923266,0.17909462420640535,0.209688649862819,0.24028267551923266,0.20576234574249208,-3150,2835,3150,30.654464721679688,225.0,666.0,1469.6424999994633,-25,22,0.0,0.0,0.0,0,0,0,262144,False,False
7,original,original_mixed,0.01826035831321036,0.030018384818839047,99.995,0,0.0023222464871366848,0.0023222464871366848,0.00043378064451282824,0.0002605026448241265,0.0003471416446684774,0.003085263470641686,0.002620086630538594,0.0028526750505901404,0.0017402947689583964,0.005409709039558409,0.004086904324851963,0.0047483066822051855,0.3668685568622009,0.4147227474106844,0.39079565213644263,0.4147227474106844,0.38381995868696134,-3150,2835,3150,30.654464721679688,225.0,666.0,1469.6424999994633,-3150,2835,0.02400970458984375,0.0120391845703125,0.01197052001953125,6294,3156,3138,262144,False,False
7,original,original_mixed,0.01826035831321036,0.030018384818839047,99.995,1,0.0023222464871366848,0.0046444929742733695,0.00043378064451282824,0.0002605026448241265,0.0003471416446684774,0.003085263470641686,0.002620086630538594,0.0028526750505901404,0.0017402947689583964,0.005409709039558409,0.004086904324851963,0.0047483066822051855,0.2213178425847155,0.2507892807161543,0.2360535616504349,0.2507892807161543,0.22910372703948234,-3150,2835,3150,30.654464721679688,225.0,666.0,1469.6424999994633,-1575,1418,0.00830841064453125,0.00414276123046875,0.0041656494140625,2178,1086,1092,262144,False,False
7,original,original_mixed,0.01826035831321036,0.030018384818839047,99.995,2,0.0023222464871366848,0.009288985948546739,0.00043378064451282824,0.0002605026448241265,0.0003471416446684774,0.003085263470641686,0.002620086630538594,0.0028526750505901404,0.0017402947689583964,0.005409709039558409,0.004086904324851963,0.0047483066822051855,0.1052631370626544,0.11127905368189671,0.10827109537227556,0.11127905368189671,0.10173439015737343,-3150,2835,3150,30.654464721679688,225.0,666.0,1469.6424999994633,-788,709,0.00201416015625,0.001007080078125,0.001007080078125,528,264,264,262144,False,False
7,original,original_mixed,0.01826035831321036,0.030018384818839047,99.995,3,0.0023222464871366848,0.018577971897093478,0.00043378064451282824,0.0002605026448241265,0.0003471416446684774,0.003085263470641686,0.002620086630538594,0.0028526750505901404,0.0017402947689583964,0.005409709039558409,0.004086904324851963,0.0047483066822051855,0.04040234010048354,0.029779342177236608,0.035090841138860074,0.04040234010048354,0.029428106492195825,-3150,2835,3150,30.654464721679688,225.0,666.0,1469.6424999994633,-394,354,0.00035858154296875,0.000186920166015625,0.000171661376953125,94,49,45,262144,False,False
7,original,original_mixed,0.01826035831321036,0.030018384818839047,99.995,4,0.0023222464871366848,0.037155943794186956,0.00043378064451282824,0.0002605026448241265,0.0003471416446684774,0.003085263470641686,0.002620086630538594,0.0028526750505901404,0.0017402947689583964,0.005409709039558409,0.004086904324851963,0.0047483066822051855,0.0186483351219798,0.009723706311755996,0.014186020716867899,0.0186483351219798,0.008737449364585115,-3150,2835,3150,30.654464721679688,225.0,666.0,1469.6424999994633,-197,177,1.9073486328125e-05,7.62939453125e-06,1.1444091796875e-05,5,2,3,262144,True,False
7,original,original_mixed,0.01826035831321036,0.030018384818839047,99.995,5,0.0023222464871366848,0.07431188758837391,0.00043378064451282824,0.0002605026448241265,0.0003471416446684774,0.003085263470641686,0.002620086630538594,0.0028526750505901404,0.0017402947689583964,0.005409709039558409,0.004086904324851963,0.0047483066822051855,0.031073299353142476,0.02143118727724617,0.026252243315194324,0.031073299353142476,0.021177198894491087,-3150,2835,3150,30.654464721679688,225.0,666.0,1469.6424999994633,-98,89,0.0,0.0,0.0,0,0,0,262144,False,False
7,original,original_mixed,0.01826035831321036,0.030018384818839047,99.995,6,0.0023222464871366848,0.14862377517674782,0.00043378064451282824,0.0002605026448241265,0.0003471416446684774,0.003085263470641686,0.002620086630538594,0.0028526750505901404,0.0017402947689583964,0.005409709039558409,0.004086904324851963,0.0047483066822051855,0.09572402902264912,0.06693601474692813,0.08133002188478863,0.09572402902264912,0.07636106730391626,-3150,2835,3150,30.654464721679688,225.0,666.0,1469.6424999994633,-49,44,0.0,0.0,0.0,0,0,0,262144,False,False
7,original,original_mixed,0.01826035831321036,0.030018384818839047,99.995,7,0.0023222464871366848,0.29724755035349565,0.00043378064451282824,0.0002605026448241265,0.0003471416446684774,0.003085263470641686,0.002620086630538594,0.0028526750505901404,0.0017402947689583964,0.005409709039558409,0.004086904324851963,0.0047483066822051855,0.2402826755192326,0.17909462420640535,0.209688649862819,0.2402826755192326,0.20576234574249205,-3150,2835,3150,30.654464721679688,225.0,666.0,1469.6424999994633,-25,22,0.0,0.0,0.0,0,0,0,262144,False,False
8,-4,centered_grid,0.014061716132629245,0.02810790009281847,99.995,0,0.0026418440064160335,0.0026418440064160335,0.0020497479022921084,0.0010884294423124774,0.001569088672302293,0.0019877300130583986,0.0015442708048346923,0.0017660004089465455,0.002630929601478934,0.005761533300969544,0.0038667449728757644,0.004814139136922654,0.3284920999049108,0.35362162761173616,0.34105686375832345,0.35362162761173616,0.33385134781402326,-1836,2794,2794,27.758636474609375,209.0,599.7140000000363,1221.571399999957,-1836,2794,0.0218658447265625,0.011119842529296875,0.010746002197265625,5732,2915,2817,262144,False,False
8,-4,centered_grid,0.014061716132629245,0.02810790009281847,99.995,1,0.0026418440064160335,0.005283688012832067,0.0020497479022921084,0.0010884294423124774,0.001569088672302293,0.0019877300130583986,0.0015442708048346923,0.0017660004089465455,0.002630929601478934,0.005761533300969544,0.0038667449728757644,0.004814139136922654,0.17458482230521358,0.2001149826170046,0.1873499024611091,0.2001149826170046,0.17967566530615897,-1836,2794,2794,27.758636474609375,209.0,599.7140000000363,1221.571399999957,-918,1397,0.00701904296875,0.00357818603515625,0.00344085693359375,1840,938,902,262144,False,False
8,-4,centered_grid,0.014061716132629245,0.02810790009281847,99.995,2,0.0026418440064160335,0.010567376025664134,0.0020497479022921084,0.0010884294423124774,0.001569088672302293,0.0019877300130583986,0.0015442708048346923,0.0017660004089465455,0.002630929601478934,0.005761533300969544,0.0038667449728757644,0.004814139136922654,0.06410860649108774,0.08679336098297319,0.07545098373703046,0.08679336098297319,0.0680374716616025,-1836,2794,2794,27.758636474609375,209.0,599.7140000000363,1221.571399999957,-459,698,0.001384735107421875,0.00074005126953125,0.000644683837890625,363,194,169,262144,False,False
8,-4,centered_grid,0.014061716132629245,0.02810790009281847,99.995,3,0.0026418440064160335,0.021134752051328268,0.0020497479022921084,0.0010884294423124774,0.001569088672302293,0.0019877300130583986,0.0015442708048346923,0.0017660004089465455,0.002630929601478934,0.005761533300969544,0.0038667449728757644,0.004814139136922654,0.014813793065454535,0.02564963333825688,0.020231713201855708,0.02564963333825688,0.014349825202068404,-1836,2794,2794,27.758636474609375,209.0,599.7140000000363,1221.571399999957,-230,349,0.00022125244140625,0.0001220703125,9.918212890625e-05,58,32,26,262144,False,False
8,-4,centered_grid,0.014061716132629245,0.02810790009281847,99.995,4,0.0026418440064160335,0.042269504102656535,0.0020497479022921084,0.0010884294423124774,0.001569088672302293,0.0019877300130583986,0.0015442708048346923,0.0017660004089465455,0.002630929601478934,0.005761533300969544,0.0038667449728757644,0.004814139136922654,0.013124996950072779,0.01176309136046705,0.012444044155269915,0.013124996950072779,0.0076059906391137255,-1836,2794,2794,27.758636474609375,209.0,599.7140000000363,1221.571399999957,-115,175,3.814697265625e-06,3.814697265625e-06,0.0,1,1,0,262144,True,True
8,-4,centered_grid,0.014061716132629245,0.02810790009281847,99.995,5,0.0026418440064160335,0.08453900820531307,0.0020497479022921084,0.0010884294423124774,0.001569088672302293,0.0019877300130583986,0.0015442708048346923,0.0017660004089465455,0.002630929601478934,0.005761533300969544,0.0038667449728757644,0.004814139136922654,0.03338880593925645,0.028936697327957707,0.03116275163360708,0.03338880593925645,0.02612770622087432,-1836,2794,2794,27.758636474609375,209.0,599.7140000000363,1221.571399999957,-57,87,0.0,0.0,0.0,0,0,0,262144,False,False
8,-4,centered_grid,0.014061716132629245,0.02810790009281847,99.995,6,0.0026418440064160335,0.16907801641062614,0.0020497479022921084,0.0010884294423124774,0.001569088672302293,0.0019877300130583986,0.0015442708048346923,0.0017660004089465455,0.002630929601478934,0.005761533300969544,0.0038667449728757644,0.004814139136922654,0.10258698276955266,0.09239342215518158,0.09749020246236711,0.10258698276955266,0.09256477766130956,-1836,2794,2794,27.758636474609375,209.0,599.7140000000363,1221.571399999957,-29,44,0.0,0.0,0.0,0,0,0,262144,False,False
8,-4,centered_grid,0.014061716132629245,0.02810790009281847,99.995,7,0.0026418440064160335,0.3381560328212523,0.0020497479022921084,0.0010884294423124774,0.001569088672302293,0.0019877300130583986,0.0015442708048346923,0.0017660004089465455,0.002630929601478934,0.005761533300969544,0.0038667449728757644,0.004814139136922654,0.24375683780387894,0.22777548205167264,0.23576615992777578,0.24375683780387894,0.23248669627514607,-1836,2794,2794,27.758636474609375,209.0,599.7140000000363,1221.571399999957,-14,22,0.0,0.0,0.0,0,0,0,262144,False,False
8,-3,centered_grid,0.01533441017717599,0.028116619540656067,99.995,0,0.002642663541882324,0.002642663541882324,0.0016852088800555502,0.0008530959944673164,0.0012691524372614334,0.0019914917652170067,0.001548314558438098,0.0017699031618275524,0.002630929601478934,0.005785135793402411,0.003879684737375339,0.004832410265388875,0.3284310201253818,0.35354533379177383,0.3409881769585778,0.35354533379177383,0.3336022108878568,-1836,2794,2794,27.806468963623047,209.0,599.7140000000363,1221.1427999999141,-1836,2794,0.02190399169921875,0.011157989501953125,0.010746002197265625,5742,2925,2817,262144,False,False
8,-3,centered_grid,0.01533441017717599,0.028116619540656067,99.995,1,0.002642663541882324,0.005285327083764648,0.0016852088800555502,0.0008530959944673164,0.0012691524372614334,0.0019914917652170067,0.001548314558438098,0.0017699031618275524,0.002630929601478934,0.005785135793402411,0.003879684737375339,0.004832410265388875,0.17455472457850546,0.2000547552308815,0.18730473990469348,0.2000547552308815,0.17951412376763545,-1836,2794,2794,27.806468963623047,209.0,599.7140000000363,1221.1427999999141,-918,1397,0.006999969482421875,0.003589630126953125,0.00341033935546875,1835,941,894,262144,False,False
8,-3,centered_grid,0.01533441017717599,0.028116619540656067,99.995,2,0.002642663541882324,0.010570654167529296,0.0016852088800555502,0.0008530959944673164,0.0012691524372614334,0.0019914917652170067,0.001548314558438098,0.0017699031618275524,0.002630929601478934,0.005785135793402411,0.003879684737375339,0.004832410265388875,0.06410150028127257,0.08676868845989137,0.07543509437058196,0.08676868845989137,0.06792887240915492,-1836,2794,2794,27.806468963623047,209.0,599.7140000000363,1221.1427999999141,-459,698,0.0013885498046875,0.00074005126953125,0.00064849853515625,364,194,170,262144,False,False
8,-3,centered_grid,0.01533441017717599,0.028116619540656067,99.995,3,0.002642663541882324,0.021141308335058593,0.0016852088800555502,0.0008530959944673164,0.0012691524372614334,0.0019914917652170067,0.001548314558438098,0.0017699031618275524,0.002630929601478934,0.005785135793402411,0.003879684737375339,0.004832410265388875,0.01485272170769498,0.02566373791528079,0.020258229811487886,0.02566373791528079,0.014375838545824936,-1836,2794,2794,27.806468963623047,209.0,599.7140000000363,1221.1427999999141,-230,349,0.00022125244140625,0.0001220703125,9.918212890625e-05,58,32,26,262144,False,False
8,-3,centered_grid,0.01533441017717599,0.028116619540656067,99.995,4,0.002642663541882324,0.042282616670117186,0.0016852088800555502,0.0008530959944673164,0.0012691524372614334,0.0019914917652170067,0.001548314558438098,0.0017699031618275524,0.002630929601478934,0.005785135793402411,0.003879684737375339,0.004832410265388875,0.013191309718198114,0.011820808723682468,0.01250605922094029,0.013191309718198114,0.007634643803943553,-1836,2794,2794,27.806468963623047,209.0,599.7140000000363,1221.1427999999141,-115,175,3.814697265625e-06,3.814697265625e-06,0.0,1,1,0,262144,True,False
8,-3,centered_grid,0.01533441017717599,0.028116619540656067,99.995,5,0.002642663541882324,0.08456523334023437,0.0016852088800555502,0.0008530959944673164,0.0012691524372614334,0.0019914917652170067,0.001548314558438098,0.0017699031618275524,0.002630929601478934,0.005785135793402411,0.003879684737375339,0.004832410265388875,0.03344675068578759,0.028950759689929034,0.031198755187858314,0.03344675068578759,0.026181222859739204,-1836,2794,2794,27.806468963623047,209.0,599.7140000000363,1221.1427999999141,-57,87,0.0,0.0,0.0,0,0,0,262144,False,False
8,-3,centered_grid,0.01533441017717599,0.028116619540656067,99.995,6,0.002642663541882324,0.16913046668046874,0.0016852088800555502,0.0008530959944673164,0.0012691524372614334,0.0019914917652170067,0.001548314558438098,0.0017699031618275524,0.002630929601478934,0.005785135793402411,0.003879684737375339,0.004832410265388875,0.10264522705723039,0.09249273851847001,0.0975689827878502,0.10264522705723039,0.09277282761749658,-1836,2794,2794,27.806468963623047,209.0,599.7140000000363,1221.1427999999141,-29,44,0.0,0.0,0.0,0,0,0,262144,False,False
8,-3,centered_grid,0.01533441017717599,0.028116619540656067,99.995,7,0.002642663541882324,0.3382609333609375,0.0016852088800555502,0.0008530959944673164,0.0012691524372614334,0.0019914917652170067,0.001548314558438098,0.0017699031618275524,0.002630929601478934,0.005785135793402411,0.003879684737375339,0.004832410265388875,0.24387190995239486,0.22792523397210152,0.23589857196224817,0.24387190995239486,0.23299945157701923,-1836,2794,2794,27.806468963623047,209.0,599.7140000000363,1221.1427999999141,-14,22,0.0,0.0,0.0,0,0,0,262144,False,False
8,-2,centered_grid,0.016722292874071242,0.0281600416025084,99.995,0,0.0026467447544052092,0.0026467447544052092,0.0013523374160068294,0.0006544199066246377,0.0010033786613157336,0.0019943032297241197,0.0015522441558592241,0.0017732736927916718,0.002630929601478934,0.00579333574359792,0.00387468443226918,0.00483401008793355,0.32807828986432214,0.35320121089360823,0.3406397503789652,0.35320121089360823,0.334021219641524,-1836,2794,2794,27.7608642578125,208.0,599.7140000000363,1228.2855999998283,-1836,2794,0.02181243896484375,0.011112213134765625,0.010700225830078125,5718,2913,2805,262144,False,False
8,-2,centered_grid,0.016722292874071242,0.0281600416025084,99.995,1,0.0026467447544052092,0.0052934895088104185,0.0013523374160068294,0.0006544199066246377,0.0010033786613157336,0.0019943032297241197,0.0015522441558592241,0.0017732736927916718,0.002630929601478934,0.00579333574359792,0.00387468443226918,0.00483401008793355,0.1742535744543187,0.1997552038118446,0.18700438913308165,0.1997552038118446,0.17967861678290253,-1836,2794,2794,27.7608642578125,208.0,599.7140000000363,1228.2855999998283,-918,1397,0.007030487060546875,0.00360107421875,0.003429412841796875,1843,944,899,262144,False,False
8,-2,centered_grid,0.016722292874071242,0.0281600416025084,99.995,2,0.0026467447544052092,0.010586979017620837,0.0013523374160068294,0.0006544199066246377,0.0010033786613157336,0.0019943032297241197,0.0015522441558592241,0.0017732736927916718,0.002630929601478934,0.00579333574359792,0.00387468443226918,0.00483401008793355,0.06394045211543764,0.08657489870761359,0.07525767541152562,0.08657489870761359,0.06791302074257709,-1836,2794,2794,27.7608642578125,208.0,599.7140000000363,1228.2855999998283,-459,698,0.00139617919921875,0.000743865966796875,0.000652313232421875,366,195,171,262144,False,False
8,-2,centered_grid,0.016722292874071242,0.0281600416025084,99.995,3,0.0026467447544052092,0.021173958035241674,0.0013523374160068294,0.0006544199066246377,0.0010033786613157336,0.0019943032297241197,0.0015522441558592241,0.0017732736927916718,0.002630929601478934,0.00579333574359792,0.00387468443226918,0.00483401008793355,0.014809498991613872,0.02556501744048751,0.02018725821605069,0.02556501744048751,0.014255204463332187,-1836,2794,2794,27.7608642578125,208.0,599.7140000000363,1228.2855999998283,-230,349,0.00022125244140625,0.0001220703125,9.918212890625e-05,58,32,26,262144,False,False
8,-2,centered_grid,0.016722292874071242,0.0281600416025084,99.995,4,0.0026467447544052092,0.04234791607048335,0.0013523374160068294,0.0006544199066246377,0.0010033786613157336,0.0019943032297241197,0.0015522441558592241,0.0017732736927916718,0.002630929601478934,0.00579333574359792,0.00387468443226918,0.00483401008793355,0.013204118898065132,0.011794375710525688,0.01249924730429541,0.013204118898065132,0.007619529183264374,-1836,2794,2794,27.7608642578125,208.0,599.7140000000363,1228.2855999998283,-115,175,3.814697265625e-06,3.814697265625e-06,0.0,1,1,0,262144,True,False
8,-2,centered_grid,0.016722292874071242,0.0281600416025084,99.995,5,0.0026467447544052092,0.0846958321409667,0.0013523374160068294,0.0006544199066246377,0.0010033786613157336,0.0019943032297241197,0.0015522441558592241,0.0017732736927916718,0.002630929601478934,0.00579333574359792,0.00387468443226918,0.00483401008793355,0.03354598161471445,0.02902089411008161,0.031283437862398025,0.03354598161471445,0.026193802667332365,-1836,2794,2794,27.7608642578125,208.0,599.7140000000363,1228.2855999998283,-57,87,0.0,0.0,0.0,0,0,0,262144,False,False
8,-2,centered_grid,0.016722292874071242,0.0281600416025084,99.995,6,0.0026467447544052092,0.1693916642819334,0.0013523374160068294,0.0006544199066246377,0.0010033786613157336,0.0019943032297241197,0.0015522441558592241,0.0017732736927916718,0.002630929601478934,0.00579333574359792,0.00387468443226918,0.00483401008793355,0.10280193468302301,0.09266755749832326,0.09773474609067313,0.10280193468302301,0.09287306614207888,-1836,2794,2794,27.7608642578125,208.0,599.7140000000363,1228.2855999998283,-29,44,0.0,0.0,0.0,0,0,0,262144,False,False
8,-2,centered_grid,0.016722292874071242,0.0281600416025084,99.995,7,0.0026467447544052092,0.3387833285638668,0.0013523374160068294,0.0006544199066246377,0.0010033786613157336,0.0019943032297241197,0.0015522441558592241,0.0017732736927916718,0.002630929601478934,0.00579333574359792,0.00387468443226918,0.00483401008793355,0.24426438971676062,0.2282131046467123,0.23623874718173646,0.24426438971676062,0.23299353767624614,-1836,2794,2794,27.7608642578125,208.0,599.7140000000363,1228.2855999998283,-14,22,0.0,0.0,0.0,0,0,0,262144,False,False
8,-1,centered_grid,0.018235789687067825,0.028124400165335448,99.995,0,0.0026433948379452643,0.0026433948379452643,0.0010618388559073988,0.0005031880942074901,0.0007825134750574444,0.0020107008724551127,0.0015740338942917232,0.001792367383373418,0.002630929601478934,0.005769704751856587,0.00393621686635183,0.004852960809104209,0.32836346725401666,0.3535073972097723,0.3409354322318945,0.3535073972097723,0.33378135264411524,-1836,2794,2794,27.778106689453125,209.0,597.5710000000545,1221.1427999999141,-1836,2794,0.0218963623046875,0.011150360107421875,0.010746002197265625,5740,2923,2817,262144,False,False
8,-1,centered_grid,0.018235789687067825,0.028124400165335448,99.995,1,0.0026433948379452643,0.0052867896758905285,0.0010618388559073988,0.0005031880942074901,0.0007825134750574444,0.0020107008724551127,0.0015740338942917232,0.001792367383373418,0.002630929601478934,0.005769704751856587,0.00393621686635183,0.004852960809104209,0.1744901856849217,0.20003423993179698,0.18726221280835934,0.20003423993179698,0.17929906039215776,-1836,2794,2794,27.778106689453125,209.0,597.5710000000545,1221.1427999999141,-918,1397,0.006992340087890625,0.00357818603515625,0.003414154052734375,1833,938,895,262144,False,False
8,-1,centered_grid,0.018235789687067825,0.028124400165335448,99.995,2,0.0026433948379452643,0.010573579351781057,0.0010618388559073988,0.0005031880942074901,0.0007825134750574444,0.0020107008724551127,0.0015740338942917232,0.001792367383373418,0.002630929601478934,0.005769704751856587,0.00393621686635183,0.004852960809104209,0.06406628309697264,0.08677808818675911,0.07542218564186587,0.08677808818675911,0.06783414987069994,-1836,2794,2794,27.778106689453125,209.0,597.5710000000545,1221.1427999999141,-459,698,0.0013885498046875,0.00074005126953125,0.00064849853515625,364,194,170,262144,False,False
8,-1,centered_grid,0.018235789687067825,0.028124400165335448,99.995,3,0.0026433948379452643,0.021147158703562114,0.0010618388559073988,0.0005031880942074901,0.0007825134750574444,0.0020107008724551127,0.0015740338942917232,0.001792367383373418,0.002630929601478934,0.005769704751856587,0.00393621686635183,0.004852960809104209,0.014828399968455927,0.02569283478949954,0.020260617378977733,0.02569283478949954,0.014334056659645834,-1836,2794,2794,27.778106689453125,209.0,597.5710000000545,1221.1427999999141,-230,349,0.00022125244140625,0.0001220703125,9.918212890625e-05,58,32,26,262144,False,False
8,-1,centered_grid,0.018235789687067825,0.028124400165335448,99.995,4,0.0026433948379452643,0.04229431740712423,0.0010618388559073988,0.0005031880942074901,0.0007825134750574444,0.0020107008724551127,0.0015740338942917232,0.001792367383373418,0.002630929601478934,0.005769704751856587,0.00393621686635183,0.004852960809104209,0.01312738209153491,0.011857747952527399,0.012492565022031155,0.01312738209153491,0.007598922240465147,-1836,2794,2794,27.778106689453125,209.0,597.5710000000545,1221.1427999999141,-115,175,3.814697265625e-06,3.814697265625e-06,0.0,1,1,0,262144,True,False
8,-1,centered_grid,0.018235789687067825,0.028124400165335448,99.995,5,0.0026433948379452643,0.08458863481424846,0.0010618388559073988,0.0005031880942074901,0.0007825134750574444,0.0020107008724551127,0.0015740338942917232,0.001792367383373418,0.002630929601478934,0.005769704751856587,0.00393621686635183,0.004852960809104209,0.033448620055531265,0.029008276199758955,0.03122844812764511,0.033448620055531265,0.026157519726939565,-1836,2794,2794,27.778106689453125,209.0,597.5710000000545,1221.1427999999141,-57,87,0.0,0.0,0.0,0,0,0,262144,False,False
8,-1,centered_grid,0.018235789687067825,0.028124400165335448,99.995,6,0.0026433948379452643,0.1691772696284969,0.0010618388559073988,0.0005031880942074901,0.0007825134750574444,0.0020107008724551127,0.0015740338942917232,0.001792367383373418,0.002630929601478934,0.005769704751856587,0.00393621686635183,0.004852960809104209,0.10276407892543937,0.09257019888484387,0.09766713890514162,0.10276407892543937,0.092613290996616,-1836,2794,2794,27.778106689453125,209.0,597.5710000000545,1221.1427999999141,-29,44,0.0,0.0,0.0,0,0,0,262144,False,False
8,-1,centered_grid,0.018235789687067825,0.028124400165335448,99.995,7,0.0026433948379452643,0.3383545392569938,0.0010618388559073988,0.0005031880942074901,0.0007825134750574444,0.0020107008724551127,0.0015740338942917232,0.001792367383373418,0.002630929601478934,0.005769704751856587,0.00393621686635183,0.004852960809104209,0.24387544808127112,0.22805725121780798,0.23596634964953955,0.24387544808127112,0.232420883513614,-1836,2794,2794,27.778106689453125,209.0,597.5710000000545,1221.1427999999141,-14,22,0.0,0.0,0.0,0,0,0,262144,False,False
8,0,centered_grid,0.019886269665004824,0.02816492304506656,99.995,0,0.0026472035581480125,0.0026472035581480125,0.0008271286582644778,0.00038600853551893336,0.0006065685968917056,0.0020489535356523368,0.0015985353354182464,0.0018237444355352916,0.002630929601478934,0.0058194861016966325,0.003936459447481129,0.00487797277458888,0.32808000541180804,0.3531965612671907,0.34063828333949936,0.3531965612671907,0.3329282492053456,-1836,2794,2794,27.76471710205078,209.0,597.5710000000545,1211.785499999678,-1836,2794,0.021984100341796875,0.011199951171875,0.010784149169921875,5763,2936,2827,262144,False,False
8,0,centered_grid,0.019886269665004824,0.02816492304506656,99.995,1,0.0026472035581480125,0.005294407116296025,0.0008271286582644778,0.00038600853551893336,0.0006065685968917056,0.0020489535356523368,0.0015985353354182464,0.0018237444355352916,0.002630929601478934,0.0058194861016966325,0.003936459447481129,0.00487797277458888,0.1742568980160838,0.19975880244000035,0.18700785022804206,0.19975880244000035,0.17885995521275788,-1836,2794,2794,27.76471710205078,209.0,597.5710000000545,1211.785499999678,-918,1397,0.00701904296875,0.003582000732421875,0.003437042236328125,1840,939,901,262144,False,False
8,0,centered_grid,0.019886269665004824,0.02816492304506656,99.995,2,0.0026472035581480125,0.01058881423259205,0.0008271286582644778,0.00038600853551893336,0.0006065685968917056,0.0020489535356523368,0.0015985353354182464,0.0018237444355352916,0.002630929601478934,0.0058194861016966325,0.003936459447481129,0.00487797277458888,0.0639441897199012,0.08661724122638426,0.07528071547314273,0.08661724122638426,0.06755648114244976,-1836,2794,2794,27.76471710205078,209.0,597.5710000000545,1211.785499999678,-459,698,0.001384735107421875,0.00074005126953125,0.000644683837890625,363,194,169,262144,False,False
8,0,centered_grid,0.019886269665004824,0.02816492304506656,99.995,3,0.0026472035581480125,0.0211776284651841,0.0008271286582644778,0.00038600853551893336,0.0006065685968917056,0.0020489535356523368,0.0015985353354182464,0.0018237444355352916,0.002630929601478934,0.0058194861016966325,0.003936459447481129,0.00487797277458888,0.014820518822292976,0.02560322525406174,0.02021187203817736,0.02560322525406174,0.014230358033957344,-1836,2794,2794,27.76471710205078,209.0,597.5710000000545,1211.785499999678,-230,349,0.00022125244140625,0.0001220703125,9.918212890625e-05,58,32,26,262144,False,False
8,0,centered_grid,0.019886269665004824,0.02816492304506656,99.995,4,0.0026472035581480125,0.0423552569303682,0.0008271286582644778,0.00038600853551893336,0.0006065685968917056,0.0020489535356523368,0.0015985353354182464,0.0018237444355352916,0.002630929601478934,0.0058194861016966325,0.003936459447481129,0.00487797277458888,0.01322390488765356,0.011848102229171365,0.012536003558412463,0.01322390488765356,0.007621385405715064,-1836,2794,2794,27.76471710205078,209.0,597.5710000000545,1211.785499999678,-115,175,3.814697265625e-06,3.814697265625e-06,0.0,1,1,0,262144,True,False
8,0,centered_grid,0.019886269665004824,0.02816492304506656,99.995,5,0.0026472035581480125,0.0847105138607364,0.0008271286582644778,0.00038600853551893336,0.0006065685968917056,0.0020489535356523368,0.0015985353354182464,0.0018237444355352916,0.002630929601478934,0.0058194861016966325,0.003936459447481129,0.00487797277458888,0.03365655854542602,0.029114024932869867,0.03138529173914795,0.03365655854542602,0.026196012200152087,-1836,2794,2794,27.76471710205078,209.0,597.5710000000545,1211.785499999678,-57,87,0.0,0.0,0.0,0,0,0,262144,False,False
8,0,centered_grid,0.019886269665004824,0.02816492304506656,99.995,6,0.0026472035581480125,0.1694210277214728,0.0008271286582644778,0.00038600853551893336,0.0006065685968917056,0.0020489535356523368,0.0015985353354182464,0.0018237444355352916,0.002630929601478934,0.0058194861016966325,0.003936459447481129,0.00487797277458888,0.1028839962744354,0.09281737968565026,0.09785068798004283,0.1028839962744354,0.0927894060282056,-1836,2794,2794,27.76471710205078,209.0,597.5710000000545,1211.785499999678,-29,44,0.0,0.0,0.0,0,0,0,262144,False,False
8,0,centered_grid,0.019886269665004824,0.02816492304506656,99.995,7,0.0026472035581480125,0.3388420554429456,0.0008271286582644778,0.00038600853551893336,0.0006065685968917056,0.0020489535356523368,0.0015985353354182464,0.0018237444355352916,0.002630929601478934,0.0058194861016966325,0.003936459447481129,0.00487797277458888,0.24432043923611793,0.22833815936974963,0.23632929930293378,0.24432043923611793,0.23299160622139864,-1836,2794,2794,27.76471710205078,209.0,597.5710000000545,1211.785499999678,-14,22,0.0,0.0,0.0,0,0,0,262144,False,False
8,1,centered_grid,0.021686130843554304,0.02815301274281372,99.995,0,0.002646084116264508,0.002646084116264508,0.0006509116090938953,0.0003014768454586911,0.0004761942272762932,0.0020762338258066945,0.0016150960563112487,0.0018456649410589715,0.002630929601478934,0.005868092737049574,0.00393842382988083,0.004903258283465202,0.328200409654287,0.3533162485516808,0.34075832910298387,0.3533162485516808,0.33339334928513703,-1836,2794,2794,27.69930648803711,208.0,597.5710000000545,1214.1425999996136,-1836,2794,0.021942138671875,0.011180877685546875,0.010761260986328125,5752,2931,2821,262144,False,False
8,1,centered_grid,0.021686130843554304,0.02815301274281372,99.995,1,0.002646084116264508,0.005292168232529016,0.0006509116090938953,0.0003014768454586911,0.0004761942272762932,0.0020762338258066945,0.0016150960563112487,0.0018456649410589715,0.002630929601478934,0.005868092737049574,0.00393842382988083,0.004903258283465202,0.17437500263765254,0.19985873805569776,0.18711687034667515,0.19985873805569776,0.17930816060228513,-1836,2794,2794,27.69930648803711,208.0,597.5710000000545,1214.1425999996136,-918,1397,0.006992340087890625,0.003582000732421875,0.00341033935546875,1833,939,894,262144,False,False
8,1,centered_grid,0.021686130843554304,0.02815301274281372,99.995,2,0.002646084116264508,0.010584336465058032,0.0006509116090938953,0.0003014768454586911,0.0004761942272762932,0.0020762338258066945,0.0016150960563112487,0.0018456649410589715,0.002630929601478934,0.005868092737049574,0.00393842382988083,0.004903258283465202,0.06403671791343929,0.08666869553900795,0.07535270672622363,0.08666869553900795,0.06790681778517155,-1836,2794,2794,27.69930648803711,208.0,597.5710000000545,1214.1425999996136,-459,698,0.001384735107421875,0.000736236572265625,0.00064849853515625,363,193,170,262144,False,False
8,1,centered_grid,0.021686130843554304,0.02815301274281372,99.995,3,0.002646084116264508,0.021168672930116064,0.0006509116090938953,0.0003014768454586911,0.0004761942272762932,0.0020762338258066945,0.0016150960563112487,0.0018456649410589715,0.002630929601478934,0.005868092737049574,0.00393842382988083,0.004903258283465202,0.014893993321476647,0.02563233644720363,0.02026316488434014,0.02563233644720363,0.0143314116547438,-1836,2794,2794,27.69930648803711,208.0,597.5710000000545,1214.1425999996136,-230,349,0.00022125244140625,0.0001220703125,9.918212890625e-05,58,32,26,262144,False,False
8,1,centered_grid,0.021686130843554304,0.02815301274281372,99.995,4,0.002646084116264508,0.04233734586023213,0.0006509116090938953,0.0003014768454586911,0.0004761942272762932,0.0020762338258066945,0.0016150960563112487,0.0018456649410589715,0.002630929601478934,0.005868092737049574,0.00393842382988083,0.004903258283465202,0.013292450419531402,0.011850258947421265,0.012571354683476334,0.013292450419531402,0.007602982616060078,-1836,2794,2794,27.69930648803711,208.0,597.5710000000545,1214.1425999996136,-115,175,3.814697265625e-06,3.814697265625e-06,0.0,1,1,0,262144,True,False
8,1,centered_grid,0.021686130843554304,0.02815301274281372,99.995,5,0.002646084116264508,0.08467469172046425,0.0006509116090938953,0.0003014768454586911,0.0004761942272762932,0.0020762338258066945,0.0016150960563112487,0.0018456649410589715,0.002630929601478934,0.005868092737049574,0.00393842382988083,0.004903258283465202,0.03362858582569319,0.029084534262273223,0.031356560043983205,0.03362858582569319,0.02614756725826722,-1836,2794,2794,27.69930648803711,208.0,597.5710000000545,1214.1425999996136,-57,87,0.0,0.0,0.0,0,0,0,262144,False,False
8,1,centered_grid,0.021686130843554304,0.02815301274281372,99.995,6,0.002646084116264508,0.1693493834409285,0.0006509116090938953,0.0003014768454586911,0.0004761942272762932,0.0020762338258066945,0.0016150960563112487,0.0018456649410589715,0.002630929601478934,0.005868092737049574,0.00393842382988083,0.004903258283465202,0.10310186545929853,0.09280352345450713,0.09795269445690283,0.10310186545929853,0.09279949549949754,-1836,2794,2794,27.69930648803711,208.0,597.5710000000545,1214.1425999996136,-29,44,0.0,0.0,0.0,0,0,0,262144,False,False
8,1,centered_grid,0.021686130843554304,0.02815301274281372,99.995,7,0.002646084116264508,0.338698766881857,0.0006509116090938953,0.0003014768454586911,0.0004761942272762932,0.0020762338258066945,0.0016150960563112487,0.0018456649410589715,0.002630929601478934,0.005868092737049574,0.00393842382988083,0.004903258283465202,0.24419950357668566,0.22823294330314106,0.23621622343991336,0.24419950357668566,0.23267080274992163,-1836,2794,2794,27.69930648803711,208.0,597.5710000000545,1214.1425999996136,-14,22,0.0,0.0,0.0,0,0,0,262144,False,False
8,2,centered_grid,0.023648893376486513,0.028114319865666527,99.995,0,0.0026424473968637433,0.0026424473968637433,0.0005141844382472425,0.0002577754375127903,0.00038597993788001643,0.0020311922714907798,0.0016053382505500696,0.0018182652610204248,0.002630929601478934,0.0058247723167031305,0.003959614232467192,0.0048921932745851614,0.3284641795327922,0.35361553056900547,0.34103985505089884,0.35361553056900547,0.3339276273409487,-1836,2794,2794,27.727153778076172,209.0,599.7140000000363,1228.2855999998283,-1836,2794,0.0217132568359375,0.011051177978515625,0.010662078857421875,5692,2897,2795,262144,False,False
8,2,centered_grid,0.023648893376486513,0.028114319865666527,99.995,1,0.0026424473968637433,0.0052848947937274866,0.0005141844382472425,0.0002577754375127903,0.00038597993788001643,0.0020311922714907798,0.0016053382505500696,0.0018182652610204248,0.002630929601478934,0.0058247723167031305,0.003959614232467192,0.0048921932745851614,0.17458921144010436,0.20013718619032317,0.18736319881521377,0.20013718619032317,0.17962989008755129,-1836,2794,2794,27.727153778076172,209.0,599.7140000000363,1228.2855999998283,-918,1397,0.00693511962890625,0.00354766845703125,0.003387451171875,1818,930,888,262144,False,False
8,2,centered_grid,0.023648893376486513,0.028114319865666527,99.995,2,0.0026424473968637433,0.010569789587454973,0.0005141844382472425,0.0002577754375127903,0.00038597993788001643,0.0020311922714907798,0.0016053382505500696,0.0018182652610204248,0.002630929601478934,0.0058247723167031305,0.003959614232467192,0.0048921932745851614,0.06413476549083658,0.08684832541868044,0.0754915454547585,0.08684832541868044,0.06803142616872519,-1836,2794,2794,27.727153778076172,209.0,599.7140000000363,1228.2855999998283,-459,698,0.001384735107421875,0.000743865966796875,0.000640869140625,363,195,168,262144,False,False
8,2,centered_grid,0.023648893376486513,0.028114319865666527,99.995,3,0.0026424473968637433,0.021139579174909946,0.0005141844382472425,0.0002577754375127903,0.00038597993788001643,0.0020311922714907798,0.0016053382505500696,0.0018182652610204248,0.002630929601478934,0.0058247723167031305,0.003959614232467192,0.0048921932745851614,0.014876889142757204,0.025731260019780607,0.020304074581268906,0.025731260019780607,0.014356033589557123,-1836,2794,2794,27.727153778076172,209.0,599.7140000000363,1228.2855999998283,-230,349,0.00022125244140625,0.0001220703125,9.918212890625e-05,58,32,26,262144,False,False
8,2,centered_grid,0.023648893376486513,0.028114319865666527,99.995,4,0.0026424473968637433,0.04227915834981989,0.0005141844382472425,0.0002577754375127903,0.00038597993788001643,0.0020311922714907798,0.0016053382505500696,0.0018182652610204248,0.002630929601478934,0.0058247723167031305,0.003959614232467192,0.0048921932745851614,0.01318040225601348,0.01183742566990058,0.01250891396295703,0.01318040225601348,0.007572521137388127,-1836,2794,2794,27.727153778076172,209.0,599.7140000000363,1228.2855999998283,-115,175,3.814697265625e-06,3.814697265625e-06,0.0,1,1,0,262144,True,False
8,2,centered_grid,0.023648893376486513,0.028114319865666527,99.995,5,0.0026424473968637433,0.08455831669963979,0.0005141844382472425,0.0002577754375127903,0.00038597993788001643,0.0020311922714907798,0.0016053382505500696,0.0018182652610204248,0.002630929601478934,0.0058247723167031305,0.003959614232467192,0.0048921932745851614,0.03344222287543906,0.02894269412347255,0.031192458499455806,0.03344222287543906,0.026078223362141755,-1836,2794,2794,27.727153778076172,209.0,599.7140000000363,1228.2855999998283,-57,87,0.0,0.0,0.0,0,0,0,262144,False,False
8,2,centered_grid,0.023648893376486513,0.028114319865666527,99.995,6,0.0026424473968637433,0.16911663339927957,0.0005141844382472425,0.0002577754375127903,0.00038597993788001643,0.0020311922714907798,0.0016053382505500696,0.0018182652610204248,0.002630929601478934,0.0058247723167031305,0.003959614232467192,0.0048921932745851614,0.10272867569744779,0.09250316853548117,0.09761592211646447,0.10272867569744779,0.09275819988233644,-1836,2794,2794,27.727153778076172,209.0,599.7140000000363,1228.2855999998283,-29,44,0.0,0.0,0.0,0,0,0,262144,False,False
8,2,centered_grid,0.023648893376486513,0.028114319865666527,99.995,7,0.0026424473968637433,0.33823326679855914,0.0005141844382472425,0.0002577754375127903,0.00038597993788001643,0.0020311922714907798,0.0016053382505500696,0.0018182652610204248,0.002630929601478934,0.0058247723167031305,0.003959614232467192,0.0048921932745851614,0.24384928659910193,0.22803200050021888,0.2359406435496604,0.24384928659910193,0.2326772636223417,-1836,2794,2794,27.727153778076172,209.0,599.7140000000363,1228.2855999998283,-14,22,0.0,0.0,0.0,0,0,0,262144,False,False
8,3,centered_grid,0.02578930109603474,0.02820082853995252,99.995,0,0.0026505782932277817,0.0026505782932277817,0.0004154235587814492,0.0002559462584344393,0.00033568490860794425,0.0020911793805228284,0.0016474182706978902,0.0018692988256103593,0.002630929601478934,0.005878530328368241,0.003976632334753845,0.004927581331561043,0.3278142897111662,0.3529463540362718,0.340380321873719,0.3529463540362718,0.33244682457955654,-1836,2794,2794,27.685382843017578,208.0,597.5710000000545,1211.785499999678,-1836,2794,0.021762847900390625,0.011081695556640625,0.01068115234375,5705,2905,2800,262144,False,False
8,3,centered_grid,0.02578930109603474,0.02820082853995252,99.995,1,0.0026505782932277817,0.005301156586455563,0.0004154235587814492,0.0002559462584344393,0.00033568490860794425,0.0020911793805228284,0.0016474182706978902,0.0018692988256103593,0.002630929601478934,0.005878530328368241,0.003976632334753845,0.004927581331561043,0.1740451697288349,0.19953863871432062,0.18679190422157776,0.19953863871432062,0.1789078750778196,-1836,2794,2794,27.685382843017578,208.0,597.5710000000545,1211.785499999678,-918,1397,0.00695037841796875,0.00356292724609375,0.003387451171875,1822,934,888,262144,False,False
8,3,centered_grid,0.02578930109603474,0.02820082853995252,99.995,2,0.0026505782932277817,0.010602313172911127,0.0004154235587814492,0.0002559462584344393,0.00033568490860794425,0.0020911793805228284,0.0016474182706978902,0.0018692988256103593,0.002630929601478934,0.005878530328368241,0.003976632334753845,0.004927581331561043,0.0638532328641102,0.08648720797939805,0.07517022042175411,0.08648720797939805,0.06790057901941973,-1836,2794,2794,27.685382843017578,208.0,597.5710000000545,1211.785499999678,-459,698,0.001369476318359375,0.000728607177734375,0.000640869140625,359,191,168,262144,False,False
8,3,centered_grid,0.02578930109603474,0.02820082853995252,99.995,3,0.0026505782932277817,0.021204626345822254,0.0004154235587814492,0.0002559462584344393,0.00033568490860794425,0.0020911793805228284,0.0016474182706978902,0.0018692988256103593,0.002630929601478934,0.005878530328368241,0.003976632334753845,0.004927581331561043,0.014840782932787703,0.02556339373179716,0.020202088332292433,0.02556339373179716,0.014361518209525033,-1836,2794,2794,27.685382843017578,208.0,597.5710000000545,1211.785499999678,-230,349,0.00022125244140625,0.0001220703125,9.918212890625e-05,58,32,26,262144,False,False
8,3,centered_grid,0.02578930109603474,0.02820082853995252,99.995,4,0.0026505782932277817,0.04240925269164451,0.0004154235587814492,0.0002559462584344393,0.00033568490860794425,0.0020911793805228284,0.0016474182706978902,0.0018692988256103593,0.002630929601478934,0.005878530328368241,0.003976632334753845,0.004927581331561043,0.013344721090977394,0.011855399654064104,0.01260006037252075,0.013344721090977394,0.007601998006403267,-1836,2794,2794,27.685382843017578,208.0,597.5710000000545,1211.785499999678,-115,175,3.814697265625e-06,3.814697265625e-06,0.0,1,1,0,262144,True,False
8,3,centered_grid,0.02578930109603474,0.02820082853995252,99.995,5,0.0026505782932277817,0.08481850538328901,0.0004154235587814492,0.0002559462584344393,0.00033568490860794425,0.0020911793805228284,0.0016474182706978902,0.0018692988256103593,0.002630929601478934,0.005878530328368241,0.003976632334753845,0.004927581331561043,0.033739961842240665,0.02926036907068159,0.03150016545646113,0.033739961842240665,0.026111086368219384,-1836,2794,2794,27.685382843017578,208.0,597.5710000000545,1211.785499999678,-57,87,0.0,0.0,0.0,0,0,0,262144,False,False
8,3,centered_grid,0.02578930109603474,0.02820082853995252,99.995,6,0.0026505782932277817,0.16963701076657803,0.0004154235587814492,0.0002559462584344393,0.00033568490860794425,0.0020911793805228284,0.0016474182706978902,0.0018692988256103593,0.002630929601478934,0.005878530328368241,0.003976632334753845,0.004927581331561043,0.10325824062526688,0.09297097384731978,0.09811460723629334,0.10325824062526688,0.092927297366168,-1836,2794,2794,27.685382843017578,208.0,597.5710000000545,1211.785499999678,-29,44,0.0,0.0,0.0,0,0,0,262144,False,False
8,3,centered_grid,0.02578930109603474,0.02820082853995252,99.995,7,0.0026505782932277817,0.33927402153315606,0.0004154235587814492,0.0002559462584344393,0.00033568490860794425,0.0020911793805228284,0.0016474182706978902,0.0018692988256103593,0.002630929601478934,0.005878530328368241,0.003976632334753845,0.004927581331561043,0.24452664689583142,0.22867955521674388,0.23660310105628765,0.24452664689583142,0.2336160492857155,-1836,2794,2794,27.685382843017578,208.0,597.5710000000545,1211.785499999678,-14,22,0.0,0.0,0.0,0,0,0,262144,False,False
8,4,centered_grid,0.02812343226525849,0.028119786776014653,99.995,0,0.0026429612283591277,0.0026429612283591277,0.0003550411880015584,0.0002668786145753811,0.0003109599012884697,0.002109964640769306,0.0016476119876997729,0.0018787883142345394,0.002630929601478934,0.005895704523662076,0.003993013095246976,0.004944358809454526,0.3284861599631626,0.35362108027187045,0.3410536201175165,0.35362108027187045,0.3333490962614595,-1836,2794,2794,27.81100082397461,208.0,597.5710000000545,1217.3570999999356,-1836,2794,0.021854400634765625,0.011119842529296875,0.01073455810546875,5729,2915,2814,262144,False,False
8,4,centered_grid,0.02812343226525849,0.028119786776014653,99.995,1,0.0026429612283591277,0.005285922456718255,0.0003550411880015584,0.0002668786145753811,0.0003109599012884697,0.002109964640769306,0.0016476119876997729,0.0018787883142345394,0.002630929601478934,0.005895704523662076,0.003993013095246976,0.004944358809454526,0.17462376263856325,0.20013740980276962,0.18738058622066645,0.20013740980276962,0.17950946491727354,-1836,2794,2794,27.81100082397461,208.0,597.5710000000545,1217.3570999999356,-918,1397,0.006984710693359375,0.00356292724609375,0.003421783447265625,1831,934,897,262144,False,False
8,4,centered_grid,0.02812343226525849,0.028119786776014653,99.995,2,0.0026429612283591277,0.01057184491343651,0.0003550411880015584,0.0002668786145753811,0.0003109599012884697,0.002109964640769306,0.0016476119876997729,0.0018787883142345394,0.002630929601478934,0.005895704523662076,0.003993013095246976,0.004944358809454526,0.06419386788769549,0.08685946408275975,0.07552666598522761,0.08685946408275975,0.06808458143239318,-1836,2794,2794,27.81100082397461,208.0,597.5710000000545,1217.3570999999356,-459,698,0.0013885498046875,0.000732421875,0.0006561279296875,364,192,172,262144,False,False
8,4,centered_grid,0.02812343226525849,0.028119786776014653,99.995,3,0.0026429612283591277,0.02114368982687302,0.0003550411880015584,0.0002668786145753811,0.0003109599012884697,0.002109964640769306,0.0016476119876997729,0.0018787883142345394,0.002630929601478934,0.005895704523662076,0.003993013095246976,0.004944358809454526,0.014946906758936169,0.025729468106096894,0.02033818743251653,0.025729468106096894,0.014372598280735133,-1836,2794,2794,27.81100082397461,208.0,597.5710000000545,1217.3570999999356,-230,349,0.00022125244140625,0.0001220703125,9.918212890625e-05,58,32,26,262144,False,False
8,4,centered_grid,0.02812343226525849,0.028119786776014653,99.995,4,0.0026429612283591277,0.04228737965374604,0.0003550411880015584,0.0002668786145753811,0.0003109599012884697,0.002109964640769306,0.0016476119876997729,0.0018787883142345394,0.002630929601478934,0.005895704523662076,0.003993013095246976,0.004944358809454526,0.0133269998959396,0.011901035812914434,0.012614017854427017,0.0133269998959396,0.0076206533925194655,-1836,2794,2794,27.81100082397461,208.0,597.5710000000545,1217.3570999999356,-115,175,3.814697265625e-06,3.814697265625e-06,0.0,1,1,0,262144,True,False
8,4,centered_grid,0.02812343226525849,0.028119786776014653,99.995,5,0.0026429612283591277,0.08457475930749209,0.0003550411880015584,0.0002668786145753811,0.0003109599012884697,0.002109964640769306,0.0016476119876997729,0.0018787883142345394,0.002630929601478934,0.005895704523662076,0.003993013095246976,0.004944358809454526,0.033500256960288265,0.029061447720875214,0.03128085234058174,0.033500256960288265,0.026135190625743734,-1836,2794,2794,27.81100082397461,208.0,597.5710000000545,1217.3570999999356,-57,87,0.0,0.0,0.0,0,0,0,262144,False,False
8,4,centered_grid,0.02812343226525849,0.028119786776014653,99.995,6,0.0026429612283591277,0.16914951861498417,0.0003550411880015584,0.0002668786145753811,0.0003109599012884697,0.002109964640769306,0.0016476119876997729,0.0018787883142345394,0.002630929601478934,0.005895704523662076,0.003993013095246976,0.004944358809454526,0.10268515178585157,0.09254061073258758,0.09761288125921957,0.10268515178585157,0.09279171311711443,-1836,2794,2794,27.81100082397461,208.0,597.5710000000545,1217.3570999999356,-29,44,0.0,0.0,0.0,0,0,0,262144,False,False
8,4,centered_grid,0.02812343226525849,0.028119786776014653,99.995,7,0.0026429612283591277,0.33829903722996835,0.0003550411880015584,0.0002668786145753811,0.0003109599012884697,0.002109964640769306,0.0016476119876997729,0.0018787883142345394,0.002630929601478934,0.005895704523662076,0.003993013095246976,0.004944358809454526,0.24403046287733945,0.22801712044421704,0.23602379166077825,0.24403046287733945,0.23346850249597545,-1836,2794,2794,27.81100082397461,208.0,597.5710000000545,1217.3570999999356,-14,22,0.0,0.0,0.0,0,0,0,262144,False,False
8,original,original_mixed,0.028123432265258486,0.02811978677601465,99.995,0,0.0026429612283591277,0.0026429612283591277,0.0003550411880015584,0.0002668786145753811,0.0003109599012884697,0.0021099646407693054,0.0016476119876997722,0.0018787883142345387,0.002630929601478934,0.005895704523662076,0.003993013095246976,0.004944358809454526,0.3284861599631626,0.35362108027187045,0.3410536201175165,0.35362108027187045,0.3333490962614595,-1836,2794,2794,27.81100082397461,208.0,597.5710000000545,1217.3570999999356,-1836,2794,0.021854400634765625,0.011119842529296875,0.01073455810546875,5729,2915,2814,262144,False,False
8,original,original_mixed,0.028123432265258486,0.02811978677601465,99.995,1,0.0026429612283591277,0.005285922456718255,0.0003550411880015584,0.0002668786145753811,0.0003109599012884697,0.0021099646407693054,0.0016476119876997722,0.0018787883142345387,0.002630929601478934,0.005895704523662076,0.003993013095246976,0.004944358809454526,0.17462376263856325,0.20013740980276962,0.18738058622066645,0.20013740980276962,0.17950946491727351,-1836,2794,2794,27.81100082397461,208.0,597.5710000000545,1217.3570999999356,-918,1397,0.006984710693359375,0.00356292724609375,0.003421783447265625,1831,934,897,262144,False,False
8,original,original_mixed,0.028123432265258486,0.02811978677601465,99.995,2,0.0026429612283591277,0.01057184491343651,0.0003550411880015584,0.0002668786145753811,0.0003109599012884697,0.0021099646407693054,0.0016476119876997722,0.0018787883142345387,0.002630929601478934,0.005895704523662076,0.003993013095246976,0.004944358809454526,0.06419386788769549,0.08685946408275975,0.07552666598522761,0.08685946408275975,0.06808458143239318,-1836,2794,2794,27.81100082397461,208.0,597.5710000000545,1217.3570999999356,-459,698,0.0013885498046875,0.000732421875,0.0006561279296875,364,192,172,262144,False,False
8,original,original_mixed,0.028123432265258486,0.02811978677601465,99.995,3,0.0026429612283591277,0.02114368982687302,0.0003550411880015584,0.0002668786145753811,0.0003109599012884697,0.0021099646407693054,0.0016476119876997722,0.0018787883142345387,0.002630929601478934,0.005895704523662076,0.003993013095246976,0.004944358809454526,0.014946906758936169,0.025729468106096894,0.02033818743251653,0.025729468106096894,0.014372598280735132,-1836,2794,2794,27.81100082397461,208.0,597.5710000000545,1217.3570999999356,-230,349,0.00022125244140625,0.0001220703125,9.918212890625e-05,58,32,26,262144,False,False
8,original,original_mixed,0.028123432265258486,0.02811978677601465,99.995,4,0.0026429612283591277,0.04228737965374604,0.0003550411880015584,0.0002668786145753811,0.0003109599012884697,0.0021099646407693054,0.0016476119876997722,0.0018787883142345387,0.002630929601478934,0.005895704523662076,0.003993013095246976,0.004944358809454526,0.0133269998959396,0.011901035812914434,0.012614017854427017,0.0133269998959396,0.007620653392519468,-1836,2794,2794,27.81100082397461,208.0,597.5710000000545,1217.3570999999356,-115,175,3.814697265625e-06,3.814697265625e-06,0.0,1,1,0,262144,True,False
8,original,original_mixed,0.028123432265258486,0.02811978677601465,99.995,5,0.0026429612283591277,0.08457475930749209,0.0003550411880015584,0.0002668786145753811,0.0003109599012884697,0.0021099646407693054,0.0016476119876997722,0.0018787883142345387,0.002630929601478934,0.005895704523662076,0.003993013095246976,0.004944358809454526,0.033500256960288265,0.029061447720875214,0.03128085234058174,0.033500256960288265,0.02613519062574375,-1836,2794,2794,27.81100082397461,208.0,597.5710000000545,1217.3570999999356,-57,87,0.0,0.0,0.0,0,0,0,262144,False,False
8,original,original_mixed,0.028123432265258486,0.02811978677601465,99.995,6,0.0026429612283591277,0.16914951861498417,0.0003550411880015584,0.0002668786145753811,0.0003109599012884697,0.0021099646407693054,0.0016476119876997722,0.0018787883142345387,0.002630929601478934,0.005895704523662076,0.003993013095246976,0.004944358809454526,0.10268515178585157,0.09254061073258758,0.09761288125921957,0.10268515178585157,0.09279171311711445,-1836,2794,2794,27.81100082397461,208.0,597.5710000000545,1217.3570999999356,-29,44,0.0,0.0,0.0,0,0,0,262144,False,False
8,original,original_mixed,0.028123432265258486,0.02811978677601465,99.995,7,0.0026429612283591277,0.33829903722996835,0.0003550411880015584,0.0002668786145753811,0.0003109599012884697,0.0021099646407693054,0.0016476119876997722,0.0018787883142345387,0.002630929601478934,0.005895704523662076,0.003993013095246976,0.004944358809454526,0.24403046287733945,0.22801712044421704,0.23602379166077825,0.24403046287733945,0.23346850249597548,-1836,2794,2794,27.81100082397461,208.0,597.5710000000545,1217.3570999999356,-14,22,0.0,0.0,0.0,0,0,0,262144,False,False
9,-4,centered_grid,0.006853487691473994,0.027571032747101227,100.0,0,0.003015817684976917,0.003015817684976917,0.0005661377951651963,0.0007200356448026108,0.0006430867199839035,0.0027872017841936063,0.0018498136953631905,0.0023185077397783983,0.002916884228111441,0.008219621198929423,0.007047896262718165,0.007633758730823794,0.32441961408335285,0.34527051382613416,0.3348450639547435,0.34527051382613416,0.32286787078481816,-2231,1976,2231,25.537357330322266,208.0,554.7140000000363,1197.4283999997424,-2231,1976,0.022098541259765625,0.01134490966796875,0.010753631591796875,5793,2974,2819,262144,False,False
9,-4,centered_grid,0.006853487691473994,0.027571032747101227,100.0,1,0.003015817684976917,0.006031635369953834,0.0005661377951651963,0.0007200356448026108,0.0006430867199839035,0.0027872017841936063,0.0018498136953631905,0.0023185077397783983,0.002916884228111441,0.008219621198929423,0.007047896262718165,0.007633758730823794,0.16612480336373275,0.1893054836526134,0.17771514350817308,0.1893054836526134,0.16387916532397367,-2231,1976,2231,25.537357330322266,208.0,554.7140000000363,1197.4283999997424,-1116,988,0.006622314453125,0.003414154052734375,0.003208160400390625,1736,895,841,262144,False,False
9,-4,centered_grid,0.006853487691473994,0.027571032747101227,100.0,2,0.003015817684976917,0.012063270739907667,0.0005661377951651963,0.0007200356448026108,0.0006430867199839035,0.0027872017841936063,0.0018498136953631905,0.0023185077397783983,0.002916884228111441,0.008219621198929423,0.007047896262718165,0.007633758730823794,0.06037312929295374,0.07890675712969202,0.06963994321132289,0.07890675712969202,0.05646054154028351,-2231,1976,2231,25.537357330322266,208.0,554.7140000000363,1197.4283999997424,-558,494,0.00128173828125,0.000667572021484375,0.000614166259765625,336,175,161,262144,False,False
9,-4,centered_grid,0.006853487691473994,0.027571032747101227,100.0,3,0.003015817684976917,0.024126541479815335,0.0005661377951651963,0.0007200356448026108,0.0006430867199839035,0.0027872017841936063,0.0018498136953631905,0.0023185077397783983,0.002916884228111441,0.008219621198929423,0.007047896262718165,0.007633758730823794,0.016811917631193652,0.023808196605742096,0.020310057118467874,0.023808196605742096,0.010991358838004148,-2231,1976,2231,25.537357330322266,208.0,554.7140000000363,1197.4283999997424,-279,247,0.00014495849609375,6.103515625e-05,8.392333984375e-05,38,16,22,262144,False,False
9,-4,centered_grid,0.006853487691473994,0.027571032747101227,100.0,4,0.003015817684976917,0.04825308295963067,0.0005661377951651963,0.0007200356448026108,0.0006430867199839035,0.0027872017841936063,0.0018498136953631905,0.0023185077397783983,0.002916884228111441,0.008219621198929423,0.007047896262718165,0.007633758730823794,0.016174899693637317,0.014297915937265575,0.015236407815451446,0.016174899693637317,0.0076380075166172625,-2231,1976,2231,25.537357330322266,208.0,554.7140000000363,1197.4283999997424,-139,124,3.814697265625e-06,0.0,3.814697265625e-06,1,0,1,262144,True,False
9,-4,centered_grid,0.006853487691473994,0.027571032747101227,100.0,5,0.003015817684976917,0.09650616591926134,0.0005661377951651963,0.0007200356448026108,0.0006430867199839035,0.0027872017841936063,0.0018498136953631905,0.0023185077397783983,0.002916884228111441,0.008219621198929423,0.007047896262718165,0.007633758730823794,0.03775106804071388,0.03376329917972791,0.0357571836102209,0.03775106804071388,0.02846821424126282,-2231,1976,2231,25.537357330322266,208.0,554.7140000000363,1197.4283999997424,-70,62,0.0,0.0,0.0,0,0,0,262144,False,False
9,-4,centered_grid,0.006853487691473994,0.027571032747101227,100.0,6,0.003015817684976917,0.19301233183852268,0.0005661377951651963,0.0007200356448026108,0.0006430867199839035,0.0027872017841936063,0.0018498136953631905,0.0023185077397783983,0.002916884228111441,0.008219621198929423,0.007047896262718165,0.007633758730823794,0.1085922772660623,0.09926154780538628,0.10392691253572428,0.1085922772660623,0.09771328791821325,-2231,1976,2231,25.537357330322266,208.0,554.7140000000363,1197.4283999997424,-35,31,0.0,0.0,0.0,0,0,0,262144,False,False
9,-4,centered_grid,0.006853487691473994,0.027571032747101227,100.0,7,0.003015817684976917,0.38602466367704535,0.0005661377951651963,0.0007200356448026108,0.0006430867199839035,0.0027872017841936063,0.0018498136953631905,0.0023185077397783983,0.002916884228111441,0.008219621198929423,0.007047896262718165,0.007633758730823794,0.23320888369282358,0.22085676264247545,0.2270328231676495,0.23320888369282358,0.22340932184395754,-2231,1976,2231,25.537357330322266,208.0,554.7140000000363,1197.4283999997424,-17,15,0.0,0.0,0.0,0,0,0,262144,False,False
9,-3,centered_grid,0.0074737813232785555,0.030070397303688604,100.0,0,0.0032892070752148722,0.0032892070752148722,0.00044882658081980945,0.00037245936092030656,0.000410642970870058,0.002707299530411061,0.0018939235862613481,0.0023006115583362047,0.002916884228111441,0.007818761442446625,0.006714324963413102,0.007266543202929863,0.3034892981617266,0.324989877875575,0.3142395880186508,0.324989877875575,0.3018421506786737,-2047,1820,2047,23.538963317871094,190.0,508.0,1102.7141999998712,-2047,1820,0.019542694091796875,0.01006317138671875,0.009479522705078125,5123,2638,2485,262144,False,False
9,-3,centered_grid,0.0074737813232785555,0.030070397303688604,100.0,1,0.0032892070752148722,0.0065784141504297445,0.00044882658081980945,0.00037245936092030656,0.000410642970870058,0.002707299530411061,0.0018939235862613481,0.0023006115583362047,0.002916884228111441,0.007818761442446625,0.006714324963413102,0.007266543202929863,0.14980468733105515,0.17295502302504187,0.1613798551780485,0.17295502302504187,0.14810782881060766,-2047,1820,2047,23.538963317871094,190.0,508.0,1102.7141999998712,-1024,910,0.0055084228515625,0.002838134765625,0.0026702880859375,1444,744,700,262144,False,False
9,-3,centered_grid,0.0074737813232785555,0.030070397303688604,100.0,2,0.0032892070752148722,0.013156828300859489,0.00044882658081980945,0.00037245936092030656,0.000410642970870058,0.002707299530411061,0.0018939235862613481,0.0023006115583362047,0.002916884228111441,0.007818761442446625,0.006714324963413102,0.007266543202929863,0.0521522305612888,0.06964163669537222,0.06089693362833051,0.06964163669537222,0.048795743744342555,-2047,1820,2047,23.538963317871094,190.0,508.0,1102.7141999998712,-512,455,0.000980377197265625,0.0005340576171875,0.000446319580078125,257,140,117,262144,False,False
9,-3,centered_grid,0.0074737813232785555,0.030070397303688604,100.0,3,0.0032892070752148722,0.026313656601718978,0.00044882658081980945,0.00037245936092030656,0.000410642970870058,0.002707299530411061,0.0018939235862613481,0.0023006115583362047,0.002916884228111441,0.007818761442446625,0.006714324963413102,0.007266543202929863,0.015038192736854706,0.020540098239440144,0.017789145488147425,0.020540098239440144,0.009029307074953112,-2047,1820,2047,23.538963317871094,190.0,508.0,1102.7141999998712,-256,228,0.000125885009765625,5.340576171875e-05,7.2479248046875e-05,33,14,19,262144,False,False
9,-3,centered_grid,0.0074737813232785555,0.030070397303688604,100.0,4,0.0032892070752148722,0.052627313203437956,0.00044882658081980945,0.00037245936092030656,0.000410642970870058,0.002707299530411061,0.0018939235862613481,0.0023006115583362047,0.002916884228111441,0.007818761442446625,0.006714324963413102,0.007266543202929863,0.0173229554134453,0.015288422843611952,0.016305689128528627,0.0173229554134453,0.008871572919692344,-2047,1820,2047,23.538963317871094,190.0,508.0,1102.7141999998712,-128,114,0.0,0.0,0.0,0,0,0,262144,True,False
9,-3,centered_grid,0.0074737813232785555,0.030070397303688604,100.0,5,0.0032892070752148722,0.10525462640687591,0.00044882658081980945,0.00037245936092030656,0.000410642970870058,0.002707299530411061,0.0018939235862613481,0.0023006115583362047,0.002916884228111441,0.007818761442446625,0.006714324963413102,0.007266543202929863,0.043066878438209555,0.03850409224203568,0.04078548534012262,0.043066878438209555,0.033233738183018766,-2047,1820,2047,23.538963317871094,190.0,508.0,1102.7141999998712,-64,57,0.0,0.0,0.0,0,0,0,262144,False,False
9,-3,centered_grid,0.0074737813232785555,0.030070397303688604,100.0,6,0.0032892070752148722,0.21050925281375182,0.00044882658081980945,0.00037245936092030656,0.000410642970870058,0.002707299530411061,0.0018939235862613481,0.0023006115583362047,0.002916884228111441,0.007818761442446625,0.006714324963413102,0.007266543202929863,0.12257577834488056,0.11267437587475632,0.11762507710981844,0.12257577834488056,0.11086159813222628,-2047,1820,2047,23.538963317871094,190.0,508.0,1102.7141999998712,-32,28,0.0,0.0,0.0,0,0,0,262144,False,False
9,-3,centered_grid,0.0074737813232785555,0.030070397303688604,100.0,7,0.0032892070752148722,0.42101850562750365,0.00044882658081980945,0.00037245936092030656,0.000410642970870058,0.002707299530411061,0.0018939235862613481,0.0023006115583362047,0.002916884228111441,0.007818761442446625,0.006714324963413102,0.007266543202929863,0.24777971897978346,0.235194081181788,0.24148690008078572,0.24777971897978346,0.23919453368126747,-2047,1820,2047,23.538963317871094,190.0,508.0,1102.7141999998712,-16,14,0.0,0.0,0.0,0,0,0,262144,False,False
9,-2,centered_grid,0.008150216325284447,0.032793144140292434,100.0,0,0.0035870308142406837,0.0035870308142406837,0.00039890013264685123,0.00020555898505765093,0.0003022295588522511,0.002140167730446572,0.0014350676364563127,0.0017876176834514422,0.002916884228111441,0.007060871594911653,0.0058392701589741695,0.006450070876942911,0.2822313408693782,0.30424376983953816,0.29323755535445817,0.30424376983953816,0.28357093297314184,-1863,1612,1863,21.456470489501953,175.0,465.0,1008.0,-1863,1612,0.0169219970703125,0.00872039794921875,0.00820159912109375,4436,2286,2150,262144,False,False
9,-2,centered_grid,0.008150216325284447,0.032793144140292434,100.0,1,0.0035870308142406837,0.0071740616284813674,0.00039890013264685123,0.00020555898505765093,0.0003022295588522511,0.002140167730446572,0.0014350676364563127,0.0017876176834514422,0.002916884228111441,0.007060871594911653,0.0058392701589741695,0.006450070876942911,0.13379458539980799,0.15678052005088344,0.14528755272534571,0.15678052005088344,0.1342487918767799,-1863,1612,1863,21.456470489501953,175.0,465.0,1008.0,-932,806,0.00460052490234375,0.002410888671875,0.00218963623046875,1206,632,574,262144,False,False
9,-2,centered_grid,0.008150216325284447,0.032793144140292434,100.0,2,0.0035870308142406837,0.014348123256962735,0.00039890013264685123,0.00020555898505765093,0.0003022295588522511,0.002140167730446572,0.0014350676364563127,0.0017876176834514422,0.002916884228111441,0.007060871594911653,0.0058392701589741695,0.006450070876942911,0.04417048631544823,0.060568231607258265,0.05236935896135325,0.060568231607258265,0.04196931062140845,-1863,1612,1863,21.456470489501953,175.0,465.0,1008.0,-466,403,0.000751495361328125,0.000392913818359375,0.00035858154296875,197,103,94,262144,False,False
9,-2,centered_grid,0.008150216325284447,0.032793144140292434,100.0,3,0.0035870308142406837,0.02869624651392547,0.00039890013264685123,0.00020555898505765093,0.0003022295588522511,0.002140167730446572,0.0014350676364563127,0.0017876176834514422,0.002916884228111441,0.007060871594911653,0.0058392701589741695,0.006450070876942911,0.013163833056110437,0.017474009849403775,0.015318921452757105,0.017474009849403775,0.007593910339591981,-1863,1612,1863,21.456470489501953,175.0,465.0,1008.0,-233,202,9.5367431640625e-05,4.57763671875e-05,4.9591064453125e-05,25,12,13,262144,True,False
9,-2,centered_grid,0.008150216325284447,0.032793144140292434,100.0,4,0.0035870308142406837,0.05739249302785094,0.00039890013264685123,0.00020555898505765093,0.0003022295588522511,0.002140167730446572,0.0014350676364563127,0.0017876176834514422,0.002916884228111441,0.007060871594911653,0.0058392701589741695,0.006450070876942911,0.018067141047511375,0.015741156759286567,0.01690414890339897,0.018067141047511375,0.010531780044213568,-1863,1612,1863,21.456470489501953,175.0,465.0,1008.0,-116,101,0.0,0.0,0.0,0,0,0,262144,False,False
9,-2,centered_grid,0.008150216325284447,0.032793144140292434,100.0,5,0.0035870308142406837,0.11478498605570188,0.00039890013264685123,0.00020555898505765093,0.0003022295588522511,0.002140167730446572,0.0014350676364563127,0.0017876176834514422,0.002916884228111441,0.007060871594911653,0.0058392701589741695,0.006450070876942911,0.04787698188752198,0.042744832396731686,0.045310907142126836,0.04787698188752198,0.0391888542099315,-1863,1612,1863,21.456470489501953,175.0,465.0,1008.0,-58,50,0.0,0.0,0.0,0,0,0,262144,False,False
9,-2,centered_grid,0.008150216325284447,0.032793144140292434,100.0,6,0.0035870308142406837,0.22956997211140376,0.00039890013264685123,0.00020555898505765093,0.0003022295588522511,0.002140167730446572,0.0014350676364563127,0.0017876176834514422,0.002916884228111441,0.007060871594911653,0.0058392701589741695,0.006450070876942911,0.13710762874209992,0.12610285836233334,0.13160524355221664,0.13710762874209992,0.12642195778166077,-1863,1612,1863,21.456470489501953,175.0,465.0,1008.0,-29,25,0.0,0.0,0.0,0,0,0,262144,False,False
9,-2,centered_grid,0.008150216325284447,0.032793144140292434,100.0,7,0.0035870308142406837,0.4591399442228075,0.00039890013264685123,0.00020555898505765093,0.0003022295588522511,0.002140167730446572,0.0014350676364563127,0.0017876176834514422,0.002916884228111441,0.007060871594911653,0.0058392701589741695,0.006450070876942911,0.2608911648332984,0.24950996929117294,0.25520056706223565,0.2608911648332984,0.2525182534770237,-1863,1612,1863,21.456470489501953,175.0,465.0,1008.0,-15,13,0.0,0.0,0.0,0,0,0,262144,False,False
9,-1,centered_grid,0.00888787392561731,0.03576141365674996,100.0,0,0.003911710697784461,0.003911710697784461,0.00037388570227511676,0.00013820524877652696,0.00025604547552582184,0.0024743210327241674,0.0017666110425459977,0.0021204660376350827,0.002916884228111441,0.007231501705830281,0.005905141168370544,0.0065683214371004125,0.2621784606272521,0.2845511747999586,0.2733648177136053,0.2845511747999586,0.26246807517191845,-1725,1508,1725,19.869075775146484,160.0,430.0,925.8569999997853,-1725,1508,0.01476287841796875,0.00772857666015625,0.0070343017578125,3870,2026,1844,262144,False,False
9,-1,centered_grid,0.00888787392561731,0.03576141365674996,100.0,1,0.003911710697784461,0.007823421395568922,0.00037388570227511676,0.00013820524877652696,0.00025604547552582184,0.0024743210327241674,0.0017666110425459977,0.0021204660376350827,0.002916884228111441,0.007231501705830281,0.005905141168370544,0.0065683214371004125,0.11953732505733401,0.14216767939935748,0.13085250222834574,0.14216767939935748,0.11998513140029209,-1725,1508,1725,19.869075775146484,160.0,430.0,925.8569999997853,-862,754,0.003757476806640625,0.00201416015625,0.001743316650390625,985,528,457,262144,False,False
9,-1,centered_grid,0.00888787392561731,0.03576141365674996,100.0,2,0.003911710697784461,0.015646842791137844,0.00037388570227511676,0.00013820524877652696,0.00025604547552582184,0.0024743210327241674,0.0017666110425459977,0.0021204660376350827,0.002916884228111441,0.007231501705830281,0.005905141168370544,0.0065683214371004125,0.03779822313872036,0.05308475705539278,0.04544149009705657,0.05308475705539278,0.035786831440215716,-1725,1508,1725,19.869075775146484,160.0,430.0,925.8569999997853,-431,377,0.000591278076171875,0.000316619873046875,0.000274658203125,155,83,72,262144,False,False
9,-1,centered_grid,0.00888787392561731,0.03576141365674996,100.0,3,0.003911710697784461,0.03129368558227569,0.00037388570227511676,0.00013820524877652696,0.00025604547552582184,0.0024743210327241674,0.0017666110425459977,0.0021204660376350827,0.002916884228111441,0.007231501705830281,0.005905141168370544,0.0065683214371004125,0.012576069305688876,0.015956596665860964,0.01426633298577492,0.015956596665860964,0.007003235167644456,-1725,1508,1725,19.869075775146484,160.0,430.0,925.8569999997853,-216,188,5.7220458984375e-05,2.288818359375e-05,3.4332275390625e-05,15,6,9,262144,True,False
9,-1,centered_grid,0.00888787392561731,0.03576141365674996,100.0,4,0.003911710697784461,0.06258737116455138,0.00037388570227511676,0.00013820524877652696,0.00025604547552582184,0.0024743210327241674,0.0017666110425459977,0.0021204660376350827,0.002916884228111441,0.007231501705830281,0.005905141168370544,0.0065683214371004125,0.020377883973830203,0.017676099465872907,0.019026991719851553,0.020377883973830203,0.012491853332135634,-1725,1508,1725,19.869075775146484,160.0,430.0,925.8569999997853,-108,94,0.0,0.0,0.0,0,0,0,262144,False,False
9,-1,centered_grid,0.00888787392561731,0.03576141365674996,100.0,5,0.003911710697784461,0.12517474232910275,0.00037388570227511676,0.00013820524877652696,0.00025604547552582184,0.0024743210327241674,0.0017666110425459977,0.0021204660376350827,0.002916884228111441,0.007231501705830281,0.005905141168370544,0.0065683214371004125,0.055440131602303724,0.049455225776173714,0.05244767868923872,0.055440131602303724,0.04570992727159759,-1725,1508,1725,19.869075775146484,160.0,430.0,925.8569999997853,-54,47,0.0,0.0,0.0,0,0,0,262144,False,False
9,-1,centered_grid,0.00888787392561731,0.03576141365674996,100.0,6,0.003911710697784461,0.2503494846582055,0.00037388570227511676,0.00013820524877652696,0.00025604547552582184,0.0024743210327241674,0.0017666110425459977,0.0021204660376350827,0.002916884228111441,0.007231501705830281,0.005905141168370544,0.0065683214371004125,0.15297120659321423,0.14190029972528512,0.14743575315924967,0.15297120659321423,0.1410936054682861,-1725,1508,1725,19.869075775146484,160.0,430.0,925.8569999997853,-27,24,0.0,0.0,0.0,0,0,0,262144,False,False
9,-1,centered_grid,0.00888787392561731,0.03576141365674996,100.0,7,0.003911710697784461,0.500698969316411,0.00037388570227511676,0.00013820524877652696,0.00025604547552582184,0.0024743210327241674,0.0017666110425459977,0.0021204660376350827,0.002916884228111441,0.007231501705830281,0.005905141168370544,0.0065683214371004125,0.27539075712751865,0.26481312703669063,0.27010194208210464,0.27539075712751865,0.27029987099144603,-1725,1508,1725,19.869075775146484,160.0,430.0,925.8569999997853,-13,12,0.0,0.0,0.0,0,0,0,262144,False,False
9,0,centered_grid,0.009692295242839596,0.03899813035154827,100.0,0,0.004265754289077176,0.004265754289077176,0.0003583081845206328,0.00011850718916587441,0.0002384076868432536,0.002292815391615115,0.0016697494653509011,0.001981282428483008,0.002916884228111441,0.006899517669243432,0.005552343052616111,0.0062259303609297715,0.24192750381357317,0.2645996375644341,0.2532635706890036,0.2645996375644341,0.24672906809668338,-1564,1352,1564,17.852298736572266,147.0,392.0,866.3570999999356,-1564,1352,0.012828826904296875,0.006763458251953125,0.00606536865234375,3363,1773,1590,262144,False,False
9,0,centered_grid,0.009692295242839596,0.03899813035154827,100.0,1,0.004265754289077176,0.008531508578154353,0.0003583081845206328,0.00011850718916587441,0.0002384076868432536,0.002292815391615115,0.0016697494653509011,0.001981282428483008,0.002916884228111441,0.006899517669243432,0.005552343052616111,0.0062259303609297715,0.10561672730506672,0.12771339055871309,0.1166650589318899,0.12771339055871309,0.10798835225011126,-1564,1352,1564,17.852298736572266,147.0,392.0,866.3570999999356,-782,676,0.003124237060546875,0.001682281494140625,0.00144195556640625,819,441,378,262144,False,False
9,0,centered_grid,0.009692295242839596,0.03899813035154827,100.0,2,0.004265754289077176,0.017063017156308705,0.0003583081845206328,0.00011850718916587441,0.0002384076868432536,0.002292815391615115,0.0016697494653509011,0.001981282428483008,0.002916884228111441,0.006899517669243432,0.005552343052616111,0.0062259303609297715,0.03156500340956549,0.04559638517216707,0.038580694290866274,0.04559638517216707,0.03009673311907886,-1564,1352,1564,17.852298736572266,147.0,392.0,866.3570999999356,-391,338,0.00048065185546875,0.0002593994140625,0.00022125244140625,126,68,58,262144,False,False
9,0,centered_grid,0.009692295242839596,0.03899813035154827,100.0,3,0.004265754289077176,0.03412603431261741,0.0003583081845206328,0.00011850718916587441,0.0002384076868432536,0.002292815391615115,0.0016697494653509011,0.001981282428483008,0.002916884228111441,0.006899517669243432,0.005552343052616111,0.0062259303609297715,0.012666450963720795,0.014918980261325277,0.013792715612523036,0.014918980261325277,0.00698156841908927,-1564,1352,1564,17.852298736572266,147.0,392.0,866.3570999999356,-196,169,3.814697265625e-05,1.52587890625e-05,2.288818359375e-05,10,4,6,262144,True,False
9,0,centered_grid,0.009692295242839596,0.03899813035154827,100.0,4,0.004265754289077176,0.06825206862523482,0.0003583081845206328,0.00011850718916587441,0.0002384076868432536,0.002292815391615115,0.0016697494653509011,0.001981282428483008,0.002916884228111441,0.006899517669243432,0.005552343052616111,0.0062259303609297715,0.023105810350778733,0.01995359519543974,0.021529702773109234,0.023105810350778733,0.015395607161660153,-1564,1352,1564,17.852298736572266,147.0,392.0,866.3570999999356,-98,84,0.0,0.0,0.0,0,0,0,262144,False,False
9,0,centered_grid,0.009692295242839596,0.03899813035154827,100.0,5,0.004265754289077176,0.13650413725046964,0.0003583081845206328,0.00011850718916587441,0.0002384076868432536,0.002292815391615115,0.0016697494653509011,0.001981282428483008,0.002916884228111441,0.006899517669243432,0.005552343052616111,0.0062259303609297715,0.06400305515438566,0.05720119204615581,0.06060212360027074,0.06400305515438566,0.054492125768927924,-1564,1352,1564,17.852298736572266,147.0,392.0,866.3570999999356,-49,42,0.0,0.0,0.0,0,0,0,262144,False,False
9,0,centered_grid,0.009692295242839596,0.03899813035154827,100.0,6,0.004265754289077176,0.2730082745009393,0.0003583081845206328,0.00011850718916587441,0.0002384076868432536,0.002292815391615115,0.0016697494653509011,0.001981282428483008,0.002916884228111441,0.006899517669243432,0.005552343052616111,0.0062259303609297715,0.16944012930366806,0.1587069179478775,0.16407352362577277,0.16944012930366806,0.15738581619155023,-1564,1352,1564,17.852298736572266,147.0,392.0,866.3570999999356,-24,21,0.0,0.0,0.0,0,0,0,262144,False,False
9,0,centered_grid,0.009692295242839596,0.03899813035154827,100.0,7,0.004265754289077176,0.5460165490018786,0.0003583081845206328,0.00011850718916587441,0.0002384076868432536,0.002292815391615115,0.0016697494653509011,0.001981282428483008,0.002916884228111441,0.006899517669243432,0.005552343052616111,0.0062259303609297715,0.28974136632826786,0.27930280778515465,0.2845220870567112,0.28974136632826786,0.2767848714304901,-1564,1352,1564,17.852298736572266,147.0,392.0,866.3570999999356,-12,11,0.0,0.0,0.0,0,0,0,262144,False,False
9,1,centered_grid,0.01056952290959127,0.04252776530715632,100.0,0,0.004651838322209909,0.004651838322209909,0.0003485147522493309,0.00011689369224510947,0.00023270422224722017,0.0022965791156470496,0.0017476429030823084,0.0020221110093646792,0.002916884228111441,0.00688061228150319,0.005606489877325705,0.006243551079414447,0.2224767099930861,0.24530129593459804,0.23388900296384207,0.24530129593459804,0.22520602656164795,-1524,1248,1524,16.67519760131836,134.57000000000698,360.0,797.4998999998497,-1524,1248,0.01093292236328125,0.005748748779296875,0.005184173583984375,2866,1507,1359,262144,False,False
9,1,centered_grid,0.01056952290959127,0.04252776530715632,100.0,1,0.004651838322209909,0.009303676644419818,0.0003485147522493309,0.00011689369224510947,0.00023270422224722017,0.0022965791156470496,0.0017476429030823084,0.0020221110093646792,0.002916884228111441,0.00688061228150319,0.005606489877325705,0.006243551079414447,0.0931690127003299,0.11448440322311473,0.10382670796172232,0.11448440322311473,0.09520412632580166,-1524,1248,1524,16.67519760131836,134.57000000000698,360.0,797.4998999998497,-762,624,0.002593994140625,0.00136566162109375,0.00122833251953125,680,358,322,262144,False,False
9,1,centered_grid,0.01056952290959127,0.04252776530715632,100.0,2,0.004651838322209909,0.018607353288839636,0.0003485147522493309,0.00011689369224510947,0.00023270422224722017,0.0022965791156470496,0.0017476429030823084,0.0020221110093646792,0.002916884228111441,0.00688061228150319,0.005606489877325705,0.006243551079414447,0.026883758347051607,0.039264427806943815,0.03307409307699771,0.039264427806943815,0.025386930951220556,-1524,1248,1524,16.67519760131836,134.57000000000698,360.0,797.4998999998497,-381,312,0.000392913818359375,0.000194549560546875,0.0001983642578125,103,51,52,262144,False,False
9,1,centered_grid,0.01056952290959127,0.04252776530715632,100.0,3,0.004651838322209909,0.03721470657767927,0.0003485147522493309,0.00011689369224510947,0.00023270422224722017,0.0022965791156470496,0.0017476429030823084,0.0020221110093646792,0.002916884228111441,0.00688061228150319,0.005606489877325705,0.006243551079414447,0.012906101360187707,0.014060755811132718,0.013483428585660213,0.014060755811132718,0.007004160832014583,-1524,1248,1524,16.67519760131836,134.57000000000698,360.0,797.4998999998497,-190,156,2.6702880859375e-05,1.1444091796875e-05,1.52587890625e-05,7,3,4,262144,True,True
9,1,centered_grid,0.01056952290959127,0.04252776530715632,100.0,4,0.004651838322209909,0.07442941315535855,0.0003485147522493309,0.00011689369224510947,0.00023270422224722017,0.0022965791156470496,0.0017476429030823084,0.0020221110093646792,0.002916884228111441,0.00688061228150319,0.005606489877325705,0.006243551079414447,0.025783102184448504,0.02242049781341049,0.024101799998929495,0.025783102184448504,0.01781731175396636,-1524,1248,1524,16.67519760131836,134.57000000000698,360.0,797.4998999998497,-95,78,0.0,0.0,0.0,0,0,0,262144,False,False
9,1,centered_grid,0.01056952290959127,0.04252776530715632,100.0,5,0.004651838322209909,0.1488588263107171,0.0003485147522493309,0.00011689369224510947,0.00023270422224722017,0.0022965791156470496,0.0017476429030823084,0.0020221110093646792,0.002916884228111441,0.00688061228150319,0.005606489877325705,0.006243551079414447,0.0723574455525251,0.06512306875279976,0.06874025715266244,0.0723574455525251,0.06257525698836627,-1524,1248,1524,16.67519760131836,134.57000000000698,360.0,797.4998999998497,-48,39,0.0,0.0,0.0,0,0,0,262144,False,False
9,1,centered_grid,0.01056952290959127,0.04252776530715632,100.0,6,0.004651838322209909,0.2977176526214342,0.0003485147522493309,0.00011689369224510947,0.00023270422224722017,0.0022965791156470496,0.0017476429030823084,0.0020221110093646792,0.002916884228111441,0.00688061228150319,0.005606489877325705,0.006243551079414447,0.18394957505976411,0.17298541090496422,0.17846749298236417,0.18394957505976411,0.17428125919405596,-1524,1248,1524,16.67519760131836,134.57000000000698,360.0,797.4998999998497,-24,20,0.0,0.0,0.0,0,0,0,262144,False,False
9,1,centered_grid,0.01056952290959127,0.04252776530715632,100.0,7,0.004651838322209909,0.5954353052428684,0.0003485147522493309,0.00011689369224510947,0.00023270422224722017,0.0022965791156470496,0.0017476429030823084,0.0020221110093646792,0.002916884228111441,0.00688061228150319,0.005606489877325705,0.006243551079414447,0.3045489189852038,0.2948136658334669,0.2996812924093354,0.3045489189852038,0.30073442111172694,-1524,1248,1524,16.67519760131836,134.57000000000698,360.0,797.4998999998497,-12,10,0.0,0.0,0.0,0,0,0,262144,False,False
9,2,centered_grid,0.011526146463491873,0.03118085999769302,99.995,0,0.0034106734367329306,0.0034106734367329306,0.00034403357971531144,0.00011863938243977776,0.00023133648107754462,0.002523646389716641,0.0017556446010815242,0.0021396454953990828,0.002916884228111441,0.007487971798940139,0.006365731542733586,0.006926851670836863,0.2945905664064473,0.31630925319803754,0.3054499098022424,0.31630925319803754,0.2975199207955311,-1955,1716,1955,22.280887603759766,183.0,490.0,1055.3570999999356,-1955,1716,0.01839447021484375,0.009490966796875,0.00890350341796875,4822,2488,2334,262144,False,False
9,2,centered_grid,0.011526146463491873,0.03118085999769302,99.995,1,0.0034106734367329306,0.006821346873465861,0.00034403357971531144,0.00011863938243977776,0.00023133648107754462,0.002523646389716641,0.0017556446010815242,0.0021396454953990828,0.002916884228111441,0.007487971798940139,0.006365731542733586,0.006926851670836863,0.1430349101329794,0.1661285710006032,0.1545817405667913,0.1661285710006032,0.14369496970043938,-1955,1716,1955,22.280887603759766,183.0,490.0,1055.3570999999356,-978,858,0.005096435546875,0.00263214111328125,0.00246429443359375,1336,690,646,262144,False,False
9,2,centered_grid,0.011526146463491873,0.03118085999769302,99.995,2,0.0034106734367329306,0.013642693746931722,0.00034403357971531144,0.00011863938243977776,0.00023133648107754462,0.002523646389716641,0.0017556446010815242,0.0021396454953990828,0.002916884228111441,0.007487971798940139,0.006365731542733586,0.006926851670836863,0.04870914032168391,0.06573152674611094,0.057220333533897424,0.06573152674611094,0.04615587080421217,-1955,1716,1955,22.280887603759766,183.0,490.0,1055.3570999999356,-489,429,0.000896453857421875,0.000476837158203125,0.00041961669921875,235,125,110,262144,False,False
9,2,centered_grid,0.011526146463491873,0.03118085999769302,99.995,3,0.0034106734367329306,0.027285387493863444,0.00034403357971531144,0.00011863938243977776,0.00023133648107754462,0.002523646389716641,0.0017556446010815242,0.0021396454953990828,0.002916884228111441,0.007487971798940139,0.006365731542733586,0.006926851670836863,0.014229250539663509,0.01920173784452776,0.016715494192095635,0.01920173784452776,0.00828786420581583,-1955,1716,1955,22.280887603759766,183.0,490.0,1055.3570999999356,-244,214,0.000110626220703125,4.57763671875e-05,6.4849853515625e-05,29,12,17,262144,False,False
9,2,centered_grid,0.011526146463491873,0.03118085999769302,99.995,4,0.0034106734367329306,0.05457077498772689,0.00034403357971531144,0.00011863938243977776,0.00023133648107754462,0.002523646389716641,0.0017556446010815242,0.0021396454953990828,0.002916884228111441,0.007487971798940139,0.006365731542733586,0.006926851670836863,0.017354017592666863,0.015370750734936777,0.01636238416380182,0.017354017592666863,0.009636960684777509,-1955,1716,1955,22.280887603759766,183.0,490.0,1055.3570999999356,-122,107,0.0,0.0,0.0,0,0,0,262144,True,False
9,2,centered_grid,0.011526146463491873,0.03118085999769302,99.995,5,0.0034106734367329306,0.10914154997545378,0.00034403357971531144,0.00011863938243977776,0.00023133648107754462,0.002523646389716641,0.0017556446010815242,0.0021396454953990828,0.002916884228111441,0.007487971798940139,0.006365731542733586,0.006926851670836863,0.044939215278555704,0.04015745661480786,0.04254833594668178,0.044939215278555704,0.036207118260923044,-1955,1716,1955,22.280887603759766,183.0,490.0,1055.3570999999356,-61,54,0.0,0.0,0.0,0,0,0,262144,False,False
9,2,centered_grid,0.011526146463491873,0.03118085999769302,99.995,6,0.0034106734367329306,0.21828309995090756,0.00034403357971531144,0.00011863938243977776,0.00023133648107754462,0.002523646389716641,0.0017556446010815242,0.0021396454953990828,0.002916884228111441,0.007487971798940139,0.006365731542733586,0.006926851670836863,0.12892429118149257,0.11836909210284534,0.12364669164216896,0.12892429118149257,0.11817812891428606,-1955,1716,1955,22.280887603759766,183.0,490.0,1055.3570999999356,-31,27,0.0,0.0,0.0,0,0,0,262144,False,False
9,2,centered_grid,0.011526146463491873,0.03118085999769302,99.995,7,0.0034106734367329306,0.4365661999018151,0.00034403357971531144,0.00011863938243977776,0.00023133648107754462,0.002523646389716641,0.0017556446010815242,0.0021396454953990828,0.002916884228111441,0.007487971798940139,0.006365731542733586,0.006926851670836863,0.2531486851063241,0.24088289417878173,0.2470157896425529,0.2531486851063241,0.23981238882202807,-1955,1716,1955,22.280887603759766,183.0,490.0,1055.3570999999356,-15,13,0.0,0.0,0.0,0,0,0,262144,False,False
9,3,centered_grid,0.012569351846270201,0.03113284287417722,99.995,0,0.003405421152873673,0.003405421152873673,0.00034373147444650694,0.00012079551005903904,0.000232263492252773,0.002562639892819746,0.0017842703987246014,0.0021734551457721738,0.002916884228111441,0.007514262150852904,0.006395068258091282,0.0069546652044720925,0.29499254391532187,0.31669315735578846,0.30584285063555516,0.31669315735578846,0.2985461904748792,-1978,1716,1978,22.283985137939453,183.0,494.0,1060.7141999998712,-1978,1716,0.018398284912109375,0.00949859619140625,0.008899688720703125,4823,2490,2333,262144,False,False
9,3,centered_grid,0.012569351846270201,0.03113284287417722,99.995,1,0.003405421152873673,0.006810842305747346,0.00034373147444650694,0.00012079551005903904,0.000232263492252773,0.002562639892819746,0.0017842703987246014,0.0021734551457721738,0.002916884228111441,0.007514262150852904,0.006395068258091282,0.0069546652044720925,0.14333103148116302,0.1664441388193746,0.1548875851502688,0.1664441388193746,0.14446371074028314,-1978,1716,1978,22.283985137939453,183.0,494.0,1060.7141999998712,-989,858,0.00514984130859375,0.00266265869140625,0.0024871826171875,1350,698,652,262144,False,False
9,3,centered_grid,0.012569351846270201,0.03113284287417722,99.995,2,0.003405421152873673,0.013621684611494692,0.00034373147444650694,0.00012079551005903904,0.000232263492252773,0.002562639892819746,0.0017842703987246014,0.0021734551457721738,0.002916884228111441,0.007514262150852904,0.006395068258091282,0.0069546652044720925,0.04886713404164665,0.06592724504458017,0.05739718954311341,0.06592724504458017,0.04658209471830506,-1978,1716,1978,22.283985137939453,183.0,494.0,1060.7141999998712,-494,429,0.000911712646484375,0.00048065185546875,0.000431060791015625,239,126,113,262144,False,False
9,3,centered_grid,0.012569351846270201,0.03113284287417722,99.995,3,0.003405421152873673,0.027243369222989384,0.00034373147444650694,0.00012079551005903904,0.000232263492252773,0.002562639892819746,0.0017842703987246014,0.0021734551457721738,0.002916884228111441,0.007514262150852904,0.006395068258091282,0.0069546652044720925,0.01425949178727044,0.01926618713036156,0.016762839458816,0.01926618713036156,0.008448675521923472,-1978,1716,1978,22.283985137939453,183.0,494.0,1060.7141999998712,-247,214,0.0001068115234375,4.57763671875e-05,6.103515625e-05,28,12,16,262144,False,False
9,3,centered_grid,0.012569351846270201,0.03113284287417722,99.995,4,0.003405421152873673,0.05448673844597877,0.00034373147444650694,0.00012079551005903904,0.000232263492252773,0.002562639892819746,0.0017842703987246014,0.0021734551457721738,0.002916884228111441,0.007514262150852904,0.006395068258091282,0.0069546652044720925,0.01734545221892805,0.015359536827580953,0.0163524945232545,0.01734545221892805,0.009568710765039873,-1978,1716,1978,22.283985137939453,183.0,494.0,1060.7141999998712,-124,107,0.0,0.0,0.0,0,0,0,262144,True,False
9,3,centered_grid,0.012569351846270201,0.03113284287417722,99.995,5,0.003405421152873673,0.10897347689195754,0.00034373147444650694,0.00012079551005903904,0.000232263492252773,0.002562639892819746,0.0017842703987246014,0.0021734551457721738,0.002916884228111441,0.007514262150852904,0.006395068258091282,0.0069546652044720925,0.04494938801208959,0.04010525165726477,0.04252731983467718,0.04494938801208959,0.035978259050852585,-1978,1716,1978,22.283985137939453,183.0,494.0,1060.7141999998712,-62,54,0.0,0.0,0.0,0,0,0,262144,False,False
9,3,centered_grid,0.012569351846270201,0.03113284287417722,99.995,6,0.003405421152873673,0.21794695378391507,0.00034373147444650694,0.00012079551005903904,0.000232263492252773,0.002562639892819746,0.0017842703987246014,0.0021734551457721738,0.002916884228111441,0.007514262150852904,0.006395068258091282,0.0069546652044720925,0.12871592158087372,0.11814236062502687,0.1234291411029503,0.12871592158087372,0.11749827923643899,-1978,1716,1978,22.283985137939453,183.0,494.0,1060.7141999998712,-31,27,0.0,0.0,0.0,0,0,0,262144,False,False
9,3,centered_grid,0.012569351846270201,0.03113284287417722,99.995,7,0.003405421152873673,0.43589390756783014,0.00034373147444650694,0.00012079551005903904,0.000232263492252773,0.002562639892819746,0.0017842703987246014,0.0021734551457721738,0.002916884228111441,0.007514262150852904,0.006395068258091282,0.0069546652044720925,0.2528754305470559,0.2404966817259208,0.24668605613648836,0.2528754305470559,0.2390175760473318,-1978,1716,1978,22.283985137939453,183.0,494.0,1060.7141999998712,-15,13,0.0,0.0,0.0,0,0,0,262144,False,False
9,4,centered_grid,0.013706975382947987,0.031156090509715198,99.995,0,0.003407964061985291,0.003407964061985291,0.0003464125841453607,0.00012304512202125574,0.00023472885308330822,0.0025370608836290855,0.0017704639832210878,0.0021537624334250867,0.002916884228111441,0.007514718766765255,0.00639389454365441,0.006954306655209833,0.29479658597891306,0.31650289804183745,0.30564974201037526,0.31650289804183745,0.2982676506707872,-1955,1716,1955,22.236480712890625,183.0,493.7140000000363,1053.4283999997424,-1955,1716,0.018352508544921875,0.009441375732421875,0.0089111328125,4811,2475,2336,262144,False,False
9,4,centered_grid,0.013706975382947987,0.031156090509715198,99.995,1,0.003407964061985291,0.006815928123970582,0.0003464125841453607,0.00012304512202125574,0.00023472885308330822,0.0025370608836290855,0.0017704639832210878,0.0021537624334250867,0.002916884228111441,0.007514718766765255,0.00639389454365441,0.006954306655209833,0.14318862975156907,0.1662878628976234,0.15473824632459623,0.1662878628976234,0.14416487231572167,-1955,1716,1955,22.236480712890625,183.0,493.7140000000363,1053.4283999997424,-978,858,0.005107879638671875,0.002628326416015625,0.00247955322265625,1339,689,650,262144,False,False
9,4,centered_grid,0.013706975382947987,0.031156090509715198,99.995,2,0.003407964061985291,0.013631856247941164,0.0003464125841453607,0.00012304512202125574,0.00023472885308330822,0.0025370608836290855,0.0017704639832210878,0.0021537624334250867,0.002916884228111441,0.007514718766765255,0.00639389454365441,0.006954306655209833,0.048789772131895365,0.06582960940493271,0.05730969076841404,0.06582960940493271,0.04625083079256363,-1955,1716,1955,22.236480712890625,183.0,493.7140000000363,1053.4283999997424,-489,429,0.000911712646484375,0.000484466552734375,0.00042724609375,239,127,112,262144,False,False
9,4,centered_grid,0.013706975382947987,0.031156090509715198,99.995,3,0.003407964061985291,0.027263712495882327,0.0003464125841453607,0.00012304512202125574,0.00023472885308330822,0.0025370608836290855,0.0017704639832210878,0.0021537624334250867,0.002916884228111441,0.007514718766765255,0.00639389454365441,0.006954306655209833,0.014259136902108076,0.019264810128049457,0.016761973515078767,0.019264810128049457,0.008280328377031054,-1955,1716,1955,22.236480712890625,183.0,493.7140000000363,1053.4283999997424,-244,214,0.0001068115234375,4.57763671875e-05,6.103515625e-05,28,12,16,262144,False,False
9,4,centered_grid,0.013706975382947987,0.031156090509715198,99.995,4,0.003407964061985291,0.054527424991764654,0.0003464125841453607,0.00012304512202125574,0.00023472885308330822,0.0025370608836290855,0.0017704639832210878,0.0021537624334250867,0.002916884228111441,0.007514718766765255,0.00639389454365441,0.006954306655209833,0.017374896729253103,0.015389625775395729,0.016382261252324417,0.017374896729253103,0.009594213421980424,-1955,1716,1955,22.236480712890625,183.0,493.7140000000363,1053.4283999997424,-122,107,0.0,0.0,0.0,0,0,0,262144,True,False
9,4,centered_grid,0.013706975382947987,0.031156090509715198,99.995,5,0.003407964061985291,0.10905484998352931,0.0003464125841453607,0.00012304512202125574,0.00023472885308330822,0.0025370608836290855,0.0017704639832210878,0.0021537624334250867,0.002916884228111441,0.007514718766765255,0.00639389454365441,0.006954306655209833,0.044971549618290085,0.040122868239055524,0.04254720892867281,0.044971549618290085,0.03600640972543123,-1955,1716,1955,22.236480712890625,183.0,493.7140000000363,1053.4283999997424,-61,54,0.0,0.0,0.0,0,0,0,262144,False,False
9,4,centered_grid,0.013706975382947987,0.031156090509715198,99.995,6,0.003407964061985291,0.21810969996705862,0.0003464125841453607,0.00012304512202125574,0.00023472885308330822,0.0025370608836290855,0.0017704639832210878,0.0021537624334250867,0.002916884228111441,0.007514718766765255,0.00639389454365441,0.006954306655209833,0.12880841751490837,0.11827129639491746,0.12353985695491292,0.12880841751490837,0.11761282333341969,-1955,1716,1955,22.236480712890625,183.0,493.7140000000363,1053.4283999997424,-31,27,0.0,0.0,0.0,0,0,0,262144,False,False
9,4,centered_grid,0.013706975382947987,0.031156090509715198,99.995,7,0.003407964061985291,0.43621939993411724,0.0003464125841453607,0.00012304512202125574,0.00023472885308330822,0.0025370608836290855,0.0017704639832210878,0.0021537624334250867,0.002916884228111441,0.007514718766765255,0.00639389454365441,0.006954306655209833,0.25301947445991585,0.24074998867961445,0.24688473156976515,0.25301947445991585,0.23881936562398898,-1955,1716,1955,22.236480712890625,183.0,493.7140000000363,1053.4283999997424,-15,13,0.0,0.0,0.0,0,0,0,262144,False,False
9,original,original_mixed,0.011526146463491874,0.031180859997693027,99.995,0,0.0034106734367329314,0.0034106734367329314,0.00034403357971531144,0.00011863938243977776,0.00023133648107754462,0.0025236463897166375,0.0017556446010815222,0.0021396454953990797,0.002916884228111441,0.007487971798940137,0.006365731542733584,0.00692685167083686,0.29459056640644726,0.31630925319803754,0.3054499098022424,0.31630925319803754,0.29751992079553113,-1955,1716,1955,22.280887603759766,183.0,490.0,1055.3570999999356,-1955,1716,0.01839447021484375,0.009490966796875,0.00890350341796875,4822,2488,2334,262144,False,False
9,original,original_mixed,0.011526146463491874,0.031180859997693027,99.995,1,0.0034106734367329314,0.006821346873465863,0.00034403357971531144,0.00011863938243977776,0.00023133648107754462,0.0025236463897166375,0.0017556446010815222,0.0021396454953990797,0.002916884228111441,0.007487971798940137,0.006365731542733584,0.00692685167083686,0.1430349101329793,0.16612857100060313,0.15458174056679122,0.16612857100060313,0.14369496970043938,-1955,1716,1955,22.280887603759766,183.0,490.0,1055.3570999999356,-978,858,0.005096435546875,0.00263214111328125,0.00246429443359375,1336,690,646,262144,False,False
9,original,original_mixed,0.011526146463491874,0.031180859997693027,99.995,2,0.0034106734367329314,0.013642693746931726,0.00034403357971531144,0.00011863938243977776,0.00023133648107754462,0.0025236463897166375,0.0017556446010815222,0.0021396454953990797,0.002916884228111441,0.007487971798940137,0.006365731542733584,0.00692685167083686,0.04870914032168387,0.0657315267461109,0.05722033353389738,0.0657315267461109,0.04615587080421216,-1955,1716,1955,22.280887603759766,183.0,490.0,1055.3570999999356,-489,429,0.000896453857421875,0.000476837158203125,0.00041961669921875,235,125,110,262144,False,False
9,original,original_mixed,0.011526146463491874,0.031180859997693027,99.995,3,0.0034106734367329314,0.02728538749386345,0.00034403357971531144,0.00011863938243977776,0.00023133648107754462,0.0025236463897166375,0.0017556446010815222,0.0021396454953990797,0.002916884228111441,0.007487971798940137,0.006365731542733584,0.00692685167083686,0.014229250539663498,0.01920173784452775,0.016715494192095625,0.01920173784452775,0.008287864205815832,-1955,1716,1955,22.280887603759766,183.0,490.0,1055.3570999999356,-244,214,0.000110626220703125,4.57763671875e-05,6.4849853515625e-05,29,12,17,262144,False,False
9,original,original_mixed,0.011526146463491874,0.031180859997693027,99.995,4,0.0034106734367329314,0.0545707749877269,0.00034403357971531144,0.00011863938243977776,0.00023133648107754462,0.0025236463897166375,0.0017556446010815222,0.0021396454953990797,0.002916884228111441,0.007487971798940137,0.006365731542733584,0.00692685167083686,0.017354017592666863,0.015370750734936777,0.01636238416380182,0.017354017592666863,0.009636960684777512,-1955,1716,1955,22.280887603759766,183.0,490.0,1055.3570999999356,-122,107,0.0,0.0,0.0,0,0,0,262144,True,False
9,original,original_mixed,0.011526146463491874,0.031180859997693027,99.995,5,0.0034106734367329314,0.1091415499754538,0.00034403357971531144,0.00011863938243977776,0.00023133648107754462,0.0025236463897166375,0.0017556446010815222,0.0021396454953990797,0.002916884228111441,0.007487971798940137,0.006365731542733584,0.00692685167083686,0.044939215278555725,0.04015745661480787,0.042548335946681795,0.044939215278555725,0.03620711826092305,-1955,1716,1955,22.280887603759766,183.0,490.0,1055.3570999999356,-61,54,0.0,0.0,0.0,0,0,0,262144,False,False
9,original,original_mixed,0.011526146463491874,0.031180859997693027,99.995,6,0.0034106734367329314,0.2182830999509076,0.00034403357971531144,0.00011863938243977776,0.00023133648107754462,0.0025236463897166375,0.0017556446010815222,0.0021396454953990797,0.002916884228111441,0.007487971798940137,0.006365731542733584,0.00692685167083686,0.12892429118149257,0.11836909210284538,0.12364669164216897,0.12892429118149257,0.11817812891428608,-1955,1716,1955,22.280887603759766,183.0,490.0,1055.3570999999356,-31,27,0.0,0.0,0.0,0,0,0,262144,False,False
9,original,original_mixed,0.011526146463491874,0.031180859997693027,99.995,7,0.0034106734367329314,0.4365661999018152,0.00034403357971531144,0.00011863938243977776,0.00023133648107754462,0.0025236463897166375,0.0017556446010815222,0.0021396454953990797,0.002916884228111441,0.007487971798940137,0.006365731542733584,0.00692685167083686,0.2531486851063241,0.2408828941787818,0.24701578964255294,0.2531486851063241,0.2398123888220281,-1955,1716,1955,22.280887603759766,183.0,490.0,1055.3570999999356,-15,13,0.0,0.0,0.0,0,0,0,262144,False,False
10,-4,centered_grid,0.00702247055236955,0.028252362278172696,100.0,0,0.0010599814528176668,0.0010599814528176668,0.0006266079404775941,0.0006913674715951194,0.0006589877060363568,0.001637918932882877,0.0037425359966052176,0.0026902274647440474,0.0008386353506711849,0.002863179592735533,0.0065459701094782675,0.0047045748511069,0.6072488067993669,0.606283909193406,0.6067663579963865,0.6072488067993669,0.599290733996057,-6960,9944,9944,77.05536270141602,643.140000000014,1674.0,3597.4283999997424,-6960,9944,0.1421051025390625,0.07114410400390625,0.07096099853515625,37252,18650,18602,262144,False,False
10,-4,centered_grid,0.00702247055236955,0.028252362278172696,100.0,1,0.0010599814528176668,0.0021199629056353336,0.0006266079404775941,0.0006913674715951194,0.0006589877060363568,0.001637918932882877,0.0037425359966052176,0.0026902274647440474,0.0008386353506711849,0.002863179592735533,0.0065459701094782675,0.0047045748511069,0.4465680055591336,0.45545379533414965,0.4510109004466416,0.45545379533414965,0.4413376197513962,-6960,9944,9944,77.05536270141602,643.140000000014,1674.0,3597.4283999997424,-3480,4972,0.04209136962890625,0.021331787109375,0.02075958251953125,11034,5592,5442,262144,False,False
10,-4,centered_grid,0.00702247055236955,0.028252362278172696,100.0,2,0.0010599814528176668,0.004239925811270667,0.0006266079404775941,0.0006913674715951194,0.0006589877060363568,0.001637918932882877,0.0037425359966052176,0.0026902274647440474,0.0008386353506711849,0.002863179592735533,0.0065459701094782675,0.0047045748511069,0.27495055060656426,0.2914614889817181,0.2832060197941412,0.2914614889817181,0.2724111226410022,-6960,9944,9944,77.05536270141602,643.140000000014,1674.0,3597.4283999997424,-1740,2486,0.014682769775390625,0.007415771484375,0.007266998291015625,3849,1944,1905,262144,False,False
10,-4,centered_grid,0.00702247055236955,0.028252362278172696,100.0,3,0.0010599814528176668,0.008479851622541335,0.0006266079404775941,0.0006913674715951194,0.0006589877060363568,0.001637918932882877,0.0037425359966052176,0.0026902274647440474,0.0008386353506711849,0.002863179592735533,0.0065459701094782675,0.0047045748511069,0.13471079711413353,0.14815389897238906,0.1414323480432613,0.14815389897238906,0.13050071425883947,-6960,9944,9944,77.05536270141602,643.140000000014,1674.0,3597.4283999997424,-870,1243,0.003711700439453125,0.00185394287109375,0.001857757568359375,973,486,487,262144,False,False
10,-4,centered_grid,0.00702247055236955,0.028252362278172696,100.0,4,0.0010599814528176668,0.01695970324508267,0.0006266079404775941,0.0006913674715951194,0.0006589877060363568,0.001637918932882877,0.0037425359966052176,0.0026902274647440474,0.0008386353506711849,0.002863179592735533,0.0065459701094782675,0.0047045748511069,0.055092561693157405,0.05798066736026215,0.05653661452670978,0.05798066736026215,0.04749334024888869,-6960,9944,9944,77.05536270141602,643.140000000014,1674.0,3597.4283999997424,-435,622,0.000583648681640625,0.0002593994140625,0.000324249267578125,153,68,85,262144,False,False
10,-4,centered_grid,0.00702247055236955,0.028252362278172696,100.0,5,0.0010599814528176668,0.03391940649016534,0.0006266079404775941,0.0006913674715951194,0.0006589877060363568,0.001637918932882877,0.0037425359966052176,0.0026902274647440474,0.0008386353506711849,0.002863179592735533,0.0065459701094782675,0.0047045748511069,0.019954291300683574,0.01851267793747204,0.019233484619077805,0.019954291300683574,0.013762186463446478,-6960,9944,9944,77.05536270141602,643.140000000014,1674.0,3597.4283999997424,-218,311,6.103515625e-05,3.4332275390625e-05,2.6702880859375e-05,16,9,7,262144,False,False
10,-4,centered_grid,0.00702247055236955,0.028252362278172696,100.0,6,0.0010599814528176668,0.06783881298033068,0.0006266079404775941,0.0006913674715951194,0.0006589877060363568,0.001637918932882877,0.0037425359966052176,0.0026902274647440474,0.0008386353506711849,0.002863179592735533,0.0065459701094782675,0.0047045748511069,0.015147400154461641,0.019715988805643056,0.01743169448005235,0.019715988805643056,0.01280084615420566,-6960,9944,9944,77.05536270141602,643.140000000014,1674.0,3597.4283999997424,-109,155,3.814697265625e-06,3.814697265625e-06,0.0,1,1,0,262144,True,False
10,-4,centered_grid,0.00702247055236955,0.028252362278172696,100.0,7,0.0010599814528176668,0.13567762596066135,0.0006266079404775941,0.0006913674715951194,0.0006589877060363568,0.001637918932882877,0.0037425359966052176,0.0026902274647440474,0.0008386353506711849,0.002863179592735533,0.0065459701094782675,0.0047045748511069,0.04520210102345237,0.055004966164218135,0.05010353359383525,0.055004966164218135,0.0459638903215899,-6960,9944,9944,77.05536270141602,643.140000000014,1674.0,3597.4283999997424,-54,78,0.0,0.0,0.0,0,0,0,262144,False,False
10,-3,centered_grid,0.007658058439773057,0.030812301710722894,100.0,0,0.0011560261053717715,0.0011560261053717715,0.0005155273400105142,0.0005246103423178231,0.0005200688411641686,0.001929093678450478,0.0035373460991090424,0.00273321988877976,0.0008386353506711849,0.003046346986110414,0.005536656058422725,0.00429150152226657,0.5885007391731786,0.5886008778452607,0.5885508085092197,0.5886008778452607,0.5840061572303792,-6380,9152,9152,69.98966979980469,588.0,1548.141000000236,3309.4283999997424,-6380,9152,0.11920166015625,0.05986785888671875,0.05933380126953125,31248,15694,15554,262144,False,False
10,-3,centered_grid,0.007658058439773057,0.030812301710722894,100.0,1,0.0011560261053717715,0.002312052210743543,0.0005155273400105142,0.0005246103423178231,0.0005200688411641686,0.001929093678450478,0.0035373460991090424,0.00273321988877976,0.0008386353506711849,0.003046346986110414,0.005536656058422725,0.00429150152226657,0.42550533335661384,0.4357029623712064,0.4306041478639101,0.4357029623712064,0.42396204298033924,-6380,9152,9152,69.98966979980469,588.0,1548.141000000236,3309.4283999997424,-3190,4576,0.0366058349609375,0.018581390380859375,0.018024444580078125,9596,4871,4725,262144,False,False
10,-3,centered_grid,0.007658058439773057,0.030812301710722894,100.0,2,0.0011560261053717715,0.004624104421487086,0.0005155273400105142,0.0005246103423178231,0.0005200688411641686,0.001929093678450478,0.0035373460991090424,0.00273321988877976,0.0008386353506711849,0.003046346986110414,0.005536656058422725,0.00429150152226657,0.255045511062934,0.2719324258779447,0.26348896847043934,0.2719324258779447,0.25506924763607774,-6380,9152,9152,69.98966979980469,588.0,1548.141000000236,3309.4283999997424,-1595,2288,0.012821197509765625,0.006504058837890625,0.006317138671875,3361,1705,1656,262144,False,False
10,-3,centered_grid,0.007658058439773057,0.030812301710722894,100.0,3,0.0011560261053717715,0.009248208842974172,0.0005155273400105142,0.0005246103423178231,0.0005200688411641686,0.001929093678450478,0.0035373460991090424,0.00273321988877976,0.0008386353506711849,0.003046346986110414,0.005536656058422725,0.00429150152226657,0.12182361792255039,0.13413370242546244,0.12797866017400641,0.13413370242546244,0.11880291464990263,-6380,9152,9152,69.98966979980469,588.0,1548.141000000236,3309.4283999997424,-798,1144,0.003086090087890625,0.001522064208984375,0.00156402587890625,809,399,410,262144,False,False
10,-3,centered_grid,0.007658058439773057,0.030812301710722894,100.0,4,0.0011560261053717715,0.018496417685948344,0.0005155273400105142,0.0005246103423178231,0.0005200688411641686,0.001929093678450478,0.0035373460991090424,0.00273321988877976,0.0008386353506711849,0.003046346986110414,0.005536656058422725,0.00429150152226657,0.04927938445430029,0.050884496159806884,0.05008194030705358,0.050884496159806884,0.042175042505570186,-6380,9152,9152,69.98966979980469,588.0,1548.141000000236,3309.4283999997424,-399,572,0.000431060791015625,0.000186920166015625,0.000244140625,113,49,64,262144,False,False
10,-3,centered_grid,0.007658058439773057,0.030812301710722894,100.0,5,0.0011560261053717715,0.03699283537189669,0.0005155273400105142,0.0005246103423178231,0.0005200688411641686,0.001929093678450478,0.0035373460991090424,0.00273321988877976,0.0008386353506711849,0.003046346986110414,0.005536656058422725,0.00429150152226657,0.018056601335702964,0.016198810317720955,0.01712770582671196,0.018056601335702964,0.01224543527990821,-6380,9152,9152,69.98966979980469,588.0,1548.141000000236,3309.4283999997424,-199,286,5.340576171875e-05,3.4332275390625e-05,1.9073486328125e-05,14,9,5,262144,True,False
10,-3,centered_grid,0.007658058439773057,0.030812301710722894,100.0,6,0.0011560261053717715,0.07398567074379338,0.0005155273400105142,0.0005246103423178231,0.0005200688411641686,0.001929093678450478,0.0035373460991090424,0.00273321988877976,0.0008386353506711849,0.003046346986110414,0.005536656058422725,0.00429150152226657,0.016892766308580668,0.02111782274478922,0.019005294526684945,0.02111782274478922,0.014832983712662983,-6380,9152,9152,69.98966979980469,588.0,1548.141000000236,3309.4283999997424,-100,143,3.814697265625e-06,3.814697265625e-06,0.0,1,1,0,262144,False,False
10,-3,centered_grid,0.007658058439773057,0.030812301710722894,100.0,7,0.0011560261053717715,0.14797134148758675,0.0005155273400105142,0.0005246103423178231,0.0005200688411641686,0.001929093678450478,0.0035373460991090424,0.00273321988877976,0.0008386353506711849,0.003046346986110414,0.005536656058422725,0.00429150152226657,0.052655096304395736,0.06218080186137209,0.05741794908288392,0.06218080186137209,0.05391599191232231,-6380,9152,9152,69.98966979980469,588.0,1548.141000000236,3309.4283999997424,-50,72,0.0,0.0,0.0,0,0,0,262144,False,False
10,-2,centered_grid,0.008351171945774956,0.033601814828970365,100.0,0,0.0012606839792380674,0.0012606839792380674,0.00046715747753527104,0.00043269991774700094,0.000449928697641136,0.0016424011476293648,0.0027389980345373815,0.002190699591083373,0.0008386353506711849,0.002691942850099634,0.004215157593838503,0.0034535502219690687,0.5692035529730284,0.5704164936352413,0.5698100233041348,0.5704164936352413,0.5633371442235908,-5800,8360,8360,64.76883697509766,540.0,1409.7140000000363,3030.428199999442,-5800,8360,0.10467529296875,0.052761077880859375,0.051914215087890625,27440,13831,13609,262144,False,False
10,-2,centered_grid,0.008351171945774956,0.033601814828970365,100.0,1,0.0012606839792380674,0.002521367958476135,0.00046715747753527104,0.00043269991774700094,0.000449928697641136,0.0016424011476293648,0.0027389980345373815,0.002190699591083373,0.0008386353506711849,0.002691942850099634,0.004215157593838503,0.0034535502219690687,0.4037533441787138,0.41516518145375925,0.4094592628162365,0.41516518145375925,0.40153339603737226,-5800,8360,8360,64.76883697509766,540.0,1409.7140000000363,3030.428199999442,-2900,4180,0.032299041748046875,0.016448974609375,0.015850067138671875,8467,4312,4155,262144,False,False
10,-2,centered_grid,0.008351171945774956,0.033601814828970365,100.0,2,0.0012606839792380674,0.00504273591695227,0.00046715747753527104,0.00043269991774700094,0.000449928697641136,0.0016424011476293648,0.0027389980345373815,0.002190699591083373,0.0008386353506711849,0.002691942850099634,0.004215157593838503,0.0034535502219690687,0.23521942187986475,0.25222782873734373,0.24372362530860425,0.25222782873734373,0.23514283304114364,-5800,8360,8360,64.76883697509766,540.0,1409.7140000000363,3030.428199999442,-1450,2090,0.01099395751953125,0.005542755126953125,0.005451202392578125,2882,1453,1429,262144,False,False
10,-2,centered_grid,0.008351171945774956,0.033601814828970365,100.0,3,0.0012606839792380674,0.01008547183390454,0.00046715747753527104,0.00043269991774700094,0.000449928697641136,0.0016424011476293648,0.0027389980345373815,0.002190699591083373,0.0008386353506711849,0.002691942850099634,0.004215157593838503,0.0034535502219690687,0.10945759438367428,0.12046806986967418,0.11496283212667423,0.12046806986967418,0.10653719146572449,-5800,8360,8360,64.76883697509766,540.0,1409.7140000000363,3030.428199999442,-725,1045,0.002437591552734375,0.0012054443359375,0.001232147216796875,639,316,323,262144,False,False
10,-2,centered_grid,0.008351171945774956,0.033601814828970365,100.0,4,0.0012606839792380674,0.02017094366780908,0.00046715747753527104,0.00043269991774700094,0.000449928697641136,0.0016424011476293648,0.0027389980345373815,0.002190699591083373,0.0008386353506711849,0.002691942850099634,0.004215157593838503,0.0034535502219690687,0.043495031611971935,0.04399118098618222,0.04374310629907707,0.04399118098618222,0.036846737366420135,-5800,8360,8360,64.76883697509766,540.0,1409.7140000000363,3030.428199999442,-362,522,0.00031280517578125,0.000133514404296875,0.000179290771484375,82,35,47,262144,False,False
10,-2,centered_grid,0.008351171945774956,0.033601814828970365,100.0,5,0.0012606839792380674,0.04034188733561816,0.00046715747753527104,0.00043269991774700094,0.000449928697641136,0.0016424011476293648,0.0027389980345373815,0.002190699591083373,0.0008386353506711849,0.002691942850099634,0.004215157593838503,0.0034535502219690687,0.015970416937024817,0.013894955768159065,0.01493268635259194,0.015970416937024817,0.010802532534722686,-5800,8360,8360,64.76883697509766,540.0,1409.7140000000363,3030.428199999442,-181,261,4.57763671875e-05,3.0517578125e-05,1.52587890625e-05,12,8,4,262144,True,False
10,-2,centered_grid,0.008351171945774956,0.033601814828970365,100.0,6,0.0012606839792380674,0.08068377467123632,0.00046715747753527104,0.00043269991774700094,0.000449928697641136,0.0016424011476293648,0.0027389980345373815,0.002190699591083373,0.0008386353506711849,0.002691942850099634,0.004215157593838503,0.0034535502219690687,0.018542060654844216,0.022402834245721225,0.02047244745028272,0.022402834245721225,0.0172034680911215,-5800,8360,8360,64.76883697509766,540.0,1409.7140000000363,3030.428199999442,-91,131,3.814697265625e-06,3.814697265625e-06,0.0,1,1,0,262144,False,False
10,-2,centered_grid,0.008351171945774956,0.033601814828970365,100.0,7,0.0012606839792380674,0.16136754934247263,0.00046715747753527104,0.00043269991774700094,0.000449928697641136,0.0016424011476293648,0.0027389980345373815,0.002190699591083373,0.0008386353506711849,0.002691942850099634,0.004215157593838503,0.0034535502219690687,0.060626361922249454,0.07038372884469639,0.06550504538347292,0.07038372884469639,0.062436641002058806,-5800,8360,8360,64.76883697509766,540.0,1409.7140000000363,3030.428199999442,-45,65,0.0,0.0,0.0,0,0,0,262144,False,False
10,-1,centered_grid,0.009107017583684757,0.03664318030430747,100.0,0,0.0013747909329630652,0.0013747909329630652,0.0004442075244703949,0.00038456918782403467,0.0004143883561472148,0.00229874455237226,0.0031527219338955944,0.002725733243133927,0.0008386353506711849,0.0032080041553459223,0.0039788583735086485,0.0035934312644272854,0.5500142248679828,0.5524559320411129,0.5512350784545479,0.5524559320411129,0.5443139378843076,-5336,7656,7656,59.556678771972656,494.0,1292.0,2760.0,-5336,7656,0.09010696411132812,0.04576873779296875,0.044338226318359375,23621,11998,11623,262144,False,False
10,-1,centered_grid,0.009107017583684757,0.03664318030430747,100.0,1,0.0013747909329630652,0.0027495818659261304,0.0004442075244703949,0.00038456918782403467,0.0004143883561472148,0.00229874455237226,0.0031527219338955944,0.002725733243133927,0.0008386353506711849,0.0032080041553459223,0.0039788583735086485,0.0035934312644272854,0.38264188542988326,0.39525284437779906,0.3889473649038412,0.39525284437779906,0.3808813521813959,-5336,7656,7656,59.556678771972656,494.0,1292.0,2760.0,-2668,3828,0.028652191162109375,0.014606475830078125,0.01404571533203125,7511,3829,3682,262144,False,False
10,-1,centered_grid,0.009107017583684757,0.03664318030430747,100.0,2,0.0013747909329630652,0.005499163731852261,0.0004442075244703949,0.00038456918782403467,0.0004143883561472148,0.00229874455237226,0.0031527219338955944,0.002725733243133927,0.0008386353506711849,0.0032080041553459223,0.0039788583735086485,0.0035934312644272854,0.21695749648523716,0.2338643397144121,0.2254109180998246,0.2338643397144121,0.21747856079557099,-5336,7656,7656,59.556678771972656,494.0,1292.0,2760.0,-1334,1914,0.009311676025390625,0.00469970703125,0.004611968994140625,2441,1232,1209,262144,False,False
10,-1,centered_grid,0.009107017583684757,0.03664318030430747,100.0,3,0.0013747909329630652,0.010998327463704521,0.0004442075244703949,0.00038456918782403467,0.0004143883561472148,0.00229874455237226,0.0031527219338955944,0.002725733243133927,0.0008386353506711849,0.0032080041553459223,0.0039788583735086485,0.0035934312644272854,0.09893478459186313,0.1086209699692201,0.10377787728054161,0.1086209699692201,0.09637993253278229,-5336,7656,7656,59.556678771972656,494.0,1292.0,2760.0,-667,957,0.001922607421875,0.000911712646484375,0.001010894775390625,504,239,265,262144,False,False
10,-1,centered_grid,0.009107017583684757,0.03664318030430747,100.0,4,0.0013747909329630652,0.021996654927409043,0.0004442075244703949,0.00038456918782403467,0.0004143883561472148,0.00229874455237226,0.0031527219338955944,0.002725733243133927,0.0008386353506711849,0.0032080041553459223,0.0039788583735086485,0.0035934312644272854,0.03904724600696745,0.0387623238009201,0.03890478490394378,0.03904724600696745,0.03284819887118505,-5336,7656,7656,59.556678771972656,494.0,1292.0,2760.0,-334,478,0.000247955322265625,0.000110626220703125,0.0001373291015625,65,29,36,262144,False,False
10,-1,centered_grid,0.009107017583684757,0.03664318030430747,100.0,5,0.0013747909329630652,0.043993309854818086,0.0004442075244703949,0.00038456918782403467,0.0004143883561472148,0.00229874455237226,0.0031527219338955944,0.002725733243133927,0.0008386353506711849,0.0032080041553459223,0.0039788583735086485,0.0035934312644272854,0.015194572789830824,0.013081367667313779,0.014137970228572301,0.015194572789830824,0.010079087904581608,-5336,7656,7656,59.556678771972656,494.0,1292.0,2760.0,-167,239,3.0517578125e-05,1.9073486328125e-05,1.1444091796875e-05,8,5,3,262144,True,False
10,-1,centered_grid,0.009107017583684757,0.03664318030430747,100.0,6,0.0013747909329630652,0.08798661970963617,0.0004442075244703949,0.00038456918782403467,0.0004143883561472148,0.00229874455237226,0.0031527219338955944,0.002725733243133927,0.0008386353506711849,0.0032080041553459223,0.0039788583735086485,0.0035934312644272854,0.021813654900963774,0.025451399412612985,0.02363252715678838,0.025451399412612985,0.020229615988985518,-5336,7656,7656,59.556678771972656,494.0,1292.0,2760.0,-83,120,0.0,0.0,0.0,0,0,0,262144,False,False
10,-1,centered_grid,0.009107017583684757,0.03664318030430747,100.0,7,0.0013747909329630652,0.17597323941927234,0.0004442075244703949,0.00038456918782403467,0.0004143883561472148,0.00229874455237226,0.0031527219338955944,0.002725733243133927,0.0008386353506711849,0.0032080041553459223,0.0039788583735086485,0.0035934312644272854,0.07065908753796836,0.08071634977546926,0.0756877186567188,0.08071634977546926,0.07182762557717268,-5336,7656,7656,59.556678771972656,494.0,1292.0,2760.0,-42,60,0.0,0.0,0.0,0,0,0,262144,False,False
10,0,centered_grid,0.009931273096526697,0.03995968830625943,100.0,0,0.0014992207748140743,0.0014992207748140743,0.0004343496828987257,0.0003566062842915307,0.0003954779835951282,0.0019944212010473725,0.00250989300416592,0.002252157102606646,0.0008386353506711849,0.002943364124247257,0.0031305360834924722,0.0030369501038698646,0.5300206957674753,0.5336980588340198,0.5318593773007476,0.5336980588340198,0.5297729474832766,-4872,7040,7040,53.94767761230469,451.0,1188.8570000000182,2545.9280999992916,-4872,7040,0.07407760620117188,0.03789520263671875,0.036182403564453125,19419,9934,9485,262144,False,False
10,0,centered_grid,0.009931273096526697,0.03995968830625943,100.0,1,0.0014992207748140743,0.0029984415496281487,0.0004343496828987257,0.0003566062842915307,0.0003954779835951282,0.0019944212010473725,0.00250989300416592,0.002252157102606646,0.0008386353506711849,0.002943364124247257,0.0031305360834924722,0.0030369501038698646,0.3606877374067279,0.3743149851078274,0.3675013612572776,0.3743149851078274,0.3644231527812657,-4872,7040,7040,53.94767761230469,451.0,1188.8570000000182,2545.9280999992916,-2436,3520,0.02518463134765625,0.0128173828125,0.01236724853515625,6602,3360,3242,262144,False,False
10,0,centered_grid,0.009931273096526697,0.03995968830625943,100.0,2,0.0014992207748140743,0.005996883099256297,0.0004343496828987257,0.0003566062842915307,0.0003954779835951282,0.0019944212010473725,0.00250989300416592,0.002252157102606646,0.0008386353506711849,0.002943364124247257,0.0031305360834924722,0.0030369501038698646,0.1986362435545058,0.21515469055157235,0.20689546705303907,0.21515469055157235,0.20295617523460924,-4872,7040,7040,53.94767761230469,451.0,1188.8570000000182,2545.9280999992916,-1218,1760,0.0078125,0.003917694091796875,0.003894805908203125,2048,1027,1021,262144,False,False
10,0,centered_grid,0.009931273096526697,0.03995968830625943,100.0,3,0.0014992207748140743,0.011993766198512595,0.0004343496828987257,0.0003566062842915307,0.0003954779835951282,0.0019944212010473725,0.00250989300416592,0.002252157102606646,0.0008386353506711849,0.002943364124247257,0.0031305360834924722,0.0030369501038698646,0.08848863175969765,0.09675936433103975,0.0926239980453687,0.09675936433103975,0.08830951514227348,-4872,7040,7040,53.94767761230469,451.0,1188.8570000000182,2545.9280999992916,-609,880,0.001495361328125,0.00069427490234375,0.00080108642578125,392,182,210,262144,False,False
10,0,centered_grid,0.009931273096526697,0.03995968830625943,100.0,4,0.0014992207748140743,0.02398753239702519,0.0004343496828987257,0.0003566062842915307,0.0003954779835951282,0.0019944212010473725,0.00250989300416592,0.002252157102606646,0.0008386353506711849,0.002943364124247257,0.0031305360834924722,0.0030369501038698646,0.03418428146234708,0.033327295703766385,0.03375578858305674,0.03418428146234708,0.029789736028617453,-4872,7040,7040,53.94767761230469,451.0,1188.8570000000182,2545.9280999992916,-304,440,0.000202178955078125,8.392333984375e-05,0.000118255615234375,53,22,31,262144,False,False
10,0,centered_grid,0.009931273096526697,0.03995968830625943,100.0,5,0.0014992207748140743,0.04797506479405038,0.0004343496828987257,0.0003566062842915307,0.0003954779835951282,0.0019944212010473725,0.00250989300416592,0.002252157102606646,0.0008386353506711849,0.002943364124247257,0.0031305360834924722,0.0030369501038698646,0.014159232115998495,0.011934143428912216,0.013046687772455354,0.014159232115998495,0.009868880924422181,-4872,7040,7040,53.94767761230469,451.0,1188.8570000000182,2545.9280999992916,-152,220,2.6702880859375e-05,1.9073486328125e-05,7.62939453125e-06,7,5,2,262144,True,True
10,0,centered_grid,0.009931273096526697,0.03995968830625943,100.0,6,0.0014992207748140743,0.09595012958810076,0.0004343496828987257,0.0003566062842915307,0.0003954779835951282,0.0019944212010473725,0.00250989300416592,0.002252157102606646,0.0008386353506711849,0.002943364124247257,0.0031305360834924722,0.0030369501038698646,0.025159345953928443,0.028650404498450573,0.026904875226189506,0.028650404498450573,0.024036059051083754,-4872,7040,7040,53.94767761230469,451.0,1188.8570000000182,2545.9280999992916,-76,110,0.0,0.0,0.0,0,0,0,262144,False,False
10,0,centered_grid,0.009931273096526697,0.03995968830625943,100.0,7,0.0014992207748140743,0.19190025917620152,0.0004343496828987257,0.0003566062842915307,0.0003954779835951282,0.0019944212010473725,0.00250989300416592,0.002252157102606646,0.0008386353506711849,0.002943364124247257,0.0031305360834924722,0.0030369501038698646,0.0808159298510194,0.09112327124036172,0.08596960054569056,0.09112327124036172,0.08334222181799189,-4872,7040,7040,53.94767761230469,451.0,1188.8570000000182,2545.9280999992916,-38,55,0.0,0.0,0.0,0,0,0,262144,False,False
10,1,centered_grid,0.0108301301069728,0.0435763502373499,100.0,0,0.0016349118908461453,0.0016349118908461453,0.00043185066723706975,0.0003413818389139886,0.0003866162530755292,0.0024733023054757095,0.0028618059891398115,0.0026675541473077605,0.0008386353506711849,0.0033865226095950076,0.003397033048286374,0.0033917778289406907,0.5101198863318905,0.5151261707912899,0.5126230285615903,0.5151261707912899,0.5056180563476519,-4524,6424,6424,50.32320022583008,418.0,1088.8570000000182,2344.714199999871,-4524,6424,0.0664215087890625,0.034061431884765625,0.032360076904296875,17412,8929,8483,262144,False,False
10,1,centered_grid,0.0108301301069728,0.0435763502373499,100.0,1,0.0016349118908461453,0.0032698237816922906,0.00043185066723706975,0.0003413818389139886,0.0003866162530755292,0.0024733023054757095,0.0028618059891398115,0.0026675541473077605,0.0008386353506711849,0.0033865226095950076,0.003397033048286374,0.0033917778289406907,0.33945911066481765,0.35407023106100016,0.3467646708629089,0.35407023106100016,0.3399619867507253,-4524,6424,6424,50.32320022583008,418.0,1088.8570000000182,2344.714199999871,-2262,3212,0.022403717041015625,0.011318206787109375,0.01108551025390625,5873,2967,2906,262144,False,False
10,1,centered_grid,0.0108301301069728,0.0435763502373499,100.0,2,0.0016349118908461453,0.006539647563384581,0.00043185066723706975,0.0003413818389139886,0.0003866162530755292,0.0024733023054757095,0.0028618059891398115,0.0026675541473077605,0.0008386353506711849,0.0033865226095950076,0.003397033048286374,0.0033917778289406907,0.18183958241938986,0.19787838235629088,0.18985898238784038,0.19787838235629088,0.18402792004155238,-4524,6424,6424,50.32320022583008,418.0,1088.8570000000182,2344.714199999871,-1131,1606,0.006641387939453125,0.00337982177734375,0.003261566162109375,1741,886,855,262144,False,False
10,1,centered_grid,0.0108301301069728,0.0435763502373499,100.0,3,0.0016349118908461453,0.013079295126769162,0.00043185066723706975,0.0003413818389139886,0.0003866162530755292,0.0024733023054757095,0.0028618059891398115,0.0026675541473077605,0.0008386353506711849,0.0033865226095950076,0.003397033048286374,0.0033917778289406907,0.07957825474932292,0.08639317941255852,0.08298571708094071,0.08639317941255852,0.0782073569474808,-4524,6424,6424,50.32320022583008,418.0,1088.8570000000182,2344.714199999871,-566,803,0.0012054443359375,0.000568389892578125,0.000637054443359375,316,149,167,262144,False,False
10,1,centered_grid,0.0108301301069728,0.0435763502373499,100.0,4,0.0016349118908461453,0.026158590253538325,0.00043185066723706975,0.0003413818389139886,0.0003866162530755292,0.0024733023054757095,0.0028618059891398115,0.0026675541473077605,0.0008386353506711849,0.0033865226095950076,0.003397033048286374,0.0033917778289406907,0.03041232575583473,0.029267155574584237,0.02983974066520948,0.03041232575583473,0.025944044130745355,-4524,6424,6424,50.32320022583008,418.0,1088.8570000000182,2344.714199999871,-283,402,0.000152587890625,6.4849853515625e-05,8.7738037109375e-05,40,17,23,262144,False,False
10,1,centered_grid,0.0108301301069728,0.0435763502373499,100.0,5,0.0016349118908461453,0.05231718050707665,0.00043185066723706975,0.0003413818389139886,0.0003866162530755292,0.0024733023054757095,0.0028618059891398115,0.0026675541473077605,0.0008386353506711849,0.0033865226095950076,0.003397033048286374,0.0033917778289406907,0.014194319237771064,0.012156749033187775,0.013175534135479419,0.014194319237771064,0.009671982761681058,-4524,6424,6424,50.32320022583008,418.0,1088.8570000000182,2344.714199999871,-141,201,2.288818359375e-05,1.52587890625e-05,7.62939453125e-06,6,4,2,262144,True,False
10,1,centered_grid,0.0108301301069728,0.0435763502373499,100.0,6,0.0016349118908461453,0.1046343610141533,0.00043185066723706975,0.0003413818389139886,0.0003866162530755292,0.0024733023054757095,0.0028618059891398115,0.0026675541473077605,0.0008386353506711849,0.0033865226095950076,0.003397033048286374,0.0033917778289406907,0.029549038542831505,0.03333474508038308,0.031441891811607295,0.03333474508038308,0.027920648359247936,-4524,6424,6424,50.32320022583008,418.0,1088.8570000000182,2344.714199999871,-71,100,0.0,0.0,0.0,0,0,0,262144,False,False
10,1,centered_grid,0.0108301301069728,0.0435763502373499,100.0,7,0.0016349118908461453,0.2092687220283066,0.00043185066723706975,0.0003413818389139886,0.0003866162530755292,0.0024733023054757095,0.0028618059891398115,0.0026675541473077605,0.0008386353506711849,0.0033865226095950076,0.003397033048286374,0.0033917778289406907,0.09242306236971505,0.10357917844423245,0.09800112040697376,0.10357917844423245,0.09434235913296751,-4524,6424,6424,50.32320022583008,418.0,1088.8570000000182,2344.714199999871,-35,50,0.0,0.0,0.0,0,0,0,262144,False,False
10,2,centered_grid,0.011810340627424653,0.030308530169870406,99.995,0,0.0011371254384291859,0.0011371254384291859,0.00043334425136083184,0.0003319486621623122,0.00038264645676157203,0.0019292795039462887,0.00362361963860488,0.0027764495712755844,0.0008386353506711849,0.0030456079699412823,0.00575600725596484,0.004400807612953061,0.592094849004032,0.5919867621524462,0.5920408055782391,0.592094849004032,0.584784840406942,-6438,9240,9240,71.82826232910156,598.0,1565.7140000000363,3328.9284999998927,-6438,9240,0.12551498413085938,0.0629730224609375,0.06254196166992188,32903,16508,16395,262144,False,False
10,2,centered_grid,0.011810340627424653,0.030308530169870406,99.995,1,0.0011371254384291859,0.0022742508768583717,0.00043334425136083184,0.0003319486621623122,0.00038264645676157203,0.0019292795039462887,0.00362361963860488,0.0027764495712755844,0.0008386353506711849,0.0030456079699412823,0.00575600725596484,0.004400807612953061,0.42955855433706613,0.43951301406142185,0.434535784199244,0.43951301406142185,0.42501628382288753,-6438,9240,9240,71.82826232910156,598.0,1565.7140000000363,3328.9284999998927,-3219,4620,0.0379791259765625,0.01923370361328125,0.01874542236328125,9956,5042,4914,262144,False,False
10,2,centered_grid,0.011810340627424653,0.030308530169870406,99.995,2,0.0011371254384291859,0.0045485017537167435,0.00043334425136083184,0.0003319486621623122,0.00038264645676157203,0.0019292795039462887,0.00362361963860488,0.0027764495712755844,0.0008386353506711849,0.0030456079699412823,0.00575600725596484,0.004400807612953061,0.2588272371564015,0.27565214276462285,0.2672396899605122,0.27565214276462285,0.2566211858876036,-6438,9240,9240,71.82826232910156,598.0,1565.7140000000363,3328.9284999998927,-1610,2310,0.013233184814453125,0.00672149658203125,0.006511688232421875,3469,1762,1707,262144,False,False
10,2,centered_grid,0.011810340627424653,0.030308530169870406,99.995,3,0.0011371254384291859,0.009097003507433487,0.00043334425136083184,0.0003319486621623122,0.00038264645676157203,0.0019292795039462887,0.00362361963860488,0.0027764495712755844,0.0008386353506711849,0.0030456079699412823,0.00575600725596484,0.004400807612953061,0.12422106237727935,0.1367719960212789,0.13049652919927912,0.1367719960212789,0.11993539592645308,-6438,9240,9240,71.82826232910156,598.0,1565.7140000000363,3328.9284999998927,-805,1155,0.00321197509765625,0.0015869140625,0.00162506103515625,842,416,426,262144,False,False
10,2,centered_grid,0.011810340627424653,0.030308530169870406,99.995,4,0.0011371254384291859,0.018194007014866974,0.00043334425136083184,0.0003319486621623122,0.00038264645676157203,0.0019292795039462887,0.00362361963860488,0.0027764495712755844,0.0008386353506711849,0.0030456079699412823,0.00575600725596484,0.004400807612953061,0.05036003514737536,0.05220447490271168,0.05128225502504352,0.05220447490271168,0.042603551691821395,-6438,9240,9240,71.82826232910156,598.0,1565.7140000000363,3328.9284999998927,-402,578,0.0004730224609375,0.000202178955078125,0.000270843505859375,124,53,71,262144,False,False
10,2,centered_grid,0.011810340627424653,0.030308530169870406,99.995,5,0.0011371254384291859,0.03638801402973395,0.00043334425136083184,0.0003319486621623122,0.00038264645676157203,0.0019292795039462887,0.00362361963860488,0.0027764495712755844,0.0008386353506711849,0.0030456079699412823,0.00575600725596484,0.004400807612953061,0.018411066195903377,0.016670068128066994,0.017540567161985186,0.018411066195903377,0.01225990221176738,-6438,9240,9240,71.82826232910156,598.0,1565.7140000000363,3328.9284999998927,-201,289,5.340576171875e-05,3.4332275390625e-05,1.9073486328125e-05,14,9,5,262144,True,False
10,2,centered_grid,0.011810340627424653,0.030308530169870406,99.995,6,0.0011371254384291859,0.0727760280594679,0.00043334425136083184,0.0003319486621623122,0.00038264645676157203,0.0019292795039462887,0.00362361963860488,0.0027764495712755844,0.0008386353506711849,0.0030456079699412823,0.00575600725596484,0.004400807612953061,0.016567862720131273,0.020867864336529388,0.018717863528330332,0.020867864336529388,0.014302622573723861,-6438,9240,9240,71.82826232910156,598.0,1565.7140000000363,3328.9284999998927,-101,144,3.814697265625e-06,3.814697265625e-06,0.0,1,1,0,262144,False,False
10,2,centered_grid,0.011810340627424653,0.030308530169870406,99.995,7,0.0011371254384291859,0.1455520561189358,0.00043334425136083184,0.0003319486621623122,0.00038264645676157203,0.0019292795039462887,0.00362361963860488,0.0027764495712755844,0.0008386353506711849,0.0030456079699412823,0.00575600725596484,0.004400807612953061,0.05126883150227715,0.060825696077824426,0.05604726379005079,0.060825696077824426,0.05213992635312867,-6438,9240,9240,71.82826232910156,598.0,1565.7140000000363,3328.9284999998927,-50,72,0.0,0.0,0.0,0,0,0,262144,False,False
10,3,centered_grid,0.012879267779617235,0.03032455369240753,99.995,0,0.0011377266142363954,0.0011377266142363954,0.0004363201454894846,0.00032620014411350803,0.00038126014480149633,0.001943510029122367,0.0036277536151214556,0.002785631822121911,0.0008386353506711849,0.0030625511268120025,0.0057590606088359165,0.00441080586782396,0.5919844639321061,0.591880953994666,0.5919327089633861,0.5919844639321061,0.5844059175648201,-6438,9240,9240,71.86035537719727,598.0,1565.7140000000363,3328.9284999998927,-6438,9240,0.12584304809570312,0.06306076049804688,0.06278228759765625,32989,16531,16458,262144,False,False
10,3,centered_grid,0.012879267779617235,0.03032455369240753,99.995,1,0.0011377266142363954,0.002275453228472791,0.0004363201454894846,0.00032620014411350803,0.00038126014480149633,0.001943510029122367,0.0036277536151214556,0.002785631822121911,0.0008386353506711849,0.0030625511268120025,0.0057590606088359165,0.00441080586782396,0.42944035850958256,0.43939682298787797,0.43441859074873024,0.43939682298787797,0.4247250621023303,-6438,9240,9240,71.86035537719727,598.0,1565.7140000000363,3328.9284999998927,-3219,4620,0.038013458251953125,0.019256591796875,0.018756866455078125,9965,5048,4917,262144,False,False
10,3,centered_grid,0.012879267779617235,0.03032455369240753,99.995,2,0.0011377266142363954,0.004550906456945582,0.0004363201454894846,0.00032620014411350803,0.00038126014480149633,0.001943510029122367,0.0036277536151214556,0.002785631822121911,0.0008386353506711849,0.0030625511268120025,0.0057590606088359165,0.00441080586782396,0.2587183167607584,0.27554278192034415,0.26713054934055125,0.27554278192034415,0.25650593335895755,-6438,9240,9240,71.86035537719727,598.0,1565.7140000000363,3328.9284999998927,-1610,2310,0.013172149658203125,0.0066986083984375,0.006473541259765625,3453,1756,1697,262144,False,False
10,3,centered_grid,0.012879267779617235,0.03032455369240753,99.995,3,0.0011377266142363954,0.009101812913891163,0.0004363201454894846,0.00032620014411350803,0.00038126014480149633,0.001943510029122367,0.0036277536151214556,0.002785631822121911,0.0008386353506711849,0.0030625511268120025,0.0057590606088359165,0.00441080586782396,0.12415806441898614,0.13669801276868387,0.130428038593835,0.13669801276868387,0.11992611716654034,-6438,9240,9240,71.86035537719727,598.0,1565.7140000000363,3328.9284999998927,-805,1155,0.003177642822265625,0.001575469970703125,0.0016021728515625,833,413,420,262144,False,False
10,3,centered_grid,0.012879267779617235,0.03032455369240753,99.995,4,0.0011377266142363954,0.018203625827782326,0.0004363201454894846,0.00032620014411350803,0.00038126014480149633,0.001943510029122367,0.0036277536151214556,0.002785631822121911,0.0008386353506711849,0.0030625511268120025,0.0057590606088359165,0.00441080586782396,0.05033888788623002,0.052170166827068876,0.05125452735664945,0.052170166827068876,0.042595431664734645,-6438,9240,9240,71.86035537719727,598.0,1565.7140000000363,3328.9284999998927,-402,578,0.000469207763671875,0.000202178955078125,0.00026702880859375,123,53,70,262144,False,False
10,3,centered_grid,0.012879267779617235,0.03032455369240753,99.995,5,0.0011377266142363954,0.03640725165556465,0.0004363201454894846,0.00032620014411350803,0.00038126014480149633,0.001943510029122367,0.0036277536151214556,0.002785631822121911,0.0008386353506711849,0.0030625511268120025,0.0057590606088359165,0.00441080586782396,0.018410520111239895,0.016652580714642585,0.01753155041294124,0.018410520111239895,0.012258555380927509,-6438,9240,9240,71.86035537719727,598.0,1565.7140000000363,3328.9284999998927,-201,289,5.340576171875e-05,3.4332275390625e-05,1.9073486328125e-05,14,9,5,262144,True,False
10,3,centered_grid,0.012879267779617235,0.03032455369240753,99.995,6,0.0011377266142363954,0.0728145033111293,0.0004363201454894846,0.00032620014411350803,0.00038126014480149633,0.001943510029122367,0.0036277536151214556,0.002785631822121911,0.0008386353506711849,0.0030625511268120025,0.0057590606088359165,0.00441080586782396,0.016584396202016696,0.02087498775947664,0.018729691980746668,0.02087498775947664,0.014316869640933316,-6438,9240,9240,71.86035537719727,598.0,1565.7140000000363,3328.9284999998927,-101,144,3.814697265625e-06,3.814697265625e-06,0.0,1,1,0,262144,False,False
10,3,centered_grid,0.012879267779617235,0.03032455369240753,99.995,7,0.0011377266142363954,0.1456290066222586,0.0004363201454894846,0.00032620014411350803,0.00038126014480149633,0.001943510029122367,0.0036277536151214556,0.002785631822121911,0.0008386353506711849,0.0030625511268120025,0.0057590606088359165,0.00441080586782396,0.05132913620292159,0.06085909262155744,0.056094114412239514,0.06085909262155744,0.05220462139724116,-6438,9240,9240,71.86035537719727,598.0,1565.7140000000363,3328.9284999998927,-50,72,0.0,0.0,0.0,0,0,0,262144,False,False
10,4,centered_grid,0.0140449411047391,0.030316354659836488,99.995,0,0.001137419000226254,0.001137419000226254,0.0004398224301744835,0.000326368726410667,0.00038309557829257525,0.0019511614286361356,0.0036466581615799596,0.0027989097951080476,0.0008386353506711849,0.003082572803768862,0.00576552000608346,0.004424046404926161,0.5920545061104506,0.5919487419345225,0.5920016240224866,0.5920545061104506,0.5852640244638723,-6438,9240,9240,71.60660934448242,598.0,1567.7140000000363,3352.4994999992487,-6438,9240,0.12523269653320312,0.06277847290039062,0.0624542236328125,32829,16457,16372,262144,False,False
10,4,centered_grid,0.0140449411047391,0.030316354659836488,99.995,1,0.001137419000226254,0.002274838000452508,0.0004398224301744835,0.000326368726410667,0.00038309557829257525,0.0019511614286361356,0.0036466581615799596,0.0027989097951080476,0.0008386353506711849,0.003082572803768862,0.00576552000608346,0.004424046404926161,0.42951200585911165,0.43946785077092176,0.4344899283150167,0.43946785077092176,0.42556396179055356,-6438,9240,9240,71.60660934448242,598.0,1567.7140000000363,3352.4994999992487,-3219,4620,0.037837982177734375,0.01912689208984375,0.018711090087890625,9919,5014,4905,262144,False,False
10,4,centered_grid,0.0140449411047391,0.030316354659836488,99.995,2,0.001137419000226254,0.004549676000905016,0.0004398224301744835,0.000326368726410667,0.00038309557829257525,0.0019511614286361356,0.0036466581615799596,0.0027989097951080476,0.0008386353506711849,0.003082572803768862,0.00576552000608346,0.004424046404926161,0.2587855855634583,0.2756164264075323,0.26720100598549534,0.2756164264075323,0.2571169948657259,-6438,9240,9240,71.60660934448242,598.0,1567.7140000000363,3352.4994999992487,-1610,2310,0.013153076171875,0.006679534912109375,0.006473541259765625,3448,1751,1697,262144,False,False
10,4,centered_grid,0.0140449411047391,0.030316354659836488,99.995,3,0.001137419000226254,0.009099352001810033,0.0004398224301744835,0.000326368726410667,0.00038309557829257525,0.0019511614286361356,0.0036466581615799596,0.0027989097951080476,0.0008386353506711849,0.003082572803768862,0.00576552000608346,0.004424046404926161,0.12420972249255358,0.13674291307743136,0.13047631778499247,0.13674291307743136,0.1201132664672536,-6438,9240,9240,71.60660934448242,598.0,1567.7140000000363,3352.4994999992487,-805,1155,0.00319671630859375,0.001575469970703125,0.001621246337890625,838,413,425,262144,False,False
10,4,centered_grid,0.0140449411047391,0.030316354659836488,99.995,4,0.001137419000226254,0.018198704003620066,0.0004398224301744835,0.000326368726410667,0.00038309557829257525,0.0019511614286361356,0.0036466581615799596,0.0027989097951080476,0.0008386353506711849,0.003082572803768862,0.00576552000608346,0.004424046404926161,0.05037531454229594,0.05219836727815853,0.05128684091022724,0.05219836727815853,0.042591939340462695,-6438,9240,9240,71.60660934448242,598.0,1567.7140000000363,3352.4994999992487,-402,578,0.000469207763671875,0.000202178955078125,0.00026702880859375,123,53,70,262144,False,False
10,4,centered_grid,0.0140449411047391,0.030316354659836488,99.995,5,0.001137419000226254,0.03639740800724013,0.0004398224301744835,0.000326368726410667,0.00038309557829257525,0.0019511614286361356,0.0036466581615799596,0.0027989097951080476,0.0008386353506711849,0.003082572803768862,0.00576552000608346,0.004424046404926161,0.0184253788235493,0.016655342624915085,0.017540360724232193,0.0184253788235493,0.01224747807190322,-6438,9240,9240,71.60660934448242,598.0,1567.7140000000363,3352.4994999992487,-201,289,5.340576171875e-05,3.4332275390625e-05,1.9073486328125e-05,14,9,5,262144,True,False
10,4,centered_grid,0.0140449411047391,0.030316354659836488,99.995,6,0.001137419000226254,0.07279481601448026,0.0004398224301744835,0.000326368726410667,0.00038309557829257525,0.0019511614286361356,0.0036466581615799596,0.0027989097951080476,0.0008386353506711849,0.003082572803768862,0.00576552000608346,0.004424046404926161,0.016604621995015206,0.020887906372925424,0.018746264183970317,0.020887906372925424,0.014274153866890796,-6438,9240,9240,71.60660934448242,598.0,1567.7140000000363,3352.4994999992487,-101,144,3.814697265625e-06,3.814697265625e-06,0.0,1,1,0,262144,False,False
10,4,centered_grid,0.0140449411047391,0.030316354659836488,99.995,7,0.001137419000226254,0.14558963202896053,0.0004398224301744835,0.000326368726410667,0.00038309557829257525,0.0019511614286361356,0.0036466581615799596,0.0027989097951080476,0.0008386353506711849,0.003082572803768862,0.00576552000608346,0.004424046404926161,0.05132180331387786,0.06086372033612751,0.05609276182500268,0.06086372033612751,0.052049259811356115,-6438,9240,9240,71.60660934448242,598.0,1567.7140000000363,3352.4994999992487,-50,72,0.0,0.0,0.0,0,0,0,262144,False,False
10,original,original_mixed,0.012879267779617237,0.030324553692407538,99.995,0,0.0011377266142363956,0.0011377266142363956,0.0004363201454894846,0.00032620014411350803,0.00038126014480149633,0.0019435100291223663,0.0036277536151214534,0.00278563182212191,0.0008386353506711849,0.003062551126812003,0.005759060608835913,0.004410805867823958,0.5919844639321061,0.591880953994666,0.5919327089633861,0.5919844639321061,0.58440591756482,-6438,9240,9240,71.86035537719727,598.0,1565.7140000000363,3328.9284999998927,-6438,9240,0.12584304809570312,0.06306076049804688,0.06278228759765625,32989,16531,16458,262144,False,False
10,original,original_mixed,0.012879267779617237,0.030324553692407538,99.995,1,0.0011377266142363956,0.0022754532284727912,0.0004363201454894846,0.00032620014411350803,0.00038126014480149633,0.0019435100291223663,0.0036277536151214534,0.00278563182212191,0.0008386353506711849,0.003062551126812003,0.005759060608835913,0.004410805867823958,0.4294403585095825,0.43939682298787797,0.43441859074873024,0.43939682298787797,0.4247250621023303,-6438,9240,9240,71.86035537719727,598.0,1565.7140000000363,3328.9284999998927,-3219,4620,0.038013458251953125,0.019256591796875,0.018756866455078125,9965,5048,4917,262144,False,False
10,original,original_mixed,0.012879267779617237,0.030324553692407538,99.995,2,0.0011377266142363956,0.0045509064569455825,0.0004363201454894846,0.00032620014411350803,0.00038126014480149633,0.0019435100291223663,0.0036277536151214534,0.00278563182212191,0.0008386353506711849,0.003062551126812003,0.005759060608835913,0.004410805867823958,0.25871831676075835,0.2755427819203441,0.26713054934055125,0.2755427819203441,0.2565059333589575,-6438,9240,9240,71.86035537719727,598.0,1565.7140000000363,3328.9284999998927,-1610,2310,0.013172149658203125,0.0066986083984375,0.006473541259765625,3453,1756,1697,262144,False,False
10,original,original_mixed,0.012879267779617237,0.030324553692407538,99.995,3,0.0011377266142363956,0.009101812913891165,0.0004363201454894846,0.00032620014411350803,0.00038126014480149633,0.0019435100291223663,0.0036277536151214534,0.00278563182212191,0.0008386353506711849,0.003062551126812003,0.005759060608835913,0.004410805867823958,0.12415806441898611,0.13669801276868387,0.130428038593835,0.13669801276868387,0.11992611716654034,-6438,9240,9240,71.86035537719727,598.0,1565.7140000000363,3328.9284999998927,-805,1155,0.003177642822265625,0.001575469970703125,0.0016021728515625,833,413,420,262144,False,False
10,original,original_mixed,0.012879267779617237,0.030324553692407538,99.995,4,0.0011377266142363956,0.01820362582778233,0.0004363201454894846,0.00032620014411350803,0.00038126014480149633,0.0019435100291223663,0.0036277536151214534,0.00278563182212191,0.0008386353506711849,0.003062551126812003,0.005759060608835913,0.004410805867823958,0.05033888788623,0.05217016682706887,0.05125452735664943,0.05217016682706887,0.042595431664734645,-6438,9240,9240,71.86035537719727,598.0,1565.7140000000363,3328.9284999998927,-402,578,0.000469207763671875,0.000202178955078125,0.00026702880859375,123,53,70,262144,False,False
10,original,original_mixed,0.012879267779617237,0.030324553692407538,99.995,5,0.0011377266142363956,0.03640725165556466,0.0004363201454894846,0.00032620014411350803,0.00038126014480149633,0.0019435100291223663,0.0036277536151214534,0.00278563182212191,0.0008386353506711849,0.003062551126812003,0.005759060608835913,0.004410805867823958,0.01841052011123989,0.01665258071464258,0.017531550412941237,0.01841052011123989,0.012258555380927506,-6438,9240,9240,71.86035537719727,598.0,1565.7140000000363,3328.9284999998927,-201,289,5.340576171875e-05,3.4332275390625e-05,1.9073486328125e-05,14,9,5,262144,True,False
10,original,original_mixed,0.012879267779617237,0.030324553692407538,99.995,6,0.0011377266142363956,0.07281450331112932,0.0004363201454894846,0.00032620014411350803,0.00038126014480149633,0.0019435100291223663,0.0036277536151214534,0.00278563182212191,0.0008386353506711849,0.003062551126812003,0.005759060608835913,0.004410805867823958,0.0165843962020167,0.020874987759476642,0.01872969198074667,0.020874987759476642,0.01431686964093331,-6438,9240,9240,71.86035537719727,598.0,1565.7140000000363,3328.9284999998927,-101,144,3.814697265625e-06,3.814697265625e-06,0.0,1,1,0,262144,False,False
10,original,original_mixed,0.012879267779617237,0.030324553692407538,99.995,7,0.0011377266142363956,0.14562900662225864,0.0004363201454894846,0.00032620014411350803,0.00038126014480149633,0.0019435100291223663,0.0036277536151214534,0.00278563182212191,0.0008386353506711849,0.003062551126812003,0.005759060608835913,0.004410805867823958,0.05132913620292161,0.060859092621557455,0.056094114412239535,0.060859092621557455,0.05220462139724116,-6438,9240,9240,71.86035537719727,598.0,1565.7140000000363,3328.9284999998927,-50,72,0.0,0.0,0.0,0,0,0,262144,False,False
11,-4,centered_grid,0.006907265851785378,0.027787911469346525,100.0,0,0.002601934591211446,0.002601934591211446,0.0007014018992865329,0.000485193539874749,0.000593297719580641,0.0027256400920656135,0.0014308135069067915,0.0020782267994862024,0.001970277488290511,0.006686709822971023,0.0034733499870323653,0.005080029905001694,0.5020698935290904,0.472131286595436,0.4871005900622632,0.5020698935290904,0.4777987684977583,-4578,5207,5207,40.75004196166992,375.0,923.142000000109,1997.6426999997639,-4578,5207,0.05251312255859375,0.026859283447265625,0.025653839111328125,13766,7041,6725,262144,False,False
11,-4,centered_grid,0.006907265851785378,0.027787911469346525,100.0,1,0.002601934591211446,0.005203869182422892,0.0007014018992865329,0.000485193539874749,0.000593297719580641,0.0027256400920656135,0.0014308135069067915,0.0020782267994862024,0.001970277488290511,0.006686709822971023,0.0034733499870323653,0.005080029905001694,0.3286606598099016,0.2865806953180129,0.3076206775639573,0.3286606598099016,0.2962341578948663,-4578,5207,5207,40.75004196166992,375.0,923.142000000109,1997.6426999997639,-2289,2604,0.020130157470703125,0.0103759765625,0.009754180908203125,5277,2720,2557,262144,False,False
11,-4,centered_grid,0.006907265851785378,0.027787911469346525,100.0,2,0.002601934591211446,0.010407738364845784,0.0007014018992865329,0.000485193539874749,0.000593297719580641,0.0027256400920656135,0.0014308135069067915,0.0020782267994862024,0.001970277488290511,0.006686709822971023,0.0034733499870323653,0.005080029905001694,0.18034500693274744,0.13425790861281525,0.15730145777278134,0.18034500693274744,0.14528184314010484,-4578,5207,5207,40.75004196166992,375.0,923.142000000109,1997.6426999997639,-1144,1302,0.0048370361328125,0.0025177001953125,0.0023193359375,1268,660,608,262144,False,False
11,-4,centered_grid,0.006907265851785378,0.027787911469346525,100.0,3,0.002601934591211446,0.020815476729691567,0.0007014018992865329,0.000485193539874749,0.000593297719580641,0.0027256400920656135,0.0014308135069067915,0.0020782267994862024,0.001970277488290511,0.006686709822971023,0.0034733499870323653,0.005080029905001694,0.08429151200698368,0.046908084202177354,0.06559979810458051,0.08429151200698368,0.05512873432052562,-4578,5207,5207,40.75004196166992,375.0,923.142000000109,1997.6426999997639,-572,651,0.00077056884765625,0.000415802001953125,0.000354766845703125,202,109,93,262144,False,False
11,-4,centered_grid,0.006907265851785378,0.027787911469346525,100.0,4,0.002601934591211446,0.041630953459383134,0.0007014018992865329,0.000485193539874749,0.000593297719580641,0.0027256400920656135,0.0014308135069067915,0.0020782267994862024,0.001970277488290511,0.006686709822971023,0.0034733499870323653,0.005080029905001694,0.03339985199868152,0.011952285278466337,0.02267606863857393,0.03339985199868152,0.015606561211453646,-4578,5207,5207,40.75004196166992,375.0,923.142000000109,1997.6426999997639,-286,325,9.918212890625e-05,5.340576171875e-05,4.57763671875e-05,26,14,12,262144,False,False
11,-4,centered_grid,0.006907265851785378,0.027787911469346525,100.0,5,0.002601934591211446,0.08326190691876627,0.0007014018992865329,0.000485193539874749,0.000593297719580641,0.0027256400920656135,0.0014308135069067915,0.0020782267994862024,0.001970277488290511,0.006686709822971023,0.0034733499870323653,0.005080029905001694,0.018238645730950118,0.01296644570959643,0.015602545720273274,0.018238645730950118,0.010524653425644114,-4578,5207,5207,40.75004196166992,375.0,923.142000000109,1997.6426999997639,-143,163,7.62939453125e-06,3.814697265625e-06,3.814697265625e-06,2,1,1,262144,True,False
11,-4,centered_grid,0.006907265851785378,0.027787911469346525,100.0,6,0.002601934591211446,0.16652381383753254,0.0007014018992865329,0.000485193539874749,0.000593297719580641,0.0027256400920656135,0.0014308135069067915,0.0020782267994862024,0.001970277488290511,0.006686709822971023,0.0034733499870323653,0.005080029905001694,0.04235767345692534,0.03848111266384049,0.04041939306038292,0.04235767345692534,0.03606055295376142,-4578,5207,5207,40.75004196166992,375.0,923.142000000109,1997.6426999997639,-72,81,0.0,0.0,0.0,0,0,0,262144,False,False
11,-4,centered_grid,0.006907265851785378,0.027787911469346525,100.0,7,0.002601934591211446,0.33304762767506507,0.0007014018992865329,0.000485193539874749,0.000593297719580641,0.0027256400920656135,0.0014308135069067915,0.0020782267994862024,0.001970277488290511,0.006686709822971023,0.0034733499870323653,0.005080029905001694,0.10996394051644318,0.10870783717982906,0.10933588884813611,0.10996394051644318,0.10635372166724502,-4578,5207,5207,40.75004196166992,375.0,923.142000000109,1997.6426999997639,-36,41,0.0,0.0,0.0,0,0,0,262144,False,False
11,-3,centered_grid,0.007532426822946631,0.030306524739650266,100.0,0,0.002837766168446624,0.002837766168446624,0.0004824844521977991,0.00026803832431280465,0.0003752613882553019,0.002338838225978626,0.0013223045289159365,0.0018305713774472814,0.001970277488290511,0.005677451930053585,0.0033077196455540666,0.004492585787803826,0.4809803142445734,0.4495549886237464,0.4652676514341599,0.4809803142445734,0.4583396271378406,-4200,4961,4961,37.41386032104492,343.0,849.7140000000363,1863.2134999988193,-4200,4961,0.0471343994140625,0.024166107177734375,0.022968292236328125,12356,6335,6021,262144,False,False
11,-3,centered_grid,0.007532426822946631,0.030306524739650266,100.0,1,0.002837766168446624,0.005675532336893248,0.0004824844521977991,0.00026803832431280465,0.0003752613882553019,0.002338838225978626,0.0013223045289159365,0.0018305713774472814,0.001970277488290511,0.005677451930053585,0.0033077196455540666,0.004492585787803826,0.3080244769301577,0.26467069974570995,0.28634758833793383,0.3080244769301577,0.27838047062814375,-4200,4961,4961,37.41386032104492,343.0,849.7140000000363,1863.2134999988193,-2100,2480,0.0175323486328125,0.009059906005859375,0.008472442626953125,4596,2375,2221,262144,False,False
11,-3,centered_grid,0.007532426822946631,0.030306524739650266,100.0,2,0.002837766168446624,0.011351064673786496,0.0004824844521977991,0.00026803832431280465,0.0003752613882553019,0.002338838225978626,0.0013223045289159365,0.0018305713774472814,0.001970277488290511,0.005677451930053585,0.0033077196455540666,0.004492585787803826,0.16544063202779796,0.12031076914691552,0.14287570058735674,0.16544063202779796,0.13481173033081434,-4200,4961,4961,37.41386032104492,343.0,849.7140000000363,1863.2134999988193,-1050,1240,0.003971099853515625,0.002063751220703125,0.0019073486328125,1041,541,500,262144,False,False
11,-3,centered_grid,0.007532426822946631,0.030306524739650266,100.0,3,0.002837766168446624,0.022702129347572993,0.0004824844521977991,0.00026803832431280465,0.0003752613882553019,0.002338838225978626,0.0013223045289159365,0.0018305713774472814,0.001970277488290511,0.005677451930053585,0.0033077196455540666,0.004492585787803826,0.07582907718638629,0.0402341692341851,0.058031623210285696,0.07582907718638629,0.05103625041580505,-4200,4961,4961,37.41386032104492,343.0,849.7140000000363,1863.2134999988193,-525,620,0.000614166259765625,0.0003204345703125,0.000293731689453125,161,84,77,262144,False,False
11,-3,centered_grid,0.007532426822946631,0.030306524739650266,100.0,4,0.002837766168446624,0.045404258695145985,0.0004824844521977991,0.00026803832431280465,0.0003752613882553019,0.002338838225978626,0.0013223045289159365,0.0018305713774472814,0.001970277488290511,0.005677451930053585,0.0033077196455540666,0.004492585787803826,0.029265296825892816,0.010284246551022128,0.01977477168845747,0.029265296825892816,0.014704036156684523,-4200,4961,4961,37.41386032104492,343.0,849.7140000000363,1863.2134999988193,-262,310,7.62939453125e-05,3.814697265625e-05,3.814697265625e-05,20,10,10,262144,False,False
11,-3,centered_grid,0.007532426822946631,0.030306524739650266,100.0,5,0.002837766168446624,0.09080851739029197,0.0004824844521977991,0.00026803832431280465,0.0003752613882553019,0.002338838225978626,0.0013223045289159365,0.0018305713774472814,0.001970277488290511,0.005677451930053585,0.0033077196455540666,0.004492585787803826,0.01814259690422679,0.014584858250081063,0.016363727577153927,0.01814259690422679,0.011922178470999276,-4200,4961,4961,37.41386032104492,343.0,849.7140000000363,1863.2134999988193,-131,155,7.62939453125e-06,3.814697265625e-06,3.814697265625e-06,2,1,1,262144,True,False
11,-3,centered_grid,0.007532426822946631,0.030306524739650266,100.0,6,0.002837766168446624,0.18161703478058394,0.0004824844521977991,0.00026803832431280465,0.0003752613882553019,0.002338838225978626,0.0013223045289159365,0.0018305713774472814,0.001970277488290511,0.005677451930053585,0.0033077196455540666,0.004492585787803826,0.04746073809356132,0.04450379515313989,0.0459822666233506,0.04746073809356132,0.041758272501535645,-4200,4961,4961,37.41386032104492,343.0,849.7140000000363,1863.2134999988193,-66,78,0.0,0.0,0.0,0,0,0,262144,False,False
11,-3,centered_grid,0.007532426822946631,0.030306524739650266,100.0,7,0.002837766168446624,0.3632340695611679,0.0004824844521977991,0.00026803832431280465,0.0003752613882553019,0.002338838225978626,0.0013223045289159365,0.0018305713774472814,0.001970277488290511,0.005677451930053585,0.0033077196455540666,0.004492585787803826,0.11972189856632832,0.12043100511755984,0.12007645184194408,0.12043100511755984,0.11651671837028804,-4200,4961,4961,37.41386032104492,343.0,849.7140000000363,1863.2134999988193,-33,39,0.0,0.0,0.0,0,0,0,262144,False,False
11,-2,centered_grid,0.008214169696158501,0.03305050608414761,100.0,0,0.0030947001948041807,0.0030947001948041807,0.0003608860992594704,0.00018065811230772575,0.0002707721057835981,0.0017062453831027948,0.0009834805514778277,0.0013448629672903113,0.001970277488290511,0.004701877624593549,0.0030785962514190083,0.0038902369380062786,0.45929567198501237,0.4263015202053046,0.4427985960951585,0.45929567198501237,0.43825203476600205,-3864,4551,4551,34.206539154052734,315.0,775.9990000001271,1715.356499999034,-3864,4551,0.041904449462890625,0.021564483642578125,0.0203399658203125,10985,5653,5332,262144,False,False
11,-2,centered_grid,0.008214169696158501,0.03305050608414761,100.0,1,0.0030947001948041807,0.0061894003896083615,0.0003608860992594704,0.00018065811230772575,0.0002707721057835981,0.0017062453831027948,0.0009834805514778277,0.0013448629672903113,0.001970277488290511,0.004701877624593549,0.0030785962514190083,0.0038902369380062786,0.2875845061177243,0.243025277235635,0.26530489167667964,0.2875845061177243,0.2599270391316581,-3864,4551,4551,34.206539154052734,315.0,775.9990000001271,1715.356499999034,-1932,2276,0.015064239501953125,0.007762908935546875,0.00730133056640625,3949,2035,1914,262144,False,False
11,-2,centered_grid,0.008214169696158501,0.03305050608414761,100.0,2,0.0030947001948041807,0.012378800779216723,0.0003608860992594704,0.00018065811230772575,0.0002707721057835981,0.0017062453831027948,0.0009834805514778277,0.0013448629672903113,0.001970277488290511,0.004701877624593549,0.0030785962514190083,0.0038902369380062786,0.15105662071320342,0.10700952907750712,0.12903307489535526,0.15105662071320342,0.12344783578115838,-3864,4551,4551,34.206539154052734,315.0,775.9990000001271,1715.356499999034,-966,1138,0.003131866455078125,0.0016326904296875,0.001499176025390625,821,428,393,262144,False,False
11,-2,centered_grid,0.008214169696158501,0.03305050608414761,100.0,3,0.0030947001948041807,0.024757601558433446,0.0003608860992594704,0.00018065811230772575,0.0002707721057835981,0.0017062453831027948,0.0009834805514778277,0.0013448629672903113,0.001970277488290511,0.004701877624593549,0.0030785962514190083,0.0038902369380062786,0.06770172330261487,0.0340482573382968,0.05087499032045584,0.06770172330261487,0.045805916746504916,-3864,4551,4551,34.206539154052734,315.0,775.9990000001271,1715.356499999034,-483,569,0.0005035400390625,0.000240325927734375,0.000263214111328125,132,63,69,262144,False,False
11,-2,centered_grid,0.008214169696158501,0.03305050608414761,100.0,4,0.0030947001948041807,0.04951520311686689,0.0003608860992594704,0.00018065811230772575,0.0002707721057835981,0.0017062453831027948,0.0009834805514778277,0.0013448629672903113,0.001970277488290511,0.004701877624593549,0.0030785962514190083,0.0038902369380062786,0.025289236885118666,0.008875689917954139,0.0170824634015364,0.025289236885118666,0.013181740335856961,-3864,4551,4551,34.206539154052734,315.0,775.9990000001271,1715.356499999034,-242,284,6.103515625e-05,3.4332275390625e-05,2.6702880859375e-05,16,9,7,262144,True,False
11,-2,centered_grid,0.008214169696158501,0.03305050608414761,100.0,5,0.0030947001948041807,0.09903040623373378,0.0003608860992594704,0.00018065811230772575,0.0002707721057835981,0.0017062453831027948,0.0009834805514778277,0.0013448629672903113,0.001970277488290511,0.004701877624593549,0.0030785962514190083,0.0038902369380062786,0.018633363798572087,0.016278663270427908,0.0174560135345,0.018633363798572087,0.013716564310016086,-3864,4551,4551,34.206539154052734,315.0,775.9990000001271,1715.356499999034,-121,142,3.814697265625e-06,3.814697265625e-06,0.0,1,1,0,262144,False,False
11,-2,centered_grid,0.008214169696158501,0.03305050608414761,100.0,6,0.0030947001948041807,0.19806081246746757,0.0003608860992594704,0.00018065811230772575,0.0002707721057835981,0.0017062453831027948,0.0009834805514778277,0.0013448629672903113,0.001970277488290511,0.004701877624593549,0.0030785962514190083,0.0038902369380062786,0.053221143013528475,0.05111226286059804,0.052166702937063256,0.053221143013528475,0.04852014991238543,-3864,4551,4551,34.206539154052734,315.0,775.9990000001271,1715.356499999034,-60,71,0.0,0.0,0.0,0,0,0,262144,False,False
11,-2,centered_grid,0.008214169696158501,0.03305050608414761,100.0,7,0.0030947001948041807,0.39612162493493513,0.0003608860992594704,0.00018065811230772575,0.0002707721057835981,0.0017062453831027948,0.0009834805514778277,0.0013448629672903113,0.001970277488290511,0.004701877624593549,0.0030785962514190083,0.0038902369380062786,0.12903594157659118,0.13166528980127054,0.13035061568893086,0.13166528980127054,0.12749247936771302,-3864,4551,4551,34.206539154052734,315.0,775.9990000001271,1715.356499999034,-30,36,0.0,0.0,0.0,0,0,0,262144,False,False
11,-1,centered_grid,0.008957615571085476,0.034686759795492496,99.995,0,0.0032479116060411435,0.0032479116060411435,0.0002961547868011855,0.00014790769675279337,0.0002220312417769894,0.0016686134707880177,0.0010574651096733048,0.0013630392902306613,0.001970277488290511,0.004472802027995173,0.0032199206118955,0.0038463613199453362,0.44731093201983896,0.41346156065547573,0.4303862463376573,0.44731093201983896,0.42437832031402833,-3654,4305,4305,32.84474182128906,300.0,737.7140000000363,1645.4281999994419,-3654,4305,0.03945159912109375,0.02032470703125,0.01912689208984375,10342,5328,5014,262144,False,False
11,-1,centered_grid,0.008957615571085476,0.034686759795492496,99.995,1,0.0032479116060411435,0.006495823212082287,0.0002961547868011855,0.00014790769675279337,0.0002220312417769894,0.0016686134707880177,0.0010574651096733048,0.0013630392902306613,0.001970277488290511,0.004472802027995173,0.0032199206118955,0.0038463613199453362,0.2766800384731223,0.23154910036779833,0.2541145694204603,0.2766800384731223,0.24797378126447667,-3654,4305,4305,32.84474182128906,300.0,737.7140000000363,1645.4281999994419,-1827,2152,0.01380157470703125,0.007106781005859375,0.006694793701171875,3618,1863,1755,262144,False,False
11,-1,centered_grid,0.008957615571085476,0.034686759795492496,99.995,2,0.0032479116060411435,0.012991646424164574,0.0002961547868011855,0.00014790769675279337,0.0002220312417769894,0.0016686134707880177,0.0010574651096733048,0.0013630392902306613,0.001970277488290511,0.004472802027995173,0.0032199206118955,0.0038463613199453362,0.14364107224044165,0.10026383471083629,0.12195245347563896,0.14364107224044165,0.11614231042708141,-3654,4305,4305,32.84474182128906,300.0,737.7140000000363,1645.4281999994419,-914,1076,0.00274658203125,0.001445770263671875,0.001300811767578125,720,379,341,262144,False,False
11,-1,centered_grid,0.008957615571085476,0.034686759795492496,99.995,3,0.0032479116060411435,0.025983292848329148,0.0002961547868011855,0.00014790769675279337,0.0002220312417769894,0.0016686134707880177,0.0010574651096733048,0.0013630392902306613,0.001970277488290511,0.004472802027995173,0.0032199206118955,0.0038463613199453362,0.06370060653435294,0.031245512008918078,0.04747305927163551,0.06370060653435294,0.042387255464053634,-3654,4305,4305,32.84474182128906,300.0,737.7140000000363,1645.4281999994419,-457,538,0.000415802001953125,0.00019073486328125,0.000225067138671875,109,50,59,262144,False,False
11,-1,centered_grid,0.008957615571085476,0.034686759795492496,99.995,4,0.0032479116060411435,0.051966585696658296,0.0002961547868011855,0.00014790769675279337,0.0002220312417769894,0.0016686134707880177,0.0010574651096733048,0.0013630392902306613,0.001970277488290511,0.004472802027995173,0.0032199206118955,0.0038463613199453362,0.023517513482372628,0.008562117948814469,0.01603981571559355,0.023517513482372628,0.012180555937293062,-3654,4305,4305,32.84474182128906,300.0,737.7140000000363,1645.4281999994419,-228,269,5.7220458984375e-05,3.0517578125e-05,2.6702880859375e-05,15,8,7,262144,True,False
11,-1,centered_grid,0.008957615571085476,0.034686759795492496,99.995,5,0.0032479116060411435,0.10393317139331659,0.0002961547868011855,0.00014790769675279337,0.0002220312417769894,0.0016686134707880177,0.0010574651096733048,0.0013630392902306613,0.001970277488290511,0.004472802027995173,0.0032199206118955,0.0038463613199453362,0.01948504164074683,0.01762881161315203,0.01855692662694943,0.01948504164074683,0.014902757668192912,-3654,4305,4305,32.84474182128906,300.0,737.7140000000363,1645.4281999994419,-114,135,3.814697265625e-06,3.814697265625e-06,0.0,1,1,0,262144,False,False
11,-1,centered_grid,0.008957615571085476,0.034686759795492496,99.995,6,0.0032479116060411435,0.20786634278663318,0.0002961547868011855,0.00014790769675279337,0.0002220312417769894,0.0016686134707880177,0.0010574651096733048,0.0013630392902306613,0.001970277488290511,0.004472802027995173,0.0032199206118955,0.0038463613199453362,0.05720464050721798,0.05541613598024589,0.05631038824373193,0.05720464050721798,0.05251981672467126,-3654,4305,4305,32.84474182128906,300.0,737.7140000000363,1645.4281999994419,-57,67,0.0,0.0,0.0,0,0,0,262144,False,False
11,-1,centered_grid,0.008957615571085476,0.034686759795492496,99.995,7,0.0032479116060411435,0.41573268557326637,0.0002961547868011855,0.00014790769675279337,0.0002220312417769894,0.0016686134707880177,0.0010574651096733048,0.0013630392902306613,0.001970277488290511,0.004472802027995173,0.0032199206118955,0.0038463613199453362,0.1350328612748031,0.13856540961970024,0.13679913544725167,0.13856540961970024,0.13483356773738542,-3654,4305,4305,32.84474182128906,300.0,737.7140000000363,1645.4281999994419,-29,34,0.0,0.0,0.0,0,0,0,262144,False,False
11,0,centered_grid,0.00976834904651143,0.03930414267940777,100.0,0,0.0036802624957357464,0.0036802624957357464,0.0002619878642336799,0.0001374124748964874,0.00019970016956508363,0.0014855713587752684,0.0011142081790716275,0.001299889768923448,0.001970277488290511,0.004061480117712503,0.0034120369398961395,0.0037367585288043213,0.4159182988029052,0.379818531592765,0.3978684151978351,0.4159182988029052,0.3956933930360127,-3234,3813,3813,28.568248748779297,264.0,650.8570000000182,1454.7141999998712,-3234,3813,0.033428192138671875,0.017314910888671875,0.01611328125,8763,4539,4224,262144,False,False
11,0,centered_grid,0.00976834904651143,0.03930414267940777,100.0,1,0.0036802624957357464,0.007360524991471493,0.0002619878642336799,0.0001374124748964874,0.00019970016956508363,0.0014855713587752684,0.0011142081790716275,0.001299889768923448,0.001970277488290511,0.004061480117712503,0.0034120369398961395,0.0037367585288043213,0.24920272300954516,0.20293339061173016,0.22606805681063766,0.24920272300954516,0.22277435218662278,-3234,3813,3813,28.568248748779297,264.0,650.8570000000182,1454.7141999998712,-1617,1906,0.010715484619140625,0.005481719970703125,0.0052337646484375,2809,1437,1372,262144,False,False
11,0,centered_grid,0.00976834904651143,0.03930414267940777,100.0,2,0.0036802624957357464,0.014721049982942986,0.0002619878642336799,0.0001374124748964874,0.00019970016956508363,0.0014855713587752684,0.0011142081790716275,0.001299889768923448,0.001970277488290511,0.004061480117712503,0.0034120369398961395,0.0037367585288043213,0.12555076830958303,0.08381042588966732,0.10468059709962518,0.12555076830958303,0.10087597655663585,-3234,3813,3813,28.568248748779297,264.0,650.8570000000182,1454.7141999998712,-808,953,0.001964569091796875,0.00106048583984375,0.000904083251953125,515,278,237,262144,False,False
11,0,centered_grid,0.00976834904651143,0.03930414267940777,100.0,3,0.0036802624957357464,0.02944209996588597,0.0002619878642336799,0.0001374124748964874,0.00019970016956508363,0.0014855713587752684,0.0011142081790716275,0.001299889768923448,0.001970277488290511,0.004061480117712503,0.0034120369398961395,0.0037367585288043213,0.05434541320544998,0.02485845408497932,0.03960193364521465,0.05434541320544998,0.03563851040970179,-3234,3813,3813,28.568248748779297,264.0,650.8570000000182,1454.7141999998712,-404,477,0.000274658203125,0.000102996826171875,0.000171661376953125,72,27,45,262144,False,False
11,0,centered_grid,0.00976834904651143,0.03930414267940777,100.0,4,0.0036802624957357464,0.05888419993177194,0.0002619878642336799,0.0001374124748964874,0.00019970016956508363,0.0014855713587752684,0.0011142081790716275,0.001299889768923448,0.001970277488290511,0.004061480117712503,0.0034120369398961395,0.0037367585288043213,0.019734224511083625,0.00882065551230372,0.014277440011693673,0.019734224511083625,0.0108617221449126,-3234,3813,3813,28.568248748779297,264.0,650.8570000000182,1454.7141999998712,-202,238,3.0517578125e-05,1.9073486328125e-05,1.1444091796875e-05,8,5,3,262144,True,True
11,0,centered_grid,0.00976834904651143,0.03930414267940777,100.0,5,0.0036802624957357464,0.11776839986354389,0.0002619878642336799,0.0001374124748964874,0.00019970016956508363,0.0014855713587752684,0.0011142081790716275,0.001299889768923448,0.001970277488290511,0.004061480117712503,0.0034120369398961395,0.0037367585288043213,0.023386048195859422,0.022132077651779974,0.022759062923819698,0.023386048195859422,0.019066550316432125,-3234,3813,3813,28.568248748779297,264.0,650.8570000000182,1454.7141999998712,-101,119,0.0,0.0,0.0,0,0,0,262144,False,False
11,0,centered_grid,0.00976834904651143,0.03930414267940777,100.0,6,0.0036802624957357464,0.23553679972708777,0.0002619878642336799,0.0001374124748964874,0.00019970016956508363,0.0014855713587752684,0.0011142081790716275,0.001299889768923448,0.001970277488290511,0.004061480117712503,0.0034120369398961395,0.0037367585288043213,0.06901087977238908,0.06803558098985314,0.06852323038112111,0.06901087977238908,0.06471074026865231,-3234,3813,3813,28.568248748779297,264.0,650.8570000000182,1454.7141999998712,-51,60,0.0,0.0,0.0,0,0,0,262144,False,False
11,0,centered_grid,0.00976834904651143,0.03930414267940777,100.0,7,0.0036802624957357464,0.47107359945417554,0.0002619878642336799,0.0001374124748964874,0.00019970016956508363,0.0014855713587752684,0.0011142081790716275,0.001299889768923448,0.001970277488290511,0.004061480117712503,0.0034120369398961395,0.0037367585288043213,0.15031738642957887,0.1555584067553674,0.15293789659247314,0.1555584067553674,0.14868194059309797,-3234,3813,3813,28.568248748779297,264.0,650.8570000000182,1454.7141999998712,-25,30,0.0,0.0,0.0,0,0,0,262144,False,False
11,1,centered_grid,0.01065246017059401,0.034632405925079504,99.995,0,0.003242822154977151,0.003242822154977151,0.00024670138128826474,0.00013703610713778052,0.00019186874421302263,0.0016645499338070495,0.001052713595565708,0.0013586317646863788,0.001970277488290511,0.004477072293472056,0.0032064766128097957,0.003841774453140926,0.44769477888975534,0.41387289936959554,0.43078383912967544,0.44769477888975534,0.4251758820378799,-3696,4305,4305,32.8362922668457,300.0,739.4280000000726,1645.4281999994419,-3696,4305,0.03948974609375,0.02031707763671875,0.01917266845703125,10352,5326,5026,262144,False,False
11,1,centered_grid,0.01065246017059401,0.034632405925079504,99.995,1,0.003242822154977151,0.006485644309954302,0.00024670138128826474,0.00013703610713778052,0.00019186874421302263,0.0016645499338070495,0.001052713595565708,0.0013586317646863788,0.001970277488290511,0.004477072293472056,0.0032064766128097957,0.003841774453140926,0.2770205890257253,0.23191306290624208,0.2544668259659837,0.2770205890257253,0.24870565538359324,-3696,4305,4305,32.8362922668457,300.0,739.4280000000726,1645.4281999994419,-1848,2152,0.0138397216796875,0.007137298583984375,0.006702423095703125,3628,1871,1757,262144,False,False
11,1,centered_grid,0.01065246017059401,0.034632405925079504,99.995,2,0.003242822154977151,0.012971288619908605,0.00024670138128826474,0.00013703610713778052,0.00019186874421302263,0.0016645499338070495,0.001052713595565708,0.0013586317646863788,0.001970277488290511,0.004477072293472056,0.0032064766128097957,0.003841774453140926,0.1438754311062099,0.10047447730292354,0.12217495420456673,0.1438754311062099,0.11661364895224297,-3696,4305,4305,32.8362922668457,300.0,739.4280000000726,1645.4281999994419,-924,1076,0.002735137939453125,0.00144195556640625,0.001293182373046875,717,378,339,262144,False,False
11,1,centered_grid,0.01065246017059401,0.034632405925079504,99.995,3,0.003242822154977151,0.02594257723981721,0.00024670138128826474,0.00013703610713778052,0.00019186874421302263,0.0016645499338070495,0.001052713595565708,0.0013586317646863788,0.001970277488290511,0.004477072293472056,0.0032064766128097957,0.003841774453140926,0.06382169459836518,0.03132209308633106,0.04757189384234812,0.06382169459836518,0.04262808390239012,-3696,4305,4305,32.8362922668457,300.0,739.4280000000726,1645.4281999994419,-462,538,0.000415802001953125,0.00019073486328125,0.000225067138671875,109,50,59,262144,False,False
11,1,centered_grid,0.01065246017059401,0.034632405925079504,99.995,4,0.003242822154977151,0.05188515447963442,0.00024670138128826474,0.00013703610713778052,0.00019186874421302263,0.0016645499338070495,0.001052713595565708,0.0013586317646863788,0.001970277488290511,0.004477072293472056,0.0032064766128097957,0.003841774453140926,0.023572722658750028,0.008554981695687249,0.01606385217721864,0.023572722658750028,0.012249623236806262,-3696,4305,4305,32.8362922668457,300.0,739.4280000000726,1645.4281999994419,-231,269,5.7220458984375e-05,3.0517578125e-05,2.6702880859375e-05,15,8,7,262144,True,False
11,1,centered_grid,0.01065246017059401,0.034632405925079504,99.995,5,0.003242822154977151,0.10377030895926884,0.00024670138128826474,0.00013703610713778052,0.00019186874421302263,0.0016645499338070495,0.001052713595565708,0.0013586317646863788,0.001970277488290511,0.004477072293472056,0.0032064766128097957,0.003841774453140926,0.019437011752258537,0.017551439655274583,0.018494225703766562,0.019437011752258537,0.014813261833496648,-3696,4305,4305,32.8362922668457,300.0,739.4280000000726,1645.4281999994419,-116,135,3.814697265625e-06,3.814697265625e-06,0.0,1,1,0,262144,False,False
11,1,centered_grid,0.01065246017059401,0.034632405925079504,99.995,6,0.003242822154977151,0.20754061791853767,0.00024670138128826474,0.00013703610713778052,0.00019186874421302263,0.0016645499338070495,0.001052713595565708,0.0013586317646863788,0.001970277488290511,0.004477072293472056,0.0032064766128097957,0.003841774453140926,0.057071658967804785,0.05525917715298068,0.056165418060392734,0.057071658967804785,0.05231898836145045,-3696,4305,4305,32.8362922668457,300.0,739.4280000000726,1645.4281999994419,-58,67,0.0,0.0,0.0,0,0,0,262144,False,False
11,1,centered_grid,0.01065246017059401,0.034632405925079504,99.995,7,0.003242822154977151,0.41508123583707535,0.00024670138128826474,0.00013703610713778052,0.00019186874421302263,0.0016645499338070495,0.001052713595565708,0.0013586317646863788,0.001970277488290511,0.004477072293472056,0.0032064766128097957,0.003841774453140926,0.13481270433466142,0.13840513684198782,0.13660892058832463,0.13840513684198782,0.13453776760065378,-3696,4305,4305,32.8362922668457,300.0,739.4280000000726,1645.4281999994419,-29,34,0.0,0.0,0.0,0,0,0,262144,False,False
11,2,centered_grid,0.011616590187941438,0.03465696087657992,99.995,0,0.003245121369790936,0.003245121369790936,0.00024130567299386095,0.00013860224101161172,0.00018995395700273634,0.0016712996400142233,0.0010608821263213511,0.001366090883167787,0.001970277488290511,0.004469424516920829,0.0032194437886294384,0.0038444341527751336,0.4475251705230237,0.4136895814105294,0.43060737596677656,0.4475251705230237,0.4248212011178139,-3654,4305,4305,32.83714294433594,300.0,735.8570000000182,1645.4281999994419,-3654,4305,0.03955841064453125,0.020366668701171875,0.019191741943359375,10370,5339,5031,262144,False,False
11,2,centered_grid,0.011616590187941438,0.03465696087657992,99.995,1,0.003245121369790936,0.006490242739581872,0.00024130567299386095,0.00013860224101161172,0.00018995395700273634,0.0016712996400142233,0.0010608821263213511,0.001366090883167787,0.001970277488290511,0.004469424516920829,0.0032194437886294384,0.0038444341527751336,0.2768679152341234,0.23175237641103735,0.2543101458225804,0.2768679152341234,0.2482473784475141,-3654,4305,4305,32.83714294433594,300.0,735.8570000000182,1645.4281999994419,-1827,2152,0.013835906982421875,0.007137298583984375,0.0066986083984375,3627,1871,1756,262144,False,False
11,2,centered_grid,0.011616590187941438,0.03465696087657992,99.995,2,0.003245121369790936,0.012980485479163743,0.00024130567299386095,0.00013860224101161172,0.00018995395700273634,0.0016712996400142233,0.0010608821263213511,0.001366090883167787,0.001970277488290511,0.004469424516920829,0.0032194437886294384,0.0038444341527751336,0.14377328804186104,0.10038409280810373,0.12207869042498239,0.14377328804186104,0.11625181790556754,-3654,4305,4305,32.83714294433594,300.0,735.8570000000182,1645.4281999994419,-914,1076,0.00274658203125,0.00144195556640625,0.00130462646484375,720,378,342,262144,False,False
11,2,centered_grid,0.011616590187941438,0.03465696087657992,99.995,3,0.003245121369790936,0.025960970958327487,0.00024130567299386095,0.00013860224101161172,0.00018995395700273634,0.0016712996400142233,0.0010608821263213511,0.001366090883167787,0.001970277488290511,0.004469424516920829,0.0032194437886294384,0.0038444341527751336,0.06377071212115328,0.03130114568592205,0.047535928903537666,0.06377071212115328,0.042359191822136856,-3654,4305,4305,32.83714294433594,300.0,735.8570000000182,1645.4281999994419,-457,538,0.00041961669921875,0.000194549560546875,0.000225067138671875,110,51,59,262144,False,False
11,2,centered_grid,0.011616590187941438,0.03465696087657992,99.995,4,0.003245121369790936,0.05192194191665497,0.00024130567299386095,0.00013860224101161172,0.00018995395700273634,0.0016712996400142233,0.0010608821263213511,0.001366090883167787,0.001970277488290511,0.004469424516920829,0.0032194437886294384,0.0038444341527751336,0.023543883453520393,0.008558719660513697,0.016051301557017044,0.023543883453520393,0.012143754031821453,-3654,4305,4305,32.83714294433594,300.0,735.8570000000182,1645.4281999994419,-228,269,5.7220458984375e-05,3.0517578125e-05,2.6702880859375e-05,15,8,7,262144,True,False
11,2,centered_grid,0.011616590187941438,0.03465696087657992,99.995,5,0.003245121369790936,0.10384388383330995,0.00024130567299386095,0.00013860224101161172,0.00018995395700273634,0.0016712996400142233,0.0010608821263213511,0.001366090883167787,0.001970277488290511,0.004469424516920829,0.0032194437886294384,0.0038444341527751336,0.019459869500712608,0.01760157068214847,0.018530720091430537,0.019459869500712608,0.014837410634206722,-3654,4305,4305,32.83714294433594,300.0,735.8570000000182,1645.4281999994419,-114,135,3.814697265625e-06,3.814697265625e-06,0.0,1,1,0,262144,False,False
11,2,centered_grid,0.011616590187941438,0.03465696087657992,99.995,6,0.003245121369790936,0.2076877676666199,0.00024130567299386095,0.00013860224101161172,0.00018995395700273634,0.0016712996400142233,0.0010608821263213511,0.001366090883167787,0.001970277488290511,0.004469424516920829,0.0032194437886294384,0.0038444341527751336,0.0570948837221406,0.055390730452094,0.056242807087117305,0.0570948837221406,0.05240033032350561,-3654,4305,4305,32.83714294433594,300.0,735.8570000000182,1645.4281999994419,-57,67,0.0,0.0,0.0,0,0,0,262144,False,False
11,2,centered_grid,0.011616590187941438,0.03465696087657992,99.995,7,0.003245121369790936,0.4153755353332398,0.00024130567299386095,0.00013860224101161172,0.00018995395700273634,0.0016712996400142233,0.0010608821263213511,0.001366090883167787,0.001970277488290511,0.004469424516920829,0.0032194437886294384,0.0038444341527751336,0.13487351244444185,0.13846694664381337,0.1366702295441276,0.13846694664381337,0.1345049528912745,-3654,4305,4305,32.83714294433594,300.0,735.8570000000182,1645.4281999994419,-29,34,0.0,0.0,0.0,0,0,0,262144,False,False
11,3,centered_grid,0.012667981427153497,0.03470150790970937,99.995,0,0.003249292552881224,0.003249292552881224,0.00024182492382566453,0.00014052301007566644,0.00019117396695066547,0.001679619698472972,0.0010675981109583932,0.0013736089047156827,0.001970277488290511,0.0044883598924224145,0.0032389462754275553,0.003863653083924985,0.44721000623045115,0.41335486253532006,0.4302824343828856,0.44721000623045115,0.42453681660978426,-3696,4305,4305,32.814697265625,300.0,735.0,1645.4281999994419,-3696,4305,0.039363861083984375,0.0203094482421875,0.019054412841796875,10319,5324,4995,262144,False,False
11,3,centered_grid,0.012667981427153497,0.03470150790970937,99.995,1,0.003249292552881224,0.006498585105762448,0.00024182492382566453,0.00014052301007566644,0.00019117396695066547,0.001679619698472972,0.0010675981109583932,0.0013736089047156827,0.001970277488290511,0.0044883598924224145,0.0032389462754275553,0.003863653083924985,0.2765923587519703,0.23145674620159126,0.2540245524767808,0.2765923587519703,0.24831471284512363,-3696,4305,4305,32.814697265625,300.0,735.0,1645.4281999994419,-1848,2152,0.01372528076171875,0.007068634033203125,0.006656646728515625,3598,1853,1745,262144,False,False
11,3,centered_grid,0.012667981427153497,0.03470150790970937,99.995,2,0.003249292552881224,0.012997170211524895,0.00024182492382566453,0.00014052301007566644,0.00019117396695066547,0.001679619698472972,0.0010675981109583932,0.0013736089047156827,0.001970277488290511,0.0044883598924224145,0.0032389462754275553,0.003863653083924985,0.14358974471289304,0.10020467592085057,0.12189721031687181,0.14358974471289304,0.11641787462766837,-3696,4305,4305,32.814697265625,300.0,735.0,1645.4281999994419,-924,1076,0.002735137939453125,0.001438140869140625,0.0012969970703125,717,377,340,262144,False,False
11,3,centered_grid,0.012667981427153497,0.03470150790970937,99.995,3,0.003249292552881224,0.02599434042304979,0.00024182492382566453,0.00014052301007566644,0.00019117396695066547,0.001679619698472972,0.0010675981109583932,0.0013736089047156827,0.001970277488290511,0.0044883598924224145,0.0032389462754275553,0.003863653083924985,0.06368540645335151,0.03123578251743322,0.04746059448539237,0.06368540645335151,0.04250653245172811,-3696,4305,4305,32.814697265625,300.0,735.0,1645.4281999994419,-462,538,0.000415802001953125,0.00019073486328125,0.000225067138671875,109,50,59,262144,False,False
11,3,centered_grid,0.012667981427153497,0.03470150790970937,99.995,4,0.003249292552881224,0.05198868084609958,0.00024182492382566453,0.00014052301007566644,0.00019117396695066547,0.001679619698472972,0.0010675981109583932,0.0013736089047156827,0.001970277488290511,0.0044883598924224145,0.0032389462754275553,0.003863653083924985,0.023516300884219975,0.008564823272750275,0.016040562078485126,0.023516300884219975,0.012239904010240695,-3696,4305,4305,32.814697265625,300.0,735.0,1645.4281999994419,-231,269,5.7220458984375e-05,3.0517578125e-05,2.6702880859375e-05,15,8,7,262144,True,False
11,3,centered_grid,0.012667981427153497,0.03470150790970937,99.995,5,0.003249292552881224,0.10397736169219916,0.00024182492382566453,0.00014052301007566644,0.00019117396695066547,0.001679619698472972,0.0010675981109583932,0.0013736089047156827,0.001970277488290511,0.0044883598924224145,0.0032389462754275553,0.003863653083924985,0.019530655405261936,0.017673003432604643,0.01860182941893329,0.019530655405261936,0.014886573040698122,-3696,4305,4305,32.814697265625,300.0,735.0,1645.4281999994419,-116,135,3.814697265625e-06,3.814697265625e-06,0.0,1,1,0,262144,False,False
11,3,centered_grid,0.012667981427153497,0.03470150790970937,99.995,6,0.003249292552881224,0.20795472338439833,0.00024182492382566453,0.00014052301007566644,0.00019117396695066547,0.001679619698472972,0.0010675981109583932,0.0013736089047156827,0.001970277488290511,0.0044883598924224145,0.0032389462754275553,0.003863653083924985,0.05722683764012553,0.055489304621820085,0.05635807113097281,0.05722683764012553,0.05252178427402834,-3696,4305,4305,32.814697265625,300.0,735.0,1645.4281999994419,-58,67,0.0,0.0,0.0,0,0,0,262144,False,False
11,3,centered_grid,0.012667981427153497,0.03470150790970937,99.995,7,0.003249292552881224,0.41590944676879665,0.00024182492382566453,0.00014052301007566644,0.00019117396695066547,0.001679619698472972,0.0010675981109583932,0.0013736089047156827,0.001970277488290511,0.0044883598924224145,0.0032389462754275553,0.003863653083924985,0.13507505796404423,0.1386730906124055,0.13687407428822485,0.1386730906124055,0.1350147073802495,-3696,4305,4305,32.814697265625,300.0,735.0,1645.4281999994419,-29,34,0.0,0.0,0.0,0,0,0,262144,False,False
11,4,centered_grid,0.013814531703570755,0.03468776885219711,99.995,0,0.003248006089555931,0.003248006089555931,0.0002441879725775397,0.00014284875474689841,0.00019351836366221904,0.0016778451573613653,0.0010682148148923169,0.0013730299861268412,0.001970277488290511,0.004483970707304109,0.00323764484924894,0.0038608077782765243,0.4473059133059845,0.41346463327045546,0.43038527328821996,0.4473059133059845,0.4245769015264981,-3696,4305,4305,32.797393798828125,300.0,737.7140000000363,1645.4281999994419,-3696,4305,0.039546966552734375,0.0203857421875,0.019161224365234375,10367,5344,5023,262144,False,False
11,4,centered_grid,0.013814531703570755,0.03468776885219711,99.995,1,0.003248006089555931,0.006496012179111862,0.0002441879725775397,0.00014284875474689841,0.00019351836366221904,0.0016778451573613653,0.0010682148148923169,0.0013730299861268412,0.001970277488290511,0.004483970707304109,0.00323764484924894,0.0038608077782765243,0.2766732763992066,0.23155584977058416,0.2541145630848954,0.2766732763992066,0.2481614689096237,-3696,4305,4305,32.797393798828125,300.0,737.7140000000363,1645.4281999994419,-1848,2152,0.013736724853515625,0.00707244873046875,0.006664276123046875,3601,1854,1747,262144,False,False
11,4,centered_grid,0.013814531703570755,0.03468776885219711,99.995,2,0.003248006089555931,0.012992024358223725,0.0002441879725775397,0.00014284875474689841,0.00019351836366221904,0.0016778451573613653,0.0010682148148923169,0.0013730299861268412,0.001970277488290511,0.004483970707304109,0.00323764484924894,0.0038608077782765243,0.14364177688691446,0.10026863698609932,0.12195520693650688,0.14364177688691446,0.11633334208775398,-3696,4305,4305,32.797393798828125,300.0,737.7140000000363,1645.4281999994419,-924,1076,0.00273895263671875,0.001438140869140625,0.001300811767578125,718,377,341,262144,False,False
11,4,centered_grid,0.013814531703570755,0.03468776885219711,99.995,3,0.003248006089555931,0.02598404871644745,0.0002441879725775397,0.00014284875474689841,0.00019351836366221904,0.0016778451573613653,0.0010682148148923169,0.0013730299861268412,0.001970277488290511,0.004483970707304109,0.00323764484924894,0.0038608077782765243,0.06371018779917063,0.03126548880681873,0.04748783830299468,0.06371018779917063,0.04252014149258212,-3696,4305,4305,32.797393798828125,300.0,737.7140000000363,1645.4281999994419,-462,538,0.00041961669921875,0.000194549560546875,0.000225067138671875,110,51,59,262144,False,False
11,4,centered_grid,0.013814531703570755,0.03468776885219711,99.995,4,0.003248006089555931,0.0519680974328949,0.0002441879725775397,0.00014284875474689841,0.00019351836366221904,0.0016778451573613653,0.0010682148148923169,0.0013730299861268412,0.001970277488290511,0.004483970707304109,0.00323764484924894,0.0038608077782765243,0.02351791201411896,0.008574077562800195,0.016045994788459576,0.02351791201411896,0.01226948279677227,-3696,4305,4305,32.797393798828125,300.0,737.7140000000363,1645.4281999994419,-231,269,5.7220458984375e-05,3.0517578125e-05,2.6702880859375e-05,15,8,7,262144,True,False
11,4,centered_grid,0.013814531703570755,0.03468776885219711,99.995,5,0.003248006089555931,0.1039361948657898,0.0002441879725775397,0.00014284875474689841,0.00019351836366221904,0.0016778451573613653,0.0010682148148923169,0.0013730299861268412,0.001970277488290511,0.004483970707304109,0.00323764484924894,0.0038608077782765243,0.019516841292351983,0.017661680145683565,0.018589260719017772,0.019516841292351983,0.014855074728076553,-3696,4305,4305,32.797393798828125,300.0,737.7140000000363,1645.4281999994419,-116,135,3.814697265625e-06,3.814697265625e-06,0.0,1,1,0,262144,False,False
11,4,centered_grid,0.013814531703570755,0.03468776885219711,99.995,6,0.003248006089555931,0.2078723897315796,0.0002441879725775397,0.00014284875474689841,0.00019351836366221904,0.0016778451573613653,0.0010682148148923169,0.0013730299861268412,0.001970277488290511,0.004483970707304109,0.00323764484924894,0.0038608077782765243,0.05718832300249543,0.05545131614271611,0.05631981957260577,0.05718832300249543,0.05237509062219818,-3696,4305,4305,32.797393798828125,300.0,737.7140000000363,1645.4281999994419,-58,67,0.0,0.0,0.0,0,0,0,262144,False,False
11,4,centered_grid,0.013814531703570755,0.03468776885219711,99.995,7,0.003248006089555931,0.4157447794631592,0.0002441879725775397,0.00014284875474689841,0.00019351836366221904,0.0016778451573613653,0.0010682148148923169,0.0013730299861268412,0.001970277488290511,0.004483970707304109,0.00323764484924894,0.0038608077782765243,0.13502500291077146,0.13861045783614773,0.1368177303734596,0.13861045783614773,0.13438601746201748,-3696,4305,4305,32.797393798828125,300.0,737.7140000000363,1645.4281999994419,-29,34,0.0,0.0,0.0,0,0,0,262144,False,False
12,-4,centered_grid,0.006330323855263869,0.02545779702298742,100.0,0,0.0010449101412211698,0.0010449101412211698,0.0008283408057322116,0.0009065599913621649,0.0008674503985471883,0.0024443871644183857,0.002934005027234819,0.0026891960958266023,0.0007768883240951961,0.005434181722996941,0.004706166255185483,0.0050701739890912124,0.7034295019108515,0.7485226715435775,0.7259760867272145,0.7485226715435775,0.7174031530262454,-12272,12222,12272,97.49487686157227,900.0,2579.4280000000726,6220.856999999785,-12272,12222,0.19018936157226562,0.0944061279296875,0.09578323364257812,49857,24748,25109,262144,False,False
12,-4,centered_grid,0.006330323855263869,0.02545779702298742,100.0,1,0.0010449101412211698,0.0020898202824423395,0.0008283408057322116,0.0009065599913621649,0.0008674503985471883,0.0024443871644183857,0.002934005027234819,0.0026891960958266023,0.0007768883240951961,0.005434181722996941,0.004706166255185483,0.0050701739890912124,0.5647950082469699,0.6232573163614712,0.5940261623042206,0.6232573163614712,0.5818963767226464,-12272,12222,12272,97.49487686157227,900.0,2579.4280000000726,6220.856999999785,-6136,6111,0.061473846435546875,0.03029632568359375,0.031177520751953125,16115,7942,8173,262144,False,False
12,-4,centered_grid,0.006330323855263869,0.02545779702298742,100.0,2,0.0010449101412211698,0.004179640564884679,0.0008283408057322116,0.0009065599913621649,0.0008674503985471883,0.0024443871644183857,0.002934005027234819,0.0026891960958266023,0.0007768883240951961,0.005434181722996941,0.004706166255185483,0.0050701739890912124,0.398760919954861,0.46581333232184075,0.43228712613835085,0.46581333232184075,0.41716902377296206,-12272,12222,12272,97.49487686157227,900.0,2579.4280000000726,6220.856999999785,-3068,3056,0.024566650390625,0.0120391845703125,0.0125274658203125,6440,3156,3284,262144,False,False
12,-4,centered_grid,0.006330323855263869,0.02545779702298742,100.0,3,0.0010449101412211698,0.008359281129769358,0.0008283408057322116,0.0009065599913621649,0.0008674503985471883,0.0024443871644183857,0.002934005027234819,0.0026891960958266023,0.0007768883240951961,0.005434181722996941,0.004706166255185483,0.0050701739890912124,0.23269923608584664,0.2988693055846331,0.26578427083523987,0.2988693055846331,0.24910371647826923,-12272,12222,12272,97.49487686157227,900.0,2579.4280000000726,6220.856999999785,-1534,1528,0.007846832275390625,0.003856658935546875,0.00399017333984375,2057,1011,1046,262144,False,False
12,-4,centered_grid,0.006330323855263869,0.02545779702298742,100.0,4,0.0010449101412211698,0.016718562259538716,0.0008283408057322116,0.0009065599913621649,0.0008674503985471883,0.0024443871644183857,0.002934005027234819,0.0026891960958266023,0.0007768883240951961,0.005434181722996941,0.004706166255185483,0.0050701739890912124,0.10606968582447711,0.15752029559333358,0.13179499070890535,0.15752029559333358,0.11711987083680582,-12272,12222,12272,97.49487686157227,900.0,2579.4280000000726,6220.856999999785,-767,764,0.001674652099609375,0.000743865966796875,0.0009307861328125,439,195,244,262144,False,False
12,-4,centered_grid,0.006330323855263869,0.02545779702298742,100.0,5,0.0010449101412211698,0.03343712451907743,0.0008283408057322116,0.0009065599913621649,0.0008674503985471883,0.0024443871644183857,0.002934005027234819,0.0026891960958266023,0.0007768883240951961,0.005434181722996941,0.004706166255185483,0.0050701739890912124,0.030529516471775427,0.05886069618066542,0.044695106326220424,0.05886069618066542,0.03577499753906714,-12272,12222,12272,97.49487686157227,900.0,2579.4280000000726,6220.856999999785,-384,382,0.00028228759765625,0.0001373291015625,0.00014495849609375,74,36,38,262144,False,False
12,-4,centered_grid,0.006330323855263869,0.02545779702298742,100.0,6,0.0010449101412211698,0.06687424903815486,0.0008283408057322116,0.0009065599913621649,0.0008674503985471883,0.0024443871644183857,0.002934005027234819,0.0026891960958266023,0.0007768883240951961,0.005434181722996941,0.004706166255185483,0.0050701739890912124,0.012414144574286657,0.016244806950723636,0.014329475762505147,0.016244806950723636,0.009187404009935788,-12272,12222,12272,97.49487686157227,900.0,2579.4280000000726,6220.856999999785,-192,191,2.6702880859375e-05,1.1444091796875e-05,1.52587890625e-05,7,3,4,262144,True,False
12,-4,centered_grid,0.006330323855263869,0.02545779702298742,100.0,7,0.0010449101412211698,0.13374849807630973,0.0008283408057322116,0.0009065599913621649,0.0008674503985471883,0.0024443871644183857,0.002934005027234819,0.0026891960958266023,0.0007768883240951961,0.005434181722996941,0.004706166255185483,0.0050701739890912124,0.0302084562311073,0.024313865190131942,0.02726116071061962,0.0302084562311073,0.023049262860615365,-12272,12222,12272,97.49487686157227,900.0,2579.4280000000726,6220.856999999785,-96,95,0.0,0.0,0.0,0,0,0,262144,False,False
12,-3,centered_grid,0.0069032671144405935,0.027771786847422965,100.0,0,0.0011398873865834458,0.0011398873865834458,0.0004938533915922729,0.0004810763843505924,0.00048746488797143266,0.001720588622985184,0.0019478912098997827,0.0018342399164424832,0.0007768883240951961,0.003778786547617424,0.0029759228383686533,0.0033773546929930388,0.6875623021991271,0.7344958655790402,0.7110290838890836,0.7344958655790402,0.7055964944238533,-11328,11252,11328,89.16781234741211,828.0,2376.0,5885.783699996973,-11328,11252,0.16508102416992188,0.082122802734375,0.08295822143554688,43275,21528,21747,262144,False,False
12,-3,centered_grid,0.0069032671144405935,0.027771786847422965,100.0,1,0.0011398873865834458,0.0022797747731668917,0.0004938533915922729,0.0004810763843505924,0.00048746488797143266,0.001720588622985184,0.0019478912098997827,0.0018342399164424832,0.0007768883240951961,0.003778786547617424,0.0029759228383686533,0.0033773546929930388,0.5452581016399741,0.605157517551399,0.5752078095956865,0.605157517551399,0.5676290298405723,-11328,11252,11328,89.16781234741211,828.0,2376.0,5885.783699996973,-5664,5626,0.05377197265625,0.02651214599609375,0.02725982666015625,14096,6950,7146,262144,False,False
12,-3,centered_grid,0.0069032671144405935,0.027771786847422965,100.0,2,0.0011398873865834458,0.004559549546333783,0.0004938533915922729,0.0004810763843505924,0.00048746488797143266,0.001720588622985184,0.0019478912098997827,0.0018342399164424832,0.0007768883240951961,0.003778786547617424,0.0029759228383686533,0.0033773546929930388,0.37694776377298383,0.44448676348059063,0.41071726362678723,0.44448676348059063,0.4012039492795027,-11328,11252,11328,89.16781234741211,828.0,2376.0,5885.783699996973,-2832,2813,0.0218048095703125,0.01078033447265625,0.01102447509765625,5716,2826,2890,262144,False,False
12,-3,centered_grid,0.0069032671144405935,0.027771786847422965,100.0,3,0.0011398873865834458,0.009119099092667567,0.0004938533915922729,0.0004810763843505924,0.00048746488797143266,0.001720588622985184,0.0019478912098997827,0.0018342399164424832,0.0007768883240951961,0.003778786547617424,0.0029759228383686533,0.0033773546929930388,0.2141525241072086,0.27915074267792755,0.24665163339256807,0.27915074267792755,0.23611777826814317,-11328,11252,11328,89.16781234741211,828.0,2376.0,5885.783699996973,-1416,1406,0.006580352783203125,0.003192901611328125,0.003387451171875,1725,837,888,262144,False,False
12,-3,centered_grid,0.0069032671144405935,0.027771786847422965,100.0,4,0.0011398873865834458,0.018238198185335133,0.0004938533915922729,0.0004810763843505924,0.00048746488797143266,0.001720588622985184,0.0019478912098997827,0.0018342399164424832,0.0007768883240951961,0.003778786547617424,0.0029759228383686533,0.0033773546929930388,0.09330817314100645,0.14230701447783492,0.11780759380942069,0.14230701447783492,0.10864222711940863,-11328,11252,11328,89.16781234741211,828.0,2376.0,5885.783699996973,-708,703,0.001384735107421875,0.00061798095703125,0.000766754150390625,363,162,201,262144,False,False
12,-3,centered_grid,0.0069032671144405935,0.027771786847422965,100.0,5,0.0011398873865834458,0.036476396370670267,0.0004938533915922729,0.0004810763843505924,0.00048746488797143266,0.001720588622985184,0.0019478912098997827,0.0018342399164424832,0.0007768883240951961,0.003778786547617424,0.0029759228383686533,0.0033773546929930388,0.02462026296418345,0.04954016598518251,0.03708021447468298,0.04954016598518251,0.03169087373544914,-11328,11252,11328,89.16781234741211,828.0,2376.0,5885.783699996973,-354,352,0.000232696533203125,0.000110626220703125,0.0001220703125,61,29,32,262144,False,False
12,-3,centered_grid,0.0069032671144405935,0.027771786847422965,100.0,6,0.0011398873865834458,0.07295279274134053,0.0004938533915922729,0.0004810763843505924,0.00048746488797143266,0.001720588622985184,0.0019478912098997827,0.0018342399164424832,0.0007768883240951961,0.003778786547617424,0.0029759228383686533,0.0033773546929930388,0.011759921992606757,0.013237323846578854,0.012498622919592806,0.013237323846578854,0.009341263558516933,-11328,11252,11328,89.16781234741211,828.0,2376.0,5885.783699996973,-177,176,1.9073486328125e-05,1.1444091796875e-05,7.62939453125e-06,5,3,2,262144,True,False
12,-3,centered_grid,0.0069032671144405935,0.027771786847422965,100.0,7,0.0011398873865834458,0.14590558548268107,0.0004938533915922729,0.0004810763843505924,0.00048746488797143266,0.001720588622985184,0.0019478912098997827,0.0018342399164424832,0.0007768883240951961,0.003778786547617424,0.0029759228383686533,0.0033773546929930388,0.033048195496181994,0.026162000371542576,0.029605097933862283,0.033048195496181994,0.02673685006599216,-11328,11252,11328,89.16781234741211,828.0,2376.0,5885.783699996973,-88,88,0.0,0.0,0.0,0,0,0,262144,False,False
12,-2,centered_grid,0.007528066168951248,0.030288967877196833,100.0,0,0.0012432045739632206,0.0012432045739632206,0.00034630690704927055,0.0002748583469286847,0.0003105826269889776,0.0016650564140356413,0.0016494659942855787,0.00165726120416061,0.0007768883240951961,0.0031586246257135583,0.0022696373726611473,0.002714130999187353,0.6714673704846759,0.7201623014728368,0.6958148359787564,0.7201623014728368,0.6917068696099675,-10384,10282,10384,81.88973236083984,756.0,2191.7130000001634,5453.642699999764,-10384,10282,0.14435958862304688,0.071807861328125,0.07255172729492188,37843,18824,19019,262144,False,False
12,-2,centered_grid,0.007528066168951248,0.030288967877196833,100.0,1,0.0012432045739632206,0.0024864091479264413,0.00034630690704927055,0.0002748583469286847,0.0003105826269889776,0.0016650564140356413,0.0016494659942855787,0.00165726120416061,0.0007768883240951961,0.0031586246257135583,0.0022696373726611473,0.002714130999187353,0.5256265832248197,0.5868281744884912,0.5562273788566554,0.5868281744884912,0.5505389932656066,-10384,10282,10384,81.88973236083984,756.0,2191.7130000001634,5453.642699999764,-5192,5141,0.04805755615234375,0.023715972900390625,0.024341583251953125,12598,6217,6381,262144,False,False
12,-2,centered_grid,0.007528066168951248,0.030288967877196833,100.0,2,0.0012432045739632206,0.0049728182958528825,0.00034630690704927055,0.0002748583469286847,0.0003105826269889776,0.0016650564140356413,0.0016494659942855787,0.00165726120416061,0.0007768883240951961,0.0031586246257135583,0.0022696373726611473,0.002714130999187353,0.35562053470911786,0.42346416723135,0.38954235097023393,0.42346416723135,0.38289803015368173,-10384,10282,10384,81.88973236083984,756.0,2191.7130000001634,5453.642699999764,-2596,2570,0.019195556640625,0.009487152099609375,0.009708404541015625,5032,2487,2545,262144,False,False
12,-2,centered_grid,0.007528066168951248,0.030288967877196833,100.0,3,0.0012432045739632206,0.009945636591705765,0.00034630690704927055,0.0002748583469286847,0.0003105826269889776,0.0016650564140356413,0.0016494659942855787,0.00165726120416061,0.0007768883240951961,0.0031586246257135583,0.0022696373726611473,0.002714130999187353,0.19679551066679696,0.2603039713105779,0.22854974098868744,0.2603039713105779,0.2216622049687305,-10384,10282,10384,81.88973236083984,756.0,2191.7130000001634,5453.642699999764,-1298,1285,0.005474090576171875,0.00267791748046875,0.002796173095703125,1435,702,733,262144,False,False
12,-2,centered_grid,0.007528066168951248,0.030288967877196833,100.0,4,0.0012432045739632206,0.01989127318341153,0.00034630690704927055,0.0002748583469286847,0.0003105826269889776,0.0016650564140356413,0.0016494659942855787,0.00165726120416061,0.0007768883240951961,0.0031586246257135583,0.0022696373726611473,0.002714130999187353,0.08175312300126364,0.12816064462028162,0.10495688381077263,0.12816064462028162,0.09907773565983621,-10384,10282,10384,81.88973236083984,756.0,2191.7130000001634,5453.642699999764,-649,643,0.001163482666015625,0.000507354736328125,0.0006561279296875,305,133,172,262144,False,False
12,-2,centered_grid,0.007528066168951248,0.030288967877196833,100.0,5,0.0012432045739632206,0.03978254636682306,0.00034630690704927055,0.0002748583469286847,0.0003105826269889776,0.0016650564140356413,0.0016494659942855787,0.00165726120416061,0.0007768883240951961,0.0031586246257135583,0.0022696373726611473,0.002714130999187353,0.019972386810071654,0.04160399206042738,0.030788189435249518,0.04160399206042738,0.02706959815881091,-10384,10282,10384,81.88973236083984,756.0,2191.7130000001634,5453.642699999764,-324,321,0.00019073486328125,8.7738037109375e-05,0.000102996826171875,50,23,27,262144,False,False
12,-2,centered_grid,0.007528066168951248,0.030288967877196833,100.0,6,0.0012432045739632206,0.07956509273364612,0.00034630690704927055,0.0002748583469286847,0.0003105826269889776,0.0016650564140356413,0.0016494659942855787,0.00165726120416061,0.0007768883240951961,0.0031586246257135583,0.0022696373726611473,0.002714130999187353,0.012582624448124302,0.011900801130589712,0.012241712789357007,0.012582624448124302,0.009593746006898721,-10384,10282,10384,81.88973236083984,756.0,2191.7130000001634,5453.642699999764,-162,161,1.52587890625e-05,7.62939453125e-06,7.62939453125e-06,4,2,2,262144,True,True
12,-2,centered_grid,0.007528066168951248,0.030288967877196833,100.0,7,0.0012432045739632206,0.15913018546729224,0.00034630690704927055,0.0002748583469286847,0.0003105826269889776,0.0016650564140356413,0.0016494659942855787,0.00165726120416061,0.0007768883240951961,0.0031586246257135583,0.0022696373726611473,0.002714130999187353,0.03751920641742312,0.029414729049855162,0.03346696773363914,0.03751920641742312,0.031070080813941456,-10384,10282,10384,81.88973236083984,756.0,2191.7130000001634,5453.642699999764,-81,80,0.0,0.0,0.0,0,0,0,262144,False,False
12,-1,centered_grid,0.008209414369257059,0.033031369835976813,100.0,0,0.0013557659089226638,0.0013557659089226638,0.00028554696072162006,0.00018385200951057335,0.0002346994851160967,0.001325814906188888,0.0011633624217507314,0.0012445886639698097,0.0007768883240951961,0.0025187391036089702,0.0017045159508367097,0.00211162752722284,0.6548139497340936,0.7052650656000226,0.680039507667058,0.7052650656000226,0.677541291218023,-9440,9409,9440,74.9275016784668,696.0,1999.2850000000908,5039.285399999528,-9440,9409,0.12414932250976562,0.061916351318359375,0.06223297119140625,32545,16231,16314,262144,False,False
12,-1,centered_grid,0.008209414369257059,0.033031369835976813,100.0,1,0.0013557659089226638,0.0027115318178453276,0.00028554696072162006,0.00018385200951057335,0.0002346994851160967,0.001325814906188888,0.0011633624217507314,0.0012445886639698097,0.0007768883240951961,0.0025187391036089702,0.0017045159508367097,0.00211162752722284,0.5051680134150277,0.5676772444946112,0.5364226289548195,0.5676772444946112,0.533091982147932,-9440,9409,9440,74.9275016784668,696.0,1999.2850000000908,5039.285399999528,-4720,4704,0.042346954345703125,0.020938873291015625,0.0214080810546875,11101,5489,5612,262144,False,False
12,-1,centered_grid,0.008209414369257059,0.033031369835976813,100.0,2,0.0013557659089226638,0.005423063635690655,0.00028554696072162006,0.00018385200951057335,0.0002346994851160967,0.001325814906188888,0.0011633624217507314,0.0012445886639698097,0.0007768883240951961,0.0025187391036089702,0.0017045159508367097,0.00211162752722284,0.33402486775397994,0.40209633609220935,0.36806060192309464,0.40209633609220935,0.3639677399891088,-9440,9409,9440,74.9275016784668,696.0,1999.2850000000908,5039.285399999528,-2360,2352,0.01694488525390625,0.00844573974609375,0.0084991455078125,4442,2214,2228,262144,False,False
12,-1,centered_grid,0.008209414369257059,0.033031369835976813,100.0,3,0.0013557659089226638,0.01084612727138131,0.00028554696072162006,0.00018385200951057335,0.0002346994851160967,0.001325814906188888,0.0011633624217507314,0.0012445886639698097,0.0007768883240951961,0.0025187391036089702,0.0017045159508367097,0.00211162752722284,0.17976462491496484,0.2416369804674834,0.2107008026912241,0.2416369804674834,0.2063223533501768,-9440,9409,9440,74.9275016784668,696.0,1999.2850000000908,5039.285399999528,-1180,1176,0.0045318603515625,0.002140045166015625,0.002391815185546875,1188,561,627,262144,False,False
12,-1,centered_grid,0.008209414369257059,0.033031369835976813,100.0,4,0.0013557659089226638,0.02169225454276262,0.00028554696072162006,0.00018385200951057335,0.0002346994851160967,0.001325814906188888,0.0011633624217507314,0.0012445886639698097,0.0007768883240951961,0.0025187391036089702,0.0017045159508367097,0.00211162752722284,0.07054400910647965,0.11436380287392683,0.09245390599020324,0.11436380287392683,0.08858048614569172,-9440,9409,9440,74.9275016784668,696.0,1999.2850000000908,5039.285399999528,-590,588,0.0009765625,0.000415802001953125,0.000560760498046875,256,109,147,262144,False,False
12,-1,centered_grid,0.008209414369257059,0.033031369835976813,100.0,5,0.0013557659089226638,0.04338450908552524,0.00028554696072162006,0.00018385200951057335,0.0002346994851160967,0.001325814906188888,0.0011633624217507314,0.0012445886639698097,0.0007768883240951961,0.0025187391036089702,0.0017045159508367097,0.00211162752722284,0.01569891306524945,0.034245295715003364,0.024972104390126405,0.034245295715003364,0.02218242188455522,-9440,9409,9440,74.9275016784668,696.0,1999.2850000000908,5039.285399999528,-295,294,0.00016021728515625,7.2479248046875e-05,8.7738037109375e-05,42,19,23,262144,False,False
12,-1,centered_grid,0.008209414369257059,0.033031369835976813,100.0,6,0.0013557659089226638,0.08676901817105048,0.00028554696072162006,0.00018385200951057335,0.0002346994851160967,0.001325814906188888,0.0011633624217507314,0.0012445886639698097,0.0007768883240951961,0.0025187391036089702,0.0017045159508367097,0.00211162752722284,0.013590662931006706,0.011369437999799396,0.01248005046540305,0.013590662931006706,0.01038213764379596,-9440,9409,9440,74.9275016784668,696.0,1999.2850000000908,5039.285399999528,-148,147,1.1444091796875e-05,7.62939453125e-06,3.814697265625e-06,3,2,1,262144,True,False
12,-1,centered_grid,0.008209414369257059,0.033031369835976813,100.0,7,0.0013557659089226638,0.17353803634210097,0.00028554696072162006,0.00018385200951057335,0.0002346994851160967,0.001325814906188888,0.0011633624217507314,0.0012445886639698097,0.0007768883240951961,0.0025187391036089702,0.0017045159508367097,0.00211162752722284,0.04269268984148711,0.03363242889927309,0.0381625593703801,0.04269268984148711,0.03620996024733722,-9440,9409,9440,74.9275016784668,696.0,1999.2850000000908,5039.285399999528,-74,74,0.0,0.0,0.0,0,0,0,262144,False,False
12,0,centered_grid,0.008952429850328101,0.033954164696580975,99.995,0,0.0013936418377487674,0.0013936418377487674,0.00026036083712170465,0.00014674147132709198,0.0002035511542243983,0.001368023190588615,0.0011602846856558953,0.0012641539381222553,0.0007768883240951961,0.0024997725451009725,0.0016797472794521581,0.002089759912276565,0.6494764293268417,0.7004712975439203,0.674973863435381,0.7004712975439203,0.6714504461291068,-9204,9215,9215,73.30213165283203,675.0,1949.142000000109,4895.856999999785,-9204,9215,0.1202392578125,0.05998992919921875,0.06024932861328125,31520,15726,15794,262144,False,False
12,0,centered_grid,0.008952429850328101,0.033954164696580975,99.995,1,0.0013936418377487674,0.002787283675497535,0.00026036083712170465,0.00014674147132709198,0.0002035511542243983,0.001368023190588615,0.0011602846856558953,0.0012641539381222553,0.0007768883240951961,0.0024997725451009725,0.0016797472794521581,0.002089759912276565,0.4986766356546236,0.5615643978138359,0.5301205167342298,0.5615643978138359,0.5258662422906306,-9204,9215,9215,73.30213165283203,675.0,1949.142000000109,4895.856999999785,-4602,4608,0.04123687744140625,0.020420074462890625,0.020816802978515625,10810,5353,5457,262144,False,False
12,0,centered_grid,0.008952429850328101,0.033954164696580975,99.995,2,0.0013936418377487674,0.00557456735099507,0.00026036083712170465,0.00014674147132709198,0.0002035511542243983,0.001368023190588615,0.0011602846856558953,0.0012641539381222553,0.0007768883240951961,0.0024997725451009725,0.0016797472794521581,0.002089759912276565,0.32731773675182724,0.39541993695970007,0.36136883685576365,0.39541993695970007,0.35694986699586356,-9204,9215,9215,73.30213165283203,675.0,1949.142000000109,4895.856999999785,-2301,2304,0.016269683837890625,0.008106231689453125,0.0081634521484375,4265,2125,2140,262144,False,False
12,0,centered_grid,0.008952429850328101,0.033954164696580975,99.995,3,0.0013936418377487674,0.01114913470199014,0.00026036083712170465,0.00014674147132709198,0.0002035511542243983,0.001368023190588615,0.0011602846856558953,0.0012641539381222553,0.0007768883240951961,0.0024997725451009725,0.0016797472794521581,0.002089759912276565,0.17462398421732475,0.23591842215117065,0.20527120318424769,0.23591842215117065,0.20110173218157384,-9204,9215,9215,73.30213165283203,675.0,1949.142000000109,4895.856999999785,-1150,1152,0.004253387451171875,0.002017974853515625,0.00223541259765625,1115,529,586,262144,False,False
12,0,centered_grid,0.008952429850328101,0.033954164696580975,99.995,4,0.0013936418377487674,0.02229826940398028,0.00026036083712170465,0.00014674147132709198,0.0002035511542243983,0.001368023190588615,0.0011602846856558953,0.0012641539381222553,0.0007768883240951961,0.0024997725451009725,0.0016797472794521581,0.002089759912276565,0.0672914638166789,0.11021888065742744,0.08875517223705318,0.11021888065742744,0.08523427705061745,-9204,9215,9215,73.30213165283203,675.0,1949.142000000109,4895.856999999785,-575,576,0.00092315673828125,0.000396728515625,0.00052642822265625,242,104,138,262144,False,False
12,0,centered_grid,0.008952429850328101,0.033954164696580975,99.995,5,0.0013936418377487674,0.04459653880796056,0.00026036083712170465,0.00014674147132709198,0.0002035511542243983,0.001368023190588615,0.0011602846856558953,0.0012641539381222553,0.0007768883240951961,0.0024997725451009725,0.0016797472794521581,0.002089759912276565,0.014626585661307007,0.03218937527595963,0.023407980468633318,0.03218937527595963,0.020880828787221195,-9204,9215,9215,73.30213165283203,675.0,1949.142000000109,4895.856999999785,-288,288,0.00016021728515625,7.2479248046875e-05,8.7738037109375e-05,42,19,23,262144,False,False
12,0,centered_grid,0.008952429850328101,0.033954164696580975,99.995,6,0.0013936418377487674,0.08919307761592112,0.00026036083712170465,0.00014674147132709198,0.0002035511542243983,0.001368023190588615,0.0011602846856558953,0.0012641539381222553,0.0007768883240951961,0.0024997725451009725,0.0016797472794521581,0.002089759912276565,0.01413830703350355,0.011467083861479313,0.012802695447491432,0.01413830703350355,0.01077525472118129,-9204,9215,9215,73.30213165283203,675.0,1949.142000000109,4895.856999999785,-144,144,1.1444091796875e-05,7.62939453125e-06,3.814697265625e-06,3,2,1,262144,True,False
12,0,centered_grid,0.008952429850328101,0.033954164696580975,99.995,7,0.0013936418377487674,0.17838615523184223,0.00026036083712170465,0.00014674147132709198,0.0002035511542243983,0.001368023190588615,0.0011602846856558953,0.0012641539381222553,0.0007768883240951961,0.0024997725451009725,0.0016797472794521581,0.002089759912276565,0.04480207945392612,0.03521027453882483,0.04000617699637547,0.04480207945392612,0.037861559370966386,-9204,9215,9215,73.30213165283203,675.0,1949.142000000109,4895.856999999785,-72,72,0.0,0.0,0.0,0,0,0,262144,False,False
12,1,centered_grid,0.00976269397792607,0.033952425099581116,99.995,0,0.0013935704363409727,0.0013935704363409727,0.0002502584082050382,0.00013294786667273788,0.00019160313743888803,0.0013762989936330551,0.0011601069963921642,0.0012682029950126096,0.0007768883240951961,0.002502003031479001,0.0016907255761838761,0.0020963643038314386,0.6494907425301866,0.7004826876897862,0.6749867151099864,0.7004826876897862,0.6718099692815498,-9204,9215,9215,73.20283508300781,675.0,1949.142000000109,4921.570999999356,-9204,9215,0.11994552612304688,0.05982208251953125,0.060123443603515625,31443,15682,15761,262144,False,False
12,1,centered_grid,0.00976269397792607,0.033952425099581116,99.995,1,0.0013935704363409727,0.0027871408726819454,0.0002502584082050382,0.00013294786667273788,0.00019160313743888803,0.0013762989936330551,0.0011601069963921642,0.0012682029950126096,0.0007768883240951961,0.002502003031479001,0.0016907255761838761,0.0020963643038314386,0.49869176365302514,0.5615789187751999,0.5301353412141125,0.5615789187751999,0.5262916146481073,-9204,9215,9215,73.20283508300781,675.0,1949.142000000109,4921.570999999356,-4602,4608,0.04120635986328125,0.0204010009765625,0.02080535888671875,10802,5348,5454,262144,False,False
12,1,centered_grid,0.00976269397792607,0.033952425099581116,99.995,2,0.0013935704363409727,0.005574281745363891,0.0002502584082050382,0.00013294786667273788,0.00019160313743888803,0.0013762989936330551,0.0011601069963921642,0.0012682029950126096,0.0007768883240951961,0.002502003031479001,0.0016907255761838761,0.0020963643038314386,0.3273397919845094,0.3954359111267241,0.36138785155561676,0.3954359111267241,0.35735227852853224,-9204,9215,9215,73.20283508300781,675.0,1949.142000000109,4921.570999999356,-2301,2304,0.01627349853515625,0.008106231689453125,0.008167266845703125,4266,2125,2141,262144,False,False
12,1,centered_grid,0.00976269397792607,0.033952425099581116,99.995,3,0.0013935704363409727,0.011148563490727782,0.0002502584082050382,0.00013294786667273788,0.00019160313743888803,0.0013762989936330551,0.0011601069963921642,0.0012682029950126096,0.0007768883240951961,0.002502003031479001,0.0016907255761838761,0.0020963643038314386,0.17464287017252633,0.2359377386608939,0.20529030441671012,0.2359377386608939,0.20141224500268018,-9204,9215,9215,73.20283508300781,675.0,1949.142000000109,4921.570999999356,-1150,1152,0.00424957275390625,0.002017974853515625,0.002231597900390625,1114,529,585,262144,False,False
12,1,centered_grid,0.00976269397792607,0.033952425099581116,99.995,4,0.0013935704363409727,0.022297126981455563,0.0002502584082050382,0.00013294786667273788,0.00019160313743888803,0.0013762989936330551,0.0011601069963921642,0.0012682029950126096,0.0007768883240951961,0.002502003031479001,0.0016907255761838761,0.0020963643038314386,0.06730517451142674,0.11023844327670212,0.08877180889406444,0.11023844327670212,0.08546580010820704,-9204,9215,9215,73.20283508300781,675.0,1949.142000000109,4921.570999999356,-575,576,0.00092315673828125,0.000396728515625,0.00052642822265625,242,104,138,262144,False,False
12,1,centered_grid,0.00976269397792607,0.033952425099581116,99.995,5,0.0013935704363409727,0.044594253962911126,0.0002502584082050382,0.00013294786667273788,0.00019160313743888803,0.0013762989936330551,0.0011601069963921642,0.0012682029950126096,0.0007768883240951961,0.002502003031479001,0.0016907255761838761,0.0020963643038314386,0.0146233618950468,0.03220066935428354,0.02341201562466517,0.03220066935428354,0.02095203607429775,-9204,9215,9215,73.20283508300781,675.0,1949.142000000109,4921.570999999356,-288,288,0.00016021728515625,7.2479248046875e-05,8.7738037109375e-05,42,19,23,262144,False,False
12,1,centered_grid,0.00976269397792607,0.033952425099581116,99.995,6,0.0013935704363409727,0.08918850792582225,0.0002502584082050382,0.00013294786667273788,0.00019160313743888803,0.0013762989936330551,0.0011601069963921642,0.0012682029950126096,0.0007768883240951961,0.002502003031479001,0.0016907255761838761,0.0020963643038314386,0.014137900974590821,0.011488374718280557,0.01281313784643569,0.014137900974590821,0.010770407776000326,-9204,9215,9215,73.20283508300781,675.0,1949.142000000109,4921.570999999356,-144,144,1.1444091796875e-05,7.62939453125e-06,3.814697265625e-06,3,2,1,262144,True,False
12,1,centered_grid,0.00976269397792607,0.033952425099581116,99.995,7,0.0013935704363409727,0.1783770158516445,0.0002502584082050382,0.00013294786667273788,0.00019160313743888803,0.0013762989936330551,0.0011601069963921642,0.0012682029950126096,0.0007768883240951961,0.002502003031479001,0.0016907255761838761,0.0020963643038314386,0.04481661648475406,0.035201719566575744,0.0400091680256649,0.04481661648475406,0.03786559419807639,-9204,9215,9215,73.20283508300781,675.0,1949.142000000109,4921.570999999356,-72,72,0.0,0.0,0.0,0,0,0,262144,False,False
12,2,centered_grid,0.010646293274572923,0.03393269728439543,99.995,0,0.0013927607121479073,0.0013927607121479073,0.0002476661998613215,0.000127609901503075,0.00018763805068219825,0.0013761128937064048,0.001165880288099578,0.0012709965909029914,0.0007768883240951961,0.0025083357165047093,0.0016799708027041022,0.0020941532596044058,0.6496009258769112,0.7005827740964968,0.675091849986704,0.7005827740964968,0.671533874009112,-9204,9215,9215,73.29302978515625,675.0,1949.142000000109,4895.856999999785,-9204,9215,0.120361328125,0.060031890869140625,0.060329437255859375,31552,15737,15815,262144,False,False
12,2,centered_grid,0.010646293274572923,0.03393269728439543,99.995,1,0.0013927607121479073,0.0027855214242958146,0.0002476661998613215,0.000127609901503075,0.00018763805068219825,0.0013761128937064048,0.001165880288099578,0.0012709965909029914,0.0007768883240951961,0.0025083357165047093,0.0016799708027041022,0.0020941532596044058,0.4988283012090111,0.5617053377383935,0.5302668194737024,0.5617053377383935,0.5260837841946348,-9204,9215,9215,73.29302978515625,675.0,1949.142000000109,4895.856999999785,-4602,4608,0.041141510009765625,0.02037811279296875,0.020763397216796875,10785,5342,5443,262144,False,False
12,2,centered_grid,0.010646293274572923,0.03393269728439543,99.995,2,0.0013927607121479073,0.005571042848591629,0.0002476661998613215,0.000127609901503075,0.00018763805068219825,0.0013761128937064048,0.001165880288099578,0.0012709965909029914,0.0007768883240951961,0.0025083357165047093,0.0016799708027041022,0.0020941532596044058,0.3274776034297882,0.39557328035359474,0.36152544189169145,0.39557328035359474,0.35727491625305574,-9204,9215,9215,73.29302978515625,675.0,1949.142000000109,4895.856999999785,-2301,2304,0.016284942626953125,0.008106231689453125,0.0081787109375,4269,2125,2144,262144,False,False
12,2,centered_grid,0.010646293274572923,0.03393269728439543,99.995,3,0.0013927607121479073,0.011142085697183259,0.0002476661998613215,0.000127609901503075,0.00018763805068219825,0.0013761128937064048,0.001165880288099578,0.0012709965909029914,0.0007768883240951961,0.0025083357165047093,0.0016799708027041022,0.0020941532596044058,0.17474935323664004,0.23605378786527167,0.20540157055095587,0.23605378786527167,0.20137671780633737,-9204,9215,9215,73.29302978515625,675.0,1949.142000000109,4895.856999999785,-1150,1152,0.00426483154296875,0.00202178955078125,0.0022430419921875,1118,530,588,262144,False,False
12,2,centered_grid,0.010646293274572923,0.03393269728439543,99.995,4,0.0013927607121479073,0.022284171394366517,0.0002476661998613215,0.000127609901503075,0.00018763805068219825,0.0013761128937064048,0.001165880288099578,0.0012709965909029914,0.0007768883240951961,0.0025083357165047093,0.0016799708027041022,0.0020941532596044058,0.0673672099452965,0.11031548082257502,0.08884134538393576,0.11031548082257502,0.08539995157419822,-9204,9215,9215,73.29302978515625,675.0,1949.142000000109,4895.856999999785,-575,576,0.000926971435546875,0.000400543212890625,0.00052642822265625,243,105,138,262144,False,False
12,2,centered_grid,0.010646293274572923,0.03393269728439543,99.995,5,0.0013927607121479073,0.044568342788733034,0.0002476661998613215,0.000127609901503075,0.00018763805068219825,0.0013761128937064048,0.001165880288099578,0.0012709965909029914,0.0007768883240951961,0.0025083357165047093,0.0016799708027041022,0.0020941532596044058,0.0146418113378676,0.032234133909293736,0.023437972623580668,0.032234133909293736,0.020933468156779808,-9204,9215,9215,73.29302978515625,675.0,1949.142000000109,4895.856999999785,-288,288,0.00016021728515625,7.2479248046875e-05,8.7738037109375e-05,42,19,23,262144,False,False
12,2,centered_grid,0.010646293274572923,0.03393269728439543,99.995,6,0.0013927607121479073,0.08913668557746607,0.0002476661998613215,0.000127609901503075,0.00018763805068219825,0.0013761128937064048,0.001165880288099578,0.0012709965909029914,0.0007768883240951961,0.0025083357165047093,0.0016799708027041022,0.0020941532596044058,0.014109264677757149,0.011459274775163671,0.01278426972646041,0.014109264677757149,0.01075061399722695,-9204,9215,9215,73.29302978515625,675.0,1949.142000000109,4895.856999999785,-144,144,1.1444091796875e-05,7.62939453125e-06,3.814697265625e-06,3,2,1,262144,True,False
12,2,centered_grid,0.010646293274572923,0.03393269728439543,99.995,7,0.0013927607121479073,0.17827337115493214,0.0002476661998613215,0.000127609901503075,0.00018763805068219825,0.0013761128937064048,0.001165880288099578,0.0012709965909029914,0.0007768883240951961,0.0025083357165047093,0.0016799708027041022,0.0020941532596044058,0.04478310057721692,0.035150576246850224,0.03996683841203357,0.04478310057721692,0.037860396676595576,-9204,9215,9215,73.29302978515625,675.0,1949.142000000109,4895.856999999785,-72,72,0.0,0.0,0.0,0,0,0,262144,False,False
12,3,centered_grid,0.011609865140143899,0.03397735075075932,99.995,0,0.0013945935046633861,0.0013945935046633861,0.00024914989382646005,0.00012719724447328573,0.00018817356914987288,0.0013864706586938977,0.0011697575985773663,0.001278114128635632,0.0007768883240951961,0.0025104960091790244,0.001695678006225282,0.002103087007702153,0.6493572777770575,0.7003598462115374,0.6748585619942975,0.7003598462115374,0.6717410930306934,-9204,9215,9215,73.07645797729492,675.0,1947.9980000002543,4895.856999999785,-9204,9215,0.11969757080078125,0.0597686767578125,0.05992889404296875,31378,15668,15710,262144,False,False
12,3,centered_grid,0.011609865140143899,0.03397735075075932,99.995,1,0.0013945935046633861,0.0027891870093267723,0.00024914989382646005,0.00012719724447328573,0.00018817356914987288,0.0013864706586938977,0.0011697575985773663,0.001278114128635632,0.0007768883240951961,0.0025104960091790244,0.001695678006225282,0.002103087007702153,0.49853196214330936,0.5614185277972842,0.5299752449702968,0.5614185277972842,0.5259763248221195,-9204,9215,9215,73.07645797729492,675.0,1947.9980000002543,4895.856999999785,-4602,4608,0.041156768798828125,0.0203704833984375,0.020786285400390625,10789,5340,5449,262144,False,False
12,3,centered_grid,0.011609865140143899,0.03397735075075932,99.995,2,0.0013945935046633861,0.0055783740186535445,0.00024914989382646005,0.00012719724447328573,0.00018817356914987288,0.0013864706586938977,0.0011697575985773663,0.001278114128635632,0.0007768883240951961,0.0025104960091790244,0.001695678006225282,0.002103087007702153,0.3271662585421021,0.39526365484891557,0.36121495669550885,0.39526365484891557,0.35682812644195633,-9204,9215,9215,73.07645797729492,675.0,1947.9980000002543,4895.856999999785,-2301,2304,0.016262054443359375,0.0081024169921875,0.008159637451171875,4263,2124,2139,262144,False,False
12,3,centered_grid,0.011609865140143899,0.03397735075075932,99.995,3,0.0013945935046633861,0.011156748037307089,0.00024914989382646005,0.00012719724447328573,0.00018817356914987288,0.0013864706586938977,0.0011697575985773663,0.001278114128635632,0.0007768883240951961,0.0025104960091790244,0.001695678006225282,0.002103087007702153,0.17450946000513748,0.2357902697977559,0.2051498649014467,0.2357902697977559,0.20092082230729227,-9204,9215,9215,73.07645797729492,675.0,1947.9980000002543,4895.856999999785,-1150,1152,0.004253387451171875,0.00202178955078125,0.002231597900390625,1115,530,585,262144,False,False
12,3,centered_grid,0.011609865140143899,0.03397735075075932,99.995,4,0.0013945935046633861,0.022313496074614178,0.00024914989382646005,0.00012719724447328573,0.00018817356914987288,0.0013864706586938977,0.0011697575985773663,0.001278114128635632,0.0007768883240951961,0.0025104960091790244,0.001695678006225282,0.002103087007702153,0.06722389778735585,0.11013198979831768,0.08867794379283676,0.11013198979831768,0.08511558259750358,-9204,9215,9215,73.07645797729492,675.0,1947.9980000002543,4895.856999999785,-575,576,0.00091552734375,0.000392913818359375,0.000522613525390625,240,103,137,262144,False,False
12,3,centered_grid,0.011609865140143899,0.03397735075075932,99.995,5,0.0013945935046633861,0.044626992149228356,0.00024914989382646005,0.00012719724447328573,0.00018817356914987288,0.0013864706586938977,0.0011697575985773663,0.001278114128635632,0.0007768883240951961,0.0025104960091790244,0.001695678006225282,0.002103087007702153,0.014606054176357424,0.03215215127818444,0.02337910272727093,0.03215215127818444,0.02080801943843561,-9204,9215,9215,73.07645797729492,675.0,1947.9980000002543,4895.856999999785,-288,288,0.00016021728515625,7.2479248046875e-05,8.7738037109375e-05,42,19,23,262144,False,False
12,3,centered_grid,0.011609865140143899,0.03397735075075932,99.995,6,0.0013945935046633861,0.08925398429845671,0.00024914989382646005,0.00012719724447328573,0.00018817356914987288,0.0013864706586938977,0.0011697575985773663,0.001278114128635632,0.0007768883240951961,0.0025104960091790244,0.001695678006225282,0.002103087007702153,0.014154084765388732,0.011502232335104407,0.01282815855024657,0.014154084765388732,0.010758540602573006,-9204,9215,9215,73.07645797729492,675.0,1947.9980000002543,4895.856999999785,-144,144,1.1444091796875e-05,7.62939453125e-06,3.814697265625e-06,3,2,1,262144,True,False
12,3,centered_grid,0.011609865140143899,0.03397735075075932,99.995,7,0.0013945935046633861,0.17850796859691342,0.00024914989382646005,0.00012719724447328573,0.00018817356914987288,0.0013864706586938977,0.0011697575985773663,0.001278114128635632,0.0007768883240951961,0.0025104960091790244,0.001695678006225282,0.002103087007702153,0.04486998387217329,0.03527765333571037,0.040073818603941824,0.04486998387217329,0.03786316635494674,-9204,9215,9215,73.07645797729492,675.0,1947.9980000002543,4895.856999999785,-72,72,0.0,0.0,0.0,0,0,0,262144,False,False
12,4,centered_grid,0.012660647710527738,0.03397286113580648,99.995,0,0.0013944092293236869,0.0013944092293236869,0.000250259691641724,0.00012872752840702598,0.00018949361002437498,0.0013836597895379177,0.001171521456807531,0.0012775906231727242,0.0007768883240951961,0.0025016680383621753,0.0016913987198481071,0.002096533379105141,0.6493714259849583,0.7003767501375865,0.6748740880612725,0.7003767501375865,0.6711540363253832,-9204,9215,9215,73.3824234008789,676.0,1958.5700000001816,4895.856999999785,-9204,9215,0.1203460693359375,0.060024261474609375,0.060321807861328125,31548,15735,15813,262144,False,False
12,4,centered_grid,0.012660647710527738,0.03397286113580648,99.995,1,0.0013944092293236869,0.0027888184586473738,0.000250259691641724,0.00012872752840702598,0.00018949361002437498,0.0013836597895379177,0.001171521456807531,0.0012775906231727242,0.0007768883240951961,0.0025016680383621753,0.0016913987198481071,0.002096533379105141,0.4985493587602932,0.5614482417687239,0.5299988002645085,0.5614482417687239,0.5256406134350735,-9204,9215,9215,73.3824234008789,676.0,1958.5700000001816,4895.856999999785,-4602,4608,0.04117584228515625,0.020366668701171875,0.020809173583984375,10794,5339,5455,262144,False,False
12,4,centered_grid,0.012660647710527738,0.03397286113580648,99.995,2,0.0013944092293236869,0.0055776369172947475,0.000250259691641724,0.00012872752840702598,0.00018949361002437498,0.0013836597895379177,0.001171521456807531,0.0012775906231727242,0.0007768883240951961,0.0025016680383621753,0.0016913987198481071,0.002096533379105141,0.32719216017076286,0.39529172641168653,0.3612419432912247,0.39529172641168653,0.3567872319436557,-9204,9215,9215,73.3824234008789,676.0,1958.5700000001816,4895.856999999785,-2301,2304,0.01624298095703125,0.008087158203125,0.00815582275390625,4258,2120,2138,262144,False,False
12,4,centered_grid,0.012660647710527738,0.03397286113580648,99.995,3,0.0013944092293236869,0.011155273834589495,0.000250259691641724,0.00012872752840702598,0.00018949361002437498,0.0013836597895379177,0.001171521456807531,0.0012775906231727242,0.0007768883240951961,0.0025016680383621753,0.0016913987198481071,0.002096533379105141,0.1745260296757514,0.23581457462512995,0.2051703021504407,0.23581457462512995,0.20096877969695598,-9204,9215,9215,73.3824234008789,676.0,1958.5700000001816,4895.856999999785,-1150,1152,0.00424957275390625,0.00200653076171875,0.0022430419921875,1114,526,588,262144,False,False
12,4,centered_grid,0.012660647710527738,0.03397286113580648,99.995,4,0.0013944092293236869,0.02231054766917899,0.000250259691641724,0.00012872752840702598,0.00018949361002437498,0.0013836597895379177,0.001171521456807531,0.0012775906231727242,0.0007768883240951961,0.0025016680383621753,0.0016913987198481071,0.002096533379105141,0.0672344066326238,0.1101510247261522,0.088692715679388,0.1101510247261522,0.08514494503724356,-9204,9215,9215,73.3824234008789,676.0,1958.5700000001816,4895.856999999785,-575,576,0.000919342041015625,0.000396728515625,0.000522613525390625,241,104,137,262144,False,False
12,4,centered_grid,0.012660647710527738,0.03397286113580648,99.995,5,0.0013944092293236869,0.04462109533835798,0.000250259691641724,0.00012872752840702598,0.00018949361002437498,0.0013836597895379177,0.001171521456807531,0.0012775906231727242,0.0007768883240951961,0.0025016680383621753,0.0016913987198481071,0.002096533379105141,0.014609950893610982,0.03216629203907521,0.023388121466343094,0.03216629203907521,0.020859384671144326,-9204,9215,9215,73.3824234008789,676.0,1958.5700000001816,4895.856999999785,-288,288,0.000156402587890625,7.2479248046875e-05,8.392333984375e-05,41,19,22,262144,False,False
12,4,centered_grid,0.012660647710527738,0.03397286113580648,99.995,6,0.0013944092293236869,0.08924219067671596,0.000250259691641724,0.00012872752840702598,0.00018949361002437498,0.0013836597895379177,0.001171521456807531,0.0012775906231727242,0.0007768883240951961,0.0025016680383621753,0.0016913987198481071,0.002096533379105141,0.014140866350625003,0.011479995076746232,0.012810430713685619,0.014140866350625003,0.010781781266624674,-9204,9215,9215,73.3824234008789,676.0,1958.5700000001816,4895.856999999785,-144,144,1.1444091796875e-05,7.62939453125e-06,3.814697265625e-06,3,2,1,262144,True,False
12,4,centered_grid,0.012660647710527738,0.03397286113580648,99.995,7,0.0013944092293236869,0.17848438135343192,0.000250259691641724,0.00012872752840702598,0.00018949361002437498,0.0013836597895379177,0.001171521456807531,0.0012775906231727242,0.0007768883240951961,0.0025016680383621753,0.0016913987198481071,0.002096533379105141,0.044821315703197195,0.03524846628145234,0.04003489099232477,0.044821315703197195,0.037969821394222,-9204,9215,9215,73.3824234008789,676.0,1958.5700000001816,4895.856999999785,-72,72,0.0,0.0,0.0,0,0,0,262144,False,False
13,-4,centered_grid,0.009073851268123049,0.03650972982727963,100.0,0,0.0023255184636497756,0.0023255184636497756,0.00045222739294044405,0.00035582583674305575,0.0004040266148417499,0.003177370384164556,0.0017561654182940822,0.0024667679012293194,0.0007035300004292592,0.006780741200058802,0.007972053667856511,0.007376397433957656,0.6846653115420573,0.7244663082768378,0.7045658099094476,0.7244663082768378,0.6875558034146452,-16256,11092,16256,55.09744644165039,544.0,1523.4280000000726,4355.140799996909,-16256,11092,0.07827377319335938,0.039409637451171875,0.0388641357421875,20519,10331,10188,262144,False,False
13,-4,centered_grid,0.009073851268123049,0.03650972982727963,100.0,1,0.0023255184636497756,0.004651036927299551,0.00045222739294044405,0.00035582583674305575,0.0004040266148417499,0.003177370384164556,0.0017561654182940822,0.0024667679012293194,0.0007035300004292592,0.006780741200058802,0.007972053667856511,0.007376397433957656,0.5509634474926459,0.594322292611938,0.572642870052292,0.594322292611938,0.5496762065089371,-16256,11092,16256,55.09744644165039,544.0,1523.4280000000726,4355.140799996909,-8128,5546,0.03102874755859375,0.015598297119140625,0.015430450439453125,8134,4089,4045,262144,False,False
13,-4,centered_grid,0.009073851268123049,0.03650972982727963,100.0,2,0.0023255184636497756,0.009302073854599103,0.00045222739294044405,0.00035582583674305575,0.0004040266148417499,0.003177370384164556,0.0017561654182940822,0.0024667679012293194,0.0007035300004292592,0.006780741200058802,0.007972053667856511,0.007376397433957656,0.40523562570410554,0.44393643117291615,0.42458602843851084,0.44393643117291615,0.39631648437770406,-16256,11092,16256,55.09744644165039,544.0,1523.4280000000726,4355.140799996909,-4064,2773,0.011043548583984375,0.005474090576171875,0.0055694580078125,2895,1435,1460,262144,False,False
13,-4,centered_grid,0.009073851268123049,0.03650972982727963,100.0,3,0.0023255184636497756,0.018604147709198205,0.00045222739294044405,0.00035582583674305575,0.0004040266148417499,0.003177370384164556,0.0017561654182940822,0.0024667679012293194,0.0007035300004292592,0.006780741200058802,0.007972053667856511,0.007376397433957656,0.2714525750970873,0.3081886940293368,0.28982063456321205,0.3081886940293368,0.25883911735820997,-16256,11092,16256,55.09744644165039,544.0,1523.4280000000726,4355.140799996909,-2032,1386,0.002674102783203125,0.001224517822265625,0.0014495849609375,701,321,380,262144,False,False
13,-4,centered_grid,0.009073851268123049,0.03650972982727963,100.0,4,0.0023255184636497756,0.03720829541839641,0.00045222739294044405,0.00035582583674305575,0.0004040266148417499,0.003177370384164556,0.0017561654182940822,0.0024667679012293194,0.0007035300004292592,0.006780741200058802,0.007972053667856511,0.007376397433957656,0.1566787758867104,0.20371938424912364,0.18019908006791702,0.20371938424912364,0.15054973628168494,-16256,11092,16256,55.09744644165039,544.0,1523.4280000000726,4355.140799996909,-1016,693,0.000492095947265625,0.00023651123046875,0.000255584716796875,129,62,67,262144,False,False
13,-4,centered_grid,0.009073851268123049,0.03650972982727963,100.0,5,0.0023255184636497756,0.07441659083679282,0.00045222739294044405,0.00035582583674305575,0.0004040266148417499,0.003177370384164556,0.0017561654182940822,0.0024667679012293194,0.0007035300004292592,0.006780741200058802,0.007972053667856511,0.007376397433957656,0.06720240824336694,0.11722265704698939,0.09221253264517817,0.11722265704698939,0.06844724676270184,-16256,11092,16256,55.09744644165039,544.0,1523.4280000000726,4355.140799996909,-508,347,0.00011444091796875,5.7220458984375e-05,5.7220458984375e-05,30,15,15,262144,False,False
13,-4,centered_grid,0.009073851268123049,0.03650972982727963,100.0,6,0.0023255184636497756,0.14883318167358564,0.00045222739294044405,0.00035582583674305575,0.0004040266148417499,0.003177370384164556,0.0017561654182940822,0.0024667679012293194,0.0007035300004292592,0.006780741200058802,0.007972053667856511,0.007376397433957656,0.030223763576042943,0.05909362836364776,0.044658695969845355,0.05909362836364776,0.028236632872071177,-16256,11092,16256,55.09744644165039,544.0,1523.4280000000726,4355.140799996909,-254,173,1.52587890625e-05,3.814697265625e-06,1.1444091796875e-05,4,1,3,262144,True,False
13,-4,centered_grid,0.009073851268123049,0.03650972982727963,100.0,7,0.0023255184636497756,0.2976663633471713,0.00045222739294044405,0.00035582583674305575,0.0004040266148417499,0.003177370384164556,0.0017561654182940822,0.0024667679012293194,0.0007035300004292592,0.006780741200058802,0.007972053667856511,0.007376397433957656,0.054074657916242275,0.044680150453749526,0.0493774041849959,0.054074657916242275,0.04406549972285685,-16256,11092,16256,55.09744644165039,544.0,1523.4280000000726,4355.140799996909,-127,87,0.0,0.0,0.0,0,0,0,262144,False,False
13,-3,centered_grid,0.009895104972942638,0.03981416129981036,100.0,0,0.0025359970521682215,0.0025359970521682215,0.0003851726720721615,0.00028633041902152386,0.0003357515455468427,0.0023839539108629873,0.0013964626859064718,0.0018902082983847297,0.0007035300004292592,0.005006693616410376,0.004023985657852931,0.004515339637131653,0.6693407282553807,0.7099922250844869,0.6896664766699339,0.7099922250844869,0.6797613037408423,-16256,10152,16256,50.08878707885742,496.570000000007,1395.0,4012.8551999970805,-16256,10152,0.06758880615234375,0.0340576171875,0.03353118896484375,17718,8928,8790,262144,False,False
13,-3,centered_grid,0.009895104972942638,0.03981416129981036,100.0,1,0.0025359970521682215,0.005071994104336443,0.0003851726720721615,0.00028633041902152386,0.0003357515455468427,0.0023839539108629873,0.0013964626859064718,0.0018902082983847297,0.0007035300004292592,0.005006693616410376,0.004023985657852931,0.004515339637131653,0.5328771605434098,0.5760470361676944,0.5544620983555522,0.5760470361676944,0.5407504464493804,-16256,10152,16256,50.08878707885742,496.570000000007,1395.0,4012.8551999970805,-8128,5076,0.02744293212890625,0.013824462890625,0.01361846923828125,7194,3624,3570,262144,False,False
13,-3,centered_grid,0.009895104972942638,0.03981416129981036,100.0,2,0.0025359970521682215,0.010143988208672886,0.0003851726720721615,0.00028633041902152386,0.0003357515455468427,0.0023839539108629873,0.0013964626859064718,0.0018902082983847297,0.0007035300004292592,0.005006693616410376,0.004023985657852931,0.004515339637131653,0.387493507286734,0.4254164580614243,0.40645498267407915,0.4254164580614243,0.389339274387107,-16256,10152,16256,50.08878707885742,496.570000000007,1395.0,4012.8551999970805,-4064,2538,0.0095367431640625,0.004665374755859375,0.004871368408203125,2500,1223,1277,262144,False,False
13,-3,centered_grid,0.009895104972942638,0.03981416129981036,100.0,3,0.0025359970521682215,0.020287976417345772,0.0003851726720721615,0.00028633041902152386,0.0003357515455468427,0.0023839539108629873,0.0013964626859064718,0.0018902082983847297,0.0007035300004292592,0.005006693616410376,0.004023985657852931,0.004515339637131653,0.2560649033084736,0.293476947131787,0.2747709252201303,0.293476947131787,0.25612121056947246,-16256,10152,16256,50.08878707885742,496.570000000007,1395.0,4012.8551999970805,-2032,1269,0.002193450927734375,0.000972747802734375,0.001220703125,575,255,320,262144,False,False
13,-3,centered_grid,0.009895104972942638,0.03981416129981036,100.0,4,0.0025359970521682215,0.040575952834691544,0.0003851726720721615,0.00028633041902152386,0.0003357515455468427,0.0023839539108629873,0.0013964626859064718,0.0018902082983847297,0.0007035300004292592,0.005006693616410376,0.004023985657852931,0.004515339637131653,0.14369459729583817,0.19209719689144655,0.16789589709364236,0.19209719689144655,0.1502166260536627,-16256,10152,16256,50.08878707885742,496.570000000007,1395.0,4012.8551999970805,-1016,634,0.000392913818359375,0.00018310546875,0.000209808349609375,103,48,55,262144,False,False
13,-3,centered_grid,0.009895104972942638,0.03981416129981036,100.0,5,0.0025359970521682215,0.08115190566938309,0.0003851726720721615,0.00028633041902152386,0.0003357515455468427,0.0023839539108629873,0.0013964626859064718,0.0018902082983847297,0.0007035300004292592,0.005006693616410376,0.004023985657852931,0.004515339637131653,0.05860631104450584,0.10763809626471765,0.08312220365461175,0.10763809626471765,0.06922221699481514,-16256,10152,16256,50.08878707885742,496.570000000007,1395.0,4012.8551999970805,-508,317,9.5367431640625e-05,4.57763671875e-05,4.9591064453125e-05,25,12,13,262144,False,False
13,-3,centered_grid,0.009895104972942638,0.03981416129981036,100.0,6,0.0025359970521682215,0.16230381133876617,0.0003851726720721615,0.00028633041902152386,0.0003357515455468427,0.0023839539108629873,0.0013964626859064718,0.0018902082983847297,0.0007035300004292592,0.005006693616410376,0.004023985657852931,0.004515339637131653,0.027687803658298777,0.05372705945671927,0.04070743155750902,0.05372705945671927,0.031146122394894393,-16256,10152,16256,50.08878707885742,496.570000000007,1395.0,4012.8551999970805,-254,159,1.52587890625e-05,3.814697265625e-06,1.1444091796875e-05,4,1,3,262144,True,False
13,-3,centered_grid,0.009895104972942638,0.03981416129981036,100.0,7,0.0025359970521682215,0.32460762267753235,0.0003851726720721615,0.00028633041902152386,0.0003357515455468427,0.0023839539108629873,0.0013964626859064718,0.0018902082983847297,0.0007035300004292592,0.005006693616410376,0.004023985657852931,0.004515339637131653,0.05854086356867387,0.045642896356924055,0.05209187996279896,0.05854086356867387,0.049297562915184084,-16256,10152,16256,50.08878707885742,496.570000000007,1395.0,4012.8551999970805,-127,79,0.0,0.0,0.0,0,0,0,262144,False,False
13,-2,centered_grid,0.010790688488528391,0.04263474933194451,99.995,0,0.002715656818978561,0.002715656818978561,0.0003452099968959904,0.0002530231285831573,0.0002991165627395739,0.002140167171872068,0.001389019023339429,0.0017645930976057484,0.0007035300004292592,0.004194647733853721,0.002469057546754767,0.0033318526403042443,0.6570422237578015,0.6982981368604171,0.6776701803091093,0.6982981368604171,0.6690114532159186,-16256,9494,16256,47.22023391723633,464.0,1304.2850000000908,3804.428199999442,-16256,9494,0.062774658203125,0.03160858154296875,0.03116607666015625,16456,8286,8170,262144,False,False
13,-2,centered_grid,0.010790688488528391,0.04263474933194451,99.995,1,0.002715656818978561,0.005431313637957122,0.0003452099968959904,0.0002530231285831573,0.0002991165627395739,0.002140167171872068,0.001389019023339429,0.0017645930976057484,0.0007035300004292592,0.004194647733853721,0.002469057546754767,0.0033318526403042443,0.5186312758295764,0.5615618481822012,0.5400965620058888,0.5615618481822012,0.5296007490517498,-16256,9494,16256,47.22023391723633,464.0,1304.2850000000908,3804.428199999442,-8128,4747,0.0252838134765625,0.0127410888671875,0.012542724609375,6628,3340,3288,262144,False,False
13,-2,centered_grid,0.010790688488528391,0.04263474933194451,99.995,2,0.002715656818978561,0.010862627275914244,0.0003452099968959904,0.0002530231285831573,0.0002991165627395739,0.002140167171872068,0.001389019023339429,0.0017645930976057484,0.0007035300004292592,0.004194647733853721,0.002469057546754767,0.0033318526403042443,0.3738504680591237,0.4112045907006045,0.3925275293798641,0.4112045907006045,0.3809272532778038,-16256,9494,16256,47.22023391723633,464.0,1304.2850000000908,3804.428199999442,-4064,2374,0.008319854736328125,0.0040740966796875,0.004245758056640625,2181,1068,1113,262144,False,False
13,-2,centered_grid,0.010790688488528391,0.04263474933194451,99.995,3,0.002715656818978561,0.02172525455182849,0.0003452099968959904,0.0002530231285831573,0.0002991165627395739,0.002140167171872068,0.001389019023339429,0.0017645930976057484,0.0007035300004292592,0.004194647733853721,0.002469057546754767,0.0033318526403042443,0.24430375133209295,0.28242785087422073,0.2633658011031568,0.28242785087422073,0.25179297675690304,-16256,9494,16256,47.22023391723633,464.0,1304.2850000000908,3804.428199999442,-2032,1187,0.001865386962890625,0.00084686279296875,0.001018524169921875,489,222,267,262144,False,False
13,-2,centered_grid,0.010790688488528391,0.04263474933194451,99.995,4,0.002715656818978561,0.04345050910365698,0.0003452099968959904,0.0002530231285831573,0.0002991165627395739,0.002140167171872068,0.001389019023339429,0.0017645930976057484,0.0007035300004292592,0.004194647733853721,0.002469057546754767,0.0033318526403042443,0.13384605159988228,0.18322114344537846,0.15853359752263035,0.18322114344537846,0.14817378425311611,-16256,9494,16256,47.22023391723633,464.0,1304.2850000000908,3804.428199999442,-1016,593,0.000347137451171875,0.00016021728515625,0.000186920166015625,91,42,49,262144,False,False
13,-2,centered_grid,0.010790688488528391,0.04263474933194451,99.995,5,0.002715656818978561,0.08690101820731395,0.0003452099968959904,0.0002530231285831573,0.0002991165627395739,0.002140167171872068,0.001389019023339429,0.0017645930976057484,0.0007035300004292592,0.004194647733853721,0.002469057546754767,0.0033318526403042443,0.052550345958696364,0.1005956120617033,0.07657297901019983,0.1005956120617033,0.06902370439680323,-16256,9494,16256,47.22023391723633,464.0,1304.2850000000908,3804.428199999442,-508,297,8.392333984375e-05,4.1961669921875e-05,4.1961669921875e-05,22,11,11,262144,False,False
13,-2,centered_grid,0.010790688488528391,0.04263474933194451,99.995,6,0.002715656818978561,0.1738020364146279,0.0003452099968959904,0.0002530231285831573,0.0002991165627395739,0.002140167171872068,0.001389019023339429,0.0017645930976057484,0.0007035300004292592,0.004194647733853721,0.002469057546754767,0.0033318526403042443,0.026808221448215243,0.049958614868471383,0.03838341815834331,0.049958614868471383,0.033245936866239674,-16256,9494,16256,47.22023391723633,464.0,1304.2850000000908,3804.428199999442,-254,148,1.52587890625e-05,3.814697265625e-06,1.1444091796875e-05,4,1,3,262144,True,False
13,-2,centered_grid,0.010790688488528391,0.04263474933194451,99.995,7,0.002715656818978561,0.3476040728292558,0.0003452099968959904,0.0002530231285831573,0.0002991165627395739,0.002140167171872068,0.001389019023339429,0.0017645930976057484,0.0007035300004292592,0.004194647733853721,0.002469057546754767,0.0033318526403042443,0.0629940545009373,0.04829121871247271,0.055642636606705,0.0629940545009373,0.05365363949465655,-16256,9494,16256,47.22023391723633,464.0,1304.2850000000908,3804.428199999442,-127,74,0.0,0.0,0.0,0,0,0,262144,False,False
13,-1,centered_grid,0.011767329237522193,0.04261189423733752,99.995,0,0.002714201044182405,0.002714201044182405,0.00032182363711261874,0.00024186743808938882,0.0002818455376010038,0.002140361343415767,0.001386434306517647,0.001763397824966707,0.0007035300004292592,0.004187216682303213,0.0024648632917846397,0.003326039987043926,0.6571341336328297,0.6983903430205389,0.6777622383266844,0.6983903430205389,0.6693075799611075,-16256,9494,16256,47.240501403808594,464.0,1304.2850000000908,3804.428199999442,-16256,9494,0.06273651123046875,0.031585693359375,0.03115081787109375,16446,8280,8166,262144,False,False
13,-1,centered_grid,0.011767329237522193,0.04261189423733752,99.995,1,0.002714201044182405,0.00542840208836481,0.00032182363711261874,0.00024186743808938882,0.0002818455376010038,0.002140361343415767,0.001386434306517647,0.001763397824966707,0.0007035300004292592,0.004187216682303213,0.0024648632917846397,0.003326039987043926,0.5187374069507389,0.5616720410777962,0.5402047240142676,0.5616720410777962,0.5298447630907037,-16256,9494,16256,47.240501403808594,464.0,1304.2850000000908,3804.428199999442,-8128,4747,0.025333404541015625,0.012767791748046875,0.01256561279296875,6641,3347,3294,262144,False,False
13,-1,centered_grid,0.011767329237522193,0.04261189423733752,99.995,2,0.002714201044182405,0.01085680417672962,0.00032182363711261874,0.00024186743808938882,0.0002818455376010038,0.002140361343415767,0.001386434306517647,0.001763397824966707,0.0007035300004292592,0.004187216682303213,0.0024648632917846397,0.003326039987043926,0.3739429441218922,0.41131281154586385,0.39262787783387804,0.41131281154586385,0.3811110525557341,-16256,9494,16256,47.240501403808594,464.0,1304.2850000000908,3804.428199999442,-4064,2374,0.008342742919921875,0.00408172607421875,0.004261016845703125,2187,1070,1117,262144,False,False
13,-1,centered_grid,0.011767329237522193,0.04261189423733752,99.995,3,0.002714201044182405,0.02171360835345924,0.00032182363711261874,0.00024186743808938882,0.0002818455376010038,0.002140361343415767,0.001386434306517647,0.001763397824966707,0.0007035300004292592,0.004187216682303213,0.0024648632917846397,0.003326039987043926,0.24437820195802243,0.2825078521023951,0.2634430270302088,0.2825078521023951,0.25196398160466876,-16256,9494,16256,47.240501403808594,464.0,1304.2850000000908,3804.428199999442,-2032,1187,0.0018768310546875,0.0008544921875,0.0010223388671875,492,224,268,262144,False,False
13,-1,centered_grid,0.011767329237522193,0.04261189423733752,99.995,4,0.002714201044182405,0.04342721670691848,0.00032182363711261874,0.00024186743808938882,0.0002818455376010038,0.002140361343415767,0.001386434306517647,0.001763397824966707,0.0007035300004292592,0.004187216682303213,0.0024648632917846397,0.003326039987043926,0.13391044994604873,0.18328718876338665,0.1585988193547177,0.18328718876338665,0.14830074352111766,-16256,9494,16256,47.240501403808594,464.0,1304.2850000000908,3804.428199999442,-1016,593,0.0003509521484375,0.000164031982421875,0.000186920166015625,92,43,49,262144,False,False
13,-1,centered_grid,0.011767329237522193,0.04261189423733752,99.995,5,0.002714201044182405,0.08685443341383696,0.00032182363711261874,0.00024186743808938882,0.0002818455376010038,0.002140361343415767,0.001386434306517647,0.001763397824966707,0.0007035300004292592,0.004187216682303213,0.0024648632917846397,0.003326039987043926,0.052592382647955564,0.1006392249420094,0.07661580379498248,0.1006392249420094,0.06904300499329688,-16256,9494,16256,47.240501403808594,464.0,1304.2850000000908,3804.428199999442,-508,297,8.392333984375e-05,4.1961669921875e-05,4.1961669921875e-05,22,11,11,262144,False,False
13,-1,centered_grid,0.011767329237522193,0.04261189423733752,99.995,6,0.002714201044182405,0.17370886682767392,0.00032182363711261874,0.00024186743808938882,0.0002818455376010038,0.002140361343415767,0.001386434306517647,0.001763397824966707,0.0007035300004292592,0.004187216682303213,0.0024648632917846397,0.003326039987043926,0.026808812678820772,0.049998360342907416,0.03840358651086409,0.049998360342907416,0.03321520947647065,-16256,9494,16256,47.240501403808594,464.0,1304.2850000000908,3804.428199999442,-254,148,1.52587890625e-05,3.814697265625e-06,1.1444091796875e-05,4,1,3,262144,True,False
13,-1,centered_grid,0.011767329237522193,0.04261189423733752,99.995,7,0.002714201044182405,0.34741773365534784,0.00032182363711261874,0.00024186743808938882,0.0002818455376010038,0.002140361343415767,0.001386434306517647,0.001763397824966707,0.0007035300004292592,0.004187216682303213,0.0024648632917846397,0.003326039987043926,0.06295754418804021,0.0482489300065027,0.055603237097271455,0.06295754418804021,0.05360373935880762,-16256,9494,16256,47.240501403808594,464.0,1304.2850000000908,3804.428199999442,-127,74,0.0,0.0,0.0,0,0,0,262144,False,False
13,0,centered_grid,0.012832363526335922,0.04262899534461116,99.995,0,0.0027152903138346826,0.0027152903138346826,0.0003091061839789893,0.00024131777726855774,0.0002752119806237735,0.0021413148005021082,0.0013852599804186512,0.0017632873904603798,0.0007035300004292592,0.00419394316048213,0.0024570030783251763,0.003325473119403653,0.6570614326698405,0.6983171472202891,0.6776892899450648,0.6983171472202891,0.6693964787290748,-16256,9494,16256,47.134944915771484,464.0,1300.0,3804.428199999442,-16256,9494,0.06263351440429688,0.031520843505859375,0.0311126708984375,16419,8263,8156,262144,False,False
13,0,centered_grid,0.012832363526335922,0.04262899534461116,99.995,1,0.0027152903138346826,0.005430580627669365,0.0003091061839789893,0.00024131777726855774,0.0002752119806237735,0.0021413148005021082,0.0013852599804186512,0.0017632873904603798,0.0007035300004292592,0.00419394316048213,0.0024570030783251763,0.003325473119403653,0.5186526189121582,0.5615787986444805,0.5401157087783193,0.5615787986444805,0.5299674215794344,-16256,9494,16256,47.134944915771484,464.0,1300.0,3804.428199999442,-8128,4747,0.025279998779296875,0.012729644775390625,0.01255035400390625,6627,3337,3290,262144,False,False
13,0,centered_grid,0.012832363526335922,0.04262899534461116,99.995,2,0.0027152903138346826,0.01086116125533873,0.0003091061839789893,0.00024131777726855774,0.0002752119806237735,0.0021413148005021082,0.0013852599804186512,0.0017632873904603798,0.0007035300004292592,0.00419394316048213,0.0024570030783251763,0.003325473119403653,0.3738714877139006,0.411219178383296,0.3925453330485983,0.411219178383296,0.3812510756081766,-16256,9494,16256,47.134944915771484,464.0,1300.0,3804.428199999442,-4064,2374,0.0083160400390625,0.0040740966796875,0.004241943359375,2180,1068,1112,262144,False,False
13,0,centered_grid,0.012832363526335922,0.04262899534461116,99.995,3,0.0027152903138346826,0.02172232251067746,0.0003091061839789893,0.00024131777726855774,0.0002752119806237735,0.0021413148005021082,0.0013852599804186512,0.0017632873904603798,0.0007035300004292592,0.00419394316048213,0.0024570030783251763,0.003325473119403653,0.24432149707623244,0.28243380776429033,0.2633776524202614,0.28243380776429033,0.2519960574539298,-16256,9494,16256,47.134944915771484,464.0,1300.0,3804.428199999442,-2032,1187,0.00186920166015625,0.00084686279296875,0.0010223388671875,490,222,268,262144,False,False
13,0,centered_grid,0.012832363526335922,0.04262899534461116,99.995,4,0.0027152903138346826,0.04344464502135492,0.0003091061839789893,0.00024131777726855774,0.0002752119806237735,0.0021413148005021082,0.0013852599804186512,0.0017632873904603798,0.0007035300004292592,0.00419394316048213,0.0024570030783251763,0.003325473119403653,0.1338619321065237,0.18322362212004,0.15854277711328185,0.18322362212004,0.14830404205058545,-16256,9494,16256,47.134944915771484,464.0,1300.0,3804.428199999442,-1016,593,0.0003509521484375,0.000164031982421875,0.000186920166015625,92,43,49,262144,False,False
13,0,centered_grid,0.012832363526335922,0.04262899534461116,99.995,5,0.0027152903138346826,0.08688929004270984,0.0003091061839789893,0.00024131777726855774,0.0002752119806237735,0.0021413148005021082,0.0013852599804186512,0.0017632873904603798,0.0007035300004292592,0.00419394316048213,0.0024570030783251763,0.003325473119403653,0.05256486454858383,0.10058968704252484,0.07657727579555433,0.10058968704252484,0.06908461320688411,-16256,9494,16256,47.134944915771484,464.0,1300.0,3804.428199999442,-508,297,8.392333984375e-05,4.1961669921875e-05,4.1961669921875e-05,22,11,11,262144,False,False
13,0,centered_grid,0.012832363526335922,0.04262899534461116,99.995,6,0.0027152903138346826,0.1737785800854197,0.0003091061839789893,0.00024131777726855774,0.0002752119806237735,0.0021413148005021082,0.0013852599804186512,0.0017632873904603798,0.0007035300004292592,0.00419394316048213,0.0024570030783251763,0.003325473119403653,0.02680599512255736,0.049961529450604676,0.03838376228658102,0.049961529450604676,0.033220044645831434,-16256,9494,16256,47.134944915771484,464.0,1300.0,3804.428199999442,-254,148,1.52587890625e-05,3.814697265625e-06,1.1444091796875e-05,4,1,3,262144,True,False
13,0,centered_grid,0.012832363526335922,0.04262899534461116,99.995,7,0.0027152903138346826,0.3475571601708394,0.0003091061839789893,0.00024131777726855774,0.0002752119806237735,0.0021413148005021082,0.0013852599804186512,0.0017632873904603798,0.0007035300004292592,0.00419394316048213,0.0024570030783251763,0.003325473119403653,0.06299057992935089,0.04825595689110262,0.05562326841022676,0.06299057992935089,0.05356063710676183,-16256,9494,16256,47.134944915771484,464.0,1300.0,3804.428199999442,-127,74,0.0,0.0,0.0,0,0,0,262144,False,False
13,1,centered_grid,0.013993791653840936,0.04263069231246156,99.995,0,0.0027153984036531226,0.0027153984036531226,0.0003028518489744563,0.00024291807397872325,0.0002728849614765898,0.002151023644460615,0.0013957340239331996,0.0017733788341969072,0.0007035300004292592,0.004185620620467683,0.002472712765074567,0.003329166692771125,0.6570602505703826,0.6983192368115472,0.6776897436909649,0.6983192368115472,0.6692341280083282,-16256,9494,16256,47.17006301879883,464.0,1300.0,3804.428199999442,-16256,9494,0.06262969970703125,0.03151702880859375,0.0311126708984375,16418,8262,8156,262144,False,False
13,1,centered_grid,0.013993791653840936,0.04263069231246156,99.995,1,0.0027153984036531226,0.005430796807306245,0.0003028518489744563,0.00024291807397872325,0.0002728849614765898,0.002151023644460615,0.0013957340239331996,0.0017733788341969072,0.0007035300004292592,0.004185620620467683,0.002472712765074567,0.003329166692771125,0.5186529057454874,0.5615830305997763,0.5401179681726318,0.5615830305997763,0.5298184613649684,-16256,9494,16256,47.17006301879883,464.0,1300.0,3804.428199999442,-8128,4747,0.02526092529296875,0.012725830078125,0.01253509521484375,6622,3336,3286,262144,False,False
13,1,centered_grid,0.013993791653840936,0.04263069231246156,99.995,2,0.0027153984036531226,0.01086159361461249,0.0003028518489744563,0.00024291807397872325,0.0002728849614765898,0.002151023644460615,0.0013957340239331996,0.0017733788341969072,0.0007035300004292592,0.004185620620467683,0.002472712765074567,0.003329166692771125,0.37386959966531774,0.4112278110444506,0.3925487053548842,0.4112278110444506,0.3811042373772358,-16256,9494,16256,47.17006301879883,464.0,1300.0,3804.428199999442,-4064,2374,0.0083160400390625,0.00406646728515625,0.00424957275390625,2180,1066,1114,262144,False,False
13,1,centered_grid,0.013993791653840936,0.04263069231246156,99.995,3,0.0027153984036531226,0.02172318722922498,0.0003028518489744563,0.00024291807397872325,0.0002728849614765898,0.002151023644460615,0.0013957340239331996,0.0017733788341969072,0.0007035300004292592,0.004185620620467683,0.002472712765074567,0.003329166692771125,0.24430992780417518,0.2824462516138878,0.2633780897090315,0.2824462516138878,0.25192877134788616,-16256,9494,16256,47.17006301879883,464.0,1300.0,3804.428199999442,-2032,1187,0.001873016357421875,0.000850677490234375,0.0010223388671875,491,223,268,262144,False,False
13,1,centered_grid,0.013993791653840936,0.04263069231246156,99.995,4,0.0027153984036531226,0.04344637445844996,0.0003028518489744563,0.00024291807397872325,0.0002728849614765898,0.002151023644460615,0.0013957340239331996,0.0017733788341969072,0.0007035300004292592,0.004185620620467683,0.002472712765074567,0.003329166692771125,0.1338503302696434,0.18323963751736422,0.1585449838935038,0.18323963751736422,0.14827849328018397,-16256,9494,16256,47.17006301879883,464.0,1300.0,3804.428199999442,-1016,593,0.0003509521484375,0.000164031982421875,0.000186920166015625,92,43,49,262144,False,False
13,1,centered_grid,0.013993791653840936,0.04263069231246156,99.995,5,0.0027153984036531226,0.08689274891689992,0.0003028518489744563,0.00024291807397872325,0.0002728849614765898,0.002151023644460615,0.0013957340239331996,0.0017733788341969072,0.0007035300004292592,0.004185620620467683,0.002472712765074567,0.003329166692771125,0.052551940402170975,0.1006053792110145,0.07657865980659274,0.1006053792110145,0.06910434797397125,-16256,9494,16256,47.17006301879883,464.0,1300.0,3804.428199999442,-508,297,8.392333984375e-05,4.1961669921875e-05,4.1961669921875e-05,22,11,11,262144,False,False
13,1,centered_grid,0.013993791653840936,0.04263069231246156,99.995,6,0.0027153984036531226,0.17378549783379985,0.0003028518489744563,0.00024291807397872325,0.0002728849614765898,0.002151023644460615,0.0013957340239331996,0.0017733788341969072,0.0007035300004292592,0.004185620620467683,0.002472712765074567,0.003329166692771125,0.026774053532923513,0.04998112332525862,0.038377588429091065,0.04998112332525862,0.03327099158416299,-16256,9494,16256,47.17006301879883,464.0,1300.0,3804.428199999442,-254,148,1.52587890625e-05,3.814697265625e-06,1.1444091796875e-05,4,1,3,262144,True,False
13,1,centered_grid,0.013993791653840936,0.04263069231246156,99.995,7,0.0027153984036531226,0.3475709956675997,0.0003028518489744563,0.00024291807397872325,0.0002728849614765898,0.002151023644460615,0.0013957340239331996,0.0017733788341969072,0.0007035300004292592,0.004185620620467683,0.002472712765074567,0.003329166692771125,0.06297534304128831,0.04825575209428817,0.055615547567788234,0.06297534304128831,0.05366233384518245,-16256,9494,16256,47.17006301879883,464.0,1300.0,3804.428199999442,-127,74,0.0,0.0,0.0,0,0,0,262144,False,False
13,2,centered_grid,0.015260338007820085,0.042643975087625685,99.995,0,0.0027162444613763326,0.0027162444613763326,0.0003033742432347812,0.00024411242128168252,0.00027374333225823184,0.00214924761640093,0.001400663558459123,0.0017749555874300264,0.0007035300004292592,0.00418353995826247,0.0024756734844974507,0.0033296067213799607,0.6569980726989416,0.6982607908868617,0.6776294317929017,0.6982607908868617,0.6688406351167753,-16256,9494,16256,47.28751754760742,464.0,1300.0,3804.428199999442,-16256,9494,0.06268692016601562,0.031589508056640625,0.031097412109375,16433,8281,8152,262144,False,False
13,2,centered_grid,0.015260338007820085,0.042643975087625685,99.995,1,0.0027162444613763326,0.005432488922752665,0.0003033742432347812,0.00024411242128168252,0.00027374333225823184,0.00214924761640093,0.001400663558459123,0.0017749555874300264,0.0007035300004292592,0.00418353995826247,0.0024756734844974507,0.0033296067213799607,0.51858434046915,0.5615174547846636,0.5400508976269068,0.5615174547846636,0.5295276757859461,-16256,9494,16256,47.28751754760742,464.0,1300.0,3804.428199999442,-8128,4747,0.02524566650390625,0.012722015380859375,0.012523651123046875,6618,3335,3283,262144,False,False
13,2,centered_grid,0.015260338007820085,0.042643975087625685,99.995,2,0.0027162444613763326,0.01086497784550533,0.0003033742432347812,0.00024411242128168252,0.00027374333225823184,0.00214924761640093,0.001400663558459123,0.0017749555874300264,0.0007035300004292592,0.00418353995826247,0.0024756734844974507,0.0033296067213799607,0.37379932156672374,0.41116484975147627,0.39248208565910003,0.41116484975147627,0.38094037333334835,-16256,9494,16256,47.28751754760742,464.0,1300.0,3804.428199999442,-4064,2374,0.008335113525390625,0.004085540771484375,0.00424957275390625,2185,1071,1114,262144,False,False
13,2,centered_grid,0.015260338007820085,0.042643975087625685,99.995,3,0.0027162444613763326,0.02172995569101066,0.0003033742432347812,0.00024411242128168252,0.00027374333225823184,0.00214924761640093,0.001400663558459123,0.0017749555874300264,0.0007035300004292592,0.00418353995826247,0.0024756734844974507,0.0033296067213799607,0.24425996290116278,0.28240063767758483,0.2633303002893738,0.28240063767758483,0.2518529217574609,-16256,9494,16256,47.28751754760742,464.0,1300.0,3804.428199999442,-2032,1187,0.001880645751953125,0.0008544921875,0.001026153564453125,493,224,269,262144,False,False
13,2,centered_grid,0.015260338007820085,0.042643975087625685,99.995,4,0.0027162444613763326,0.04345991138202132,0.0003033742432347812,0.00024411242128168252,0.00027374333225823184,0.00214924761640093,0.001400663558459123,0.0017749555874300264,0.0007035300004292592,0.00418353995826247,0.0024756734844974507,0.0033296067213799607,0.13380687602157038,0.18320682468943558,0.158506850355503,0.18320682468943558,0.1482358559787318,-16256,9494,16256,47.28751754760742,464.0,1300.0,3804.428199999442,-1016,593,0.0003509521484375,0.000164031982421875,0.000186920166015625,92,43,49,262144,False,False
13,2,centered_grid,0.015260338007820085,0.042643975087625685,99.995,5,0.0027162444613763326,0.08691982276404264,0.0003033742432347812,0.00024411242128168252,0.00027374333225823184,0.00214924761640093,0.001400663558459123,0.0017749555874300264,0.0007035300004292592,0.00418353995826247,0.0024756734844974507,0.0033296067213799607,0.05254829930426848,0.10058801030582074,0.07656815480504461,0.10058801030582074,0.06905288109721758,-16256,9494,16256,47.28751754760742,464.0,1300.0,3804.428199999442,-508,297,8.392333984375e-05,4.1961669921875e-05,4.1961669921875e-05,22,11,11,262144,False,False
13,2,centered_grid,0.015260338007820085,0.042643975087625685,99.995,6,0.0027162444613763326,0.17383964552808528,0.0003033742432347812,0.00024411242128168252,0.00027374333225823184,0.00214924761640093,0.001400663558459123,0.0017749555874300264,0.0007035300004292592,0.00418353995826247,0.0024756734844974507,0.0033296067213799607,0.02678024620188034,0.0499694471022624,0.03837484665207137,0.0499694471022624,0.03328902024262052,-16256,9494,16256,47.28751754760742,464.0,1300.0,3804.428199999442,-254,148,1.52587890625e-05,3.814697265625e-06,1.1444091796875e-05,4,1,3,262144,True,True
13,2,centered_grid,0.015260338007820085,0.042643975087625685,99.995,7,0.0027162444613763326,0.34767929105617057,0.0003033742432347812,0.00024411242128168252,0.00027374333225823184,0.00214924761640093,0.001400663558459123,0.0017749555874300264,0.0007035300004292592,0.00418353995826247,0.0024756734844974507,0.0033296067213799607,0.06301414258801795,0.04827712862052875,0.05564563560427335,0.06301414258801795,0.05379159742449002,-16256,9494,16256,47.28751754760742,464.0,1300.0,3804.428199999442,-127,74,0.0,0.0,0.0,0,0,0,262144,False,False
13,3,centered_grid,0.016641516600613335,0.042572517672748104,99.995,0,0.0027116929202269284,0.0027116929202269284,0.0003050701064841444,0.00024629366349406494,0.0002756818849891047,0.002158939867253728,0.0013947598391244357,0.001776849853189082,0.0007035300004292592,0.004211936498957332,0.002487006995107351,0.003349471747032342,0.6573044932792181,0.6985497457487507,0.6779271195139844,0.6985497457487507,0.6691574001741577,-16256,9494,16256,47.303592681884766,464.0,1315.7140000000363,3804.428199999442,-16256,9494,0.06278228759765625,0.031589508056640625,0.031192779541015625,16458,8281,8177,262144,False,False
13,3,centered_grid,0.016641516600613335,0.042572517672748104,99.995,1,0.0027116929202269284,0.005423385840453857,0.0003050701064841444,0.00024629366349406494,0.0002756818849891047,0.002158939867253728,0.0013947598391244357,0.001776849853189082,0.0007035300004292592,0.004211936498957332,0.002487006995107351,0.003349471747032342,0.5189379663628486,0.5618707419404497,0.5404043541516492,0.5618707419404497,0.5297831869032101,-16256,9494,16256,47.303592681884766,464.0,1315.7140000000363,3804.428199999442,-8128,4747,0.025272369384765625,0.012760162353515625,0.01251220703125,6625,3345,3280,262144,False,False
13,3,centered_grid,0.016641516600613335,0.042572517672748104,99.995,2,0.0027116929202269284,0.010846771680907714,0.0003050701064841444,0.00024629366349406494,0.0002756818849891047,0.002158939867253728,0.0013947598391244357,0.001776849853189082,0.0007035300004292592,0.004211936498957332,0.002487006995107351,0.003349471747032342,0.37414004017653446,0.4115042331837994,0.39282213668016697,0.4115042331837994,0.3810613175293332,-16256,9494,16256,47.303592681884766,464.0,1315.7140000000363,3804.428199999442,-4064,2374,0.00833892822265625,0.004093170166015625,0.004245758056640625,2186,1073,1113,262144,False,False
13,3,centered_grid,0.016641516600613335,0.042572517672748104,99.995,3,0.0027116929202269284,0.021693543361815427,0.0003050701064841444,0.00024629366349406494,0.0002756818849891047,0.002158939867253728,0.0013947598391244357,0.001776849853189082,0.0007035300004292592,0.004211936498957332,0.002487006995107351,0.003349471747032342,0.24454855317831564,0.2826623347310595,0.26360544395468755,0.2826623347310595,0.25180488141516766,-16256,9494,16256,47.303592681884766,464.0,1315.7140000000363,3804.428199999442,-2032,1187,0.00186920166015625,0.00084686279296875,0.0010223388671875,490,222,268,262144,False,False
13,3,centered_grid,0.016641516600613335,0.042572517672748104,99.995,4,0.0027116929202269284,0.043387086723630855,0.0003050701064841444,0.00024629366349406494,0.0002756818849891047,0.002158939867253728,0.0013947598391244357,0.001776849853189082,0.0007035300004292592,0.004211936498957332,0.002487006995107351,0.003349471747032342,0.13404618390297493,0.18340994366411262,0.15872806378354376,0.18340994366411262,0.1481361029540967,-16256,9494,16256,47.303592681884766,464.0,1315.7140000000363,3804.428199999442,-1016,593,0.0003509521484375,0.000164031982421875,0.000186920166015625,92,43,49,262144,False,False
13,3,centered_grid,0.016641516600613335,0.042572517672748104,99.995,5,0.0027116929202269284,0.08677417344726171,0.0003050701064841444,0.00024629366349406494,0.0002756818849891047,0.002158939867253728,0.0013947598391244357,0.001776849853189082,0.0007035300004292592,0.004211936498957332,0.002487006995107351,0.003349471747032342,0.05267732602556682,0.10076138321671659,0.07671935462114171,0.10076138321671659,0.06894026990129687,-16256,9494,16256,47.303592681884766,464.0,1315.7140000000363,3804.428199999442,-508,297,8.392333984375e-05,4.1961669921875e-05,4.1961669921875e-05,22,11,11,262144,False,False
13,3,centered_grid,0.016641516600613335,0.042572517672748104,99.995,6,0.0027116929202269284,0.17354834689452342,0.0003050701064841444,0.00024629366349406494,0.0002756818849891047,0.002158939867253728,0.0013947598391244357,0.001776849853189082,0.0007035300004292592,0.004211936498957332,0.002487006995107351,0.003349471747032342,0.026786841696612287,0.050036096941378824,0.038411469318995556,0.050036096941378824,0.03314235657953441,-16256,9494,16256,47.303592681884766,464.0,1315.7140000000363,3804.428199999442,-254,148,1.52587890625e-05,3.814697265625e-06,1.1444091796875e-05,4,1,3,262144,True,False
13,3,centered_grid,0.016641516600613335,0.042572517672748104,99.995,7,0.0027116929202269284,0.34709669378904684,0.0003050701064841444,0.00024629366349406494,0.0002756818849891047,0.002158939867253728,0.0013947598391244357,0.001776849853189082,0.0007035300004292592,0.004211936498957332,0.002487006995107351,0.003349471747032342,0.06292459394883576,0.04818556020340804,0.0555550770761219,0.06292459394883576,0.053559623445052384,-16256,9494,16256,47.303592681884766,464.0,1315.7140000000363,3804.428199999442,-127,74,0.0,0.0,0.0,0,0,0,262144,False,False
13,4,centered_grid,0.018147702536246098,0.042582797981702225,99.995,0,0.0027123477332972505,0.0027123477332972505,0.0003071285998532766,0.00024862171220115995,0.0002778751560272183,0.002153851821248965,0.0013973696121790306,0.001775610716713998,0.0007035300004292592,0.0042180895953515905,0.0024817908312144967,0.0033499402132830436,0.657260202905831,0.6985081637733213,0.6778841833395761,0.6985081637733213,0.6690779348563498,-16256,9494,16256,47.30222702026367,464.570000000007,1310.9990000001271,3804.428199999442,-16256,9494,0.06287002563476562,0.031635284423828125,0.0312347412109375,16481,8293,8188,262144,False,False
13,4,centered_grid,0.018147702536246098,0.042582797981702225,99.995,1,0.0027123477332972505,0.005424695466594501,0.0003071285998532766,0.00024862171220115995,0.0002778751560272183,0.002153851821248965,0.0013973696121790306,0.001775610716713998,0.0007035300004292592,0.0042180895953515905,0.0024817908312144967,0.0033499402132830436,0.518886373690065,0.5618124953754955,0.5403494345327802,0.5618124953754955,0.5296423101446697,-16256,9494,16256,47.30222702026367,464.570000000007,1310.9990000001271,3804.428199999442,-8128,4747,0.02535247802734375,0.012786865234375,0.01256561279296875,6646,3352,3294,262144,False,False
13,4,centered_grid,0.018147702536246098,0.042582797981702225,99.995,2,0.0027123477332972505,0.010849390933189002,0.0003071285998532766,0.00024862171220115995,0.0002778751560272183,0.002153851821248965,0.0013973696121790306,0.001775610716713998,0.0007035300004292592,0.0042180895953515905,0.0024817908312144967,0.0033499402132830436,0.37409692140391687,0.4114497444783989,0.3927733329411579,0.4114497444783989,0.38089743359716044,-16256,9494,16256,47.30222702026367,464.570000000007,1310.9990000001271,3804.428199999442,-4064,2374,0.0083770751953125,0.004108428955078125,0.004268646240234375,2196,1077,1119,262144,False,False
13,4,centered_grid,0.018147702536246098,0.042582797981702225,99.995,3,0.0027123477332972505,0.021698781866378004,0.0003071285998532766,0.00024862171220115995,0.0002778751560272183,0.002153851821248965,0.0013973696121790306,0.001775610716713998,0.0007035300004292592,0.0042180895953515905,0.0024817908312144967,0.0033499402132830436,0.24451142321456767,0.28261135629751966,0.26356138975604365,0.28261135629751966,0.2517227426695543,-16256,9494,16256,47.30222702026367,464.570000000007,1310.9990000001271,3804.428199999442,-2032,1187,0.00188446044921875,0.000858306884765625,0.001026153564453125,494,225,269,262144,False,False
13,4,centered_grid,0.018147702536246098,0.042582797981702225,99.995,4,0.0027123477332972505,0.04339756373275601,0.0003071285998532766,0.00024862171220115995,0.0002778751560272183,0.002153851821248965,0.0013973696121790306,0.001775610716713998,0.0007035300004292592,0.0042180895953515905,0.0024817908312144967,0.0033499402132830436,0.13402321352786886,0.1833760211630067,0.15869961734543778,0.1833760211630067,0.14813399869559563,-16256,9494,16256,47.30222702026367,464.570000000007,1310.9990000001271,3804.428199999442,-1016,593,0.000347137451171875,0.00016021728515625,0.000186920166015625,91,42,49,262144,False,False
13,4,centered_grid,0.018147702536246098,0.042582797981702225,99.995,5,0.0027123477332972505,0.08679512746551202,0.0003071285998532766,0.00024862171220115995,0.0002778751560272183,0.002153851821248965,0.0013973696121790306,0.001775610716713998,0.0007035300004292592,0.0042180895953515905,0.0024817908312144967,0.0033499402132830436,0.05264891568838553,0.1007143812878928,0.07668164848813916,0.1007143812878928,0.06890970079799998,-16256,9494,16256,47.30222702026367,464.570000000007,1310.9990000001271,3804.428199999442,-508,297,8.392333984375e-05,4.1961669921875e-05,4.1961669921875e-05,22,11,11,262144,False,False
13,4,centered_grid,0.018147702536246098,0.042582797981702225,99.995,6,0.0027123477332972505,0.17359025493102404,0.0003071285998532766,0.00024862171220115995,0.0002778751560272183,0.002153851821248965,0.0013973696121790306,0.001775610716713998,0.0007035300004292592,0.0042180895953515905,0.0024817908312144967,0.0033499402132830436,0.026783350925188514,0.05000695183782151,0.03839515138150501,0.05000695183782151,0.03315552273180338,-16256,9494,16256,47.30222702026367,464.570000000007,1310.9990000001271,3804.428199999442,-254,148,1.52587890625e-05,3.814697265625e-06,1.1444091796875e-05,4,1,3,262144,True,False
13,4,centered_grid,0.018147702536246098,0.042582797981702225,99.995,7,0.0027123477332972505,0.34718050986204807,0.0003071285998532766,0.00024862171220115995,0.0002778751560272183,0.002153851821248965,0.0013973696121790306,0.001775610716713998,0.0007035300004292592,0.0042180895953515905,0.0024817908312144967,0.0033499402132830436,0.06294906857438928,0.04819509704776793,0.0555720828110786,0.06294906857438928,0.05366761148131903,-16256,9494,16256,47.30222702026367,464.570000000007,1310.9990000001271,3804.428199999442,-127,74,0.0,0.0,0.0,0,0,0,262144,False,False
14,-4,centered_grid,0.010096154797896337,0.04062311043749815,100.0,0,0.002610386947946201,0.002610386947946201,0.0002941995258801036,0.00038978255790619203,0.00034199104189314784,0.0030423884160189745,0.006099076453645552,0.004570732434832263,0.0007062622084081945,0.004639273879296633,0.02617491598594995,0.01540709493262329,0.6991427397192903,0.804139580774584,0.7516411602469372,0.804139580774584,0.7318718100970117,-11938,12700,12700,46.84931945800781,504.0,1746.5700000001816,4966.49989999985,-11938,12700,0.057361602783203125,0.029003143310546875,0.02835845947265625,15037,7603,7434,262144,False,False
14,-4,centered_grid,0.010096154797896337,0.04062311043749815,100.0,1,0.002610386947946201,0.005220773895892402,0.0002941995258801036,0.00038978255790619203,0.00034199104189314784,0.0030423884160189745,0.006099076453645552,0.004570732434832263,0.0007062622084081945,0.004639273879296633,0.02617491598594995,0.01540709493262329,0.5638045810979495,0.7039293048702936,0.6338669429841215,0.7039293048702936,0.6054432299313366,-11938,12700,12700,46.84931945800781,504.0,1746.5700000001816,4966.49989999985,-5969,6350,0.023273468017578125,0.0117950439453125,0.011478424072265625,6101,3092,3009,262144,False,False
14,-4,centered_grid,0.010096154797896337,0.04062311043749815,100.0,2,0.002610386947946201,0.010441547791784803,0.0002941995258801036,0.00038978255790619203,0.00034199104189314784,0.0030423884160189745,0.006099076453645552,0.004570732434832263,0.0007062622084081945,0.004639273879296633,0.02617491598594995,0.01540709493262329,0.40193028379563245,0.5719862855211745,0.48695828465840346,0.5719862855211745,0.44857235204676693,-11938,12700,12700,46.84931945800781,504.0,1746.5700000001816,4966.49989999985,-2984,3175,0.00969696044921875,0.00479888916015625,0.0048980712890625,2542,1258,1284,262144,False,False
14,-4,centered_grid,0.010096154797896337,0.04062311043749815,100.0,3,0.002610386947946201,0.020883095583569607,0.0002941995258801036,0.00038978255790619203,0.00034199104189314784,0.0030423884160189745,0.006099076453645552,0.004570732434832263,0.0007062622084081945,0.004639273879296633,0.02617491598594995,0.01540709493262329,0.24830668114856896,0.42373165026282755,0.33601916570569823,0.42373165026282755,0.289005099765478,-11938,12700,12700,46.84931945800781,504.0,1746.5700000001816,4966.49989999985,-1492,1588,0.002933502197265625,0.00139617919921875,0.001537322998046875,769,366,403,262144,False,False
14,-4,centered_grid,0.010096154797896337,0.04062311043749815,100.0,4,0.002610386947946201,0.04176619116713921,0.0002941995258801036,0.00038978255790619203,0.00034199104189314784,0.0030423884160189745,0.006099076453645552,0.004570732434832263,0.0007062622084081945,0.004639273879296633,0.02617491598594995,0.01540709493262329,0.13042851671066474,0.2799411909499285,0.2051848538302966,0.2799411909499285,0.15453620664354392,-11938,12700,12700,46.84931945800781,504.0,1746.5700000001816,4966.49989999985,-746,794,0.000690460205078125,0.000339508056640625,0.0003509521484375,181,89,92,262144,False,False
14,-4,centered_grid,0.010096154797896337,0.04062311043749815,100.0,5,0.002610386947946201,0.08353238233427843,0.0002941995258801036,0.00038978255790619203,0.00034199104189314784,0.0030423884160189745,0.006099076453645552,0.004570732434832263,0.0007062622084081945,0.004639273879296633,0.02617491598594995,0.01540709493262329,0.052754603157348916,0.1574291320027972,0.10509186758007306,0.1574291320027972,0.059535137350876316,-11938,12700,12700,46.84931945800781,504.0,1746.5700000001816,4966.49989999985,-373,397,0.000141143798828125,6.4849853515625e-05,7.62939453125e-05,37,17,20,262144,False,False
14,-4,centered_grid,0.010096154797896337,0.04062311043749815,100.0,6,0.002610386947946201,0.16706476466855685,0.0002941995258801036,0.00038978255790619203,0.00034199104189314784,0.0030423884160189745,0.006099076453645552,0.004570732434832263,0.0007062622084081945,0.004639273879296633,0.02617491598594995,0.01540709493262329,0.02503664285773494,0.06871794811049314,0.04687729548411404,0.06871794811049314,0.019835963674974443,-11938,12700,12700,46.84931945800781,504.0,1746.5700000001816,4966.49989999985,-187,198,2.288818359375e-05,7.62939453125e-06,1.52587890625e-05,6,2,4,262144,True,False
14,-4,centered_grid,0.010096154797896337,0.04062311043749815,100.0,7,0.002610386947946201,0.3341295293371137,0.0002941995258801036,0.00038978255790619203,0.00034199104189314784,0.0030423884160189745,0.006099076453645552,0.004570732434832263,0.0007062622084081945,0.004639273879296633,0.02617491598594995,0.01540709493262329,0.0526365706801576,0.05233694713455051,0.052486758907354054,0.0526365706801576,0.03989855480995515,-11938,12700,12700,46.84931945800781,504.0,1746.5700000001816,4966.49989999985,-93,99,0.0,0.0,0.0,0,0,0,262144,False,False
14,-3,centered_grid,0.011009934877291397,0.04429981669405593,100.0,0,0.0028466471929197426,0.0028466471929197426,0.0002610077929817458,0.00028023782837872615,0.000270622810680236,0.0029343843708527708,0.004951625976832179,0.0039430051738424746,0.0007062622084081945,0.003461268959003391,0.01790952081979931,0.01068539488940135,0.684472267390437,0.7935945341289136,0.7390334007596753,0.7935945341289136,0.7211041559810469,-11938,12700,12700,43.402801513671875,462.0,1599.4280000000726,4547.785499999678,-11938,12700,0.051593780517578125,0.02606201171875,0.025531768798828125,13525,6832,6693,262144,False,False
14,-3,centered_grid,0.011009934877291397,0.04429981669405593,100.0,1,0.0028466471929197426,0.005693294385839485,0.0002610077929817458,0.00028023782837872615,0.000270622810680236,0.0029343843708527708,0.004951625976832179,0.0039430051738424746,0.0007062622084081945,0.003461268959003391,0.01790952081979931,0.01068539488940135,0.5449467376097678,0.6892492634724978,0.6170980005411328,0.6892492634724978,0.5927577695914062,-11938,12700,12700,43.402801513671875,462.0,1599.4280000000726,4547.785499999678,-5969,6350,0.021240234375,0.010700225830078125,0.010540008544921875,5568,2805,2763,262144,False,False
14,-3,centered_grid,0.011009934877291397,0.04429981669405593,100.0,2,0.0028466471929197426,0.01138658877167897,0.0002610077929817458,0.00028023782837872615,0.000270622810680236,0.0029343843708527708,0.004951625976832179,0.0039430051738424746,0.0007062622084081945,0.003461268959003391,0.01790952081979931,0.01068539488940135,0.38177462077744073,0.5541413910419849,0.4679580059097128,0.5541413910419849,0.43685364134876914,-11938,12700,12700,43.402801513671875,462.0,1599.4280000000726,4547.785499999678,-2984,3175,0.008541107177734375,0.004261016845703125,0.00428009033203125,2239,1117,1122,262144,False,False
14,-3,centered_grid,0.011009934877291397,0.04429981669405593,100.0,3,0.0028466471929197426,0.02277317754335794,0.0002610077929817458,0.00028023782837872615,0.000270622810680236,0.0029343843708527708,0.004951625976832179,0.0039430051738424746,0.0007062622084081945,0.003461268959003391,0.01790952081979931,0.01068539488940135,0.2318986244399934,0.40544956117232533,0.3186740928061594,0.40544956117232533,0.2819386929400736,-11938,12700,12700,43.402801513671875,462.0,1599.4280000000726,4547.785499999678,-1492,1588,0.002452850341796875,0.001171112060546875,0.00128173828125,643,307,336,262144,False,False
14,-3,centered_grid,0.011009934877291397,0.04429981669405593,100.0,4,0.0028466471929197426,0.04554635508671588,0.0002610077929817458,0.00028023782837872615,0.000270622810680236,0.0029343843708527708,0.004951625976832179,0.0039430051738424746,0.0007062622084081945,0.003461268959003391,0.01790952081979931,0.01068539488940135,0.118740300601054,0.2631554824369693,0.19094789151901165,0.2631554824369693,0.15209088208614574,-11938,12700,12700,43.402801513671875,462.0,1599.4280000000726,4547.785499999678,-746,794,0.000583648681640625,0.00030517578125,0.000278472900390625,153,80,73,262144,False,False
14,-3,centered_grid,0.011009934877291397,0.04429981669405593,100.0,5,0.0028466471929197426,0.09109271017343176,0.0002610077929817458,0.00028023782837872615,0.000270622810680236,0.0029343843708527708,0.004951625976832179,0.0039430051738424746,0.0007062622084081945,0.003461268959003391,0.01790952081979931,0.01068539488940135,0.046503777271234066,0.1437702520517821,0.09513701466150808,0.1437702520517821,0.06028755036661992,-11938,12700,12700,43.402801513671875,462.0,1599.4280000000726,4547.785499999678,-373,397,0.000125885009765625,5.7220458984375e-05,6.866455078125e-05,33,15,18,262144,False,False
14,-3,centered_grid,0.011009934877291397,0.04429981669405593,100.0,6,0.0028466471929197426,0.18218542034686352,0.0002610077929817458,0.00028023782837872615,0.000270622810680236,0.0029343843708527708,0.004951625976832179,0.0039430051738424746,0.0007062622084081945,0.003461268959003391,0.01790952081979931,0.01068539488940135,0.025293089865394337,0.05922116204015293,0.04225712595277363,0.05922116204015293,0.02185890352899983,-11938,12700,12700,43.402801513671875,462.0,1599.4280000000726,4547.785499999678,-187,198,1.9073486328125e-05,7.62939453125e-06,1.1444091796875e-05,5,2,3,262144,True,False
14,-3,centered_grid,0.011009934877291397,0.04429981669405593,100.0,7,0.0028466471929197426,0.36437084069372705,0.0002610077929817458,0.00028023782837872615,0.000270622810680236,0.0029343843708527708,0.004951625976832179,0.0039430051738424746,0.0007062622084081945,0.003461268959003391,0.01790952081979931,0.01068539488940135,0.05755766548058406,0.04748343757481349,0.05252055152769877,0.05755766548058406,0.044131548114587464,-11938,12700,12700,43.402801513671875,462.0,1599.4280000000726,4547.785499999678,-93,99,0.0,0.0,0.0,0,0,0,262144,False,False
14,-2,centered_grid,0.012006419119827182,0.04830929267880114,100.0,0,0.0031042907772234566,0.0031042907772234566,0.0002430711205684503,0.0002104023679928659,0.0002267367442806581,0.0031171437332996044,0.004192717935681897,0.0036549308344907506,0.0007062622084081945,0.003329182392997513,0.011260379748443813,0.007294781070720663,0.6693957061099478,0.7826470122921002,0.7260213592010241,0.7826470122921002,0.7158097341375086,-11938,12700,12700,39.11919403076172,420.0,1473.4270000001998,4216.714199999871,-11938,12700,0.043819427490234375,0.02203369140625,0.021785736083984375,11487,5776,5711,262144,False,False
14,-2,centered_grid,0.012006419119827182,0.04830929267880114,100.0,1,0.0031042907772234566,0.006208581554446913,0.0002430711205684503,0.0002104023679928659,0.0002267367442806581,0.0031171437332996044,0.004192717935681897,0.0036549308344907506,0.0007062622084081945,0.003329182392997513,0.011260379748443813,0.007294781070720663,0.5258104705449625,0.6741415047745977,0.5999759876597801,0.6741415047745977,0.5851044587898578,-11938,12700,12700,39.11919403076172,420.0,1473.4270000001998,4216.714199999871,-5969,6350,0.019012451171875,0.009563446044921875,0.009449005126953125,4984,2507,2477,262144,False,False
14,-2,centered_grid,0.012006419119827182,0.04830929267880114,100.0,2,0.0031042907772234566,0.012417163108893826,0.0002430711205684503,0.0002104023679928659,0.0002267367442806581,0.0031171437332996044,0.004192717935681897,0.0036549308344907506,0.0007062622084081945,0.003329182392997513,0.011260379748443813,0.007294781070720663,0.36199534439050624,0.5361603672690847,0.4490778558297954,0.5361603672690847,0.42898014549041935,-11938,12700,12700,39.11919403076172,420.0,1473.4270000001998,4216.714199999871,-2984,3175,0.007495880126953125,0.003711700439453125,0.0037841796875,1965,973,992,262144,False,False
14,-2,centered_grid,0.012006419119827182,0.04830929267880114,100.0,3,0.0031042907772234566,0.024834326217787653,0.0002430711205684503,0.0002104023679928659,0.0002267367442806581,0.0031171437332996044,0.004192717935681897,0.0036549308344907506,0.0007062622084081945,0.003329182392997513,0.011260379748443813,0.007294781070720663,0.21624267180760784,0.3873691304145901,0.30180590111109895,0.3873691304145901,0.2773119075021026,-11938,12700,12700,39.11919403076172,420.0,1473.4270000001998,4216.714199999871,-1492,1588,0.001995086669921875,0.000995635986328125,0.00099945068359375,523,261,262,262144,False,False
14,-2,centered_grid,0.012006419119827182,0.04830929267880114,100.0,4,0.0031042907772234566,0.049668652435575306,0.0002430711205684503,0.0002104023679928659,0.0002267367442806581,0.0031171437332996044,0.004192717935681897,0.0036549308344907506,0.0007062622084081945,0.003329182392997513,0.011260379748443813,0.007294781070720663,0.10783817372306949,0.24676307743424403,0.17730062557865675,0.24676307743424403,0.15089201629725568,-11938,12700,12700,39.11919403076172,420.0,1473.4270000001998,4216.714199999871,-746,794,0.00049591064453125,0.000255584716796875,0.000240325927734375,130,67,63,262144,False,False
14,-2,centered_grid,0.012006419119827182,0.04830929267880114,100.0,5,0.0031042907772234566,0.09933730487115061,0.0002430711205684503,0.0002104023679928659,0.0002267367442806581,0.0031171437332996044,0.004192717935681897,0.0036549308344907506,0.0007062622084081945,0.003329182392997513,0.011260379748443813,0.007294781070720663,0.04123343805758204,0.13061099674623958,0.0859222174019108,0.13061099674623958,0.061900730052417745,-11938,12700,12700,39.11919403076172,420.0,1473.4270000001998,4216.714199999871,-373,397,0.000110626220703125,4.1961669921875e-05,6.866455078125e-05,29,11,18,262144,False,False
14,-2,centered_grid,0.012006419119827182,0.04830929267880114,100.0,6,0.0031042907772234566,0.19867460974230122,0.0002430711205684503,0.0002104023679928659,0.0002267367442806581,0.0031171437332996044,0.004192717935681897,0.0036549308344907506,0.0007062622084081945,0.003329182392997513,0.011260379748443813,0.007294781070720663,0.026631571225954696,0.05071516105720153,0.03867336614157811,0.05071516105720153,0.02470901068231364,-11938,12700,12700,39.11919403076172,420.0,1473.4270000001998,4216.714199999871,-187,198,1.9073486328125e-05,7.62939453125e-06,1.1444091796875e-05,5,2,3,262144,True,False
14,-2,centered_grid,0.012006419119827182,0.04830929267880114,100.0,7,0.0031042907772234566,0.39734921948460245,0.0002430711205684503,0.0002104023679928659,0.0002267367442806581,0.0031171437332996044,0.004192717935681897,0.0036549308344907506,0.0007062622084081945,0.003329182392997513,0.011260379748443813,0.007294781070720663,0.0640787582476415,0.04452757113969694,0.05430316469366922,0.0640787582476415,0.04849111153434165,-11938,12700,12700,39.11919403076172,420.0,1473.4270000001998,4216.714199999871,-93,99,0.0,0.0,0.0,0,0,0,262144,False,False
14,-1,centered_grid,0.013093092891791539,0.05268165722602674,100.0,0,0.003385253097016794,0.003385253097016794,0.00023277435880295495,0.00016749388982990426,0.0002001341243164296,0.0026182210130773526,0.0031310252353679347,0.0028746231242226437,0.0007062622084081945,0.003105806743664277,0.006198511121506468,0.004652158932585373,0.6532428368266949,0.7709510165790306,0.7120969267028627,0.7709510165790306,0.7050095598019106,-11938,12700,12700,35.94684600830078,390.0,1349.8570000000182,3866.9993999990984,-11938,12700,0.03912353515625,0.0196685791015625,0.0194549560546875,10256,5156,5100,262144,False,False
14,-1,centered_grid,0.013093092891791539,0.05268165722602674,100.0,1,0.003385253097016794,0.006770506194033588,0.00023277435880295495,0.00016749388982990426,0.0002001341243164296,0.0026182210130773526,0.0031310252353679347,0.0028746231242226437,0.0007062622084081945,0.003105806743664277,0.006198511121506468,0.004652158932585373,0.5056340541994945,0.6581992284964819,0.5819166413479882,0.6581992284964819,0.5721746633157994,-11938,12700,12700,35.94684600830078,390.0,1349.8570000000182,3866.9993999990984,-5969,6350,0.017169952392578125,0.008594512939453125,0.008575439453125,4501,2253,2248,262144,False,False
14,-1,centered_grid,0.013093092891791539,0.05268165722602674,100.0,2,0.003385253097016794,0.013541012388067175,0.00023277435880295495,0.00016749388982990426,0.0002001341243164296,0.0026182210130773526,0.0031310252353679347,0.0028746231242226437,0.0007062622084081945,0.003105806743664277,0.006198511121506468,0.004652158932585373,0.3418395324642596,0.5176117381125453,0.42972563528840246,0.5176117381125453,0.41706162370718386,-11938,12700,12700,35.94684600830078,390.0,1349.8570000000182,3866.9993999990984,-2984,3175,0.006458282470703125,0.003162384033203125,0.0032958984375,1693,829,864,262144,False,False
14,-1,centered_grid,0.013093092891791539,0.05268165722602674,100.0,3,0.003385253097016794,0.02708202477613435,0.00023277435880295495,0.00016749388982990426,0.0002001341243164296,0.0026182210130773526,0.0031310252353679347,0.0028746231242226437,0.0007062622084081945,0.003105806743664277,0.006198511121506468,0.004652158932585373,0.20044744306154835,0.36901869609969346,0.2847330695806209,0.36901869609969346,0.2695796374597583,-11938,12700,12700,35.94684600830078,390.0,1349.8570000000182,3866.9993999990984,-1492,1588,0.00167083740234375,0.000827789306640625,0.000843048095703125,438,217,221,262144,False,False
14,-1,centered_grid,0.013093092891791539,0.05268165722602674,100.0,4,0.003385253097016794,0.0541640495522687,0.00023277435880295495,0.00016749388982990426,0.0002001341243164296,0.0026182210130773526,0.0031310252353679347,0.0028746231242226437,0.0007062622084081945,0.003105806743664277,0.006198511121506468,0.004652158932585373,0.09690354387088031,0.23042054812523455,0.16366204599805742,0.23042054812523455,0.14756423768701224,-11938,12700,12700,35.94684600830078,390.0,1349.8570000000182,3866.9993999990984,-746,794,0.000415802001953125,0.000217437744140625,0.0001983642578125,109,57,52,262144,False,False
14,-1,centered_grid,0.013093092891791539,0.05268165722602674,100.0,5,0.003385253097016794,0.1083280991045374,0.00023277435880295495,0.00016749388982990426,0.0002001341243164296,0.0026182210130773526,0.0031310252353679347,0.0028746231242226437,0.0007062622084081945,0.003105806743664277,0.006198511121506468,0.004652158932585373,0.036280691191123975,0.11780009320358469,0.07704039219735433,0.11780009320358469,0.0624090897905038,-11938,12700,12700,35.94684600830078,390.0,1349.8570000000182,3866.9993999990984,-373,397,9.1552734375e-05,3.0517578125e-05,6.103515625e-05,24,8,16,262144,False,False
14,-1,centered_grid,0.013093092891791539,0.05268165722602674,100.0,6,0.003385253097016794,0.2166561982090748,0.00023277435880295495,0.00016749388982990426,0.0002001341243164296,0.0026182210130773526,0.0031310252353679347,0.0028746231242226437,0.0007062622084081945,0.003105806743664277,0.006198511121506468,0.004652158932585373,0.028327078831054717,0.04320124458713599,0.035764161709095355,0.04320124458713599,0.027223561235815,-11938,12700,12700,35.94684600830078,390.0,1349.8570000000182,3866.9993999990984,-187,198,1.9073486328125e-05,7.62939453125e-06,1.1444091796875e-05,5,2,3,262144,True,False
14,-1,centered_grid,0.013093092891791539,0.05268165722602674,100.0,7,0.003385253097016794,0.4333123964181496,0.00023277435880295495,0.00016749388982990426,0.0002001341243164296,0.0026182210130773526,0.0031310252353679347,0.0028746231242226437,0.0007062622084081945,0.003105806743664277,0.006198511121506468,0.004652158932585373,0.07061245563808868,0.043151439699227544,0.05688194766865812,0.07061245563808868,0.053241282654482455,-11938,12700,12700,35.94684600830078,390.0,1349.8570000000182,3866.9993999990984,-93,99,0.0,0.0,0.0,0,0,0,262144,False,False
14,0,centered_grid,0.014278119043003194,0.057449754574603405,100.0,0,0.0036916446793258703,0.0036916446793258703,0.00022576503262422096,0.00014473975375397922,0.0001852523931891001,0.0029453013843803405,0.003005968279599021,0.0029756348319896807,0.0007062622084081945,0.0035868746381156526,0.003856909599982406,0.0037218921190490294,0.637030061673478,0.7590137936204105,0.6980219276469443,0.7590137936204105,0.6896116371662804,-11374,12700,12700,33.47589111328125,357.0,1234.5710000000545,3528.856799999485,-11374,12700,0.035816192626953125,0.018093109130859375,0.01772308349609375,9389,4743,4646,262144,False,False
14,0,centered_grid,0.014278119043003194,0.057449754574603405,100.0,1,0.0036916446793258703,0.007383289358651741,0.00022576503262422096,0.00014473975375397922,0.0001852523931891001,0.0029453013843803405,0.003005968279599021,0.0029756348319896807,0.0007062622084081945,0.0035868746381156526,0.003856909599982406,0.0037218921190490294,0.48581798235262996,0.6421614771924046,0.5639897297725173,0.6421614771924046,0.5546281402446026,-11374,12700,12700,33.47589111328125,357.0,1234.5710000000545,3528.856799999485,-5687,6350,0.0155181884765625,0.007717132568359375,0.007801055908203125,4068,2023,2045,262144,False,False
14,0,centered_grid,0.014278119043003194,0.057449754574603405,100.0,2,0.0036916446793258703,0.014766578717303481,0.00022576503262422096,0.00014473975375397922,0.0001852523931891001,0.0029453013843803405,0.003005968279599021,0.0029756348319896807,0.0007062622084081945,0.0035868746381156526,0.003856909599982406,0.0037218921190490294,0.3227463576667883,0.4993004828429719,0.4110234202548801,0.4993004828429719,0.4012381199112747,-11374,12700,12700,33.47589111328125,357.0,1234.5710000000545,3528.856799999485,-2844,3175,0.005603790283203125,0.002750396728515625,0.0028533935546875,1469,721,748,262144,False,False
14,0,centered_grid,0.014278119043003194,0.057449754574603405,100.0,3,0.0036916446793258703,0.029533157434606962,0.00022576503262422096,0.00014473975375397922,0.0001852523931891001,0.0029453013843803405,0.003005968279599021,0.0029756348319896807,0.0007062622084081945,0.0035868746381156526,0.003856909599982406,0.0037218921190490294,0.18584236532371132,0.3511841720405347,0.268513268682123,0.3511841720405347,0.25865566044722954,-11374,12700,12700,33.47589111328125,357.0,1234.5710000000545,3528.856799999485,-1422,1588,0.0013885498046875,0.000675201416015625,0.000713348388671875,364,177,187,262144,False,False
14,0,centered_grid,0.014278119043003194,0.057449754574603405,100.0,4,0.0036916446793258703,0.059066314869213925,0.00022576503262422096,0.00014473975375397922,0.0001852523931891001,0.0029453013843803405,0.003005968279599021,0.0029756348319896807,0.0007062622084081945,0.0035868746381156526,0.003856909599982406,0.0037218921190490294,0.08730236871079558,0.2149608225632066,0.15113159563700107,0.2149608225632066,0.1417334296964678,-11374,12700,12700,33.47589111328125,357.0,1234.5710000000545,3528.856799999485,-711,794,0.00034332275390625,0.000179290771484375,0.000164031982421875,90,47,43,262144,False,False
14,0,centered_grid,0.014278119043003194,0.057449754574603405,100.0,5,0.0036916446793258703,0.11813262973842785,0.00022576503262422096,0.00014473975375397922,0.0001852523931891001,0.0029453013843803405,0.003005968279599021,0.0029756348319896807,0.0007062622084081945,0.0035868746381156526,0.003856909599982406,0.0037218921190490294,0.03294032692820466,0.10608015908124818,0.06951024300472641,0.10608015908124818,0.06132203402572728,-11374,12700,12700,33.47589111328125,357.0,1234.5710000000545,3528.856799999485,-355,397,7.2479248046875e-05,2.288818359375e-05,4.9591064453125e-05,19,6,13,262144,False,False
14,0,centered_grid,0.014278119043003194,0.057449754574603405,100.0,6,0.0036916446793258703,0.2362652594768557,0.00022576503262422096,0.00014473975375397922,0.0001852523931891001,0.0029453013843803405,0.003005968279599021,0.0029756348319896807,0.0007062622084081945,0.0035868746381156526,0.003856909599982406,0.0037218921190490294,0.03170628738991803,0.03754999990053515,0.03462814364522659,0.03754999990053515,0.02953768504595085,-11374,12700,12700,33.47589111328125,357.0,1234.5710000000545,3528.856799999485,-178,198,1.52587890625e-05,3.814697265625e-06,1.1444091796875e-05,4,1,3,262144,True,True
14,0,centered_grid,0.014278119043003194,0.057449754574603405,100.0,7,0.0036916446793258703,0.4725305189537114,0.00022576503262422096,0.00014473975375397922,0.0001852523931891001,0.0029453013843803405,0.003005968279599021,0.0029756348319896807,0.0007062622084081945,0.0035868746381156526,0.003856909599982406,0.0037218921190490294,0.07795069451177247,0.04477575055772281,0.061363222534747644,0.07795069451177247,0.05900310675130502,-11374,12700,12700,33.47589111328125,357.0,1234.5710000000545,3528.856799999485,-89,99,0.0,0.0,0.0,0,0,0,262144,False,False
14,1,centered_grid,0.015570399224310052,0.0494784867205367,99.995,0,0.0031794216284382793,0.0031794216284382793,0.0002222776582270926,0.00013264945423532062,0.0001774635562312066,0.002911992571575782,0.003818297455055696,0.003365145013315739,0.0007062622084081945,0.0031954865763696868,0.009619597490535457,0.006407542033452572,0.6649634634023956,0.7794515992294713,0.7222075313159335,0.7794515992294713,0.7152801264008231,-11938,12700,12700,37.861759185791016,414.0,1427.7140000000363,4104.0,-11938,12700,0.04154205322265625,0.0208892822265625,0.02065277099609375,10890,5476,5414,262144,False,False
14,1,centered_grid,0.015570399224310052,0.0494784867205367,99.995,1,0.0031794216284382793,0.0063588432568765585,0.0002222776582270926,0.00013264945423532062,0.0001774635562312066,0.002911992571575782,0.003818297455055696,0.003365145013315739,0.0007062622084081945,0.0031954865763696868,0.009619597490535457,0.006407542033452572,0.5202349199067754,0.6697546513333217,0.5949947856200486,0.6697546513333217,0.5837681042115239,-11938,12700,12700,37.861759185791016,414.0,1427.7140000000363,4104.0,-5969,6350,0.018505096435546875,0.0093231201171875,0.009181976318359375,4851,2444,2407,262144,False,False
14,1,centered_grid,0.015570399224310052,0.0494784867205367,99.995,2,0.0031794216284382793,0.012717686513753117,0.0002222776582270926,0.00013264945423532062,0.0001774635562312066,0.002911992571575782,0.003818297455055696,0.003365145013315739,0.0007062622084081945,0.0031954865763696868,0.009619597490535457,0.006407542033452572,0.3563520787346731,0.5310262246768906,0.4436891517057819,0.5310262246768906,0.4275043591757844,-11938,12700,12700,37.861759185791016,414.0,1427.7140000000363,4104.0,-2984,3175,0.00726318359375,0.0035858154296875,0.0036773681640625,1904,940,964,262144,False,False
14,1,centered_grid,0.015570399224310052,0.0494784867205367,99.995,3,0.0031794216284382793,0.025435373027506234,0.0002222776582270926,0.00013264945423532062,0.0001774635562312066,0.002911992571575782,0.003818297455055696,0.003365145013315739,0.0007062622084081945,0.0031954865763696868,0.009619597490535457,0.006407542033452572,0.2117754102876422,0.38225869570703797,0.2970170529973401,0.38225869570703797,0.27668138039807716,-11938,12700,12700,37.861759185791016,414.0,1427.7140000000363,4104.0,-1492,1588,0.0019073486328125,0.000946044921875,0.0009613037109375,500,248,252,262144,False,False
14,1,centered_grid,0.015570399224310052,0.0494784867205367,99.995,4,0.0031794216284382793,0.05087074605501247,0.0002222776582270926,0.00013264945423532062,0.0001774635562312066,0.002911992571575782,0.003818297455055696,0.003365145013315739,0.0007062622084081945,0.0031954865763696868,0.009619597490535457,0.006407542033452572,0.10469536191310659,0.24218330212737332,0.17343933202023995,0.24218330212737332,0.15115651208458672,-11938,12700,12700,37.861759185791016,414.0,1427.7140000000363,4104.0,-746,794,0.0004730224609375,0.000247955322265625,0.000225067138671875,124,65,59,262144,False,False
14,1,centered_grid,0.015570399224310052,0.0494784867205367,99.995,5,0.0031794216284382793,0.10174149211002494,0.0002222776582270926,0.00013264945423532062,0.0001774635562312066,0.002911992571575782,0.003818297455055696,0.003365145013315739,0.0007062622084081945,0.0031954865763696868,0.009619597490535457,0.006407542033452572,0.03969585297342378,0.12696952913974266,0.08333269105658322,0.12696952913974266,0.06274903741763421,-11938,12700,12700,37.861759185791016,414.0,1427.7140000000363,4104.0,-373,397,0.000102996826171875,3.814697265625e-05,6.4849853515625e-05,27,10,17,262144,False,False
14,1,centered_grid,0.015570399224310052,0.0494784867205367,99.995,6,0.0031794216284382793,0.20348298422004987,0.0002222776582270926,0.00013264945423532062,0.0001774635562312066,0.002911992571575782,0.003818297455055696,0.003365145013315739,0.0007062622084081945,0.0031954865763696868,0.009619597490535457,0.006407542033452572,0.026961152053171157,0.04850262167245852,0.03773188686281484,0.04850262167245852,0.02562002848563745,-11938,12700,12700,37.861759185791016,414.0,1427.7140000000363,4104.0,-187,198,1.9073486328125e-05,7.62939453125e-06,1.1444091796875e-05,5,2,3,262144,True,False
14,1,centered_grid,0.015570399224310052,0.0494784867205367,99.995,7,0.0031794216284382793,0.40696596844009975,0.0002222776582270926,0.00013264945423532062,0.0001774635562312066,0.002911992571575782,0.003818297455055696,0.003365145013315739,0.0007062622084081945,0.0031954865763696868,0.009619597490535457,0.006407542033452572,0.06584833904552165,0.04393728528739395,0.0548928121664578,0.06584833904552165,0.04951129616219921,-11938,12700,12700,37.861759185791016,414.0,1427.7140000000363,4104.0,-93,99,0.0,0.0,0.0,0,0,0,262144,False,False
14,2,centered_grid,0.01697964075479524,0.04942526750982402,99.995,0,0.0031760018328704795,0.0031760018328704795,0.00022134856672010575,0.0001250722757504195,0.00017321042123526263,0.002922322504697244,0.003844874852466426,0.0033835986785818346,0.0007062622084081945,0.003224794780725407,0.009698773693219595,0.0064617842369725014,0.665176623398193,0.7795992841614674,0.7223879537798301,0.7795992841614674,0.7154311534682863,-11938,12700,12700,37.921077728271484,413.570000000007,1438.5700000001816,4104.0,-11938,12700,0.041500091552734375,0.020847320556640625,0.02065277099609375,10879,5465,5414,262144,False,False
14,2,centered_grid,0.01697964075479524,0.04942526750982402,99.995,1,0.0031760018328704795,0.006352003665740959,0.00022134856672010575,0.0001250722757504195,0.00017321042123526263,0.002922322504697244,0.003844874852466426,0.0033835986785818346,0.0007062622084081945,0.003224794780725407,0.009698773693219595,0.0064617842369725014,0.5204987807725144,0.6699578295519995,0.5952283051622569,0.6699578295519995,0.5840591445533316,-11938,12700,12700,37.921077728271484,413.570000000007,1438.5700000001816,4104.0,-5969,6350,0.01847076416015625,0.009281158447265625,0.009189605712890625,4842,2433,2409,262144,False,False
14,2,centered_grid,0.01697964075479524,0.04942526750982402,99.995,2,0.0031760018328704795,0.012704007331481918,0.00022134856672010575,0.0001250722757504195,0.00017321042123526263,0.002922322504697244,0.003844874852466426,0.0033835986785818346,0.0007062622084081945,0.003224794780725407,0.009698773693219595,0.0064617842369725014,0.35661882393234584,0.5312602665641274,0.44393954524823664,0.5312602665641274,0.42778265775103114,-11938,12700,12700,37.921077728271484,413.570000000007,1438.5700000001816,4104.0,-2984,3175,0.00728607177734375,0.00359344482421875,0.003692626953125,1910,942,968,262144,False,False
14,2,centered_grid,0.01697964075479524,0.04942526750982402,99.995,3,0.0031760018328704795,0.025408014662963836,0.00022134856672010575,0.0001250722757504195,0.00017321042123526263,0.002922322504697244,0.003844874852466426,0.0033835986785818346,0.0007062622084081945,0.003224794780725407,0.009698773693219595,0.0064617842369725014,0.21199362400798405,0.3824938761949425,0.2972437501014633,0.3824938761949425,0.276745275507307,-11938,12700,12700,37.921077728271484,413.570000000007,1438.5700000001816,4104.0,-1492,1588,0.001918792724609375,0.000949859619140625,0.00096893310546875,503,249,254,262144,False,False
14,2,centered_grid,0.01697964075479524,0.04942526750982402,99.995,4,0.0031760018328704795,0.05081602932592767,0.00022134856672010575,0.0001250722757504195,0.00017321042123526263,0.002922322504697244,0.003844874852466426,0.0033835986785818346,0.0007062622084081945,0.003224794780725407,0.009698773693219595,0.0064617842369725014,0.10485963988755975,0.2423956085675013,0.17362762422753053,0.2423956085675013,0.15113198714981346,-11938,12700,12700,37.921077728271484,413.570000000007,1438.5700000001816,4104.0,-746,794,0.000476837158203125,0.000247955322265625,0.0002288818359375,125,65,60,262144,False,False
14,2,centered_grid,0.01697964075479524,0.04942526750982402,99.995,5,0.0031760018328704795,0.10163205865185534,0.00022134856672010575,0.0001250722757504195,0.00017321042123526263,0.002922322504697244,0.003844874852466426,0.0033835986785818346,0.0007062622084081945,0.003224794780725407,0.009698773693219595,0.0064617842369725014,0.03979751559880261,0.12714639548162826,0.08347195554021544,0.12714639548162826,0.06274606168937041,-11938,12700,12700,37.921077728271484,413.570000000007,1438.5700000001816,4104.0,-373,397,0.000102996826171875,3.814697265625e-05,6.4849853515625e-05,27,10,17,262144,False,False
14,2,centered_grid,0.01697964075479524,0.04942526750982402,99.995,6,0.0031760018328704795,0.2032641173037107,0.00022134856672010575,0.0001250722757504195,0.00017321042123526263,0.002922322504697244,0.003844874852466426,0.0033835986785818346,0.0007062622084081945,0.003224794780725407,0.009698773693219595,0.0064617842369725014,0.026970369438464262,0.04861115176223686,0.03779076060035056,0.04861115176223686,0.025622332876529593,-11938,12700,12700,37.921077728271484,413.570000000007,1438.5700000001816,4104.0,-187,198,1.9073486328125e-05,7.62939453125e-06,1.1444091796875e-05,5,2,3,262144,True,False
14,2,centered_grid,0.01697964075479524,0.04942526750982402,99.995,7,0.0031760018328704795,0.4065282346074214,0.00022134856672010575,0.0001250722757504195,0.00017321042123526263,0.002922322504697244,0.003844874852466426,0.0033835986785818346,0.0007062622084081945,0.003224794780725407,0.009698773693219595,0.0064617842369725014,0.06579596969345013,0.043974538188251706,0.05488525394085092,0.06579596969345013,0.049576239991607554,-11938,12700,12700,37.921077728271484,413.570000000007,1438.5700000001816,4104.0,-93,99,0.0,0.0,0.0,0,0,0,262144,False,False
14,3,centered_grid,0.01851642954098236,0.04939450034280453,99.995,0,0.0031740247757139008,0.0031740247757139008,0.00022293382289045218,0.00012109564989261498,0.0001720147363915336,0.0029265188966994186,0.0038469184240558364,0.0033867186603776275,0.0007062622084081945,0.003210026249533118,0.009741146715800262,0.00647558648266669,0.6652866766334379,0.7796839339476,0.7224853052905189,0.7796839339476,0.7159406541883457,-11938,12700,12700,37.83770751953125,414.0,1429.7140000000363,4104.0,-11938,12700,0.04152679443359375,0.020885467529296875,0.020641326904296875,10886,5475,5411,262144,False,False
14,3,centered_grid,0.01851642954098236,0.04939450034280453,99.995,1,0.0031740247757139008,0.0063480495514278016,0.00022293382289045218,0.00012109564989261498,0.0001720147363915336,0.0029265188966994186,0.0038469184240558364,0.0033867186603776275,0.0007062622084081945,0.003210026249533118,0.009741146715800262,0.00647558648266669,0.5206297070779223,0.6700711615876331,0.5953504343327778,0.6700711615876331,0.5845617058877786,-11938,12700,12700,37.83770751953125,414.0,1429.7140000000363,4104.0,-5969,6350,0.01847076416015625,0.009296417236328125,0.009174346923828125,4842,2437,2405,262144,False,False
14,3,centered_grid,0.01851642954098236,0.04939450034280453,99.995,2,0.0031740247757139008,0.012696099102855603,0.00022293382289045218,0.00012109564989261498,0.0001720147363915336,0.0029265188966994186,0.0038469184240558364,0.0033867186603776275,0.0007062622084081945,0.003210026249533118,0.009741146715800262,0.00647558648266669,0.3567552040898501,0.5313951622534245,0.4440751831716373,0.5313951622534245,0.4282533305644879,-11938,12700,12700,37.83770751953125,414.0,1429.7140000000363,4104.0,-2984,3175,0.00724029541015625,0.003582000732421875,0.003658294677734375,1898,939,959,262144,False,False
14,3,centered_grid,0.01851642954098236,0.04939450034280453,99.995,3,0.0031740247757139008,0.025392198205711206,0.00022293382289045218,0.00012109564989261498,0.0001720147363915336,0.0029265188966994186,0.0038469184240558364,0.0033867186603776275,0.0007062622084081945,0.003210026249533118,0.009741146715800262,0.00647558648266669,0.21209306317336837,0.38262657020767976,0.2973598166905241,0.38262657020767976,0.27713062794417304,-11938,12700,12700,37.83770751953125,414.0,1429.7140000000363,4104.0,-1492,1588,0.001922607421875,0.00095367431640625,0.00096893310546875,504,250,254,262144,False,False
14,3,centered_grid,0.01851642954098236,0.04939450034280453,99.995,4,0.0031740247757139008,0.05078439641142241,0.00022293382289045218,0.00012109564989261498,0.0001720147363915336,0.0029265188966994186,0.0038469184240558364,0.0033867186603776275,0.0007062622084081945,0.003210026249533118,0.009741146715800262,0.00647558648266669,0.1049194168608488,0.24251550317672346,0.17371746001878613,0.24251550317672346,0.15137163409593007,-11938,12700,12700,37.83770751953125,414.0,1429.7140000000363,4104.0,-746,794,0.000469207763671875,0.000244140625,0.000225067138671875,123,64,59,262144,False,False
14,3,centered_grid,0.01851642954098236,0.04939450034280453,99.995,5,0.0031740247757139008,0.10156879282284483,0.00022293382289045218,0.00012109564989261498,0.0001720147363915336,0.0029265188966994186,0.0038469184240558364,0.0033867186603776275,0.0007062622084081945,0.003210026249533118,0.009741146715800262,0.00647558648266669,0.039808394315482706,0.127234968402425,0.08352168135895385,0.127234968402425,0.06281291483207234,-11938,12700,12700,37.83770751953125,414.0,1429.7140000000363,4104.0,-373,397,0.000102996826171875,3.814697265625e-05,6.4849853515625e-05,27,10,17,262144,False,False
14,3,centered_grid,0.01851642954098236,0.04939450034280453,99.995,6,0.0031740247757139008,0.20313758564568965,0.00022293382289045218,0.00012109564989261498,0.0001720147363915336,0.0029265188966994186,0.0038469184240558364,0.0033867186603776275,0.0007062622084081945,0.003210026249533118,0.009741146715800262,0.00647558648266669,0.02694951143724479,0.048657965534524145,0.03780373848588447,0.048657965534524145,0.025514486407126495,-11938,12700,12700,37.83770751953125,414.0,1429.7140000000363,4104.0,-187,198,1.9073486328125e-05,7.62939453125e-06,1.1444091796875e-05,5,2,3,262144,True,False
14,3,centered_grid,0.01851642954098236,0.04939450034280453,99.995,7,0.0031740247757139008,0.4062751712913793,0.00022293382289045218,0.00012109564989261498,0.0001720147363915336,0.0029265188966994186,0.0038469184240558364,0.0033867186603776275,0.0007062622084081945,0.003210026249533118,0.009741146715800262,0.00647558648266669,0.06571778553501849,0.04397676582313988,0.05484727567907918,0.06571778553501849,0.04930436180460113,-11938,12700,12700,37.83770751953125,414.0,1429.7140000000363,4104.0,-93,99,0.0,0.0,0.0,0,0,0,262144,False,False
14,4,centered_grid,0.020192309595792674,0.049413236790071514,99.995,0,0.0031752287548496654,0.0031752287548496654,0.00022560308093116704,0.00012138158271549243,0.00017349233182332974,0.0029236600261488806,0.0038464514016511298,0.003385055713900005,0.0007062622084081945,0.0032061455920916397,0.009699695553402365,0.006452920572747003,0.6652082306950736,0.7796332102987762,0.7224207204969249,0.7796332102987762,0.7157067229803385,-11938,12700,12700,37.832889556884766,414.0,1430.0,4104.0,-11938,12700,0.041461944580078125,0.020839691162109375,0.02062225341796875,10869,5463,5406,262144,False,False
14,4,centered_grid,0.020192309595792674,0.049413236790071514,99.995,1,0.0031752287548496654,0.006350457509699331,0.00022560308093116704,0.00012138158271549243,0.00017349233182332974,0.0029236600261488806,0.0038464514016511298,0.003385055713900005,0.0007062622084081945,0.0032061455920916397,0.009699695553402365,0.006452920572747003,0.5205350544842684,0.6700026033776625,0.5952688289309654,0.6700026033776625,0.5842375749813349,-11938,12700,12700,37.832889556884766,414.0,1430.0,4104.0,-5969,6350,0.018520355224609375,0.00930023193359375,0.009220123291015625,4855,2438,2417,262144,False,False
14,4,centered_grid,0.020192309595792674,0.049413236790071514,99.995,2,0.0031752287548496654,0.012700915019398662,0.00022560308093116704,0.00012138158271549243,0.00017349233182332974,0.0029236600261488806,0.0038464514016511298,0.003385055713900005,0.0007062622084081945,0.0032061455920916397,0.009699695553402365,0.006452920572747003,0.3566660668807431,0.5313125634576503,0.4439893151691967,0.5313125634576503,0.4278778494858923,-11938,12700,12700,37.832889556884766,414.0,1430.0,4104.0,-2984,3175,0.007274627685546875,0.003589630126953125,0.00368499755859375,1907,941,966,262144,False,False
14,4,centered_grid,0.020192309595792674,0.049413236790071514,99.995,3,0.0031752287548496654,0.025401830038797323,0.00022560308093116704,0.00012138158271549243,0.00017349233182332974,0.0029236600261488806,0.0038464514016511298,0.003385055713900005,0.0007062622084081945,0.0032061455920916397,0.009699695553402365,0.006452920572747003,0.21202314249225926,0.38253795054621986,0.2972805465192396,0.38253795054621986,0.2768268250414431,-11938,12700,12700,37.832889556884766,414.0,1430.0,4104.0,-1492,1588,0.00191497802734375,0.000942230224609375,0.000972747802734375,502,247,255,262144,False,False
14,4,centered_grid,0.020192309595792674,0.049413236790071514,99.995,4,0.0031752287548496654,0.050803660077594646,0.00022560308093116704,0.00012138158271549243,0.00017349233182332974,0.0029236600261488806,0.0038464514016511298,0.003385055713900005,0.0007062622084081945,0.0032061455920916397,0.009699695553402365,0.006452920572747003,0.1048688627071582,0.24242803988435685,0.1736484512957575,0.24242803988435685,0.1511501346381152,-11938,12700,12700,37.832889556884766,414.0,1430.0,4104.0,-746,794,0.0004730224609375,0.000247955322265625,0.000225067138671875,124,65,59,262144,False,False
14,4,centered_grid,0.020192309595792674,0.049413236790071514,99.995,5,0.0031752287548496654,0.10160732015518929,0.00022560308093116704,0.00012138158271549243,0.00017349233182332974,0.0029236600261488806,0.0038464514016511298,0.003385055713900005,0.0007062622084081945,0.0032061455920916397,0.009699695553402365,0.006452920572747003,0.03978699951551522,0.1271614951562889,0.08347424733590206,0.1271614951562889,0.06272200251319614,-11938,12700,12700,37.832889556884766,414.0,1430.0,4104.0,-373,397,0.000102996826171875,3.814697265625e-05,6.4849853515625e-05,27,10,17,262144,False,False
14,4,centered_grid,0.020192309595792674,0.049413236790071514,99.995,6,0.0031752287548496654,0.20321464031037859,0.00022560308093116704,0.00012138158271549243,0.00017349233182332974,0.0029236600261488806,0.0038464514016511298,0.003385055713900005,0.0007062622084081945,0.0032061455920916397,0.009699695553402365,0.006452920572747003,0.026957954604703464,0.048608265440022565,0.037783110022363016,0.048608265440022565,0.02555282009868394,-11938,12700,12700,37.832889556884766,414.0,1430.0,4104.0,-187,198,1.9073486328125e-05,7.62939453125e-06,1.1444091796875e-05,5,2,3,262144,True,False
14,4,centered_grid,0.020192309595792674,0.049413236790071514,99.995,7,0.0031752287548496654,0.40642928062075717,0.00022560308093116704,0.00012138158271549243,0.00017349233182332974,0.0029236600261488806,0.0038464514016511298,0.003385055713900005,0.0007062622084081945,0.0032061455920916397,0.009699695553402365,0.006452920572747003,0.06578847959631484,0.043972402253357044,0.054880440924835946,0.06578847959631484,0.04940465956049754,-11938,12700,12700,37.832889556884766,414.0,1430.0,4104.0,-93,99,0.0,0.0,0.0,0,0,0,262144,False,False
14,original,original_mixed,0.018516429540982364,0.04939450034280454,99.995,0,0.0031740247757139016,0.0031740247757139016,0.00022293382289045218,0.00012109564989261498,0.0001720147363915336,0.002926518896699415,0.0038469184240558325,0.0033867186603776236,0.0007062622084081945,0.0032100262495331163,0.009741146715800248,0.006475586482666682,0.6652866766334379,0.7796839339475999,0.7224853052905189,0.7796839339475999,0.7159406541883458,-11938,12700,12700,37.83770751953125,414.0,1429.7140000000363,4104.0,-11938,12700,0.04152679443359375,0.020885467529296875,0.020641326904296875,10886,5475,5411,262144,False,False
14,original,original_mixed,0.018516429540982364,0.04939450034280454,99.995,1,0.0031740247757139016,0.006348049551427803,0.00022293382289045218,0.00012109564989261498,0.0001720147363915336,0.002926518896699415,0.0038469184240558325,0.0033867186603776236,0.0007062622084081945,0.0032100262495331163,0.009741146715800248,0.006475586482666682,0.5206297070779223,0.670071161587633,0.5953504343327777,0.670071161587633,0.5845617058877786,-11938,12700,12700,37.83770751953125,414.0,1429.7140000000363,4104.0,-5969,6350,0.01847076416015625,0.009296417236328125,0.009174346923828125,4842,2437,2405,262144,False,False
14,original,original_mixed,0.018516429540982364,0.04939450034280454,99.995,2,0.0031740247757139016,0.012696099102855607,0.00022293382289045218,0.00012109564989261498,0.0001720147363915336,0.002926518896699415,0.0038469184240558325,0.0033867186603776236,0.0007062622084081945,0.0032100262495331163,0.009741146715800248,0.006475586482666682,0.35675520408985,0.5313951622534244,0.4440751831716372,0.5313951622534244,0.428253330564488,-11938,12700,12700,37.83770751953125,414.0,1429.7140000000363,4104.0,-2984,3175,0.00724029541015625,0.003582000732421875,0.003658294677734375,1898,939,959,262144,False,False
14,original,original_mixed,0.018516429540982364,0.04939450034280454,99.995,3,0.0031740247757139016,0.025392198205711213,0.00022293382289045218,0.00012109564989261498,0.0001720147363915336,0.002926518896699415,0.0038469184240558325,0.0033867186603776236,0.0007062622084081945,0.0032100262495331163,0.009741146715800248,0.006475586482666682,0.21209306317336835,0.38262657020767976,0.297359816690524,0.38262657020767976,0.27713062794417315,-11938,12700,12700,37.83770751953125,414.0,1429.7140000000363,4104.0,-1492,1588,0.001922607421875,0.00095367431640625,0.00096893310546875,504,250,254,262144,False,False
14,original,original_mixed,0.018516429540982364,0.04939450034280454,99.995,4,0.0031740247757139016,0.050784396411422426,0.00022293382289045218,0.00012109564989261498,0.0001720147363915336,0.002926518896699415,0.0038469184240558325,0.0033867186603776236,0.0007062622084081945,0.0032100262495331163,0.009741146715800248,0.006475586482666682,0.10491941686084873,0.24251550317672343,0.17371746001878607,0.24251550317672343,0.1513716340959301,-11938,12700,12700,37.83770751953125,414.0,1429.7140000000363,4104.0,-746,794,0.000469207763671875,0.000244140625,0.000225067138671875,123,64,59,262144,False,False
14,original,original_mixed,0.018516429540982364,0.04939450034280454,99.995,5,0.0031740247757139016,0.10156879282284485,0.00022293382289045218,0.00012109564989261498,0.0001720147363915336,0.002926518896699415,0.0038469184240558325,0.0033867186603776236,0.0007062622084081945,0.0032100262495331163,0.009741146715800248,0.006475586482666682,0.03980839431548267,0.12723496840242499,0.08352168135895383,0.12723496840242499,0.06281291483207235,-11938,12700,12700,37.83770751953125,414.0,1429.7140000000363,4104.0,-373,397,0.000102996826171875,3.814697265625e-05,6.4849853515625e-05,27,10,17,262144,False,False
14,original,original_mixed,0.018516429540982364,0.04939450034280454,99.995,6,0.0031740247757139016,0.2031375856456897,0.00022293382289045218,0.00012109564989261498,0.0001720147363915336,0.002926518896699415,0.0038469184240558325,0.0033867186603776236,0.0007062622084081945,0.0032100262495331163,0.009741146715800248,0.006475586482666682,0.02694951143724479,0.048657965534524124,0.03780373848588446,0.048657965534524124,0.0255144864071265,-11938,12700,12700,37.83770751953125,414.0,1429.7140000000363,4104.0,-187,198,1.9073486328125e-05,7.62939453125e-06,1.1444091796875e-05,5,2,3,262144,True,False
14,original,original_mixed,0.018516429540982364,0.04939450034280454,99.995,7,0.0031740247757139016,0.4062751712913794,0.00022293382289045218,0.00012109564989261498,0.0001720147363915336,0.002926518896699415,0.0038469184240558325,0.0033867186603776236,0.0007062622084081945,0.0032100262495331163,0.009741146715800248,0.006475586482666682,0.0657177855350185,0.043976765823139884,0.0548472756790792,0.0657177855350185,0.04930436180460113,-11938,12700,12700,37.83770751953125,414.0,1429.7140000000363,4104.0,-93,99,0.0,0.0,0.0,0,0,0,262144,False,False
15,-4,centered_grid,0.009843385323565157,0.03960606073468324,100.0,0,0.0029290230362434655,0.0029290230362434655,0.0003879610766453306,0.0005042564068799946,0.00044610874176266254,0.004420791582567691,0.00637908296295808,0.005399937272762886,0.0006123917771103965,0.00818407007753412,0.010612569967033993,0.009398320022284056,0.7696851868292575,0.7899459675235596,0.7798155771764086,0.7899459675235596,0.7678243444713788,-11811,10795,11811,49.57973098754883,575.0,2016.0,4950.214099999721,-11811,10795,0.05869293212890625,0.029430389404296875,0.029262542724609375,15386,7715,7671,262144,False,False
15,-4,centered_grid,0.009843385323565157,0.03960606073468324,100.0,1,0.0029290230362434655,0.005858046072486931,0.0003879610766453306,0.0005042564068799946,0.00044610874176266254,0.004420791582567691,0.00637908296295808,0.005399937272762886,0.0006123917771103965,0.00818407007753412,0.010612569967033993,0.009398320022284056,0.6512856547939263,0.6757308101444012,0.6635082324691637,0.6757308101444012,0.6456827557046692,-11811,10795,11811,49.57973098754883,575.0,2016.0,4950.214099999721,-5906,5398,0.0268096923828125,0.01340484619140625,0.01340484619140625,7028,3514,3514,262144,False,False
15,-4,centered_grid,0.009843385323565157,0.03960606073468324,100.0,2,0.0029290230362434655,0.011716092144973862,0.0003879610766453306,0.0005042564068799946,0.00044610874176266254,0.004420791582567691,0.00637908296295808,0.005399937272762886,0.0006123917771103965,0.00818407007753412,0.010612569967033993,0.009398320022284056,0.49749415779750633,0.5244453852400885,0.5109697715187974,0.5244453852400885,0.48654638089337776,-11811,10795,11811,49.57973098754883,575.0,2016.0,4950.214099999721,-2953,2699,0.0118255615234375,0.006023406982421875,0.005802154541015625,3100,1579,1521,262144,False,False
15,-4,centered_grid,0.009843385323565157,0.03960606073468324,100.0,3,0.0029290230362434655,0.023432184289947724,0.0003879610766453306,0.0005042564068799946,0.00044610874176266254,0.004420791582567691,0.00637908296295808,0.005399937272762886,0.0006123917771103965,0.00818407007753412,0.010612569967033993,0.009398320022284056,0.331449920393909,0.3560558253540212,0.3437528728739651,0.3560558253540212,0.3145138167771371,-11811,10795,11811,49.57973098754883,575.0,2016.0,4950.214099999721,-1476,1349,0.003810882568359375,0.00189208984375,0.001918792724609375,999,496,503,262144,False,False
15,-4,centered_grid,0.009843385323565157,0.03960606073468324,100.0,4,0.0029290230362434655,0.04686436857989545,0.0003879610766453306,0.0005042564068799946,0.00044610874176266254,0.004420791582567691,0.00637908296295808,0.005399937272762886,0.0006123917771103965,0.00818407007753412,0.010612569967033993,0.009398320022284056,0.18497923434772617,0.19724378734540762,0.1911115108465669,0.19724378734540762,0.16226436556181223,-11811,10795,11811,49.57973098754883,575.0,2016.0,4950.214099999721,-738,675,0.000995635986328125,0.000484466552734375,0.00051116943359375,261,127,134,262144,False,False
15,-4,centered_grid,0.009843385323565157,0.03960606073468324,100.0,5,0.0029290230362434655,0.0937287371597909,0.0003879610766453306,0.0005042564068799946,0.00044610874176266254,0.004420791582567691,0.00637908296295808,0.005399937272762886,0.0006123917771103965,0.00818407007753412,0.010612569967033993,0.009398320022284056,0.0788816757005921,0.07628185645232932,0.07758176607646071,0.0788816757005921,0.056990367875626134,-11811,10795,11811,49.57973098754883,575.0,2016.0,4950.214099999721,-369,337,0.000194549560546875,8.7738037109375e-05,0.0001068115234375,51,23,28,262144,False,False
15,-4,centered_grid,0.009843385323565157,0.03960606073468324,100.0,6,0.0029290230362434655,0.1874574743195818,0.0003879610766453306,0.0005042564068799946,0.00044610874176266254,0.004420791582567691,0.00637908296295808,0.005399937272762886,0.0006123917771103965,0.00818407007753412,0.010612569967033993,0.009398320022284056,0.029744501915368246,0.022364484823575025,0.026054493369471635,0.029744501915368246,0.014351376523519841,-11811,10795,11811,49.57973098754883,575.0,2016.0,4950.214099999721,-185,169,3.4332275390625e-05,1.52587890625e-05,1.9073486328125e-05,9,4,5,262144,True,False
15,-4,centered_grid,0.009843385323565157,0.03960606073468324,100.0,7,0.0029290230362434655,0.3749149486391636,0.0003879610766453306,0.0005042564068799946,0.00044610874176266254,0.004420791582567691,0.00637908296295808,0.005399937272762886,0.0006123917771103965,0.00818407007753412,0.010612569967033993,0.009398320022284056,0.04034487659023656,0.03625162512201177,0.038298250856124164,0.04034487659023656,0.030871280750647254,-11811,10795,11811,49.57973098754883,575.0,2016.0,4950.214099999721,-92,84,0.0,0.0,0.0,0,0,0,262144,False,False
15,-3,centered_grid,0.010734287810951511,0.04319071704517533,100.0,0,0.0031941223850724776,0.0031941223850724776,0.00027933603795826987,0.00035862201678173297,0.0003189790273700014,0.003119236457820344,0.0047770536253316995,0.003948145041576022,0.0006123917771103965,0.004770829318053767,0.007489426827189958,0.006130128072621862,0.7571150738557219,0.7779516340713656,0.7675333539635437,0.7779516340713656,0.7573355849800091,-11811,10200,11811,46.00959777832031,527.0,1875.142000000109,4804.355699997832,-11811,10200,0.0538177490234375,0.027004241943359375,0.026813507080078125,14108,7079,7029,262144,False,False
15,-3,centered_grid,0.010734287810951511,0.04319071704517533,100.0,1,0.0031941223850724776,0.006388244770144955,0.00027933603795826987,0.00035862201678173297,0.0003189790273700014,0.003119236457820344,0.0047770536253316995,0.003948145041576022,0.0006123917771103965,0.004770829318053767,0.007489426827189958,0.006130128072621862,0.6339126947632371,0.6587590239108074,0.6463358593370223,0.6587590239108074,0.6324901877558278,-11811,10200,11811,46.00959777832031,527.0,1875.142000000109,4804.355699997832,-5906,5100,0.024532318115234375,0.01226806640625,0.012264251708984375,6431,3216,3215,262144,False,False
15,-3,centered_grid,0.010734287810951511,0.04319071704517533,100.0,2,0.0031941223850724776,0.01277648954028991,0.00027933603795826987,0.00035862201678173297,0.0003189790273700014,0.003119236457820344,0.0047770536253316995,0.003948145041576022,0.0006123917771103965,0.004770829318053767,0.007489426827189958,0.006130128072621862,0.4768434976224054,0.5039042910668754,0.4903738943446404,0.5039042910668754,0.4728363698287662,-11811,10200,11811,46.00959777832031,527.0,1875.142000000109,4804.355699997832,-2953,2550,0.010448455810546875,0.00534820556640625,0.005100250244140625,2739,1402,1337,262144,False,False
15,-3,centered_grid,0.010734287810951511,0.04319071704517533,100.0,3,0.0031941223850724776,0.02555297908057982,0.00027933603795826987,0.00035862201678173297,0.0003189790273700014,0.003119236457820344,0.0047770536253316995,0.003948145041576022,0.0006123917771103965,0.004770829318053767,0.007489426827189958,0.006130128072621862,0.31179774717617137,0.33525024010681553,0.3235239936414934,0.33525024010681553,0.3036804488732116,-11811,10200,11811,46.00959777832031,527.0,1875.142000000109,4804.355699997832,-1476,1275,0.00321197509765625,0.001575469970703125,0.001636505126953125,842,413,429,262144,False,False
15,-3,centered_grid,0.010734287810951511,0.04319071704517533,100.0,4,0.0031941223850724776,0.05110595816115964,0.00027933603795826987,0.00035862201678173297,0.0003189790273700014,0.003119236457820344,0.0047770536253316995,0.003948145041576022,0.0006123917771103965,0.004770829318053767,0.007489426827189958,0.006130128072621862,0.16882764190545899,0.17933561079342109,0.17408162634944002,0.17933561079342109,0.1554036942241147,-11811,10200,11811,46.00959777832031,527.0,1875.142000000109,4804.355699997832,-738,638,0.000843048095703125,0.000408172607421875,0.00043487548828125,221,107,114,262144,False,False
15,-3,centered_grid,0.010734287810951511,0.04319071704517533,100.0,5,0.0031941223850724776,0.10221191632231928,0.00027933603795826987,0.00035862201678173297,0.0003189790273700014,0.003119236457820344,0.0047770536253316995,0.003948145041576022,0.0006123917771103965,0.004770829318053767,0.007489426827189958,0.006130128072621862,0.06916024226582339,0.06426792416672483,0.06671408321627412,0.06916024226582339,0.05436210329676089,-11811,10200,11811,46.00959777832031,527.0,1875.142000000109,4804.355699997832,-369,319,0.00017547607421875,7.62939453125e-05,9.918212890625e-05,46,20,26,262144,False,False
15,-3,centered_grid,0.010734287810951511,0.04319071704517533,100.0,6,0.0031941223850724776,0.20442383264463856,0.00027933603795826987,0.00035862201678173297,0.0003189790273700014,0.003119236457820344,0.0047770536253316995,0.003948145041576022,0.0006123917771103965,0.004770829318053767,0.007489426827189958,0.006130128072621862,0.0254247490262188,0.018980958457294476,0.022202853741756637,0.0254247490262188,0.015001041076481514,-11811,10200,11811,46.00959777832031,527.0,1875.142000000109,4804.355699997832,-185,159,2.6702880859375e-05,7.62939453125e-06,1.9073486328125e-05,7,2,5,262144,True,False
15,-3,centered_grid,0.010734287810951511,0.04319071704517533,100.0,7,0.0031941223850724776,0.40884766528927713,0.00027933603795826987,0.00035862201678173297,0.0003189790273700014,0.003119236457820344,0.0047770536253316995,0.003948145041576022,0.0006123917771103965,0.004770829318053767,0.007489426827189958,0.006130128072621862,0.040878314868122864,0.0364110430501503,0.03864467895913658,0.040878314868122864,0.03404718793882259,-11811,10200,11811,46.00959777832031,527.0,1875.142000000109,4804.355699997832,-92,80,0.0,0.0,0.0,0,0,0,262144,False,False
15,-2,centered_grid,0.011705823862497045,0.04709981097351384,100.0,0,0.003483215164171215,0.003483215164171215,0.00021777851260949935,0.00027142865177565725,0.0002446035821925783,0.0027048224254469875,0.003944485170678556,0.0033246537980627716,0.0006123917771103965,0.003077005679791253,0.005688603826928823,0.004382804753360038,0.7441261694259418,0.7655011960846243,0.754813682755283,0.7655011960846243,0.7479145389191493,-11811,9450,11811,42.16567611694336,481.0,1738.284000000218,4452.856999999785,-11811,9450,0.04840850830078125,0.0241546630859375,0.02425384521484375,12690,6332,6358,262144,False,False
15,-2,centered_grid,0.011705823862497045,0.04709981097351384,100.0,1,0.003483215164171215,0.00696643032834243,0.00021777851260949935,0.00027142865177565725,0.0002446035821925783,0.0027048224254469875,0.003944485170678556,0.0033246537980627716,0.0006123917771103965,0.003077005679791253,0.005688603826928823,0.004382804753360038,0.616189603530753,0.6413544691509485,0.6287720363408508,0.6413544691509485,0.6198457225071745,-11811,9450,11811,42.16567611694336,481.0,1738.284000000218,4452.856999999785,-5906,4725,0.022342681884765625,0.011138916015625,0.011203765869140625,5857,2920,2937,262144,False,False
15,-2,centered_grid,0.011705823862497045,0.04709981097351384,100.0,2,0.003483215164171215,0.01393286065668486,0.00021777851260949935,0.00027142865177565725,0.0002446035821925783,0.0027048224254469875,0.003944485170678556,0.0033246537980627716,0.0006123917771103965,0.003077005679791253,0.005688603826928823,0.004382804753360038,0.4562563003137026,0.4833068286786435,0.46978156449617303,0.4833068286786435,0.45914637983586504,-11811,9450,11811,42.16567611694336,481.0,1738.284000000218,4452.856999999785,-2953,2362,0.00922393798828125,0.0046844482421875,0.00453948974609375,2418,1228,1190,262144,False,False
15,-2,centered_grid,0.011705823862497045,0.04709981097351384,100.0,3,0.003483215164171215,0.02786572131336972,0.00021777851260949935,0.00027142865177565725,0.0002446035821925783,0.0027048224254469875,0.003944485170678556,0.0033246537980627716,0.0006123917771103965,0.003077005679791253,0.005688603826928823,0.004382804753360038,0.29271569241787043,0.31472803283905076,0.30372186262846057,0.31472803283905076,0.2922599990943039,-11811,9450,11811,42.16567611694336,481.0,1738.284000000218,4452.856999999785,-1476,1181,0.00279998779296875,0.001377105712890625,0.001422882080078125,734,361,373,262144,False,False
15,-2,centered_grid,0.011705823862497045,0.04709981097351384,100.0,4,0.003483215164171215,0.05573144262673944,0.00021777851260949935,0.00027142865177565725,0.0002446035821925783,0.0027048224254469875,0.003944485170678556,0.0033246537980627716,0.0006123917771103965,0.003077005679791253,0.005688603826928823,0.004382804753360038,0.15358707965504736,0.16231336649177802,0.1579502230734127,0.16231336649177802,0.14760759664280854,-11811,9450,11811,42.16567611694336,481.0,1738.284000000218,4452.856999999785,-738,591,0.00070953369140625,0.000354766845703125,0.000354766845703125,186,93,93,262144,False,False
15,-2,centered_grid,0.011705823862497045,0.04709981097351384,100.0,5,0.003483215164171215,0.11146288525347887,0.00021777851260949935,0.00027142865177565725,0.0002446035821925783,0.0027048224254469875,0.003944485170678556,0.0033246537980627716,0.0006123917771103965,0.003077005679791253,0.005688603826928823,0.004382804753360038,0.06068931828235498,0.05363977773067589,0.05716454800651544,0.06068931828235498,0.050982389896656044,-11811,9450,11811,42.16567611694336,481.0,1738.284000000218,4452.856999999785,-369,295,0.00012969970703125,6.866455078125e-05,6.103515625e-05,34,18,16,262144,False,False
15,-2,centered_grid,0.011705823862497045,0.04709981097351384,100.0,6,0.003483215164171215,0.22292577050695775,0.00021777851260949935,0.00027142865177565725,0.0002446035821925783,0.0027048224254469875,0.003944485170678556,0.0033246537980627716,0.0006123917771103965,0.003077005679791253,0.005688603826928823,0.004382804753360038,0.02303192784277826,0.01754383850820485,0.020287883175491555,0.02303192784277826,0.016205329259384105,-11811,9450,11811,42.16567611694336,481.0,1738.284000000218,4452.856999999785,-185,148,1.52587890625e-05,7.62939453125e-06,7.62939453125e-06,4,2,2,262144,True,False
15,-2,centered_grid,0.011705823862497045,0.04709981097351384,100.0,7,0.003483215164171215,0.4458515410139155,0.00021777851260949935,0.00027142865177565725,0.0002446035821925783,0.0027048224254469875,0.003944485170678556,0.0033246537980627716,0.0006123917771103965,0.003077005679791253,0.005688603826928823,0.004382804753360038,0.04351777383070231,0.038264927683152754,0.04089135075692753,0.04351777383070231,0.0374027072192462,-11811,9450,11811,42.16567611694336,481.0,1738.284000000218,4452.856999999785,-92,74,0.0,0.0,0.0,0,0,0,262144,False,False
15,-1,centered_grid,0.01276529143927052,0.05136270807454129,100.0,0,0.00379847307112864,0.00379847307112864,0.0001872429829397758,0.00021667469145881247,0.00020195883719929412,0.002089565469722979,0.002958153832306654,0.0025238596510148165,0.0006123917771103965,0.0021232180839630952,0.004277105744209527,0.003200161914086311,0.7302142726371935,0.7521799863229367,0.7411971294800651,0.7521799863229367,0.7388039565430268,-10788,8625,10788,38.1381950378418,441.0,1598.8570000000182,4335.0,-10788,8625,0.0425872802734375,0.021129608154296875,0.021457672119140625,11164,5539,5625,262144,False,False
15,-1,centered_grid,0.01276529143927052,0.05136270807454129,100.0,1,0.00379847307112864,0.00759694614225728,0.0001872429829397758,0.00021667469145881247,0.00020195883719929412,0.002089565469722979,0.002958153832306654,0.0025238596510148165,0.0006123917771103965,0.0021232180839630952,0.004277105744209527,0.003200161914086311,0.5975097141646102,0.6230555596373303,0.6102826369009702,0.6230555596373303,0.6065013998890207,-10788,8625,10788,38.1381950378418,441.0,1598.8570000000182,4335.0,-5394,4312,0.02017974853515625,0.01009368896484375,0.0100860595703125,5290,2646,2644,262144,False,False
15,-1,centered_grid,0.01276529143927052,0.05136270807454129,100.0,2,0.00379847307112864,0.01519389228451456,0.0001872429829397758,0.00021667469145881247,0.00020195883719929412,0.002089565469722979,0.002958153832306654,0.0025238596510148165,0.0006123917771103965,0.0021232180839630952,0.004277105744209527,0.003200161914086311,0.4351550620145426,0.4622077670299543,0.44868141452224847,0.4622077670299543,0.4434118172948571,-10788,8625,10788,38.1381950378418,441.0,1598.8570000000182,4335.0,-2697,2156,0.008083343505859375,0.004100799560546875,0.0039825439453125,2119,1075,1044,262144,False,False
15,-1,centered_grid,0.01276529143927052,0.05136270807454129,100.0,3,0.00379847307112864,0.03038778456902912,0.0001872429829397758,0.00021667469145881247,0.00020195883719929412,0.002089565469722979,0.002958153832306654,0.0025238596510148165,0.0006123917771103965,0.0021232180839630952,0.004277105744209527,0.003200161914086311,0.27364470577409455,0.2941043422539113,0.2838745240140029,0.2941043422539113,0.277592542202286,-10788,8625,10788,38.1381950378418,441.0,1598.8570000000182,4335.0,-1348,1078,0.002349853515625,0.001209259033203125,0.001140594482421875,616,317,299,262144,False,False
15,-1,centered_grid,0.01276529143927052,0.05136270807454129,100.0,4,0.00379847307112864,0.06077556913805824,0.0001872429829397758,0.00021667469145881247,0.00020195883719929412,0.002089565469722979,0.002958153832306654,0.0025238596510148165,0.0006123917771103965,0.0021232180839630952,0.004277105744209527,0.003200161914086311,0.13857852752206629,0.1457966222059793,0.14218757486402278,0.1457966222059793,0.13595997237498303,-10788,8625,10788,38.1381950378418,441.0,1598.8570000000182,4335.0,-674,539,0.00058746337890625,0.000274658203125,0.00031280517578125,154,72,82,262144,False,False
15,-1,centered_grid,0.01276529143927052,0.05136270807454129,100.0,5,0.00379847307112864,0.12155113827611648,0.0001872429829397758,0.00021667469145881247,0.00020195883719929412,0.002089565469722979,0.002958153832306654,0.0025238596510148165,0.0006123917771103965,0.0021232180839630952,0.004277105744209527,0.003200161914086311,0.052694275671656146,0.043852652502149654,0.048273464086902904,0.052694275671656146,0.044034165606323256,-10788,8625,10788,38.1381950378418,441.0,1598.8570000000182,4335.0,-337,270,0.000110626220703125,6.103515625e-05,4.9591064453125e-05,29,16,13,262144,False,False
15,-1,centered_grid,0.01276529143927052,0.05136270807454129,100.0,6,0.00379847307112864,0.24310227655223296,0.0001872429829397758,0.00021667469145881247,0.00020195883719929412,0.002089565469722979,0.002958153832306654,0.0025238596510148165,0.0006123917771103965,0.0021232180839630952,0.004277105744209527,0.003200161914086311,0.02190948733254402,0.01719916396512189,0.019554325648832954,0.02190948733254402,0.016472011717431373,-10788,8625,10788,38.1381950378418,441.0,1598.8570000000182,4335.0,-169,135,1.52587890625e-05,7.62939453125e-06,7.62939453125e-06,4,2,2,262144,True,True
15,-1,centered_grid,0.01276529143927052,0.05136270807454129,100.0,7,0.00379847307112864,0.4862045531044659,0.0001872429829397758,0.00021667469145881247,0.00020195883719929412,0.002089565469722979,0.002958153832306654,0.0025238596510148165,0.0006123917771103965,0.0021232180839630952,0.004277105744209527,0.003200161914086311,0.04693757293445775,0.040652847307435014,0.04379521012094638,0.04693757293445775,0.040947012910784175,-10788,8625,10788,38.1381950378418,441.0,1598.8570000000182,4335.0,-84,67,0.0,0.0,0.0,0,0,0,262144,False,False
15,0,centered_grid,0.01392064902425012,0.05601143032591977,100.0,0,0.004142264256386844,0.004142264256386844,0.0001755886754998503,0.00017986467919817848,0.0001777266773490144,0.002098573198584313,0.0025267804941744194,0.0023126768463793664,0.0006123917771103965,0.0019679785310481083,0.0035468208445816173,0.002757399687814863,0.7158754501353202,0.7383763217694054,0.7271258859523628,0.7383763217694054,0.7223648660844907,-9858,7875,9858,35.524200439453125,405.0,1463.7140000000363,3975.8569999997853,-9858,7875,0.039539337158203125,0.019641876220703125,0.0198974609375,10365,5149,5216,262144,False,False
15,0,centered_grid,0.01392064902425012,0.05601143032591977,100.0,1,0.004142264256386844,0.008284528512773687,0.0001755886754998503,0.00017986467919817848,0.0001777266773490144,0.002098573198584313,0.0025267804941744194,0.0023126768463793664,0.0006123917771103965,0.0019679785310481083,0.0035468208445816173,0.002757399687814863,0.5785468498573638,0.6044222203848248,0.5914845351210943,0.6044222203848248,0.5862055705011331,-9858,7875,9858,35.524200439453125,405.0,1463.7140000000363,3975.8569999997853,-4929,3938,0.018352508544921875,0.0092010498046875,0.009151458740234375,4811,2412,2399,262144,False,False
15,0,centered_grid,0.01392064902425012,0.05601143032591977,100.0,2,0.004142264256386844,0.016569057025547375,0.0001755886754998503,0.00017986467919817848,0.0001777266773490144,0.002098573198584313,0.0025267804941744194,0.0023126768463793664,0.0006123917771103965,0.0019679785310481083,0.0035468208445816173,0.002757399687814863,0.41429096555545336,0.4411672897554171,0.42772912765543525,0.4411672897554171,0.4221777085355854,-9858,7875,9858,35.524200439453125,405.0,1463.7140000000363,3975.8569999997853,-2464,1969,0.00702667236328125,0.003536224365234375,0.003490447998046875,1842,927,915,262144,False,False
15,0,centered_grid,0.01392064902425012,0.05601143032591977,100.0,3,0.004142264256386844,0.03313811405109475,0.0001755886754998503,0.00017986467919817848,0.0001777266773490144,0.002098573198584313,0.0025267804941744194,0.0023126768463793664,0.0006123917771103965,0.0019679785310481083,0.0035468208445816173,0.002757399687814863,0.2552881256461457,0.2740051053463269,0.2646466154962363,0.2740051053463269,0.2589785802256076,-9858,7875,9858,35.524200439453125,405.0,1463.7140000000363,3975.8569999997853,-1232,984,0.001953125,0.0009918212890625,0.0009613037109375,512,260,252,262144,False,False
15,0,centered_grid,0.01392064902425012,0.05601143032591977,100.0,4,0.004142264256386844,0.0662762281021895,0.0001755886754998503,0.00017986467919817848,0.0001777266773490144,0.002098573198584313,0.0025267804941744194,0.0023126768463793664,0.0006123917771103965,0.0019679785310481083,0.0035468208445816173,0.002757399687814863,0.12454800391118898,0.13030062173359613,0.12742431282239255,0.13030062173359613,0.12235008103872612,-9858,7875,9858,35.524200439453125,405.0,1463.7140000000363,3975.8569999997853,-616,492,0.000492095947265625,0.000225067138671875,0.00026702880859375,129,59,70,262144,False,False
15,0,centered_grid,0.01392064902425012,0.05601143032591977,100.0,5,0.004142264256386844,0.132552456204379,0.0001755886754998503,0.00017986467919817848,0.0001777266773490144,0.002098573198584313,0.0025267804941744194,0.0023126768463793664,0.0006123917771103965,0.0019679785310481083,0.0035468208445816173,0.002757399687814863,0.045852760110608105,0.035369149907127355,0.04061095500886773,0.045852760110608105,0.03717942844745571,-9858,7875,9858,35.524200439453125,405.0,1463.7140000000363,3975.8569999997853,-308,246,8.7738037109375e-05,5.340576171875e-05,3.4332275390625e-05,23,14,9,262144,False,False
15,0,centered_grid,0.01392064902425012,0.05601143032591977,100.0,6,0.004142264256386844,0.265104912408758,0.0001755886754998503,0.00017986467919817848,0.0001777266773490144,0.002098573198584313,0.0025267804941744194,0.0023126768463793664,0.0006123917771103965,0.0019679785310481083,0.0035468208445816173,0.002757399687814863,0.022622849224672018,0.018537563476499503,0.02058020635058576,0.022622849224672018,0.01770227766820173,-9858,7875,9858,35.524200439453125,405.0,1463.7140000000363,3975.8569999997853,-154,123,3.814697265625e-06,0.0,3.814697265625e-06,1,0,1,262144,True,False
15,0,centered_grid,0.01392064902425012,0.05601143032591977,100.0,7,0.004142264256386844,0.530209824817516,0.0001755886754998503,0.00017986467919817848,0.0001777266773490144,0.002098573198584313,0.0025267804941744194,0.0023126768463793664,0.0006123917771103965,0.0019679785310481083,0.0035468208445816173,0.002757399687814863,0.05115328854066284,0.04372966120241843,0.047441474871540636,0.05115328854066284,0.045640824718632955,-9858,7875,9858,35.524200439453125,405.0,1463.7140000000363,3975.8569999997853,-77,62,0.0,0.0,0.0,0,0,0,262144,False,False
15,1,centered_grid,0.01518057540466383,0.053657100457003844,99.995,0,0.003968152358029529,0.003968152358029529,0.00017206398836657722,0.00015521266846638902,0.0001636383284164831,0.0020021125528807255,0.002654074894198649,0.002328093723539687,0.0006123917771103965,0.0019493417834224413,0.0038467050444298705,0.002898023413926156,0.7230132422965024,0.7452583042532391,0.7341357732748708,0.7452583042532391,0.7304945302489668,-10323,8250,10323,36.79753875732422,420.0,1520.8570000000182,4131.0,-10323,8250,0.041042327880859375,0.020343780517578125,0.02069854736328125,10759,5333,5426,262144,False,False
15,1,centered_grid,0.01518057540466383,0.053657100457003844,99.995,1,0.003968152358029529,0.007936304716059057,0.00017206398836657722,0.00015521266846638902,0.0001636383284164831,0.0020021125528807255,0.002654074894198649,0.002328093723539687,0.0006123917771103965,0.0019493417834224413,0.0038467050444298705,0.002898023413926156,0.5879567141975021,0.6136776910406724,0.6008172026190872,0.6136776910406724,0.5961717348135501,-10323,8250,10323,36.79753875732422,420.0,1520.8570000000182,4131.0,-5162,4125,0.01922607421875,0.009613037109375,0.009613037109375,5040,2520,2520,262144,False,False
15,1,centered_grid,0.01518057540466383,0.053657100457003844,99.995,2,0.003968152358029529,0.015872609432118115,0.00017206398836657722,0.00015521266846638902,0.0001636383284164831,0.0020021125528807255,0.002654074894198649,0.002328093723539687,0.0006123917771103965,0.0019493417834224413,0.0038467050444298705,0.002898023413926156,0.4245799403098289,0.4515715601649317,0.4380757502373803,0.4515715601649317,0.4325140858378533,-10323,8250,10323,36.79753875732422,420.0,1520.8570000000182,4131.0,-2581,2062,0.007488250732421875,0.00379180908203125,0.003696441650390625,1963,994,969,262144,False,False
15,1,centered_grid,0.01518057540466383,0.053657100457003844,99.995,3,0.003968152358029529,0.03174521886423623,0.00017206398836657722,0.00015521266846638902,0.0001636383284164831,0.0020021125528807255,0.002654074894198649,0.002328093723539687,0.0006123917771103965,0.0019493417834224413,0.0038467050444298705,0.002898023413926156,0.26428672305954837,0.2838932410790344,0.27408998206929136,0.2838932410790344,0.2679516909119014,-10323,8250,10323,36.79753875732422,420.0,1520.8570000000182,4131.0,-1290,1031,0.00215911865234375,0.001102447509765625,0.001056671142578125,566,289,277,262144,False,False
15,1,centered_grid,0.01518057540466383,0.053657100457003844,99.995,4,0.003968152358029529,0.06349043772847246,0.00017206398836657722,0.00015521266846638902,0.0001636383284164831,0.0020021125528807255,0.002654074894198649,0.002328093723539687,0.0006123917771103965,0.0019493417834224413,0.0038467050444298705,0.002898023413926156,0.1313599727438263,0.13786342899034876,0.1346117008670875,0.13786342899034876,0.1288727158096057,-10323,8250,10323,36.79753875732422,420.0,1520.8570000000182,4131.0,-645,516,0.00052642822265625,0.000244140625,0.00028228759765625,138,64,74,262144,False,False
15,1,centered_grid,0.01518057540466383,0.053657100457003844,99.995,5,0.003968152358029529,0.12698087545694492,0.00017206398836657722,0.00015521266846638902,0.0001636383284164831,0.0020021125528807255,0.002654074894198649,0.002328093723539687,0.0006123917771103965,0.0019493417834224413,0.0038467050444298705,0.002898023413926156,0.049122390301213285,0.039392567875293404,0.044257479088253344,0.049122390301213285,0.04042014050773912,-10323,8250,10323,36.79753875732422,420.0,1520.8570000000182,4131.0,-323,258,0.0001068115234375,6.103515625e-05,4.57763671875e-05,28,16,12,262144,False,False
15,1,centered_grid,0.01518057540466383,0.053657100457003844,99.995,6,0.003968152358029529,0.25396175091388984,0.00017206398836657722,0.00015521266846638902,0.0001636383284164831,0.0020021125528807255,0.002654074894198649,0.002328093723539687,0.0006123917771103965,0.0019493417834224413,0.0038467050444298705,0.002898023413926156,0.022044171637662636,0.017737680996852103,0.01989092631725737,0.022044171637662636,0.017001676719629842,-10323,8250,10323,36.79753875732422,420.0,1520.8570000000182,4131.0,-161,129,1.1444091796875e-05,7.62939453125e-06,3.814697265625e-06,3,2,1,262144,True,False
15,1,centered_grid,0.01518057540466383,0.053657100457003844,99.995,7,0.003968152358029529,0.5079235018277797,0.00017206398836657722,0.00015521266846638902,0.0001636383284164831,0.0020021125528807255,0.002654074894198649,0.002328093723539687,0.0006123917771103965,0.0019493417834224413,0.0038467050444298705,0.002898023413926156,0.048998100913800316,0.04207370900496153,0.045535904959380924,0.048998100913800316,0.04332287313490718,-10323,8250,10323,36.79753875732422,420.0,1520.8570000000182,4131.0,-81,64,0.0,0.0,0.0,0,0,0,262144,False,False
15,2,centered_grid,0.01655453486509393,0.05357412464215419,99.995,0,0.003962015972116933,0.003962015972116933,0.00017257651388572504,0.00014157240977393025,0.00015707446182982763,0.001990915519356809,0.0026515049121552557,0.0023212102157560326,0.0006123917771103965,0.0019443725789515844,0.003841297241579725,0.002892834910265655,0.7232675213180012,0.7455038336000785,0.7343856774590398,0.7455038336000785,0.7310203193904536,-10323,8250,10323,36.79788589477539,420.0,1533.4280000000726,4175.999599999399,-10323,8250,0.041095733642578125,0.0203857421875,0.020709991455078125,10773,5344,5429,262144,False,False
15,2,centered_grid,0.01655453486509393,0.05357412464215419,99.995,1,0.003962015972116933,0.007924031944233866,0.00017257651388572504,0.00014157240977393025,0.00015707446182982763,0.001990915519356809,0.0026515049121552557,0.0023212102157560326,0.0006123917771103965,0.0019443725789515844,0.003841297241579725,0.002892834910265655,0.5882880962284864,0.614005005809899,0.6011465510191927,0.614005005809899,0.5967193620651933,-10323,8250,10323,36.79788589477539,420.0,1533.4280000000726,4175.999599999399,-5162,4125,0.0192718505859375,0.0096435546875,0.0096282958984375,5052,2528,2524,262144,False,False
15,2,centered_grid,0.01655453486509393,0.05357412464215419,99.995,2,0.003962015972116933,0.015848063888467732,0.00017257651388572504,0.00014157240977393025,0.00015707446182982763,0.001990915519356809,0.0026515049121552557,0.0023212102157560326,0.0006123917771103965,0.0019443725789515844,0.003841297241579725,0.002892834910265655,0.42494166847090264,0.4519390135471645,0.43844034100903356,0.4519390135471645,0.4330551972490737,-10323,8250,10323,36.79788589477539,420.0,1533.4280000000726,4175.999599999399,-2581,2062,0.00753021240234375,0.003818511962890625,0.003711700439453125,1974,1001,973,262144,False,False
15,2,centered_grid,0.01655453486509393,0.05357412464215419,99.995,3,0.003962015972116933,0.031696127776935465,0.00017257651388572504,0.00014157240977393025,0.00015707446182982763,0.001990915519356809,0.0026515049121552557,0.0023212102157560326,0.0006123917771103965,0.0019443725789515844,0.003841297241579725,0.002892834910265655,0.26460550359345786,0.28423901719584277,0.27442226039465034,0.28423901719584277,0.2684516419246722,-10323,8250,10323,36.79788589477539,420.0,1533.4280000000726,4175.999599999399,-1290,1031,0.002178192138671875,0.0011138916015625,0.001064300537109375,571,292,279,262144,False,False
15,2,centered_grid,0.01655453486509393,0.05357412464215419,99.995,4,0.003962015972116933,0.06339225555387093,0.00017257651388572504,0.00014157240977393025,0.00015707446182982763,0.001990915519356809,0.0026515049121552557,0.0023212102157560326,0.0006123917771103965,0.0019443725789515844,0.003841297241579725,0.002892834910265655,0.13160550012334435,0.13811638999404566,0.134860945058695,0.13811638999404566,0.12926979961073953,-10323,8250,10323,36.79788589477539,420.0,1533.4280000000726,4175.999599999399,-645,516,0.000530242919921875,0.000244140625,0.000286102294921875,139,64,75,262144,False,False
15,2,centered_grid,0.01655453486509393,0.05357412464215419,99.995,5,0.003962015972116933,0.12678451110774186,0.00017257651388572504,0.00014157240977393025,0.00015707446182982763,0.001990915519356809,0.0026515049121552557,0.0023212102157560326,0.0006123917771103965,0.0019443725789515844,0.003841297241579725,0.002892834910265655,0.049220865383631816,0.039525387270763594,0.044373126327197705,0.049220865383631816,0.04059897103269103,-10323,8250,10323,36.79788589477539,420.0,1533.4280000000726,4175.999599999399,-323,258,0.0001068115234375,6.103515625e-05,4.57763671875e-05,28,16,12,262144,False,False
15,2,centered_grid,0.01655453486509393,0.05357412464215419,99.995,6,0.003962015972116933,0.2535690222154837,0.00017257651388572504,0.00014157240977393025,0.00015707446182982763,0.001990915519356809,0.0026515049121552557,0.0023212102157560326,0.0006123917771103965,0.0019443725789515844,0.003841297241579725,0.002892834910265655,0.022027198230883904,0.017693654104104988,0.019860426167494446,0.022027198230883904,0.01694256076702575,-10323,8250,10323,36.79788589477539,420.0,1533.4280000000726,4175.999599999399,-161,129,1.1444091796875e-05,7.62939453125e-06,3.814697265625e-06,3,2,1,262144,True,False
15,2,centered_grid,0.01655453486509393,0.05357412464215419,99.995,7,0.003962015972116933,0.5071380444309674,0.00017257651388572504,0.00014157240977393025,0.00015707446182982763,0.001990915519356809,0.0026515049121552557,0.0023212102157560326,0.0006123917771103965,0.0019443725789515844,0.003841297241579725,0.002892834910265655,0.04891177767905833,0.042009940434002364,0.04546085905653034,0.04891177767905833,0.04311282404021542,-10323,8250,10323,36.79788589477539,420.0,1533.4280000000726,4175.999599999399,-81,64,0.0,0.0,0.0,0,0,0,262144,False,False
15,3,centered_grid,0.01805284828106154,0.05358995119653683,99.995,0,0.0039631864076894495,0.0039631864076894495,0.00017485216042044169,0.0001369799097986872,0.00015591603510956443,0.002003431753419536,0.0026646920386024183,0.0023340618960109773,0.0006123917771103965,0.001966317630673049,0.003845484374789326,0.0029059010027311875,0.7232265712603886,0.7454589547778987,0.7343427630191437,0.7454589547778987,0.730462059804509,-10323,8250,10323,36.87433624267578,420.0,1533.4280000000726,4175.999599999399,-10323,8250,0.041164398193359375,0.020420074462890625,0.02074432373046875,10791,5353,5438,262144,False,False
15,3,centered_grid,0.01805284828106154,0.05358995119653683,99.995,1,0.0039631864076894495,0.007926372815378899,0.00017485216042044169,0.0001369799097986872,0.00015591603510956443,0.002003431753419536,0.0026646920386024183,0.0023340618960109773,0.0006123917771103965,0.001966317630673049,0.003845484374789326,0.0029059010027311875,0.5882356332002541,0.6139454322488066,0.6010905327245304,0.6139454322488066,0.596192468503141,-10323,8250,10323,36.87433624267578,420.0,1533.4280000000726,4175.999599999399,-5162,4125,0.0192413330078125,0.0096282958984375,0.009613037109375,5044,2524,2520,262144,False,False
15,3,centered_grid,0.01805284828106154,0.05358995119653683,99.995,2,0.0039631864076894495,0.015852745630757798,0.00017485216042044169,0.0001369799097986872,0.00015591603510956443,0.002003431753419536,0.0026646920386024183,0.0023340618960109773,0.0006123917771103965,0.001966317630673049,0.003845484374789326,0.0029059010027311875,0.4248857655809164,0.4518727888195313,0.43837927720022385,0.4518727888195313,0.4326024627565228,-10323,8250,10323,36.87433624267578,420.0,1533.4280000000726,4175.999599999399,-2581,2062,0.0074920654296875,0.003787994384765625,0.003704071044921875,1964,993,971,262144,False,False
15,3,centered_grid,0.01805284828106154,0.05358995119653683,99.995,3,0.0039631864076894495,0.031705491261515596,0.00017485216042044169,0.0001369799097986872,0.00015591603510956443,0.002003431753419536,0.0026646920386024183,0.0023340618960109773,0.0006123917771103965,0.001966317630673049,0.003845484374789326,0.0029059010027311875,0.2645618725588855,0.2841712144993281,0.27436654352910683,0.2841712144993281,0.26808317999479836,-10323,8250,10323,36.87433624267578,420.0,1533.4280000000726,4175.999599999399,-1290,1031,0.002170562744140625,0.0011138916015625,0.001056671142578125,569,292,277,262144,False,False
15,3,centered_grid,0.01805284828106154,0.05358995119653683,99.995,4,0.0039631864076894495,0.06341098252303119,0.00017485216042044169,0.0001369799097986872,0.00015591603510956443,0.002003431753419536,0.0026646920386024183,0.0023340618960109773,0.0006123917771103965,0.001966317630673049,0.003845484374789326,0.0029059010027311875,0.13157661120964947,0.1380712283954692,0.13482391980255934,0.1380712283954692,0.12904725931534372,-10323,8250,10323,36.87433624267578,420.0,1533.4280000000726,4175.999599999399,-645,516,0.00052642822265625,0.000244140625,0.00028228759765625,138,64,74,262144,False,False
15,3,centered_grid,0.01805284828106154,0.05358995119653683,99.995,5,0.0039631864076894495,0.12682196504606238,0.00017485216042044169,0.0001369799097986872,0.00015591603510956443,0.002003431753419536,0.0026646920386024183,0.0023340618960109773,0.0006123917771103965,0.001966317630673049,0.003845484374789326,0.0029059010027311875,0.04923860063598097,0.039510065397770945,0.04437433301687596,0.04923860063598097,0.04053711308116348,-10323,8250,10323,36.87433624267578,420.0,1533.4280000000726,4175.999599999399,-323,258,0.0001068115234375,6.103515625e-05,4.57763671875e-05,28,16,12,262144,False,False
15,3,centered_grid,0.01805284828106154,0.05358995119653683,99.995,6,0.0039631864076894495,0.25364393009212477,0.00017485216042044169,0.0001369799097986872,0.00015591603510956443,0.002003431753419536,0.0026646920386024183,0.0023340618960109773,0.0006123917771103965,0.001966317630673049,0.003845484374789326,0.0029059010027311875,0.022047057920635556,0.017723199242484864,0.01988512858156021,0.022047057920635556,0.017034752699833174,-10323,8250,10323,36.87433624267578,420.0,1533.4280000000726,4175.999599999399,-161,129,1.1444091796875e-05,7.62939453125e-06,3.814697265625e-06,3,2,1,262144,True,False
15,3,centered_grid,0.01805284828106154,0.05358995119653683,99.995,7,0.0039631864076894495,0.5072878601842495,0.00017485216042044169,0.0001369799097986872,0.00015591603510956443,0.002003431753419536,0.0026646920386024183,0.0023340618960109773,0.0006123917771103965,0.001966317630673049,0.003845484374789326,0.0029059010027311875,0.048949496515717714,0.042039946799851444,0.04549472165778458,0.048949496515717714,0.043379898340792034,-10323,8250,10323,36.87433624267578,420.0,1533.4280000000726,4175.999599999399,-81,64,0.0,0.0,0.0,0,0,0,262144,False,False
15,4,centered_grid,0.019686770647130314,0.05363482396777218,99.995,0,0.00396650492455809,0.00396650492455809,0.00017688767858214087,0.00013647818994735008,0.00015668293426474548,0.0020003501611792224,0.002654588011804628,0.002327469086491925,0.0006123917771103965,0.0019459480616239085,0.0038435339308155792,0.0028947409962197437,0.7230796823567976,0.7453250528623382,0.7342023676095679,0.7453250528623382,0.7307409894497832,-10323,8250,10323,36.801212310791016,420.0,1520.8570000000182,4131.0,-10323,8250,0.04111480712890625,0.020374298095703125,0.020740509033203125,10778,5341,5437,262144,False,False
15,4,centered_grid,0.019686770647130314,0.05363482396777218,99.995,1,0.00396650492455809,0.00793300984911618,0.00017688767858214087,0.00013647818994735008,0.00015668293426474548,0.0020003501611792224,0.002654588011804628,0.002327469086491925,0.0006123917771103965,0.0019459480616239085,0.0038435339308155792,0.0028947409962197437,0.5880421745873455,0.6137648044816207,0.6009034895344831,0.6137648044816207,0.5965024953516094,-10323,8250,10323,36.801212310791016,420.0,1520.8570000000182,4131.0,-5162,4125,0.0192718505859375,0.009654998779296875,0.009616851806640625,5052,2531,2521,262144,False,False
15,4,centered_grid,0.019686770647130314,0.05363482396777218,99.995,2,0.00396650492455809,0.01586601969823236,0.00017688767858214087,0.00013647818994735008,0.00015668293426474548,0.0020003501611792224,0.002654588011804628,0.002327469086491925,0.0006123917771103965,0.0019459480616239085,0.0038435339308155792,0.0028947409962197437,0.424669553398727,0.45166820796940627,0.4381688806840666,0.45166820796940627,0.4330086402394504,-10323,8250,10323,36.801212310791016,420.0,1520.8570000000182,4131.0,-2581,2062,0.007495880126953125,0.0037841796875,0.003711700439453125,1965,992,973,262144,False,False
15,4,centered_grid,0.019686770647130314,0.05363482396777218,99.995,3,0.00396650492455809,0.03173203939646472,0.00017688767858214087,0.00013647818994735008,0.00015668293426474548,0.0020003501611792224,0.002654588011804628,0.002327469086491925,0.0006123917771103965,0.0019459480616239085,0.0038435339308155792,0.0028947409962197437,0.2643719619632535,0.2839784466868231,0.2741752043250383,0.2839784466868231,0.2685889059240555,-10323,8250,10323,36.801212310791016,420.0,1520.8570000000182,4131.0,-1290,1031,0.002155303955078125,0.001102447509765625,0.0010528564453125,565,289,276,262144,False,False
15,4,centered_grid,0.019686770647130314,0.05363482396777218,99.995,4,0.00396650492455809,0.06346407879292944,0.00017688767858214087,0.00013647818994735008,0.00015668293426474548,0.0020003501611792224,0.002654588011804628,0.002327469086491925,0.0006123917771103965,0.0019459480616239085,0.0038435339308155792,0.0028947409962197437,0.1314217168872695,0.13792733165533852,0.134674524271304,0.13792733165533852,0.12951301865457676,-10323,8250,10323,36.801212310791016,420.0,1520.8570000000182,4131.0,-645,516,0.00052642822265625,0.000244140625,0.00028228759765625,138,64,74,262144,False,False
15,4,centered_grid,0.019686770647130314,0.05363482396777218,99.995,5,0.00396650492455809,0.12692815758585888,0.00017688767858214087,0.00013647818994735008,0.00015668293426474548,0.0020003501611792224,0.002654588011804628,0.002327469086491925,0.0006123917771103965,0.0019459480616239085,0.0038435339308155792,0.0028947409962197437,0.04914976786385059,0.03942501629703003,0.044287392080440316,0.04914976786385059,0.040809054933882066,-10323,8250,10323,36.801212310791016,420.0,1520.8570000000182,4131.0,-323,258,0.0001068115234375,6.103515625e-05,4.57763671875e-05,28,16,12,262144,False,False
15,4,centered_grid,0.019686770647130314,0.05363482396777218,99.995,6,0.00396650492455809,0.25385631517171775,0.00017688767858214087,0.00013647818994735008,0.00015668293426474548,0.0020003501611792224,0.002654588011804628,0.002327469086491925,0.0006123917771103965,0.0019459480616239085,0.0038435339308155792,0.0028947409962197437,0.022056610144688196,0.01773193791816782,0.01989427403142801,0.022056610144688196,0.017005757992888074,-10323,8250,10323,36.801212310791016,420.0,1520.8570000000182,4131.0,-161,129,1.1444091796875e-05,7.62939453125e-06,3.814697265625e-06,3,2,1,262144,True,False
15,4,centered_grid,0.019686770647130314,0.05363482396777218,99.995,7,0.00396650492455809,0.5077126303434355,0.00017688767858214087,0.00013647818994735008,0.00015668293426474548,0.0020003501611792224,0.002654588011804628,0.002327469086491925,0.0006123917771103965,0.0019459480616239085,0.0038435339308155792,0.0028947409962197437,0.04899122873967787,0.042060894771772675,0.045526061755725274,0.04899122873967787,0.043216571025655834,-10323,8250,10323,36.801212310791016,420.0,1520.8570000000182,4131.0,-81,64,0.0,0.0,0.0,0,0,0,262144,False,False
16,-4,centered_grid,0.01457124630565462,0.05862918789125599,100.0,0,0.008939740824920772,0.008939740824920772,0.0005841477375072829,0.0004656808243026067,0.0005249142809049448,0.0038975177641332607,0.002029988876920972,0.0029637533205271165,0.0019345472516392257,0.014864141239368635,0.0035551449831458365,0.009209643111257236,0.573665753390195,0.5273119174776094,0.5504888354339021,0.573665753390195,0.5340942139041249,-4712,3175,4712,22.607254028320312,276.0,803.4280000000726,2039.570999999356,-4712,3175,0.029937744140625,0.015041351318359375,0.014896392822265625,7848,3943,3905,262144,False,False
16,-4,centered_grid,0.01457124630565462,0.05862918789125599,100.0,1,0.008939740824920772,0.017879481649841544,0.0005841477375072829,0.0004656808243026067,0.0005249142809049448,0.0038975177641332607,0.002029988876920972,0.0029637533205271165,0.0019345472516392257,0.014864141239368635,0.0035551449831458365,0.009209643111257236,0.3992909637753211,0.3418399519044687,0.3705654578398949,0.3992909637753211,0.350421889493689,-4712,3175,4712,22.607254028320312,276.0,803.4280000000726,2039.570999999356,-2356,1588,0.011341094970703125,0.005649566650390625,0.0056915283203125,2973,1481,1492,262144,False,False
16,-4,centered_grid,0.01457124630565462,0.05862918789125599,100.0,2,0.008939740824920772,0.03575896329968309,0.0005841477375072829,0.0004656808243026067,0.0005249142809049448,0.0038975177641332607,0.002029988876920972,0.0029637533205271165,0.0019345472516392257,0.014864141239368635,0.0035551449831458365,0.009209643111257236,0.23424842859104852,0.1823940931269416,0.20832126085899505,0.23424842859104852,0.18630277219918495,-4712,3175,4712,22.607254028320312,276.0,803.4280000000726,2039.570999999356,-1178,794,0.00296783447265625,0.001399993896484375,0.001567840576171875,778,367,411,262144,False,False
16,-4,centered_grid,0.01457124630565462,0.05862918789125599,100.0,3,0.008939740824920772,0.07151792659936618,0.0005841477375072829,0.0004656808243026067,0.0005249142809049448,0.0038975177641332607,0.002029988876920972,0.0029637533205271165,0.0019345472516392257,0.014864141239368635,0.0035551449831458365,0.009209643111257236,0.11621531468566941,0.07783719318309461,0.09702625393438201,0.11621531468566941,0.07668167487642852,-4712,3175,4712,22.607254028320312,276.0,803.4280000000726,2039.570999999356,-589,397,0.00048828125,0.00025177001953125,0.00023651123046875,128,66,62,262144,False,False
16,-4,centered_grid,0.01457124630565462,0.05862918789125599,100.0,4,0.008939740824920772,0.14303585319873235,0.0005841477375072829,0.0004656808243026067,0.0005249142809049448,0.0038975177641332607,0.002029988876920972,0.0029637533205271165,0.0019345472516392257,0.014864141239368635,0.0035551449831458365,0.009209643111257236,0.04758059632667769,0.020086783545985476,0.03383368993633158,0.04758059632667769,0.01992244291674668,-4712,3175,4712,22.607254028320312,276.0,803.4280000000726,2039.570999999356,-294,198,9.918212890625e-05,5.340576171875e-05,4.57763671875e-05,26,14,12,262144,False,False
16,-4,centered_grid,0.01457124630565462,0.05862918789125599,100.0,5,0.008939740824920772,0.2860717063974647,0.0005841477375072829,0.0004656808243026067,0.0005249142809049448,0.0038975177641332607,0.002029988876920972,0.0029637533205271165,0.0019345472516392257,0.014864141239368635,0.0035551449831458365,0.009209643111257236,0.03172145706100281,0.01540811005413471,0.02356478355756876,0.03172145706100281,0.014725221771744105,-4712,3175,4712,22.607254028320312,276.0,803.4280000000726,2039.570999999356,-147,99,3.814697265625e-06,0.0,3.814697265625e-06,1,0,1,262144,True,False
16,-4,centered_grid,0.01457124630565462,0.05862918789125599,100.0,6,0.008939740824920772,0.5721434127949294,0.0005841477375072829,0.0004656808243026067,0.0005249142809049448,0.0038975177641332607,0.002029988876920972,0.0029637533205271165,0.0019345472516392257,0.014864141239368635,0.0035551449831458365,0.009209643111257236,0.05548110472775277,0.03757928853293125,0.04653019663034201,0.05548110472775277,0.0393218008738553,-4712,3175,4712,22.607254028320312,276.0,803.4280000000726,2039.570999999356,-74,50,0.0,0.0,0.0,0,0,0,262144,False,False
16,-4,centered_grid,0.01457124630565462,0.05862918789125599,100.0,7,0.008939740824920772,1.1442868255898588,0.0005841477375072829,0.0004656808243026067,0.0005249142809049448,0.0038975177641332607,0.002029988876920972,0.0029637533205271165,0.0019345472516392257,0.014864141239368635,0.0035551449831458365,0.009209643111257236,0.08899283489873645,0.07371837885760962,0.08135560687817303,0.08899283489873645,0.07817392280416308,-4712,3175,4712,22.607254028320312,276.0,803.4280000000726,2039.570999999356,-37,25,0.0,0.0,0.0,0,0,0,262144,False,False
16,-3,centered_grid,0.015890056770886427,0.06393558275529893,100.0,0,0.009748856497599387,0.009748856497599387,0.0004771089172114574,0.0003455491384710413,0.00041132902784124937,0.003631752362389206,0.0018975851579431668,0.0027646687601661866,0.0019345472516392257,0.01229997694737516,0.003441121992266063,0.00787054946982061,0.5533332802302097,0.5047844937363226,0.5290588869832662,0.5533332802302097,0.5146103754383575,-4332,3175,4332,20.704776763916016,252.0,740.8570000000182,1858.7141999998712,-4332,3175,0.026966094970703125,0.01348876953125,0.013477325439453125,7069,3536,3533,262144,False,False
16,-3,centered_grid,0.015890056770886427,0.06393558275529893,100.0,1,0.009748856497599387,0.019497712995198774,0.0004771089172114574,0.0003455491384710413,0.00041132902784124937,0.003631752362389206,0.0018975851579431668,0.0027646687601661866,0.0019345472516392257,0.01229997694737516,0.003441121992266063,0.00787054946982061,0.37770303116522946,0.3198854785501347,0.3487942548576821,0.37770303116522946,0.3316314386044514,-4332,3175,4332,20.704776763916016,252.0,740.8570000000182,1858.7141999998712,-2166,1588,0.0098114013671875,0.004817962646484375,0.004993438720703125,2572,1263,1309,262144,False,False
16,-3,centered_grid,0.015890056770886427,0.06393558275529893,100.0,2,0.009748856497599387,0.03899542599039755,0.0004771089172114574,0.0003455491384710413,0.00041132902784124937,0.003631752362389206,0.0018975851579431668,0.0027646687601661866,0.0019345472516392257,0.01229997694737516,0.003441121992266063,0.00787054946982061,0.21689991721856594,0.16666470850173362,0.1917823128601498,0.21689991721856594,0.17347452309200498,-4332,3175,4332,20.704776763916016,252.0,740.8570000000182,1858.7141999998712,-1083,794,0.00240325927734375,0.001140594482421875,0.001262664794921875,630,299,331,262144,False,False
16,-3,centered_grid,0.015890056770886427,0.06393558275529893,100.0,3,0.009748856497599387,0.0779908519807951,0.0004771089172114574,0.0003455491384710413,0.00041132902784124937,0.003631752362389206,0.0018975851579431668,0.0027646687601661866,0.0019345472516392257,0.01229997694737516,0.003441121992266063,0.00787054946982061,0.10613570454075674,0.06845892312124945,0.08729731383100309,0.10613570454075674,0.07069161523271236,-4332,3175,4332,20.704776763916016,252.0,740.8570000000182,1858.7141999998712,-542,397,0.000377655029296875,0.0001983642578125,0.000179290771484375,99,52,47,262144,False,False
16,-3,centered_grid,0.015890056770886427,0.06393558275529893,100.0,4,0.009748856497599387,0.1559817039615902,0.0004771089172114574,0.0003455491384710413,0.00041132902784124937,0.003631752362389206,0.0018975851579431668,0.0027646687601661866,0.0019345472516392257,0.01229997694737516,0.003441121992266063,0.00787054946982061,0.041934803226985944,0.01737138478322257,0.029653094005104255,0.041934803226985944,0.018385936272048254,-4332,3175,4332,20.704776763916016,252.0,740.8570000000182,1858.7141999998712,-271,198,7.2479248046875e-05,4.1961669921875e-05,3.0517578125e-05,19,11,8,262144,False,False
16,-3,centered_grid,0.015890056770886427,0.06393558275529893,100.0,5,0.009748856497599387,0.3119634079231804,0.0004771089172114574,0.0003455491384710413,0.00041132902784124937,0.003631752362389206,0.0018975851579431668,0.0027646687601661866,0.0019345472516392257,0.01229997694737516,0.003441121992266063,0.00787054946982061,0.031068022068387477,0.01727540767904231,0.024171714873714896,0.031068022068387477,0.016487452491273414,-4332,3175,4332,20.704776763916016,252.0,740.8570000000182,1858.7141999998712,-135,99,3.814697265625e-06,0.0,3.814697265625e-06,1,0,1,262144,True,False
16,-3,centered_grid,0.015890056770886427,0.06393558275529893,100.0,6,0.009748856497599387,0.6239268158463608,0.0004771089172114574,0.0003455491384710413,0.00041132902784124937,0.003631752362389206,0.0018975851579431668,0.0027646687601661866,0.0019345472516392257,0.01229997694737516,0.003441121992266063,0.00787054946982061,0.05708610789209407,0.04150341610504824,0.049294761998571156,0.05708610789209407,0.04303860460870347,-4332,3175,4332,20.704776763916016,252.0,740.8570000000182,1858.7141999998712,-68,50,0.0,0.0,0.0,0,0,0,262144,False,False
16,-3,centered_grid,0.015890056770886427,0.06393558275529893,100.0,7,0.009748856497599387,1.2478536316927216,0.0004771089172114574,0.0003455491384710413,0.00041132902784124937,0.003631752362389206,0.0018975851579431668,0.0027646687601661866,0.0019345472516392257,0.01229997694737516,0.003441121992266063,0.00787054946982061,0.09171191903431547,0.08006552159049006,0.08588872031240277,0.09171191903431547,0.08377849082459117,-4332,3175,4332,20.704776763916016,252.0,740.8570000000182,1858.7141999998712,-34,25,0.0,0.0,0.0,0,0,0,262144,False,False
16,-2,centered_grid,0.017328229781141586,0.069722247387113,100.0,0,0.010631203395276076,0.010631203395276076,0.00040413852141293075,0.0002814925059415598,0.0003428155136772453,0.003114559683406746,0.001734656032760592,0.002424607858083669,0.0019345472516392257,0.009894539084857166,0.003391890260554314,0.00664321467270574,0.5322002072586305,0.4816616150156551,0.5069309111371427,0.5322002072586305,0.49857712755163175,-3952,3075,3952,18.392520904541016,232.0,675.8570000000182,1702.214099999721,-3952,3075,0.024387359619140625,0.01220703125,0.012180328369140625,6393,3200,3193,262144,False,False
16,-2,centered_grid,0.017328229781141586,0.069722247387113,100.0,1,0.010631203395276076,0.021262406790552153,0.00040413852141293075,0.0002814925059415598,0.0003428155136772453,0.003114559683406746,0.001734656032760592,0.002424607858083669,0.0019345472516392257,0.009894539084857166,0.003391890260554314,0.00664321467270574,0.3559973515268862,0.2981167697956225,0.3270570606612544,0.3559973515268862,0.315338263088935,-3952,3075,3952,18.392520904541016,232.0,675.8570000000182,1702.214099999721,-1976,1538,0.008510589599609375,0.004207611083984375,0.004302978515625,2231,1103,1128,262144,False,False
16,-2,centered_grid,0.017328229781141586,0.069722247387113,100.0,2,0.010631203395276076,0.042524813581104305,0.00040413852141293075,0.0002814925059415598,0.0003428155136772453,0.003114559683406746,0.001734656032760592,0.002424607858083669,0.0019345472516392257,0.009894539084857166,0.003391890260554314,0.00664321467270574,0.20003517894307785,0.1515518550915296,0.17579351701730372,0.20003517894307785,0.16229534939610463,-3952,3075,3952,18.392520904541016,232.0,675.8570000000182,1702.214099999721,-988,769,0.001964569091796875,0.00091552734375,0.001049041748046875,515,240,275,262144,False,False
16,-2,centered_grid,0.017328229781141586,0.069722247387113,100.0,3,0.010631203395276076,0.08504962716220861,0.00040413852141293075,0.0002814925059415598,0.0003428155136772453,0.003114559683406746,0.001734656032760592,0.002424607858083669,0.0019345472516392257,0.009894539084857166,0.003391890260554314,0.00664321467270574,0.09634620242464634,0.0594272740042859,0.07788673821446612,0.09634620242464634,0.0653503936615335,-3952,3075,3952,18.392520904541016,232.0,675.8570000000182,1702.214099999721,-494,384,0.000301361083984375,0.000148773193359375,0.000152587890625,79,39,40,262144,False,False
16,-2,centered_grid,0.017328229781141586,0.069722247387113,100.0,4,0.010631203395276076,0.17009925432441722,0.00040413852141293075,0.0002814925059415598,0.0003428155136772453,0.003114559683406746,0.001734656032760592,0.002424607858083669,0.0019345472516392257,0.009894539084857166,0.003391890260554314,0.00664321467270574,0.03633845009788969,0.01541710007230548,0.025877775085097587,0.03633845009788969,0.017339030544010436,-3952,3075,3952,18.392520904541016,232.0,675.8570000000182,1702.214099999721,-247,192,4.9591064453125e-05,2.6702880859375e-05,2.288818359375e-05,13,7,6,262144,False,False
16,-2,centered_grid,0.017328229781141586,0.069722247387113,100.0,5,0.010631203395276076,0.34019850864883444,0.00040413852141293075,0.0002814925059415598,0.0003428155136772453,0.003114559683406746,0.001734656032760592,0.002424607858083669,0.0019345472516392257,0.009894539084857166,0.003391890260554314,0.00664321467270574,0.031560573583886385,0.019369958419132898,0.02546526600150964,0.031560573583886385,0.018787588245982742,-3952,3075,3952,18.392520904541016,232.0,675.8570000000182,1702.214099999721,-124,96,0.0,0.0,0.0,0,0,0,262144,True,False
16,-2,centered_grid,0.017328229781141586,0.069722247387113,100.0,6,0.010631203395276076,0.6803970172976689,0.00040413852141293075,0.0002814925059415598,0.0003428155136772453,0.003114559683406746,0.001734656032760592,0.002424607858083669,0.0019345472516392257,0.009894539084857166,0.003391890260554314,0.00664321467270574,0.05828606035117182,0.04519273941974834,0.051739399885460086,0.05828606035117182,0.04424008751813649,-3952,3075,3952,18.392520904541016,232.0,675.8570000000182,1702.214099999721,-62,48,0.0,0.0,0.0,0,0,0,262144,False,False
16,-2,centered_grid,0.017328229781141586,0.069722247387113,100.0,7,0.010631203395276076,1.3607940345953378,0.00040413852141293075,0.0002814925059415598,0.0003428155136772453,0.003114559683406746,0.001734656032760592,0.002424607858083669,0.0019345472516392257,0.009894539084857166,0.003391890260554314,0.00664321467270574,0.09520988693806279,0.08694756635507628,0.09107872664656953,0.09520988693806279,0.08352862139386694,-3952,3075,3952,18.392520904541016,232.0,675.8570000000182,1702.214099999721,-31,24,0.0,0.0,0.0,0,0,0,262144,False,False
16,-1,centered_grid,0.018896568569735303,0.07603264991444678,100.0,0,0.011593409510085702,0.011593409510085702,0.0003559230158105865,0.00024568496004504685,0.0003008039879278167,0.00257862246967234,0.0015348387525747742,0.0020567306111235572,0.0019345472516392257,0.007636780855966842,0.003326392418095223,0.005481586637031032,0.5104895867511939,0.4582277129856451,0.4843586498684195,0.5104895867511939,0.4761578373036699,-3648,2825,3648,17.09680938720703,210.0,624.0,1562.1425999996136,-3648,2825,0.02173614501953125,0.010913848876953125,0.010822296142578125,5698,2861,2837,262144,False,False
16,-1,centered_grid,0.018896568569735303,0.07603264991444678,100.0,1,0.011593409510085702,0.023186819020171404,0.0003559230158105865,0.00024568496004504685,0.0003008039879278167,0.00257862246967234,0.0015348387525747742,0.0020567306111235572,0.0019345472516392257,0.007636780855966842,0.003326392418095223,0.005481586637031032,0.3344579369481579,0.2768003973089997,0.3056291671285788,0.3344579369481579,0.29531351414256946,-3648,2825,3648,17.09680938720703,210.0,624.0,1562.1425999996136,-1824,1412,0.0072021484375,0.003559112548828125,0.003643035888671875,1888,933,955,262144,False,False
16,-1,centered_grid,0.018896568569735303,0.07603264991444678,100.0,2,0.011593409510085702,0.04637363804034281,0.0003559230158105865,0.00024568496004504685,0.0003008039879278167,0.00257862246967234,0.0015348387525747742,0.0020567306111235572,0.0019345472516392257,0.007636780855966842,0.003326392418095223,0.005481586637031032,0.1836970081688624,0.1371728456755291,0.16043492692219574,0.1836970081688624,0.1492010105964917,-3648,2825,3648,17.09680938720703,210.0,624.0,1562.1425999996136,-912,706,0.0016326904296875,0.000766754150390625,0.000865936279296875,428,201,227,262144,False,False
16,-1,centered_grid,0.018896568569735303,0.07603264991444678,100.0,3,0.011593409510085702,0.09274727608068561,0.0003559230158105865,0.00024568496004504685,0.0003008039879278167,0.00257862246967234,0.0015348387525747742,0.0020567306111235572,0.0019345472516392257,0.007636780855966842,0.003326392418095223,0.005481586637031032,0.08684349562967274,0.050799865228392506,0.06882168042903263,0.08684349562967274,0.058766456434309625,-3648,2825,3648,17.09680938720703,210.0,624.0,1562.1425999996136,-456,353,0.00025177001953125,0.000125885009765625,0.000125885009765625,66,33,33,262144,False,False
16,-1,centered_grid,0.018896568569735303,0.07603264991444678,100.0,4,0.011593409510085702,0.18549455216137123,0.0003559230158105865,0.00024568496004504685,0.0003008039879278167,0.00257862246967234,0.0015348387525747742,0.0020567306111235572,0.0019345472516392257,0.007636780855966842,0.003326392418095223,0.005481586637031032,0.031154803925608918,0.014001314479371193,0.022578059202490057,0.031154803925608918,0.015632838725188496,-3648,2825,3648,17.09680938720703,210.0,624.0,1562.1425999996136,-228,177,4.1961669921875e-05,2.288818359375e-05,1.9073486328125e-05,11,6,5,262144,True,False
16,-1,centered_grid,0.018896568569735303,0.07603264991444678,100.0,5,0.011593409510085702,0.37098910432274246,0.0003559230158105865,0.00024568496004504685,0.0003008039879278167,0.00257862246967234,0.0015348387525747742,0.0020567306111235572,0.0019345472516392257,0.007636780855966842,0.003326392418095223,0.005481586637031032,0.03172960165169604,0.0216299627210165,0.02667978218635627,0.03172960165169604,0.021528656763633684,-3648,2825,3648,17.09680938720703,210.0,624.0,1562.1425999996136,-114,88,0.0,0.0,0.0,0,0,0,262144,False,False
16,-1,centered_grid,0.018896568569735303,0.07603264991444678,100.0,6,0.011593409510085702,0.7419782086454849,0.0003559230158105865,0.00024568496004504685,0.0003008039879278167,0.00257862246967234,0.0015348387525747742,0.0020567306111235572,0.0019345472516392257,0.007636780855966842,0.003326392418095223,0.005481586637031032,0.0595412420036658,0.048910944074555346,0.05422609303911057,0.0595412420036658,0.05002101623747662,-3648,2825,3648,17.09680938720703,210.0,624.0,1562.1425999996136,-57,44,0.0,0.0,0.0,0,0,0,262144,False,False
16,-1,centered_grid,0.018896568569735303,0.07603264991444678,100.0,7,0.011593409510085702,1.4839564172909698,0.0003559230158105865,0.00024568496004504685,0.0003008039879278167,0.00257862246967234,0.0015348387525747742,0.0020567306111235572,0.0019345472516392257,0.007636780855966842,0.003326392418095223,0.005481586637031032,0.09945385365388862,0.09489142358484977,0.0971726386193692,0.09945385365388862,0.09385865934295679,-3648,2825,3648,17.09680938720703,210.0,624.0,1562.1425999996136,-28,22,0.0,0.0,0.0,0,0,0,262144,False,False
16,0,centered_grid,0.02060685414613562,0.08291419266673465,100.0,0,0.012642702718703394,0.012642702718703394,0.000324012502475867,0.00022939303700862117,0.0002767027697422441,0.002636289231886005,0.001711911500937919,0.002174100366411962,0.0019345472516392257,0.006225859316856241,0.0036103660297874232,0.004918112673321832,0.48887706290795696,0.4350209990272386,0.46194903096759776,0.48887706290795696,0.4525120092805858,-3344,2600,3344,15.90572738647461,195.0,571.7140000000363,1436.9997999996995,-3344,2600,0.01934814453125,0.009708404541015625,0.009639739990234375,5072,2545,2527,262144,False,False
16,0,centered_grid,0.02060685414613562,0.08291419266673465,100.0,1,0.012642702718703394,0.025285405437406788,0.000324012502475867,0.00022939303700862117,0.0002767027697422441,0.002636289231886005,0.001711911500937919,0.002174100366411962,0.0019345472516392257,0.006225859316856241,0.0036103660297874232,0.004918112673321832,0.31370867252989565,0.25652831745462895,0.2851184949922623,0.31370867252989565,0.2749159459562268,-3344,2600,3344,15.90572738647461,195.0,571.7140000000363,1436.9997999996995,-1672,1300,0.00614166259765625,0.0030059814453125,0.00313568115234375,1610,788,822,262144,False,False
16,0,centered_grid,0.02060685414613562,0.08291419266673465,100.0,2,0.012642702718703394,0.050570810874813577,0.000324012502475867,0.00022939303700862117,0.0002767027697422441,0.002636289231886005,0.001711911500937919,0.002174100366411962,0.0019345472516392257,0.006225859316856241,0.0036103660297874232,0.004918112673321832,0.16864596539577656,0.12404585157763254,0.14634590848670453,0.16864596539577656,0.13619696201382292,-3344,2600,3344,15.90572738647461,195.0,571.7140000000363,1436.9997999996995,-836,650,0.001323699951171875,0.000621795654296875,0.000701904296875,347,163,184,262144,False,False
16,0,centered_grid,0.02060685414613562,0.08291419266673465,100.0,3,0.012642702718703394,0.10114162174962715,0.000324012502475867,0.00022939303700862117,0.0002767027697422441,0.002636289231886005,0.001711911500937919,0.002174100366411962,0.0019345472516392257,0.006225859316856241,0.0036103660297874232,0.004918112673321832,0.07823922593888777,0.04328519647787595,0.060762211208381864,0.07823922593888777,0.052056515063611294,-3344,2600,3344,15.90572738647461,195.0,571.7140000000363,1436.9997999996995,-418,325,0.0001983642578125,9.918212890625e-05,9.918212890625e-05,52,26,26,262144,False,False
16,0,centered_grid,0.02060685414613562,0.08291419266673465,100.0,4,0.012642702718703394,0.2022832434992543,0.000324012502475867,0.00022939303700862117,0.0002767027697422441,0.002636289231886005,0.001711911500937919,0.002174100366411962,0.0019345472516392257,0.006225859316856241,0.0036103660297874232,0.004918112673321832,0.027246858223440397,0.01371313674312065,0.020479997483280523,0.027246858223440397,0.014354553116527616,-3344,2600,3344,15.90572738647461,195.0,571.7140000000363,1436.9997999996995,-209,162,3.0517578125e-05,1.52587890625e-05,1.52587890625e-05,8,4,4,262144,True,True
16,0,centered_grid,0.02060685414613562,0.08291419266673465,100.0,5,0.012642702718703394,0.4045664869985086,0.000324012502475867,0.00022939303700862117,0.0002767027697422441,0.002636289231886005,0.001711911500937919,0.002174100366411962,0.0019345472516392257,0.006225859316856241,0.0036103660297874232,0.004918112673321832,0.03319993563683425,0.0244572810318398,0.028828608334337025,0.03319993563683425,0.02449365821508139,-3344,2600,3344,15.90572738647461,195.0,571.7140000000363,1436.9997999996995,-104,81,0.0,0.0,0.0,0,0,0,262144,False,False
16,0,centered_grid,0.02060685414613562,0.08291419266673465,100.0,6,0.012642702718703394,0.8091329739970172,0.000324012502475867,0.00022939303700862117,0.0002767027697422441,0.002636289231886005,0.001711911500937919,0.002174100366411962,0.0019345472516392257,0.006225859316856241,0.0036103660297874232,0.004918112673321832,0.06176263709834157,0.05316620774067633,0.057464422419508956,0.06176263709834157,0.05601270337869447,-3344,2600,3344,15.90572738647461,195.0,571.7140000000363,1436.9997999996995,-52,41,0.0,0.0,0.0,0,0,0,262144,False,False
16,0,centered_grid,0.02060685414613562,0.08291419266673465,100.0,7,0.012642702718703394,1.6182659479940344,0.000324012502475867,0.00022939303700862117,0.0002767027697422441,0.002636289231886005,0.001711911500937919,0.002174100366411962,0.0019345472516392257,0.006225859316856241,0.0036103660297874232,0.004918112673321832,0.10463640304121148,0.10365671057821892,0.1041465568097152,0.10463640304121148,0.10498118187197963,-3344,2600,3344,15.90572738647461,195.0,571.7140000000363,1436.9997999996995,-26,20,0.0,0.0,0.0,0,0,0,262144,False,False
16,1,centered_grid,0.022471933792266016,0.06854065437137545,99.995,0,0.010451034852931222,0.010451034852931222,0.0003030214363659823,0.0002274987470518623,0.00026526009170892227,0.003311965377223443,0.0018233591795825642,0.002567662278403004,0.0019345472516392257,0.01042820074356958,0.003449797181983133,0.006938998962776356,0.5365016970895542,0.4863054421775126,0.5114035696335334,0.5365016970895542,0.5039590029520313,-4028,3125,4028,18.601665496826172,234.57000000000698,688.8570000000182,1734.2855999998283,-4028,3125,0.02487945556640625,0.01242828369140625,0.012451171875,6522,3258,3264,262144,False,False
16,1,centered_grid,0.022471933792266016,0.06854065437137545,99.995,1,0.010451034852931222,0.020902069705862444,0.0003030214363659823,0.0002274987470518623,0.00026526009170892227,0.003311965377223443,0.0018233591795825642,0.002567662278403004,0.0019345472516392257,0.01042820074356958,0.003449797181983133,0.006938998962776356,0.36034967025204084,0.30242878331410017,0.3313892267830705,0.36034967025204084,0.320185945871554,-4028,3125,4028,18.601665496826172,234.57000000000698,688.8570000000182,1734.2855999998283,-2014,1562,0.008754730224609375,0.004314422607421875,0.0044403076171875,2295,1131,1164,262144,False,False
16,1,centered_grid,0.022471933792266016,0.06854065437137545,99.995,2,0.010451034852931222,0.04180413941172489,0.0003030214363659823,0.0002274987470518623,0.00026526009170892227,0.003311965377223443,0.0018233591795825642,0.002567662278403004,0.0019345472516392257,0.01042820074356958,0.003449797181983133,0.006938998962776356,0.20339715060789684,0.15453806832853076,0.1789676094682138,0.20339715060789684,0.16550572979694728,-4028,3125,4028,18.601665496826172,234.57000000000698,688.8570000000182,1734.2855999998283,-1007,781,0.002071380615234375,0.000957489013671875,0.0011138916015625,543,251,292,262144,False,False
16,1,centered_grid,0.022471933792266016,0.06854065437137545,99.995,3,0.010451034852931222,0.08360827882344977,0.0003030214363659823,0.0002274987470518623,0.00026526009170892227,0.003311965377223443,0.0018233591795825642,0.002567662278403004,0.0019345472516392257,0.01042820074356958,0.003449797181983133,0.006938998962776356,0.09831856603756765,0.06122189509230202,0.07977023056493483,0.09831856603756765,0.06704281022794706,-4028,3125,4028,18.601665496826172,234.57000000000698,688.8570000000182,1734.2855999998283,-504,391,0.00031280517578125,0.00016021728515625,0.000152587890625,82,42,40,262144,False,False
16,1,centered_grid,0.022471933792266016,0.06854065437137545,99.995,4,0.010451034852931222,0.16721655764689955,0.0003030214363659823,0.0002274987470518623,0.00026526009170892227,0.003311965377223443,0.0018233591795825642,0.002567662278403004,0.0019345472516392257,0.01042820074356958,0.003449797181983133,0.006938998962776356,0.03749651630713776,0.01579070435614853,0.026643610331643145,0.03749651630713776,0.017814424711380457,-4028,3125,4028,18.601665496826172,234.57000000000698,688.8570000000182,1734.2855999998283,-252,195,5.340576171875e-05,2.6702880859375e-05,2.6702880859375e-05,14,7,7,262144,False,False
16,1,centered_grid,0.022471933792266016,0.06854065437137545,99.995,5,0.010451034852931222,0.3344331152937991,0.0003030214363659823,0.0002274987470518623,0.00026526009170892227,0.003311965377223443,0.0018233591795825642,0.002567662278403004,0.0019345472516392257,0.01042820074356958,0.003449797181983133,0.006938998962776356,0.03170533250277539,0.019020671713029756,0.02536300210790257,0.03170533250277539,0.01825379721363139,-4028,3125,4028,18.601665496826172,234.57000000000698,688.8570000000182,1734.2855999998283,-126,98,0.0,0.0,0.0,0,0,0,262144,True,False
16,1,centered_grid,0.022471933792266016,0.06854065437137545,99.995,6,0.010451034852931222,0.6688662305875982,0.0003030214363659823,0.0002274987470518623,0.00026526009170892227,0.003311965377223443,0.0018233591795825642,0.002567662278403004,0.0019345472516392257,0.01042820074356958,0.003449797181983133,0.006938998962776356,0.0579391995684315,0.04469601081705833,0.05131760519274492,0.0579391995684315,0.043065820941799116,-4028,3125,4028,18.601665496826172,234.57000000000698,688.8570000000182,1734.2855999998283,-63,49,0.0,0.0,0.0,0,0,0,262144,False,False
16,1,centered_grid,0.022471933792266016,0.06854065437137545,99.995,7,0.010451034852931222,1.3377324611751964,0.0003030214363659823,0.0002274987470518623,0.00026526009170892227,0.003311965377223443,0.0018233591795825642,0.002567662278403004,0.0019345472516392257,0.01042820074356958,0.003449797181983133,0.006938998962776356,0.09442910709735916,0.08552177532963363,0.0899754412134964,0.09442910709735916,0.08130028161657603,-4028,3125,4028,18.601665496826172,234.57000000000698,688.8570000000182,1734.2855999998283,-31,24,0.0,0.0,0.0,0,0,0,262144,False,False
16,2,centered_grid,0.0245058175684078,0.06856941940345676,99.995,0,0.010455420926504411,0.010455420926504411,0.0002932377347994522,0.000231389695456185,0.0002623137151278186,0.003319672006780542,0.0018264731467613137,0.002573072576770928,0.0019345472516392257,0.01039590939748506,0.003452587904750273,0.006924248651117667,0.5363870363233368,0.48619590984530076,0.5112914730843188,0.5363870363233368,0.5029717250182736,-4028,3125,4028,18.676761627197266,235.0,687.7140000000363,1734.2855999998283,-4028,3125,0.024898529052734375,0.01247406005859375,0.012424468994140625,6527,3270,3257,262144,False,False
16,2,centered_grid,0.0245058175684078,0.06856941940345676,99.995,1,0.010455420926504411,0.020910841853008823,0.0002932377347994522,0.000231389695456185,0.0002623137151278186,0.003319672006780542,0.0018264731467613137,0.002573072576770928,0.0019345472516392257,0.01039590939748506,0.003452587904750273,0.006924248651117667,0.36023495347532997,0.30233470603155127,0.33128482975344065,0.36023495347532997,0.31943603080905836,-4028,3125,4028,18.676761627197266,235.0,687.7140000000363,1734.2855999998283,-2014,1562,0.00878143310546875,0.004337310791015625,0.004444122314453125,2302,1137,1165,262144,False,False
16,2,centered_grid,0.0245058175684078,0.06856941940345676,99.995,2,0.010455420926504411,0.041821683706017646,0.0002932377347994522,0.000231389695456185,0.0002623137151278186,0.003319672006780542,0.0018264731467613137,0.002573072576770928,0.0019345472516392257,0.01039590939748506,0.003452587904750273,0.006924248651117667,0.2033123920036201,0.15447818266763086,0.17889528733562549,0.2033123920036201,0.1651744456475854,-4028,3125,4028,18.676761627197266,235.0,687.7140000000363,1734.2855999998283,-1007,781,0.0020599365234375,0.000946044921875,0.0011138916015625,540,248,292,262144,False,False
16,2,centered_grid,0.0245058175684078,0.06856941940345676,99.995,3,0.010455420926504411,0.08364336741203529,0.0002932377347994522,0.000231389695456185,0.0002623137151278186,0.003319672006780542,0.0018264731467613137,0.002573072576770928,0.0019345472516392257,0.01039590939748506,0.003452587904750273,0.006924248651117667,0.09825716862872133,0.06119468273108994,0.07972592567990563,0.09825716862872133,0.06692652537449544,-4028,3125,4028,18.676761627197266,235.0,687.7140000000363,1734.2855999998283,-504,391,0.00031280517578125,0.00016021728515625,0.000152587890625,82,42,40,262144,False,False
16,2,centered_grid,0.0245058175684078,0.06856941940345676,99.995,4,0.010455420926504411,0.16728673482407058,0.0002932377347994522,0.000231389695456185,0.0002623137151278186,0.003319672006780542,0.0018264731467613137,0.002573072576770928,0.0019345472516392257,0.01039590939748506,0.003452587904750273,0.006924248651117667,0.03744919411262613,0.01578445471637678,0.026616824414501455,0.03744919411262613,0.017804717589385486,-4028,3125,4028,18.676761627197266,235.0,687.7140000000363,1734.2855999998283,-252,195,5.340576171875e-05,2.6702880859375e-05,2.6702880859375e-05,14,7,7,262144,False,False
16,2,centered_grid,0.0245058175684078,0.06856941940345676,99.995,5,0.010455420926504411,0.33457346964814116,0.0002932377347994522,0.000231389695456185,0.0002623137151278186,0.003319672006780542,0.0018264731467613137,0.002573072576770928,0.0019345472516392257,0.01039590939748506,0.003452587904750273,0.006924248651117667,0.03169880445229058,0.01902984994975546,0.025364327201023017,0.03169880445229058,0.018349993515173052,-4028,3125,4028,18.676761627197266,235.0,687.7140000000363,1734.2855999998283,-126,98,0.0,0.0,0.0,0,0,0,262144,True,False
16,2,centered_grid,0.0245058175684078,0.06856941940345676,99.995,6,0.010455420926504411,0.6691469392962823,0.0002932377347994522,0.000231389695456185,0.0002623137151278186,0.003319672006780542,0.0018264731467613137,0.002573072576770928,0.0019345472516392257,0.01039590939748506,0.003452587904750273,0.006924248651117667,0.05793036930232095,0.04470729752565791,0.051318833413989434,0.05793036930232095,0.04328824025929058,-4028,3125,4028,18.676761627197266,235.0,687.7140000000363,1734.2855999998283,-63,49,0.0,0.0,0.0,0,0,0,262144,False,False
16,2,centered_grid,0.0245058175684078,0.06856941940345676,99.995,7,0.010455420926504411,1.3382938785925647,0.0002932377347994522,0.000231389695456185,0.0002623137151278186,0.003319672006780542,0.0018264731467613137,0.002573072576770928,0.0019345472516392257,0.01039590939748506,0.003452587904750273,0.006924248651117667,0.09445385317286081,0.08552273300665096,0.0899882930897559,0.09445385317286081,0.08167682157434551,-4028,3125,4028,18.676761627197266,235.0,687.7140000000363,1734.2855999998283,-31,24,0.0,0.0,0.0,0,0,0,262144,False,False
16,3,centered_grid,0.026723783553632828,0.06848532418461381,99.995,0,0.010442598141674688,0.010442598141674688,0.0002921772071300111,0.00023709827857074672,0.0002646377428503789,0.003335970653136668,0.0018394643847453249,0.0025877175189409967,0.0019345472516392257,0.010450259392822896,0.0034742759626365596,0.006962267677729728,0.5366978909293264,0.486533055757437,0.5116154733433818,0.5366978909293264,0.5037726961948478,-4066,3125,4066,18.667354583740234,234.0,688.8570000000182,1742.1425999996136,-4066,3125,0.02494049072265625,0.012477874755859375,0.012462615966796875,6538,3271,3267,262144,False,False
16,3,centered_grid,0.026723783553632828,0.06848532418461381,99.995,1,0.010442598141674688,0.020885196283349377,0.0002921772071300111,0.00023709827857074672,0.0002646377428503789,0.003335970653136668,0.0018394643847453249,0.0025877175189409967,0.0019345472516392257,0.010450259392822896,0.0034742759626365596,0.006962267677729728,0.3605509469819563,0.3026425666612178,0.33159675682158707,0.3605509469819563,0.32023338594839035,-4066,3125,4066,18.667354583740234,234.0,688.8570000000182,1742.1425999996136,-2033,1562,0.008762359619140625,0.00433349609375,0.004428863525390625,2297,1136,1161,262144,False,False
16,3,centered_grid,0.026723783553632828,0.06848532418461381,99.995,2,0.010442598141674688,0.041770392566698754,0.0002921772071300111,0.00023709827857074672,0.0002646377428503789,0.003335970653136668,0.0018394643847453249,0.0025877175189409967,0.0019345472516392257,0.010450259392822896,0.0034742759626365596,0.006962267677729728,0.20356419639859663,0.15468801289080028,0.17912610464469847,0.20356419639859663,0.1658202108809787,-4066,3125,4066,18.667354583740234,234.0,688.8570000000182,1742.1425999996136,-1016,781,0.002056121826171875,0.000946044921875,0.001110076904296875,539,248,291,262144,False,False
16,3,centered_grid,0.026723783553632828,0.06848532418461381,99.995,3,0.010442598141674688,0.08354078513339751,0.0002921772071300111,0.00023709827857074672,0.0002646377428503789,0.003335970653136668,0.0018394643847453249,0.0025877175189409967,0.0019345472516392257,0.010450259392822896,0.0034742759626365596,0.006962267677729728,0.09840882598647756,0.06132201488607765,0.0798654204362776,0.09840882598647756,0.06737875287563427,-4066,3125,4066,18.667354583740234,234.0,688.8570000000182,1742.1425999996136,-508,391,0.000308990478515625,0.000156402587890625,0.000152587890625,81,41,40,262144,False,False
16,3,centered_grid,0.026723783553632828,0.06848532418461381,99.995,4,0.010442598141674688,0.16708157026679502,0.0002921772071300111,0.00023709827857074672,0.0002646377428503789,0.003335970653136668,0.0018394643847453249,0.0025877175189409967,0.0019345472516392257,0.010450259392822896,0.0034742759626365596,0.006962267677729728,0.03751587098209695,0.015813869592588178,0.026664870287342567,0.03751587098209695,0.01800069465561991,-4066,3125,4066,18.667354583740234,234.0,688.8570000000182,1742.1425999996136,-254,195,5.340576171875e-05,2.6702880859375e-05,2.6702880859375e-05,14,7,7,262144,False,False
16,3,centered_grid,0.026723783553632828,0.06848532418461381,99.995,5,0.010442598141674688,0.33416314053359003,0.0002921772071300111,0.00023709827857074672,0.0002646377428503789,0.003335970653136668,0.0018394643847453249,0.0025877175189409967,0.0019345472516392257,0.010450259392822896,0.0034742759626365596,0.006962267677729728,0.03169796613374834,0.01905693263147429,0.025377449382611314,0.03169796613374834,0.018393003278256714,-4066,3125,4066,18.667354583740234,234.0,688.8570000000182,1742.1425999996136,-127,98,0.0,0.0,0.0,0,0,0,262144,True,False
16,3,centered_grid,0.026723783553632828,0.06848532418461381,99.995,6,0.010442598141674688,0.6683262810671801,0.0002921772071300111,0.00023709827857074672,0.0002646377428503789,0.003335970653136668,0.0018394643847453249,0.0025877175189409967,0.0019345472516392257,0.010450259392822896,0.0034742759626365596,0.006962267677729728,0.05796605437548791,0.04470162035976331,0.051333837367625604,0.05796605437548791,0.04342616807113452,-4066,3125,4066,18.667354583740234,234.0,688.8570000000182,1742.1425999996136,-64,49,0.0,0.0,0.0,0,0,0,262144,False,False
16,3,centered_grid,0.026723783553632828,0.06848532418461381,99.995,7,0.010442598141674688,1.3366525621343601,0.0002921772071300111,0.00023709827857074672,0.0002646377428503789,0.003335970653136668,0.0018394643847453249,0.0025877175189409967,0.0019345472516392257,0.010450259392822896,0.0034742759626365596,0.006962267677729728,0.09441664196382929,0.0855121716038192,0.08996440678382425,0.09441664196382929,0.0818236901451554,-4066,3125,4066,18.667354583740234,234.0,688.8570000000182,1742.1425999996136,-32,24,0.0,0.0,0.0,0,0,0,262144,False,False
16,4,centered_grid,0.02914249261130924,0.06851271510589527,99.995,0,0.010446774691717753,0.010446774691717753,0.00029925056634397317,0.00024224932852678771,0.00027074994743538045,0.003325641869759003,0.0018427068671007336,0.002584174368429868,0.0019345472516392257,0.010436588874964178,0.0034737966242961347,0.006955192749630156,0.5365968831889317,0.4864258521060836,0.5115113676475076,0.5365968831889317,0.5032276959177406,-4028,3125,4028,18.632221221923828,235.0,689.8570000000182,1742.1425999996136,-4028,3125,0.024799346923828125,0.012401580810546875,0.01239776611328125,6501,3251,3250,262144,False,False
16,4,centered_grid,0.02914249261130924,0.06851271510589527,99.995,1,0.010446774691717753,0.020893549383435506,0.00029925056634397317,0.00024224932852678771,0.00027074994743538045,0.003325641869759003,0.0018427068671007336,0.002584174368429868,0.0019345472516392257,0.010436588874964178,0.0034737966242961347,0.006955192749630156,0.36044697396077835,0.30254681502264785,0.3314968944917131,0.36044697396077835,0.31962114283244697,-4028,3125,4028,18.632221221923828,235.0,689.8570000000182,1742.1425999996136,-2014,1562,0.0087432861328125,0.004314422607421875,0.004428863525390625,2292,1131,1161,262144,False,False
16,4,centered_grid,0.02914249261130924,0.06851271510589527,99.995,2,0.010446774691717753,0.04178709876687101,0.00029925056634397317,0.00024224932852678771,0.00027074994743538045,0.003325641869759003,0.0018427068671007336,0.002584174368429868,0.0019345472516392257,0.010436588874964178,0.0034737966242961347,0.006955192749630156,0.2034748447951637,0.15462476582468376,0.17904980530992373,0.2034748447951637,0.16521837647925425,-4028,3125,4028,18.632221221923828,235.0,689.8570000000182,1742.1425999996136,-1007,781,0.00205230712890625,0.000949859619140625,0.001102447509765625,538,249,289,262144,False,False
16,4,centered_grid,0.02914249261130924,0.06851271510589527,99.995,3,0.010446774691717753,0.08357419753374203,0.00029925056634397317,0.00024224932852678771,0.00027074994743538045,0.003325641869759003,0.0018427068671007336,0.002584174368429868,0.0019345472516392257,0.010436588874964178,0.0034737966242961347,0.006955192749630156,0.09835136294738038,0.06128829363646659,0.07981982829192348,0.09835136294738038,0.06686067991129988,-4028,3125,4028,18.632221221923828,235.0,689.8570000000182,1742.1425999996136,-504,391,0.000308990478515625,0.000156402587890625,0.000152587890625,81,41,40,262144,False,False
16,4,centered_grid,0.02914249261130924,0.06851271510589527,99.995,4,0.010446774691717753,0.16714839506748405,0.00029925056634397317,0.00024224932852678771,0.00027074994743538045,0.003325641869759003,0.0018427068671007336,0.002584174368429868,0.0019345472516392257,0.010436588874964178,0.0034737966242961347,0.006955192749630156,0.03748767208153106,0.015807262957910396,0.026647467519720726,0.03748767208153106,0.017766361102193224,-4028,3125,4028,18.632221221923828,235.0,689.8570000000182,1742.1425999996136,-252,195,4.9591064453125e-05,2.6702880859375e-05,2.288818359375e-05,13,7,6,262144,False,False
16,4,centered_grid,0.02914249261130924,0.06851271510589527,99.995,5,0.010446774691717753,0.3342967901349681,0.00029925056634397317,0.00024224932852678771,0.00027074994743538045,0.003325641869759003,0.0018427068671007336,0.002584174368429868,0.0019345472516392257,0.010436588874964178,0.0034737966242961347,0.006955192749630156,0.03168831445688867,0.01899995927630524,0.025344136866596954,0.03168831445688867,0.018254327785407184,-4028,3125,4028,18.632221221923828,235.0,689.8570000000182,1742.1425999996136,-126,98,0.0,0.0,0.0,0,0,0,262144,True,False
16,4,centered_grid,0.02914249261130924,0.06851271510589527,99.995,6,0.010446774691717753,0.6685935802699362,0.00029925056634397317,0.00024224932852678771,0.00027074994743538045,0.003325641869759003,0.0018427068671007336,0.002584174368429868,0.0019345472516392257,0.010436588874964178,0.0034737966242961347,0.006955192749630156,0.057947558116007686,0.044696239668860015,0.051321898892433854,0.057947558116007686,0.04318390170308672,-4028,3125,4028,18.632221221923828,235.0,689.8570000000182,1742.1425999996136,-63,49,0.0,0.0,0.0,0,0,0,262144,False,False
16,4,centered_grid,0.02914249261130924,0.06851271510589527,99.995,7,0.010446774691717753,1.3371871605398724,0.00029925056634397317,0.00024224932852678771,0.00027074994743538045,0.003325641869759003,0.0018427068671007336,0.002584174368429868,0.0019345472516392257,0.010436588874964178,0.0034737966242961347,0.006955192749630156,0.0944742802471198,0.085511127528646,0.0899927038878829,0.0944742802471198,0.08175822088813901,-4028,3125,4028,18.632221221923828,235.0,689.8570000000182,1742.1425999996136,-31,24,0.0,0.0,0.0,0,0,0,262144,False,False
16,original,original_mixed,0.024505817568407803,0.06856941940345677,99.995,0,0.010455420926504413,0.010455420926504413,0.0002932377347994522,0.000231389695456185,0.0002623137151278186,0.0033196720067805393,0.0018264731467613124,0.0025730725767709258,0.0019345472516392257,0.010395909397485057,0.0034525879047502743,0.006924248651117666,0.5363870363233367,0.4861959098453007,0.5112914730843188,0.5363870363233367,0.5029717250182735,-4028,3125,4028,18.676761627197266,235.0,687.7140000000363,1734.2855999998283,-4028,3125,0.024898529052734375,0.01247406005859375,0.012424468994140625,6527,3270,3257,262144,False,False
16,original,original_mixed,0.024505817568407803,0.06856941940345677,99.995,1,0.010455420926504413,0.020910841853008826,0.0002932377347994522,0.000231389695456185,0.0002623137151278186,0.0033196720067805393,0.0018264731467613124,0.0025730725767709258,0.0019345472516392257,0.010395909397485057,0.0034525879047502743,0.006924248651117666,0.36023495347532997,0.30233470603155127,0.33128482975344065,0.36023495347532997,0.31943603080905836,-4028,3125,4028,18.676761627197266,235.0,687.7140000000363,1734.2855999998283,-2014,1562,0.00878143310546875,0.004337310791015625,0.004444122314453125,2302,1137,1165,262144,False,False
16,original,original_mixed,0.024505817568407803,0.06856941940345677,99.995,2,0.010455420926504413,0.04182168370601765,0.0002932377347994522,0.000231389695456185,0.0002623137151278186,0.0033196720067805393,0.0018264731467613124,0.0025730725767709258,0.0019345472516392257,0.010395909397485057,0.0034525879047502743,0.006924248651117666,0.20331239200362008,0.15447818266763083,0.17889528733562546,0.20331239200362008,0.1651744456475854,-4028,3125,4028,18.676761627197266,235.0,687.7140000000363,1734.2855999998283,-1007,781,0.0020599365234375,0.000946044921875,0.0011138916015625,540,248,292,262144,False,False
16,original,original_mixed,0.024505817568407803,0.06856941940345677,99.995,3,0.010455420926504413,0.0836433674120353,0.0002932377347994522,0.000231389695456185,0.0002623137151278186,0.0033196720067805393,0.0018264731467613124,0.0025730725767709258,0.0019345472516392257,0.010395909397485057,0.0034525879047502743,0.006924248651117666,0.09825716862872132,0.06119468273108992,0.07972592567990562,0.09825716862872132,0.06692652537449545,-4028,3125,4028,18.676761627197266,235.0,687.7140000000363,1734.2855999998283,-504,391,0.00031280517578125,0.00016021728515625,0.000152587890625,82,42,40,262144,False,False
16,original,original_mixed,0.024505817568407803,0.06856941940345677,99.995,4,0.010455420926504413,0.1672867348240706,0.0002932377347994522,0.000231389695456185,0.0002623137151278186,0.0033196720067805393,0.0018264731467613124,0.0025730725767709258,0.0019345472516392257,0.010395909397485057,0.0034525879047502743,0.006924248651117666,0.037449194112626115,0.015784454716376777,0.026616824414501444,0.037449194112626115,0.017804717589385486,-4028,3125,4028,18.676761627197266,235.0,687.7140000000363,1734.2855999998283,-252,195,5.340576171875e-05,2.6702880859375e-05,2.6702880859375e-05,14,7,7,262144,False,False
16,original,original_mixed,0.024505817568407803,0.06856941940345677,99.995,5,0.010455420926504413,0.3345734696481412,0.0002932377347994522,0.000231389695456185,0.0002623137151278186,0.0033196720067805393,0.0018264731467613124,0.0025730725767709258,0.0019345472516392257,0.010395909397485057,0.0034525879047502743,0.006924248651117666,0.03169880445229057,0.019029849949755463,0.025364327201023017,0.03169880445229057,0.018349993515173052,-4028,3125,4028,18.676761627197266,235.0,687.7140000000363,1734.2855999998283,-126,98,0.0,0.0,0.0,0,0,0,262144,True,False
16,original,original_mixed,0.024505817568407803,0.06856941940345677,99.995,6,0.010455420926504413,0.6691469392962824,0.0002932377347994522,0.000231389695456185,0.0002623137151278186,0.0033196720067805393,0.0018264731467613124,0.0025730725767709258,0.0019345472516392257,0.010395909397485057,0.0034525879047502743,0.006924248651117666,0.05793036930232095,0.04470729752565793,0.051318833413989434,0.05793036930232095,0.04328824025929058,-4028,3125,4028,18.676761627197266,235.0,687.7140000000363,1734.2855999998283,-63,49,0.0,0.0,0.0,0,0,0,262144,False,False
16,original,original_mixed,0.024505817568407803,0.06856941940345677,99.995,7,0.010455420926504413,1.3382938785925649,0.0002932377347994522,0.000231389695456185,0.0002623137151278186,0.0033196720067805393,0.0018264731467613124,0.0025730725767709258,0.0019345472516392257,0.010395909397485057,0.0034525879047502743,0.006924248651117666,0.09445385317286081,0.08552273300665097,0.0899882930897559,0.09445385317286081,0.08167682157434551,-4028,3125,4028,18.676761627197266,235.0,687.7140000000363,1734.2855999998283,-31,24,0.0,0.0,0.0,0,0,0,262144,False,False
17,-4,centered_grid,0.0355705312972963,0.07780303099047714,99.99,0,0.01217368380406593,0.01217368380406593,0.0018974241099000704,0.0004713674005751862,0.0011843957552376283,0.0014888758795976772,0.0011000236914191208,0.001294449785508399,0.0022317494785118776,0.00424283363930868,0.002836420857634404,0.003539627248471542,0.5149161757328916,0.5377969820102246,0.5263565788715581,0.5377969820102246,0.5229705479104558,-5969,3360,5969,23.23248291015625,299.0,863.5710000000545,1835.356499999034,-5969,3360,0.036113739013671875,0.018329620361328125,0.01778411865234375,9467,4805,4662,262144,False,False
17,-4,centered_grid,0.0355705312972963,0.07780303099047714,99.99,1,0.01217368380406593,0.02434736760813186,0.0018974241099000704,0.0004713674005751862,0.0011843957552376283,0.0014888758795976772,0.0011000236914191208,0.001294449785508399,0.0022317494785118776,0.00424283363930868,0.002836420857634404,0.003539627248471542,0.3223054410192385,0.35545754193469886,0.33888149147696867,0.35545754193469886,0.334924766285576,-5969,3360,5969,23.23248291015625,299.0,863.5710000000545,1835.356499999034,-2984,1680,0.013019561767578125,0.00656890869140625,0.006450653076171875,3413,1722,1691,262144,False,False
17,-4,centered_grid,0.0355705312972963,0.07780303099047714,99.99,2,0.01217368380406593,0.04869473521626372,0.0018974241099000704,0.0004713674005751862,0.0011843957552376283,0.0014888758795976772,0.0011000236914191208,0.001294449785508399,0.0022317494785118776,0.00424283363930868,0.002836420857634404,0.003539627248471542,0.15035448529656173,0.19421875122074764,0.17228661825865468,0.19421875122074764,0.16818528431323398,-5969,3360,5969,23.23248291015625,299.0,863.5710000000545,1835.356499999034,-1492,840,0.003414154052734375,0.001644134521484375,0.00177001953125,895,431,464,262144,False,False
17,-4,centered_grid,0.0355705312972963,0.07780303099047714,99.99,3,0.01217368380406593,0.09738947043252744,0.0018974241099000704,0.0004713674005751862,0.0011843957552376283,0.0014888758795976772,0.0011000236914191208,0.001294449785508399,0.0022317494785118776,0.00424283363930868,0.002836420857634404,0.003539627248471542,0.045898321033460525,0.08419930077487174,0.06504881090416613,0.08419930077487174,0.060464987020080276,-5969,3360,5969,23.23248291015625,299.0,863.5710000000545,1835.356499999034,-746,420,0.0005950927734375,0.0003204345703125,0.000274658203125,156,84,72,262144,False,False
17,-4,centered_grid,0.0355705312972963,0.07780303099047714,99.99,4,0.01217368380406593,0.19477894086505487,0.0018974241099000704,0.0004713674005751862,0.0011843957552376283,0.0014888758795976772,0.0011000236914191208,0.001294449785508399,0.0022317494785118776,0.00424283363930868,0.002836420857634404,0.003539627248471542,0.012467043710156436,0.03252519434960598,0.02249611902988121,0.03252519434960598,0.017501490905496277,-5969,3360,5969,23.23248291015625,299.0,863.5710000000545,1835.356499999034,-373,210,5.340576171875e-05,1.9073486328125e-05,3.4332275390625e-05,14,5,9,262144,False,False
17,-4,centered_grid,0.0355705312972963,0.07780303099047714,99.99,5,0.01217368380406593,0.38955788173010975,0.0018974241099000704,0.0004713674005751862,0.0011843957552376283,0.0014888758795976772,0.0011000236914191208,0.001294449785508399,0.0022317494785118776,0.00424283363930868,0.002836420857634404,0.003539627248471542,0.017695796970758307,0.018046778887378972,0.01787128792906864,0.018046778887378972,0.013560594443912874,-5969,3360,5969,23.23248291015625,299.0,863.5710000000545,1835.356499999034,-187,105,3.814697265625e-06,0.0,3.814697265625e-06,1,0,1,262144,True,False
17,-4,centered_grid,0.0355705312972963,0.07780303099047714,99.99,6,0.01217368380406593,0.7791157634602195,0.0018974241099000704,0.0004713674005751862,0.0011843957552376283,0.0014888758795976772,0.0011000236914191208,0.001294449785508399,0.0022317494785118776,0.00424283363930868,0.002836420857634404,0.003539627248471542,0.03783848761585209,0.029333438623620027,0.03358596311973606,0.03783848761585209,0.03073257142361118,-5969,3360,5969,23.23248291015625,299.0,863.5710000000545,1835.356499999034,-93,52,0.0,0.0,0.0,0,0,0,262144,False,False
17,-4,centered_grid,0.0355705312972963,0.07780303099047714,99.99,7,0.01217368380406593,1.558231526920439,0.0018974241099000704,0.0004713674005751862,0.0011843957552376283,0.0014888758795976772,0.0011000236914191208,0.001294449785508399,0.0022317494785118776,0.00424283363930868,0.002836420857634404,0.003539627248471542,0.07305779282579537,0.0623397925999702,0.06769879271288279,0.07305779282579537,0.06549603210062571,-5969,3360,5969,23.23248291015625,299.0,863.5710000000545,1835.356499999034,-47,26,0.0,0.0,0.0,0,0,0,262144,False,False
17,-3,centered_grid,0.03878993943471317,0.07781985725850525,99.99,0,0.012176316576388152,0.012176316576388152,0.0015205524651598205,0.0004007951569103533,0.000960673811035087,0.0014909480884964556,0.001108005620824856,0.0012994768546606558,0.0022317494785118776,0.0042556979607981694,0.0028481112811351906,0.00355190462096668,0.51487128992018,0.5377534459601548,0.5263123679401674,0.5377534459601548,0.5230705746991964,-5969,3318,5969,23.21588134765625,300.0,863.5710000000545,1839.6424999994633,-5969,3318,0.036128997802734375,0.018352508544921875,0.0177764892578125,9471,4811,4660,262144,False,False
17,-3,centered_grid,0.03878993943471317,0.07781985725850525,99.99,1,0.012176316576388152,0.024352633152776304,0.0015205524651598205,0.0004007951569103533,0.000960673811035087,0.0014909480884964556,0.001108005620824856,0.0012994768546606558,0.0022317494785118776,0.0042556979607981694,0.0028481112811351906,0.00355190462096668,0.32224995181509647,0.3554222706983293,0.33883611125671287,0.3554222706983293,0.3346993865566658,-5969,3318,5969,23.21588134765625,300.0,863.5710000000545,1839.6424999994633,-2984,1659,0.01302337646484375,0.006561279296875,0.00646209716796875,3414,1720,1694,262144,False,False
17,-3,centered_grid,0.03878993943471317,0.07781985725850525,99.99,2,0.012176316576388152,0.04870526630555261,0.0015205524651598205,0.0004007951569103533,0.000960673811035087,0.0014909480884964556,0.001108005620824856,0.0012994768546606558,0.0022317494785118776,0.0042556979607981694,0.0028481112811351906,0.00355190462096668,0.15032794778812453,0.19419414431619156,0.17226104605215803,0.19419414431619156,0.16785122044337103,-5969,3318,5969,23.21588134765625,300.0,863.5710000000545,1839.6424999994633,-1492,830,0.003406524658203125,0.001644134521484375,0.00176239013671875,893,431,462,262144,False,False
17,-3,centered_grid,0.03878993943471317,0.07781985725850525,99.99,3,0.012176316576388152,0.09741053261110522,0.0015205524651598205,0.0004007951569103533,0.000960673811035087,0.0014909480884964556,0.001108005620824856,0.0012994768546606558,0.0022317494785118776,0.0042556979607981694,0.0028481112811351906,0.00355190462096668,0.04589691384104199,0.08418630295207952,0.06504160839656076,0.08418630295207952,0.060208367108997005,-5969,3318,5969,23.21588134765625,300.0,863.5710000000545,1839.6424999994633,-746,415,0.000598907470703125,0.0003204345703125,0.000278472900390625,157,84,73,262144,False,False
17,-3,centered_grid,0.03878993943471317,0.07781985725850525,99.99,4,0.012176316576388152,0.19482106522221043,0.0015205524651598205,0.0004007951569103533,0.000960673811035087,0.0014909480884964556,0.001108005620824856,0.0012994768546606558,0.0022317494785118776,0.0042556979607981694,0.0028481112811351906,0.00355190462096668,0.01250356753216689,0.03252899887734723,0.022516283204757064,0.03252899887734723,0.017414261354340856,-5969,3318,5969,23.21588134765625,300.0,863.5710000000545,1839.6424999994633,-373,207,5.340576171875e-05,1.9073486328125e-05,3.4332275390625e-05,14,5,9,262144,False,False
17,-3,centered_grid,0.03878993943471317,0.07781985725850525,99.99,5,0.012176316576388152,0.38964213044442086,0.0015205524651598205,0.0004007951569103533,0.000960673811035087,0.0014909480884964556,0.001108005620824856,0.0012994768546606558,0.0022317494785118776,0.0042556979607981694,0.0028481112811351906,0.00355190462096668,0.01770965574320866,0.018068436975141634,0.017889046359175147,0.018068436975141634,0.013623709474417435,-5969,3318,5969,23.21588134765625,300.0,863.5710000000545,1839.6424999994633,-187,104,3.814697265625e-06,0.0,3.814697265625e-06,1,0,1,262144,True,False
17,-3,centered_grid,0.03878993943471317,0.07781985725850525,99.99,6,0.012176316576388152,0.7792842608888417,0.0015205524651598205,0.0004007951569103533,0.000960673811035087,0.0014909480884964556,0.001108005620824856,0.0012994768546606558,0.0022317494785118776,0.0042556979607981694,0.0028481112811351906,0.00355190462096668,0.03784064785203297,0.02939171915793794,0.03361618350498546,0.03784064785203297,0.030760528807949328,-5969,3318,5969,23.21588134765625,300.0,863.5710000000545,1839.6424999994633,-93,52,0.0,0.0,0.0,0,0,0,262144,False,False
17,-3,centered_grid,0.03878993943471317,0.07781985725850525,99.99,7,0.012176316576388152,1.5585685217776835,0.0015205524651598205,0.0004007951569103533,0.000960673811035087,0.0014909480884964556,0.001108005620824856,0.0012994768546606558,0.0022317494785118776,0.0042556979607981694,0.0028481112811351906,0.00355190462096668,0.07304403045362684,0.062369093393969816,0.06770656192379833,0.07304403045362684,0.06524336893709809,-5969,3318,5969,23.21588134765625,300.0,863.5710000000545,1839.6424999994633,-47,26,0.0,0.0,0.0,0,0,0,262144,False,False
17,-2,centered_grid,0.04230072890317172,0.08190115580376715,99.995,0,0.012814909152634878,0.012814909152634878,0.0011895306350588558,0.00036378432510467915,0.0007766574800817675,0.0015073143480354486,0.001141721680002861,0.0013245180140191548,0.0022317494785118776,0.0043817113786967996,0.0028000330006743884,0.0035908721896855938,0.5011633077200883,0.5245886996136214,0.5128760036668549,0.5245886996136214,0.5091269100331268,-5969,3150,5969,22.25556182861328,285.0,817.0,1733.570999999356,-5969,3150,0.03397369384765625,0.01731109619140625,0.01666259765625,8906,4538,4368,262144,False,False
17,-2,centered_grid,0.04230072890317172,0.08190115580376715,99.995,1,0.012814909152634878,0.025629818305269756,0.0011895306350588558,0.00036378432510467915,0.0007766574800817675,0.0015073143480354486,0.001141721680002861,0.0013245180140191548,0.0022317494785118776,0.0043817113786967996,0.0028000330006743884,0.0035908721896855938,0.3084347493791644,0.3424370296067608,0.3254358894929626,0.3424370296067608,0.32146191190481793,-5969,3150,5969,22.25556182861328,285.0,817.0,1733.570999999356,-2984,1575,0.011898040771484375,0.005947113037109375,0.005950927734375,3119,1559,1560,262144,False,False
17,-2,centered_grid,0.04230072890317172,0.08190115580376715,99.995,2,0.012814909152634878,0.05125963661053951,0.0011895306350588558,0.00036378432510467915,0.0007766574800817675,0.0015073143480354486,0.001141721680002861,0.0013245180140191548,0.0022317494785118776,0.0043817113786967996,0.0028000330006743884,0.0035908721896855938,0.1399216815198298,0.18419196997205844,0.16205682574594413,0.18419196997205844,0.15848202049462135,-5969,3150,5969,22.25556182861328,285.0,817.0,1733.570999999356,-1492,788,0.00310516357421875,0.00148773193359375,0.001617431640625,814,390,424,262144,False,False
17,-2,centered_grid,0.04230072890317172,0.08190115580376715,99.995,3,0.012814909152634878,0.10251927322107902,0.0011895306350588558,0.00036378432510467915,0.0007766574800817675,0.0015073143480354486,0.001141721680002861,0.0013245180140191548,0.0022317494785118776,0.0043817113786967996,0.0028000330006743884,0.0035908721896855938,0.041447605305959034,0.07862603702788513,0.060036821166922084,0.07862603702788513,0.05631124613214572,-5969,3150,5969,22.25556182861328,285.0,817.0,1733.570999999356,-746,394,0.0005340576171875,0.000278472900390625,0.000255584716796875,140,73,67,262144,False,False
17,-2,centered_grid,0.04230072890317172,0.08190115580376715,99.995,4,0.012814909152634878,0.20503854644215805,0.0011895306350588558,0.00036378432510467915,0.0007766574800817675,0.0015073143480354486,0.001141721680002861,0.0013245180140191548,0.0022317494785118776,0.0043817113786967996,0.0028000330006743884,0.0035908721896855938,0.012086577333418754,0.03068484984840869,0.02138571359091372,0.03068484984840869,0.01753076783181238,-5969,3150,5969,22.25556182861328,285.0,817.0,1733.570999999356,-373,197,4.1961669921875e-05,1.52587890625e-05,2.6702880859375e-05,11,4,7,262144,False,False
17,-2,centered_grid,0.04230072890317172,0.08190115580376715,99.995,5,0.012814909152634878,0.4100770928843161,0.0011895306350588558,0.00036378432510467915,0.0007766574800817675,0.0015073143480354486,0.001141721680002861,0.0013245180140191548,0.0022317494785118776,0.0043817113786967996,0.0028000330006743884,0.0035908721896855938,0.018863108830407094,0.01793352927778417,0.018398319054095634,0.018863108830407094,0.01483135936476896,-5969,3150,5969,22.25556182861328,285.0,817.0,1733.570999999356,-187,98,3.814697265625e-06,0.0,3.814697265625e-06,1,0,1,262144,True,False
17,-2,centered_grid,0.04230072890317172,0.08190115580376715,99.995,6,0.012814909152634878,0.8201541857686322,0.0011895306350588558,0.00036378432510467915,0.0007766574800817675,0.0015073143480354486,0.001141721680002861,0.0013245180140191548,0.0022317494785118776,0.0043817113786967996,0.0028000330006743884,0.0035908721896855938,0.039887530287810294,0.03098657414883645,0.03543705221832337,0.039887530287810294,0.03332214768526341,-5969,3150,5969,22.25556182861328,285.0,817.0,1733.570999999356,-93,49,0.0,0.0,0.0,0,0,0,262144,False,False
17,-2,centered_grid,0.04230072890317172,0.08190115580376715,99.995,7,0.012814909152634878,1.6403083715372644,0.0011895306350588558,0.00036378432510467915,0.0007766574800817675,0.0015073143480354486,0.001141721680002861,0.0013245180140191548,0.0022317494785118776,0.0043817113786967996,0.0028000330006743884,0.0035908721896855938,0.07688702566369221,0.06584683230074133,0.07136692898221678,0.07688702566369221,0.07039268951207134,-5969,3150,5969,22.25556182861328,285.0,817.0,1733.570999999356,-47,25,0.0,0.0,0.0,0,0,0,262144,False,False
17,-1,centered_grid,0.04612927196628553,0.08168616882616718,99.995,0,0.012781270572569607,0.012781270572569607,0.000914448615413867,0.00035696949035896866,0.0006357090528864178,0.0015034499461579625,0.0011372623929221685,0.0013203561695400655,0.0022317494785118776,0.0043862255233189365,0.0027894023226065824,0.0035878139229627596,0.5018685142470944,0.5252551849688839,0.5135618496079892,0.5252551849688839,0.510315159712148,-5969,3192,5969,22.21108627319336,286.0,819.8570000000182,1750.9282999995921,-5969,3192,0.0341644287109375,0.01741790771484375,0.01674652099609375,8956,4566,4390,262144,False,False
17,-1,centered_grid,0.04612927196628553,0.08168616882616718,99.995,1,0.012781270572569607,0.025562541145139214,0.000914448615413867,0.00035696949035896866,0.0006357090528864178,0.0015034499461579625,0.0011372623929221685,0.0013203561695400655,0.0022317494785118776,0.0043862255233189365,0.0027894023226065824,0.0035878139229627596,0.3091392532310224,0.34309289647372304,0.3261160748523727,0.34309289647372304,0.32241096010837766,-5969,3192,5969,22.21108627319336,286.0,819.8570000000182,1750.9282999995921,-2984,1596,0.012004852294921875,0.005992889404296875,0.006011962890625,3147,1571,1576,262144,False,False
17,-1,centered_grid,0.04612927196628553,0.08168616882616718,99.995,2,0.012781270572569607,0.05112508229027843,0.000914448615413867,0.00035696949035896866,0.0006357090528864178,0.0015034499461579625,0.0011372623929221685,0.0013203561695400655,0.0022317494785118776,0.0043862255233189365,0.0027894023226065824,0.0035878139229627596,0.14045189829416127,0.1846943168459764,0.16257310757006882,0.1846943168459764,0.15906586560179636,-5969,3192,5969,22.21108627319336,286.0,819.8570000000182,1750.9282999995921,-1492,798,0.0031280517578125,0.001499176025390625,0.001628875732421875,820,393,427,262144,False,False
17,-1,centered_grid,0.04612927196628553,0.08168616882616718,99.995,3,0.012781270572569607,0.10225016458055686,0.000914448615413867,0.00035696949035896866,0.0006357090528864178,0.0015034499461579625,0.0011372623929221685,0.0013203561695400655,0.0022317494785118776,0.0043862255233189365,0.0027894023226065824,0.0035878139229627596,0.0416748963450197,0.07889542915896874,0.06028516275199422,0.07889542915896874,0.056614813890049465,-5969,3192,5969,22.21108627319336,286.0,819.8570000000182,1750.9282999995921,-746,399,0.00054168701171875,0.000286102294921875,0.000255584716796875,142,75,67,262144,False,False
17,-1,centered_grid,0.04612927196628553,0.08168616882616718,99.995,4,0.012781270572569607,0.20450032916111371,0.000914448615413867,0.00035696949035896866,0.0006357090528864178,0.0015034499461579625,0.0011372623929221685,0.0013203561695400655,0.0022317494785118776,0.0043862255233189365,0.0027894023226065824,0.0035878139229627596,0.012171175267253986,0.030793981795647685,0.021482578531450837,0.030793981795647685,0.01759792478238223,-5969,3192,5969,22.21108627319336,286.0,819.8570000000182,1750.9282999995921,-373,200,4.1961669921875e-05,1.52587890625e-05,2.6702880859375e-05,11,4,7,262144,False,False
17,-1,centered_grid,0.04612927196628553,0.08168616882616718,99.995,5,0.012781270572569607,0.40900065832222743,0.000914448615413867,0.00035696949035896866,0.0006357090528864178,0.0015034499461579625,0.0011372623929221685,0.0013203561695400655,0.0022317494785118776,0.0043862255233189365,0.0027894023226065824,0.0035878139229627596,0.018924501719161164,0.018025887447065136,0.01847519458311315,0.018924501719161164,0.014744584267378595,-5969,3192,5969,22.21108627319336,286.0,819.8570000000182,1750.9282999995921,-187,100,3.814697265625e-06,0.0,3.814697265625e-06,1,0,1,262144,True,False
17,-1,centered_grid,0.04612927196628553,0.08168616882616718,99.995,6,0.012781270572569607,0.8180013166444549,0.000914448615413867,0.00035696949035896866,0.0006357090528864178,0.0015034499461579625,0.0011372623929221685,0.0013203561695400655,0.0022317494785118776,0.0043862255233189365,0.0027894023226065824,0.0035878139229627596,0.03976419347260831,0.030890417129173377,0.03532730530089084,0.03976419347260831,0.032650941123245555,-5969,3192,5969,22.21108627319336,286.0,819.8570000000182,1750.9282999995921,-93,50,0.0,0.0,0.0,0,0,0,262144,False,False
17,-1,centered_grid,0.04612927196628553,0.08168616882616718,99.995,7,0.012781270572569607,1.6360026332889097,0.000914448615413867,0.00035696949035896866,0.0006357090528864178,0.0015034499461579625,0.0011372623929221685,0.0013203561695400655,0.0022317494785118776,0.0043862255233189365,0.0027894023226065824,0.0035878139229627596,0.07662158792351749,0.065525768004344,0.07107367796393074,0.07662158792351749,0.0691765352372173,-5969,3192,5969,22.21108627319336,286.0,819.8570000000182,1750.9282999995921,-47,25,0.0,0.0,0.0,0,0,0,262144,False,False
17,0,centered_grid,0.050304327781453065,0.08159599624393174,99.995,0,0.012767161449956316,0.012767161449956316,0.0007219408487153041,0.0003716967967999914,0.0005468188227576477,0.0014919057363240364,0.0011331106852167842,0.0013125082107704102,0.0022317494785118776,0.004348182066577813,0.002792126610196938,0.0035701543383873753,0.5021488213199867,0.5255290186724899,0.5138389199962383,0.5255290186724899,0.5104656689683493,-5969,3192,5969,22.255435943603516,286.0,820.0,1750.9282999995921,-5969,3192,0.034053802490234375,0.01731109619140625,0.016742706298828125,8927,4538,4389,262144,False,False
17,0,centered_grid,0.050304327781453065,0.08159599624393174,99.995,1,0.012767161449956316,0.025534322899912632,0.0007219408487153041,0.0003716967967999914,0.0005468188227576477,0.0014919057363240364,0.0011331106852167842,0.0013125082107704102,0.0022317494785118776,0.004348182066577813,0.002792126610196938,0.0035701543383873753,0.30942360970353305,0.3433598745819856,0.32639174214275934,0.3433598745819856,0.32277309029056156,-5969,3192,5969,22.255435943603516,286.0,820.0,1750.9282999995921,-2984,1596,0.011936187744140625,0.005962371826171875,0.00597381591796875,3129,1563,1566,262144,False,False
17,0,centered_grid,0.050304327781453065,0.08159599624393174,99.995,2,0.012767161449956316,0.051068645799825264,0.0007219408487153041,0.0003716967967999914,0.0005468188227576477,0.0014919057363240364,0.0011331106852167842,0.0013125082107704102,0.0022317494785118776,0.004348182066577813,0.002792126610196938,0.0035701543383873753,0.14065691633705368,0.18489471749741604,0.16277581691723486,0.18489471749741604,0.15941934255809592,-5969,3192,5969,22.255435943603516,286.0,820.0,1750.9282999995921,-1492,798,0.00313568115234375,0.001506805419921875,0.001628875732421875,822,395,427,262144,False,False
17,0,centered_grid,0.050304327781453065,0.08159599624393174,99.995,3,0.012767161449956316,0.10213729159965053,0.0007219408487153041,0.0003716967967999914,0.0005468188227576477,0.0014919057363240364,0.0011331106852167842,0.0013125082107704102,0.0022317494785118776,0.004348182066577813,0.002792126610196938,0.0035701543383873753,0.041746176203748854,0.07900988941760109,0.06037803281067497,0.07900988941760109,0.05678509888998938,-5969,3192,5969,22.255435943603516,286.0,820.0,1750.9282999995921,-746,399,0.00054168701171875,0.000286102294921875,0.000255584716796875,142,75,67,262144,False,False
17,0,centered_grid,0.050304327781453065,0.08159599624393174,99.995,4,0.012767161449956316,0.20427458319930106,0.0007219408487153041,0.0003716967967999914,0.0005468188227576477,0.0014919057363240364,0.0011331106852167842,0.0013125082107704102,0.0022317494785118776,0.004348182066577813,0.002792126610196938,0.0035701543383873753,0.012102934048198637,0.03084969328284421,0.021476313665521423,0.03084969328284421,0.017612762671165457,-5969,3192,5969,22.255435943603516,286.0,820.0,1750.9282999995921,-373,200,4.1961669921875e-05,1.52587890625e-05,2.6702880859375e-05,11,4,7,262144,False,False
17,0,centered_grid,0.050304327781453065,0.08159599624393174,99.995,5,0.012767161449956316,0.4085491663986021,0.0007219408487153041,0.0003716967967999914,0.0005468188227576477,0.0014919057363240364,0.0011331106852167842,0.0013125082107704102,0.0022317494785118776,0.004348182066577813,0.002792126610196938,0.0035701543383873753,0.018761723404858897,0.01796061608498911,0.018361169744924005,0.018761723404858897,0.014672516634335605,-5969,3192,5969,22.255435943603516,286.0,820.0,1750.9282999995921,-187,100,3.814697265625e-06,0.0,3.814697265625e-06,1,0,1,262144,True,False
17,0,centered_grid,0.050304327781453065,0.08159599624393174,99.995,6,0.012767161449956316,0.8170983327972042,0.0007219408487153041,0.0003716967967999914,0.0005468188227576477,0.0014919057363240364,0.0011331106852167842,0.0013125082107704102,0.0022317494785118776,0.004348182066577813,0.002792126610196938,0.0035701543383873753,0.03974865293336112,0.03084855934833474,0.03529860614084793,0.03974865293336112,0.032806807524012896,-5969,3192,5969,22.255435943603516,286.0,820.0,1750.9282999995921,-93,50,0.0,0.0,0.0,0,0,0,262144,False,False
17,0,centered_grid,0.050304327781453065,0.08159599624393174,99.995,7,0.012767161449956316,1.6341966655944085,0.0007219408487153041,0.0003716967967999914,0.0005468188227576477,0.0014919057363240364,0.0011331106852167842,0.0013125082107704102,0.0022317494785118776,0.004348182066577813,0.002792126610196938,0.0035701543383873753,0.07645553343709466,0.06553432115363919,0.07099492729536692,0.07645553343709466,0.0696423364486272,-5969,3192,5969,22.255435943603516,286.0,820.0,1750.9282999995921,-47,25,0.0,0.0,0.0,0,0,0,262144,False,False
17,1,centered_grid,0.054857258432202315,0.07775044502201903,99.99,0,0.01216545578332702,0.01216545578332702,0.0006256120479765092,0.00038829971715522956,0.0005069558825658694,0.0015360566124266355,0.0011527474998121682,0.0013444020561194018,0.0022317494785118776,0.004290078547853947,0.0028950032884801137,0.0035925409181670302,0.5151133621463905,0.5379913779489423,0.5265523700476664,0.5379913779489423,0.5225277704771338,-5969,3360,5969,23.32524871826172,300.0,864.0,1835.7139999995707,-5969,3360,0.03653717041015625,0.018581390380859375,0.017955780029296875,9578,4871,4707,262144,False,False
17,1,centered_grid,0.054857258432202315,0.07775044502201903,99.99,1,0.01216545578332702,0.02433091156665404,0.0006256120479765092,0.00038829971715522956,0.0005069558825658694,0.0015360566124266355,0.0011527474998121682,0.0013444020561194018,0.0022317494785118776,0.004290078547853947,0.0028950032884801137,0.0035925409181670302,0.322522701429767,0.35567510927387286,0.33909890535181997,0.35567510927387286,0.33428662765812545,-5969,3360,5969,23.32524871826172,300.0,864.0,1835.7139999995707,-2984,1680,0.013126373291015625,0.0066070556640625,0.006519317626953125,3441,1732,1709,262144,False,False
17,1,centered_grid,0.054857258432202315,0.07775044502201903,99.99,2,0.01216545578332702,0.04866182313330808,0.0006256120479765092,0.00038829971715522956,0.0005069558825658694,0.0015360566124266355,0.0011527474998121682,0.0013444020561194018,0.0022317494785118776,0.004290078547853947,0.0028950032884801137,0.0035925409181670302,0.15055929506580285,0.1944035583693672,0.17248142671758504,0.1944035583693672,0.16770472759043448,-5969,3360,5969,23.32524871826172,300.0,864.0,1835.7139999995707,-1492,840,0.0034027099609375,0.001644134521484375,0.001758575439453125,892,431,461,262144,False,False
17,1,centered_grid,0.054857258432202315,0.07775044502201903,99.99,3,0.01216545578332702,0.09732364626661616,0.0006256120479765092,0.00038829971715522956,0.0005069558825658694,0.0015360566124266355,0.0011527474998121682,0.0013444020561194018,0.0022317494785118776,0.004290078547853947,0.0028950032884801137,0.0035925409181670302,0.04602371137997157,0.0843244488538953,0.06517408011693343,0.0843244488538953,0.06016043957373804,-5969,3360,5969,23.32524871826172,300.0,864.0,1835.7139999995707,-746,420,0.00060272216796875,0.000324249267578125,0.000278472900390625,158,85,73,262144,False,False
17,1,centered_grid,0.054857258432202315,0.07775044502201903,99.99,4,0.01216545578332702,0.19464729253323232,0.0006256120479765092,0.00038829971715522956,0.0005069558825658694,0.0015360566124266355,0.0011527474998121682,0.0013444020561194018,0.0022317494785118776,0.004290078547853947,0.0028950032884801137,0.0035925409181670302,0.012500299621691606,0.03261038742759859,0.0225553435246451,0.03261038742759859,0.01740429127537665,-5969,3360,5969,23.32524871826172,300.0,864.0,1835.7139999995707,-373,210,5.340576171875e-05,1.9073486328125e-05,3.4332275390625e-05,14,5,9,262144,False,False
17,1,centered_grid,0.054857258432202315,0.07775044502201903,99.99,5,0.01216545578332702,0.38929458506646464,0.0006256120479765092,0.00038829971715522956,0.0005069558825658694,0.0015360566124266355,0.0011527474998121682,0.0013444020561194018,0.0022317494785118776,0.004290078547853947,0.0028950032884801137,0.0035925409181670302,0.017650926568375226,0.018057014784003404,0.017853970676189317,0.018057014784003404,0.013544603587366606,-5969,3360,5969,23.32524871826172,300.0,864.0,1835.7139999995707,-187,105,3.814697265625e-06,0.0,3.814697265625e-06,1,0,1,262144,True,True
17,1,centered_grid,0.054857258432202315,0.07775044502201903,99.99,6,0.01216545578332702,0.7785891701329293,0.0006256120479765092,0.00038829971715522956,0.0005069558825658694,0.0015360566124266355,0.0011527474998121682,0.0013444020561194018,0.0022317494785118776,0.004290078547853947,0.0028950032884801137,0.0035925409181670302,0.03792895760104479,0.02941258048896227,0.03367076904500353,0.03792895760104479,0.030861045349695453,-5969,3360,5969,23.32524871826172,300.0,864.0,1835.7139999995707,-93,52,0.0,0.0,0.0,0,0,0,262144,False,False
17,1,centered_grid,0.054857258432202315,0.07775044502201903,99.99,7,0.01216545578332702,1.5571783402658586,0.0006256120479765092,0.00038829971715522956,0.0005069558825658694,0.0015360566124266355,0.0011527474998121682,0.0013444020561194018,0.0022317494785118776,0.004290078547853947,0.0028950032884801137,0.0035925409181670302,0.07300136593746638,0.06238943242131524,0.06769539917939081,0.07300136593746638,0.06559504801117776,-5969,3360,5969,23.32524871826172,300.0,864.0,1835.7139999995707,-47,26,0.0,0.0,0.0,0,0,0,262144,False,False
17,2,centered_grid,0.05982226451313303,0.08191074070584876,99.995,0,0.012816408882989197,0.012816408882989197,0.0005866019930918422,0.00040921506101672427,0.0004979085270542833,0.0015399910128216388,0.0011811453305401744,0.0013605681716809066,0.0022317494785118776,0.004461973045701352,0.002827489822112681,0.0036447314339070162,0.5011510039091619,0.5245571204332842,0.512854062171223,0.5245571204332842,0.5091216360349221,-5969,3150,5969,22.227752685546875,285.0,818.7140000000363,1733.570999999356,-5969,3150,0.034015655517578125,0.01729583740234375,0.016719818115234375,8917,4534,4383,262144,False,False
17,2,centered_grid,0.05982226451313303,0.08191074070584876,99.995,1,0.012816408882989197,0.025632817765978394,0.0005866019930918422,0.00040921506101672427,0.0004979085270542833,0.0015399910128216388,0.0011811453305401744,0.0013605681716809066,0.0022317494785118776,0.004461973045701352,0.002827489822112681,0.0036447314339070162,0.3084471070811374,0.3424231886163926,0.325435147848765,0.3424231886163926,0.3214924772691809,-5969,3150,5969,22.227752685546875,285.0,818.7140000000363,1733.570999999356,-2984,1575,0.0118865966796875,0.00594329833984375,0.00594329833984375,3116,1558,1558,262144,False,False
17,2,centered_grid,0.05982226451313303,0.08191074070584876,99.995,2,0.012816408882989197,0.05126563553195679,0.0005866019930918422,0.00040921506101672427,0.0004979085270542833,0.0015399910128216388,0.0011811453305401744,0.0013605681716809066,0.0022317494785118776,0.004461973045701352,0.002827489822112681,0.0036447314339070162,0.13994583288842136,0.1842028836900098,0.16207435828921557,0.1842028836900098,0.1585413182630223,-5969,3150,5969,22.227752685546875,285.0,818.7140000000363,1733.570999999356,-1492,788,0.003101348876953125,0.001491546630859375,0.00160980224609375,813,391,422,262144,False,False
17,2,centered_grid,0.05982226451313303,0.08191074070584876,99.995,3,0.012816408882989197,0.10253127106391358,0.0005866019930918422,0.00040921506101672427,0.0004979085270542833,0.0015399910128216388,0.0011811453305401744,0.0013605681716809066,0.0022317494785118776,0.004461973045701352,0.002827489822112681,0.0036447314339070162,0.04150733248576363,0.07863360010699873,0.06007046629638118,0.07863360010699873,0.05639187264331536,-5969,3150,5969,22.227752685546875,285.0,818.7140000000363,1733.570999999356,-746,394,0.000522613525390625,0.00026702880859375,0.000255584716796875,137,70,67,262144,False,False
17,2,centered_grid,0.05982226451313303,0.08191074070584876,99.995,4,0.012816408882989197,0.20506254212782715,0.0005866019930918422,0.00040921506101672427,0.0004979085270542833,0.0015399910128216388,0.0011811453305401744,0.0013605681716809066,0.0022317494785118776,0.004461973045701352,0.002827489822112681,0.0036447314339070162,0.012155893032968422,0.030718826370848166,0.021437359701908295,0.030718826370848166,0.017539657159355626,-5969,3150,5969,22.227752685546875,285.0,818.7140000000363,1733.570999999356,-373,197,4.1961669921875e-05,1.52587890625e-05,2.6702880859375e-05,11,4,7,262144,False,False
17,2,centered_grid,0.05982226451313303,0.08191074070584876,99.995,5,0.012816408882989197,0.4101250842556543,0.0005866019930918422,0.00040921506101672427,0.0004979085270542833,0.0015399910128216388,0.0011811453305401744,0.0013605681716809066,0.0022317494785118776,0.004461973045701352,0.002827489822112681,0.0036447314339070162,0.018989904490845245,0.017952563995784748,0.018471234243314996,0.018989904490845245,0.014811755396977464,-5969,3150,5969,22.227752685546875,285.0,818.7140000000363,1733.570999999356,-187,98,3.814697265625e-06,0.0,3.814697265625e-06,1,0,1,262144,True,False
17,2,centered_grid,0.05982226451313303,0.08191074070584876,99.995,6,0.012816408882989197,0.8202501685113086,0.0005866019930918422,0.00040921506101672427,0.0004979085270542833,0.0015399910128216388,0.0011811453305401744,0.0013605681716809066,0.0022317494785118776,0.004461973045701352,0.002827489822112681,0.0036447314339070162,0.04003202430179769,0.030979457788592357,0.03550574104519502,0.04003202430179769,0.03317117400020212,-5969,3150,5969,22.227752685546875,285.0,818.7140000000363,1733.570999999356,-93,49,0.0,0.0,0.0,0,0,0,262144,False,False
17,2,centered_grid,0.05982226451313303,0.08191074070584876,99.995,7,0.012816408882989197,1.6405003370226172,0.0005866019930918422,0.00040921506101672427,0.0004979085270542833,0.0015399910128216388,0.0011811453305401744,0.0013605681716809066,0.0022317494785118776,0.004461973045701352,0.002827489822112681,0.0036447314339070162,0.07687943938377775,0.0658759993312978,0.07137771935753778,0.07687943938377775,0.07041742431626132,-5969,3150,5969,22.227752685546875,285.0,818.7140000000363,1733.570999999356,-47,25,0.0,0.0,0.0,0,0,0,262144,False,False
17,3,centered_grid,0.065236642037118,0.07796842029332268,99.99,0,0.012199561935698912,0.012199561935698912,0.0005862652973835706,0.00043208250212218305,0.0005091738997528768,0.001590008119134552,0.0012073469981903166,0.0013986775586624343,0.0022317494785118776,0.004367023627499778,0.0029356147704607993,0.003651319198980289,0.5144296366732761,0.5373131690316304,0.5258714028524533,0.5373131690316304,0.5222379826196888,-5969,3318,5969,23.1707763671875,299.0,860.0,1821.8565999991843,-5969,3318,0.036022186279296875,0.018352508544921875,0.017669677734375,9443,4811,4632,262144,False,False
17,3,centered_grid,0.065236642037118,0.07796842029332268,99.99,1,0.012199561935698912,0.024399123871397824,0.0005862652973835706,0.00043208250212218305,0.0005091738997528768,0.001590008119134552,0.0012073469981903166,0.0013986775586624343,0.0022317494785118776,0.004367023627499778,0.0029356147704607993,0.003651319198980289,0.3218163907172845,0.3550069010011962,0.33841164585924033,0.3550069010011962,0.3339982359828053,-5969,3318,5969,23.1707763671875,299.0,860.0,1821.8565999991843,-2984,1659,0.013042449951171875,0.006572723388671875,0.0064697265625,3419,1723,1696,262144,False,False
17,3,centered_grid,0.065236642037118,0.07796842029332268,99.99,2,0.012199561935698912,0.04879824774279565,0.0005862652973835706,0.00043208250212218305,0.0005091738997528768,0.001590008119134552,0.0012073469981903166,0.0013986775586624343,0.0022317494785118776,0.004367023627499778,0.0029356147704607993,0.003651319198980289,0.1500070877232697,0.19389636469230978,0.17195172620778976,0.19389636469230978,0.16741351447567743,-5969,3318,5969,23.1707763671875,299.0,860.0,1821.8565999991843,-1492,830,0.003391265869140625,0.00164031982421875,0.001750946044921875,889,430,459,262144,False,False
17,3,centered_grid,0.065236642037118,0.07796842029332268,99.99,3,0.012199561935698912,0.0975964954855913,0.0005862652973835706,0.00043208250212218305,0.0005091738997528768,0.001590008119134552,0.0012073469981903166,0.0013986775586624343,0.0022317494785118776,0.004367023627499778,0.0029356147704607993,0.003651319198980289,0.04578315226714509,0.08403890893130701,0.06491103059922605,0.08403890893130701,0.06001050329663141,-5969,3318,5969,23.1707763671875,299.0,860.0,1821.8565999991843,-746,415,0.0005950927734375,0.000316619873046875,0.000278472900390625,156,83,73,262144,False,False
17,3,centered_grid,0.065236642037118,0.07796842029332268,99.99,4,0.012199561935698912,0.1951929909711826,0.0005862652973835706,0.00043208250212218305,0.0005091738997528768,0.001590008119134552,0.0012073469981903166,0.0013986775586624343,0.0022317494785118776,0.004367023627499778,0.0029356147704607993,0.003651319198980289,0.012518090324526799,0.032517168708732926,0.02251762951662986,0.032517168708732926,0.017427766323643564,-5969,3318,5969,23.1707763671875,299.0,860.0,1821.8565999991843,-373,207,5.340576171875e-05,1.9073486328125e-05,3.4332275390625e-05,14,5,9,262144,False,False
17,3,centered_grid,0.065236642037118,0.07796842029332268,99.99,5,0.012199561935698912,0.3903859819423652,0.0005862652973835706,0.00043208250212218305,0.0005091738997528768,0.001590008119134552,0.0012073469981903166,0.0013986775586624343,0.0022317494785118776,0.004367023627499778,0.0029356147704607993,0.003651319198980289,0.017782886335033856,0.01811995841407057,0.017951422374552214,0.01811995841407057,0.013526049018663472,-5969,3318,5969,23.1707763671875,299.0,860.0,1821.8565999991843,-187,104,3.814697265625e-06,0.0,3.814697265625e-06,1,0,1,262144,True,False
17,3,centered_grid,0.065236642037118,0.07796842029332268,99.99,6,0.012199561935698912,0.7807719638847304,0.0005862652973835706,0.00043208250212218305,0.0005091738997528768,0.001590008119134552,0.0012073469981903166,0.0013986775586624343,0.0022317494785118776,0.004367023627499778,0.0029356147704607993,0.003651319198980289,0.0380377218731884,0.02944820913373282,0.033742965503460606,0.0380377218731884,0.03087434073520864,-5969,3318,5969,23.1707763671875,299.0,860.0,1821.8565999991843,-93,52,0.0,0.0,0.0,0,0,0,262144,False,False
17,3,centered_grid,0.065236642037118,0.07796842029332268,99.99,7,0.012199561935698912,1.5615439277694607,0.0005862652973835706,0.00043208250212218305,0.0005091738997528768,0.001590008119134552,0.0012073469981903166,0.0013986775586624343,0.0022317494785118776,0.004367023627499778,0.0029356147704607993,0.003651319198980289,0.07316304654604339,0.06257603093109557,0.06786953873856948,0.07316304654604339,0.06589174365144704,-5969,3318,5969,23.1707763671875,299.0,860.0,1821.8565999991843,-47,26,0.0,0.0,0.0,0,0,0,262144,False,False
17,4,centered_grid,0.0711410625945926,0.0777430092199435,99.99,0,0.012164292318329002,0.012164292318329002,0.0006103535228030009,0.00045974604538897917,0.0005350497840959901,0.0015876916647235607,0.0011985328853423404,0.0013931122750329506,0.0022317494785118776,0.004371637046911535,0.0029603236984509992,0.003665980372681267,0.515213647703436,0.5380681452060159,0.526640896454726,0.5380681452060159,0.5220869807407078,-5969,3360,5969,23.30834197998047,300.0,864.0,1835.7139999995707,-5969,3360,0.03662109375,0.018596649169921875,0.018024444580078125,9600,4875,4725,262144,False,False
17,4,centered_grid,0.0711410625945926,0.0777430092199435,99.99,1,0.012164292318329002,0.024328584636658004,0.0006103535228030009,0.00045974604538897917,0.0005350497840959901,0.0015876916647235607,0.0011985328853423404,0.0013931122750329506,0.0022317494785118776,0.004371637046911535,0.0029603236984509992,0.003665980372681267,0.32261177836290283,0.35575237263847587,0.33918207550068935,0.35575237263847587,0.33367720065164036,-5969,3360,5969,23.30834197998047,300.0,864.0,1835.7139999995707,-2984,1680,0.013179779052734375,0.00664520263671875,0.006534576416015625,3455,1742,1713,262144,False,False
17,4,centered_grid,0.0711410625945926,0.0777430092199435,99.99,2,0.012164292318329002,0.04865716927331601,0.0006103535228030009,0.00045974604538897917,0.0005350497840959901,0.0015876916647235607,0.0011985328853423404,0.0013931122750329506,0.0022317494785118776,0.004371637046911535,0.0029603236984509992,0.003665980372681267,0.15062398927276363,0.19447908974384737,0.17255153950830548,0.19447908974384737,0.16724435847592184,-5969,3360,5969,23.30834197998047,300.0,864.0,1835.7139999995707,-1492,840,0.00342559814453125,0.001651763916015625,0.001773834228515625,898,433,465,262144,False,False
17,4,centered_grid,0.0711410625945926,0.0777430092199435,99.99,3,0.012164292318329002,0.09731433854663202,0.0006103535228030009,0.00045974604538897917,0.0005350497840959901,0.0015876916647235607,0.0011985328853423404,0.0013931122750329506,0.0022317494785118776,0.004371637046911535,0.0029603236984509992,0.003665980372681267,0.046098976432406416,0.08438501048676654,0.06524199345958648,0.08438501048676654,0.059927456476075475,-5969,3360,5969,23.30834197998047,300.0,864.0,1835.7139999995707,-746,420,0.0006103515625,0.00032806396484375,0.00028228759765625,160,86,74,262144,False,False
17,4,centered_grid,0.0711410625945926,0.0777430092199435,99.99,4,0.012164292318329002,0.19462867709326404,0.0006103535228030009,0.00045974604538897917,0.0005350497840959901,0.0015876916647235607,0.0011985328853423404,0.0013931122750329506,0.0022317494785118776,0.004371637046911535,0.0029603236984509992,0.003665980372681267,0.012604028587524789,0.03266362408156463,0.02263382633454471,0.03266362408156463,0.01737627423029839,-5969,3360,5969,23.30834197998047,300.0,864.0,1835.7139999995707,-373,210,5.340576171875e-05,1.9073486328125e-05,3.4332275390625e-05,14,5,9,262144,False,False
17,4,centered_grid,0.0711410625945926,0.0777430092199435,99.99,5,0.012164292318329002,0.38925735418652807,0.0006103535228030009,0.00045974604538897917,0.0005350497840959901,0.0015876916647235607,0.0011985328853423404,0.0013931122750329506,0.0022317494785118776,0.004371637046911535,0.0029603236984509992,0.003665980372681267,0.01781383646518885,0.018153032840619043,0.017983434652903946,0.018153032840619043,0.01346916788813879,-5969,3360,5969,23.30834197998047,300.0,864.0,1835.7139999995707,-187,105,3.814697265625e-06,0.0,3.814697265625e-06,1,0,1,262144,True,False
17,4,centered_grid,0.0711410625945926,0.0777430092199435,99.99,6,0.012164292318329002,0.7785147083730561,0.0006103535228030009,0.00045974604538897917,0.0005350497840959901,0.0015876916647235607,0.0011985328853423404,0.0013931122750329506,0.0022317494785118776,0.004371637046911535,0.0029603236984509992,0.003665980372681267,0.037916241404034455,0.029409733793147673,0.033662987598591064,0.037916241404034455,0.03055301364255273,-5969,3360,5969,23.30834197998047,300.0,864.0,1835.7139999995707,-93,52,0.0,0.0,0.0,0,0,0,262144,False,False
17,4,centered_grid,0.0711410625945926,0.0777430092199435,99.99,7,0.012164292318329002,1.5570294167461123,0.0006103535228030009,0.00045974604538897917,0.0005350497840959901,0.0015876916647235607,0.0011985328853423404,0.0013931122750329506,0.0022317494785118776,0.004371637046911535,0.0029603236984509992,0.003665980372681267,0.0730206847938063,0.06235308455765567,0.06768688467573099,0.0730206847938063,0.0649466471228348,-5969,3360,5969,23.30834197998047,300.0,864.0,1835.7139999995707,-47,26,0.0,0.0,0.0,0,0,0,262144,False,False
17,original,original_mixed,0.059822264513133036,0.08191074070584878,99.995,0,0.012816408882989199,0.012816408882989199,0.0005866019930918422,0.00040921506101672427,0.0004979085270542833,0.0015399910128216384,0.0011811453305401744,0.0013605681716809064,0.0022317494785118776,0.0044619730457013534,0.0028274898221126816,0.0036447314339070175,0.5011510039091619,0.5245571204332842,0.512854062171223,0.5245571204332842,0.5091216360349221,-5969,3150,5969,22.227752685546875,285.0,818.7140000000363,1733.570999999356,-5969,3150,0.034015655517578125,0.01729583740234375,0.016719818115234375,8917,4534,4383,262144,False,False
17,original,original_mixed,0.059822264513133036,0.08191074070584878,99.995,1,0.012816408882989199,0.025632817765978397,0.0005866019930918422,0.00040921506101672427,0.0004979085270542833,0.0015399910128216384,0.0011811453305401744,0.0013605681716809064,0.0022317494785118776,0.0044619730457013534,0.0028274898221126816,0.0036447314339070175,0.3084471070811373,0.3424231886163926,0.3254351478487649,0.3424231886163926,0.32149247726918084,-5969,3150,5969,22.227752685546875,285.0,818.7140000000363,1733.570999999356,-2984,1575,0.0118865966796875,0.00594329833984375,0.00594329833984375,3116,1558,1558,262144,False,False
17,original,original_mixed,0.059822264513133036,0.08191074070584878,99.995,2,0.012816408882989199,0.051265635531956795,0.0005866019930918422,0.00040921506101672427,0.0004979085270542833,0.0015399910128216384,0.0011811453305401744,0.0013605681716809064,0.0022317494785118776,0.0044619730457013534,0.0028274898221126816,0.0036447314339070175,0.13994583288842133,0.18420288369000978,0.16207435828921557,0.18420288369000978,0.1585413182630223,-5969,3150,5969,22.227752685546875,285.0,818.7140000000363,1733.570999999356,-1492,788,0.003101348876953125,0.001491546630859375,0.00160980224609375,813,391,422,262144,False,False
17,original,original_mixed,0.059822264513133036,0.08191074070584878,99.995,3,0.012816408882989199,0.10253127106391359,0.0005866019930918422,0.00040921506101672427,0.0004979085270542833,0.0015399910128216384,0.0011811453305401744,0.0013605681716809064,0.0022317494785118776,0.0044619730457013534,0.0028274898221126816,0.0036447314339070175,0.04150733248576362,0.0786336001069987,0.06007046629638116,0.0786336001069987,0.05639187264331536,-5969,3150,5969,22.227752685546875,285.0,818.7140000000363,1733.570999999356,-746,394,0.000522613525390625,0.00026702880859375,0.000255584716796875,137,70,67,262144,False,False
17,original,original_mixed,0.059822264513133036,0.08191074070584878,99.995,4,0.012816408882989199,0.20506254212782718,0.0005866019930918422,0.00040921506101672427,0.0004979085270542833,0.0015399910128216384,0.0011811453305401744,0.0013605681716809064,0.0022317494785118776,0.0044619730457013534,0.0028274898221126816,0.0036447314339070175,0.01215589303296842,0.030718826370848166,0.02143735970190829,0.030718826370848166,0.017539657159355633,-5969,3150,5969,22.227752685546875,285.0,818.7140000000363,1733.570999999356,-373,197,4.1961669921875e-05,1.52587890625e-05,2.6702880859375e-05,11,4,7,262144,False,False
17,original,original_mixed,0.059822264513133036,0.08191074070584878,99.995,5,0.012816408882989199,0.41012508425565436,0.0005866019930918422,0.00040921506101672427,0.0004979085270542833,0.0015399910128216384,0.0011811453305401744,0.0013605681716809064,0.0022317494785118776,0.0044619730457013534,0.0028274898221126816,0.0036447314339070175,0.01898990449084525,0.017952563995784744,0.018471234243314996,0.01898990449084525,0.01481175539697746,-5969,3150,5969,22.227752685546875,285.0,818.7140000000363,1733.570999999356,-187,98,3.814697265625e-06,0.0,3.814697265625e-06,1,0,1,262144,True,False
17,original,original_mixed,0.059822264513133036,0.08191074070584878,99.995,6,0.012816408882989199,0.8202501685113087,0.0005866019930918422,0.00040921506101672427,0.0004979085270542833,0.0015399910128216384,0.0011811453305401744,0.0013605681716809064,0.0022317494785118776,0.0044619730457013534,0.0028274898221126816,0.0036447314339070175,0.0400320243017977,0.030979457788592367,0.035505741045195036,0.0400320243017977,0.033171174000202114,-5969,3150,5969,22.227752685546875,285.0,818.7140000000363,1733.570999999356,-93,49,0.0,0.0,0.0,0,0,0,262144,False,False
17,original,original_mixed,0.059822264513133036,0.08191074070584878,99.995,7,0.012816408882989199,1.6405003370226174,0.0005866019930918422,0.00040921506101672427,0.0004979085270542833,0.0015399910128216384,0.0011811453305401744,0.0013605681716809064,0.0022317494785118776,0.0044619730457013534,0.0028274898221126816,0.0036447314339070175,0.07687943938377777,0.06587599933129781,0.07137771935753778,0.07687943938377777,0.0704174243162613,-5969,3150,5969,22.227752685546875,285.0,818.7140000000363,1733.570999999356,-47,25,0.0,0.0,0.0,0,0,0,262144,False,False
