layer,s_X_normal,k,old_s_10,s_10,ratio,base_shift_min,base_shift_max,bos_effective_shift_min,bos_effective_shift_max,effective_shift_min,effective_shift_max,bad_ratio_channels,feasible,bos_mse,bos_nmse,bos_mae,bos_int10_clip_rate,non_bos_mse,non_bos_nmse,non_bos_mae,non_bos_int10_clip_rate,balanced_score,worst_group_score,balanced_clip_rate
0,0.3282365401739341,-2,0.03950863180028707,0.009877157950071767,0.25,15,23,17,25,15,25,0,True,0.00034564964199218387,0.0029262553748729183,0.014637417150563879,0.0,0.0995830346104711,0.04113847472679377,0.1801523833862807,0.0044660268649356185,0.022032365050833346,0.04113847472679377,0.0022330134324678092
0,0.3282365401739341,-2,0.03950863180028707,0.010771117121309386,0.2726269331663144,15,23,17,25,15,25,0,True,0.00035280991473754145,0.0029868739436811928,0.014851605895453084,0.0,0.09476054539811868,0.039146269414326466,0.17859870302381792,0.0028004572425287073,0.021066571679003828,0.039146269414326466,0.0014002286212643537
0,0.3282365401739341,-2,0.03950863180028707,0.011745986510231036,0.29730177875068026,17,23,19,25,17,25,0,True,0.00035171300187643214,0.0029775875253962264,0.014832875817841628,0.0,0.091124826525499,0.03764432754701903,0.17752477337653688,0.0017904116073589145,0.020310957536207628,0.03764432754701903,0.0008952058036794572
0,0.3282365401739341,-2,0.03950863180028707,0.01280908911718875,0.3242098886627524,14,23,16,25,14,25,0,True,0.00035832519670139757,0.0030335660895131813,0.01498197586192773,0.0,0.08836157572216877,0.036502808574623305,0.1767786846827754,0.0011274791877868987,0.019768187332068244,0.036502808574623305,0.0005637395938934493
0,0.3282365401739341,-2,0.03950863180028707,0.01396841073069273,0.3535533905932738,15,23,17,25,15,25,0,True,0.00035601005797953234,0.0030139662221752954,0.014905611365279238,0.0,0.0862672808745506,0.03563764016520294,0.17627393656377088,0.0007106607910600234,0.019325803193689116,0.03563764016520294,0.0003553303955300117
0,0.3282365401739341,-2,0.03950863180028707,0.015232659914864784,0.3855527063519852,17,23,19,25,17,25,0,True,0.0003530130646233476,0.0029885938020956806,0.014794387224671501,0.0,0.0846810883136597,0.03498237250005009,0.17591163186528472,0.00045918728247688293,0.018985483151072884,0.03498237250005009,0.00022959364123844146
0,0.3282365401739341,-2,0.03950863180028707,0.016611333426220152,0.42044820762685725,15,24,17,26,15,26,0,True,0.00036256935350405137,0.0030694969430329136,0.015039967407839108,0.0,0.08347458783946685,0.03448395839307299,0.17566989967020968,0.00030004294176727987,0.018776727668052953,0.03448395839307299,0.00015002147088363993
0,0.3282365401739341,-2,0.03950863180028707,0.018114787551173944,0.45850202160233555,15,24,17,26,15,26,0,True,0.00036622767961921534,0.003100468178518176,0.015137112025248707,0.0,0.08256785435435166,0.034109380206062946,0.17547613104864668,0.00020693734039520576,0.01860492419229056,0.034109380206062946,0.00010346867019760288
0,0.3282365401739341,-2,0.03950863180028707,0.019754315900143534,0.5,16,24,18,26,16,26,0,True,0.000372954507384081,0.0031574172202973876,0.015247478365346926,0.0,0.08193827183007348,0.03384929509352586,0.17537123546659006,0.00013737233621546207,0.018503356156911625,0.03384929509352586,6.868616810773104e-05
0,0.3282365401739341,-2,0.03950863180028707,0.021542234242618773,0.5452538663326288,16,24,18,26,16,26,0,True,0.0003664557118675342,0.003102398689970297,0.015148865437344401,0.0,0.08150246165698206,0.03366925874635558,0.17528492993210798,6.583393419057797e-05,0.01838582871816294,0.03366925874635558,3.2916967095288984e-05
0,0.3282365401739341,-2,0.03950863180028707,0.023491973020462072,0.5946035575013605,18,24,20,26,18,26,0,True,0.00039594845953374355,0.0033520830549839523,0.01571254051527116,0.0,0.08121926697811095,0.03355226896807585,0.17526357266804,3.862689520667732e-05,0.018452176011529903,0.03355226896807585,1.931344760333866e-05
0,0.3282365401739341,-2,0.03950863180028707,0.0256181782343775,0.6484197773255048,15,24,17,26,15,26,0,True,0.0003860635717007102,0.0032683980090955386,0.015563754020108657,0.0,0.08101857202887552,0.033469360427186214,0.17524264566626874,2.6010074637297248e-05,0.018368879218140875,0.033469360427186214,1.3005037318648624e-05
0,0.3282365401739341,-2,0.03950863180028707,0.02793682146138546,0.7071067811865476,16,24,18,26,16,26,0,True,0.0003965019492012571,0.0033567688752994696,0.015921688118019056,0.0,0.08090468671474077,0.03342231357693093,0.17527838391665107,1.050324577488414e-05,0.0183895412261152,0.03342231357693093,5.25162288744207e-06
0,0.3282365401739341,-2,0.03950863180028707,0.030465319829729567,0.7711054127039704,18,24,20,26,18,26,0,True,0.00041413382763943053,0.0035060396187940558,0.016125971514814864,0.0,0.08085653262517109,0.033402420772855386,0.17531497235910198,4.723229188818086e-06,0.01845423019582472,0.033402420772855386,2.361614594409043e-06
0,0.3282365401739341,-2,0.03950863180028707,0.033222666852440304,0.8408964152537145,16,25,18,27,16,27,0,True,0.00044047027630871754,0.003729002888853825,0.01665580367680006,0.0,0.08083701283980683,0.03339435700777712,0.17534126918407464,1.8332208957850585e-06,0.018561679948315472,0.03339435700777712,9.166104478925292e-07
0,0.3282365401739341,-2,0.03950863180028707,0.03622957510234789,0.9170040432046711,16,25,18,27,16,27,0,True,0.00045538720721470093,0.003855289000387622,0.017062342571227886,0.0,0.08083895645202316,0.03339515992809736,0.1754225809082861,1.8332208957850585e-06,0.018625224464242487,0.03339515992809736,9.166104478925292e-07
0,0.3282365401739341,-2,0.03950863180028707,0.03950863180028707,1.0,17,25,19,27,17,27,0,True,0.0004763392836320927,0.004032668400747386,0.017406861127169236,0.0,0.08085186895466062,0.03340049417670194,0.17547389320167056,0.0,0.018716581288724665,0.03340049417670194,0.0
0,0.3282365401739341,-2,0.03950863180028707,0.043084468485237545,1.0905077326652577,17,25,19,27,17,27,0,True,0.0004902212678884294,0.004150192697344011,0.017705974740943844,0.0,0.08086674582828626,0.03340663992122616,0.1755552486227384,0.0,0.018778416309285086,0.03340663992122616,0.0
0,0.3282365401739341,-2,0.03950863180028707,0.046983946040924145,1.189207115002721,19,25,21,27,19,27,0,True,0.0005174443230634143,0.0043806619409026745,0.018147960793648183,0.0,0.08089552126318278,0.03341852726233675,0.1756270139147611,0.0,0.018899594601619715,0.03341852726233675,0.0
0,0.3282365401739341,-2,0.03950863180028707,0.051236356468755,1.2968395546510096,16,25,18,27,16,27,0,True,0.000560064165981466,0.004741479743855899,0.019233188335406444,0.0,0.08095277867011094,0.03344218071291746,0.1757541124309944,0.0,0.01909183022838668,0.03344218071291746,0.0
0,0.3282365401739341,-2,0.03950863180028707,0.05587364292277092,1.4142135623730951,17,25,19,27,17,27,0,True,0.0006041913776933987,0.005115058867809159,0.019806288408572577,0.0,0.0809713334670758,0.03344984583428061,0.17588230568988028,0.0,0.019282452351044883,0.03344984583428061,0.0
0,0.3282365401739341,-2,0.03950863180028707,0.060930639659459135,1.5422108254079407,19,25,21,27,19,27,0,True,0.0006682610679365233,0.005657470178753396,0.02084314576578323,0.0,0.08101816908811346,0.033469193969431425,0.17602679928092269,0.0,0.019563332074092412,0.033469193969431425,0.0
0,0.3282365401739341,-2,0.03950863180028707,0.06644533370488061,1.681792830507429,17,26,19,28,17,28,0,True,0.0006904215372109593,0.005845079782368986,0.021504148928562557,0.0,0.08106563267195827,0.033488801520577864,0.17624809668804575,0.0,0.019666940651473425,0.033488801520577864,0.0
0,0.3282365401739341,-2,0.03950863180028707,0.07245915020469577,1.8340080864093422,17,26,19,28,17,28,0,True,0.0007629490047403992,0.006459094281156588,0.022651690517920896,0.0,0.08115924611632623,0.03352747391422688,0.17646121491833958,0.0,0.019993284097691733,0.03352747391422688,0.0
0,0.3282365401739341,-2,0.03950863180028707,0.07901726360057414,2.0,18,26,20,28,18,28,0,True,0.0008342312613554301,0.007062566876558615,0.02360901209923536,0.0,0.0812207904161344,0.033552898311385894,0.17668733847713491,0.0,0.020307732593972255,0.033552898311385894,0.0
0,0.3282365401739341,-2,0.03950863180028707,0.08616893697047509,2.1810154653305154,18,26,20,28,18,28,0,True,0.0009354840208565389,0.00791976849263185,0.025219418937389552,0.0,0.08136396492354359,0.03361204474006838,0.17704266373056873,0.0,0.020765906616350117,0.03361204474006838,0.0
0,0.3282365401739341,-2,0.03950863180028707,0.09396789208184829,2.378414230005442,20,26,22,28,20,28,0,True,0.0010829865747336515,0.009168518928485456,0.02734026735805671,0.0,0.08147216014558094,0.033656740971959226,0.17742063587412785,0.0,0.02141262995022234,0.033656740971959226,0.0
0,0.3282365401739341,-2,0.03950863180028707,0.10247271293751,2.5936791093020193,17,26,19,28,17,28,0,True,0.0012952786762086875,0.010965774957463025,0.030057520536199252,0.0,0.08160270833188621,0.03371067137570677,0.1777881156783837,0.0,0.022338223166584896,0.03371067137570677,0.0
0,0.3282365401739341,-2,0.03950863180028707,0.11174728584554185,2.8284271247461903,18,26,20,28,18,28,0,True,0.0013679730541671232,0.011581202512943398,0.030900500603271864,0.0,0.08172420216201912,0.03376086135917066,0.17824904454028634,0.0,0.02267103193605703,0.03376086135917066,0.0
0,0.3282365401739341,-2,0.03950863180028707,0.12186127931891827,3.0844216508158815,20,26,22,28,20,28,0,True,0.0016036252643093355,0.01357622424233065,0.03336087921421173,0.0,0.08197068380009848,0.03386268471370499,0.17893132525274855,0.0,0.02371945447801782,0.03386268471370499,0.0
0,0.3282365401739341,-2,0.03950863180028707,0.13289066740976122,3.363585661014858,18,27,20,29,18,29,0,True,0.0018072463313076911,0.015300071657033804,0.0357108601373109,0.0,0.08214375763417264,0.033934182771348846,0.17949430261234622,0.0,0.024617127214191327,0.033934182771348846,0.0
0,0.3282365401739341,-2,0.03950863180028707,0.14491830040939155,3.6680161728186844,18,27,20,29,18,29,0,True,0.0020885846529011664,0.017681870090197664,0.03852190374354706,0.0,0.0824859508108571,0.03407554525749701,0.18050531445158677,0.0,0.025878707673847336,0.03407554525749701,0.0
0,0.3282365401739341,-2,0.03950863180028707,0.15803452720114827,4.0,19,27,21,29,19,29,0,True,0.0024672991272657314,0.02088805094941736,0.041925556914977395,0.0,0.08280552650196632,0.03420756429611558,0.1813891538867673,0.0,0.02754780762276647,0.03420756429611558,0.0
1,0.10382454303004575,-3,0.013115626278312096,0.003278906569578024,0.25,15,23,18,26,15,26,0,True,1.6310895331049596e-05,0.0034104177857326927,0.0031121982477552903,0.0,0.013336648358639618,0.031409780938091346,0.05434043157978445,0.01818612452576867,0.01741009936191202,0.031409780938091346,0.009093062262884335
1,0.10382454303004575,-3,0.013115626278312096,0.003575672968811749,0.2726269331663144,14,23,17,26,14,26,0,True,1.6556340506271212e-05,0.003461737506324892,0.0031560806882631183,0.0,0.011416441463183406,0.02688740947562263,0.052319717193494195,0.012011523791254346,0.01517457349097376,0.02688740947562263,0.006005761895627173
1,0.10382454303004575,-3,0.013115626278312096,0.0038992990219713507,0.29730177875068026,9,23,12,26,9,26,0,True,1.7001379763267178e-05,0.003554790019176168,0.003190492487435228,0.0,0.010011848674229013,0.023579385553727725,0.05087871095739649,0.007704480144098037,0.013567087786451947,0.023579385553727725,0.0038522400720490185
1,0.10382454303004575,-3,0.013115626278312096,0.004252215735433835,0.32420988866275247,12,23,15,26,12,26,0,True,1.6728696724125607e-05,0.003497775179237506,0.003160480279833846,0.0,0.009005211526134468,0.021208606070341852,0.04988453391184576,0.004783549138283061,0.012353190624789678,0.021208606070341852,0.0023917745691415305
1,0.10382454303004575,-3,0.013115626278312096,0.004637074140451482,0.35355339059327373,16,23,19,26,16,26,0,True,1.7818013126847297e-05,0.003725538521392026,0.0032561203211050683,0.0,0.008296798439982846,0.019540188395125488,0.049215756480607,0.0029122609809358775,0.011632863458258758,0.019540188395125488,0.0014561304904679388
1,0.10382454303004575,-3,0.013115626278312096,0.005056765207104443,0.38555270635198513,15,23,18,26,15,26,0,True,1.801956557671218e-05,0.003767680785555091,0.003292399762563762,0.0,0.007814319767270796,0.01840387970574107,0.04876521853043763,0.0017809323873187852,0.011085780245648082,0.01840387970574107,0.0008904661936593926
1,0.10382454303004575,-3,0.013115626278312096,0.005514441560620029,0.42044820762685725,14,24,17,27,14,27,0,True,1.7592448995845573e-05,0.0036783756950371027,0.003274767327745454,0.0,0.007496326540417676,0.0176549585880314,0.04848342665469194,0.0010313215600641077,0.01066666714153425,0.0176549585880314,0.0005156607800320538
1,0.10382454303004575,-3,0.013115626278312096,0.006013541163186813,0.4585020216023356,14,24,17,27,14,27,0,True,1.839247682304554e-05,0.0038456521734637644,0.0033122940388742857,0.0,0.007291462541492513,0.01717247354716487,0.04830315256767355,0.0005689102077520494,0.010509062860314318,0.01717247354716487,0.0002844551038760247
1,0.10382454303004575,-3,0.013115626278312096,0.006557813139156048,0.5,16,24,19,27,16,27,0,True,1.9314200705789325e-05,0.004038373876315972,0.0034061787467626605,0.0,0.007165358493918276,0.016875479849558117,0.04820154537187797,0.00030517578124999984,0.010456926862937045,0.016875479849558117,0.00015258789062499992
1,0.10382454303004575,-3,0.013115626278312096,0.007151345937623498,0.5452538663326288,15,24,18,27,15,27,0,True,1.99986724956733e-05,0.004181488936444457,0.0034942754080524102,0.0,0.007087747816874824,0.01669269521740482,0.04813250692673056,0.00016929168383401647,0.010437092076924639,0.01669269521740482,8.464584191700824e-05
1,0.10382454303004575,-3,0.013115626278312096,0.007798598043942701,0.5946035575013605,10,24,13,27,10,27,0,True,2.0530554152334343e-05,0.004292699181189806,0.0035463088989677854,0.0,0.0070453888897526965,0.016592933674181954,0.04811498721967922,8.457575344233052e-05,0.01044281642768588,0.016592933674181954,4.228787672116526e-05
1,0.10382454303004575,-3,0.013115626278312096,0.00850443147086767,0.6484197773255049,13,24,16,27,13,27,0,True,2.1334141349099545e-05,0.004460719882237292,0.0036435199453961342,0.0,0.007022080149697813,0.016538038141258007,0.04810449037305577,4.130117779859502e-05,0.01049937901174765,0.016538038141258007,2.065058889929751e-05
1,0.10382454303004575,-3,0.013115626278312096,0.009274148280902964,0.7071067811865475,17,24,20,27,17,27,0,True,2.2820807522357777e-05,0.004771564422394167,0.0037611839616640205,0.0,0.007010283518651645,0.016510255329039852,0.04810263686043976,1.670379320901651e-05,0.01064090987571701,0.016510255329039852,8.351896604508256e-06
1,0.10382454303004575,-3,0.013115626278312096,0.010113530414208887,0.7711054127039703,16,24,19,27,16,27,0,True,2.338285395015702e-05,0.004889081768613979,0.003800077535343817,0.0,0.007006691917679367,0.01650179657713138,0.04811150423287097,3.946795690280996e-06,0.010695439172872679,0.01650179657713138,1.973397845140498e-06
1,0.10382454303004575,-3,0.013115626278312096,0.011028883121240058,0.8408964152537145,15,25,18,28,15,28,0,True,2.555040203342962e-05,0.005342290766930075,0.003996378015207494,0.0,0.007006060175586096,0.016500308730993025,0.04812766560496225,1.973397845140498e-06,0.01092129974896155,0.016500308730993025,9.86698922570249e-07
1,0.10382454303004575,-3,0.013115626278312096,0.012027082326373626,0.9170040432046712,15,25,18,28,15,28,0,True,2.6773486905006717e-05,0.005598023534189437,0.004126229343232115,0.0,0.007009069447661453,0.01650739601215455,0.04815231646841392,0.0,0.011052709773171993,0.01650739601215455,0.0
1,0.10382454303004575,-3,0.013115626278312096,0.013115626278312096,1.0,17,25,20,28,17,28,0,True,3.134983497682934e-05,0.006554884487624485,0.00446027643336777,0.0,0.00700956932218421,0.016508573290645676,0.048164475929352094,0.0,0.01153172888913508,0.016508573290645676,0.0
1,0.10382454303004575,-3,0.013115626278312096,0.014302691875246996,1.0905077326652577,16,25,19,28,16,28,0,True,3.406078825389095e-05,0.007121713167763302,0.004732306735999558,0.0,0.0070124030199556426,0.01651524706833344,0.04820688400880047,0.0,0.01181848011804837,0.01651524706833344,0.0
1,0.10382454303004575,-3,0.013115626278312096,0.015597196087885403,1.189207115002721,11,25,14,28,11,28,0,True,3.467420694897954e-05,0.0072499718553074915,0.004768778593770224,0.0,0.007015981789358973,0.01652367559999775,0.048237671534092766,0.0,0.011886823727652622,0.01652367559999775,0.0
1,0.10382454303004575,-3,0.013115626278312096,0.01700886294173534,1.2968395546510099,14,25,17,28,14,28,0,True,3.915375630687124e-05,0.008186593327774402,0.005107149294591923,0.0,0.007019201948817222,0.01653125955216095,0.048278568534399935,0.0,0.012358926439967676,0.01653125955216095,0.0
1,0.10382454303004575,-3,0.013115626278312096,0.018548296561805927,1.414213562373095,18,25,21,28,18,28,0,True,4.1938596789505025e-05,0.008768870959972997,0.005276184606996854,0.0,0.007026759713167325,0.01654905920588464,0.04833088898986902,0.0,0.012658965082928818,0.01654905920588464,0.0
1,0.10382454303004575,-3,0.013115626278312096,0.020227060828417773,1.5422108254079405,17,25,20,28,17,28,0,True,5.133703335351825e-05,0.01073397431974844,0.00584751453199423,0.0,0.007029144555221243,0.016554675861919287,0.04839234452462608,0.0,0.013644325090833864,0.016554675861919287,0.0
1,0.10382454303004575,-3,0.013115626278312096,0.022057766242480115,1.681792830507429,16,26,19,29,16,29,0,True,5.749684140043864e-05,0.012021918267247541,0.006293686371434946,0.0,0.007036262534455105,0.016571439756598468,0.04845076741004548,0.0,0.014296679011923004,0.016571439756598468,0.0
1,0.10382454303004575,-3,0.013115626278312096,0.02405416465274725,1.8340080864093424,16,26,19,29,16,29,0,True,6.285636976092939e-05,0.013142533075495485,0.006523296098052535,0.0,0.007044036281064815,0.016589748080512626,0.048531409932560804,0.0,0.014866140578004054,0.016589748080512626,0.0
1,0.10382454303004575,-3,0.013115626278312096,0.02623125255662419,2.0,18,26,21,29,18,29,0,True,6.98188450226926e-05,0.014598305366562793,0.006955780720715273,0.0,0.007053559990888121,0.01661217782681948,0.04863891743941687,0.0,0.015605241596691136,0.01661217782681948,0.0
1,0.10382454303004575,-3,0.013115626278312096,0.02860538375049399,2.1810154653305154,17,26,20,29,17,29,0,True,8.590977050832384e-05,0.017962730025743348,0.007842290300268076,0.0,0.007063349831376553,0.01663523435023462,0.04875656513482149,0.0,0.017298982187988983,0.017962730025743348,0.0
1,0.10382454303004575,-3,0.013115626278312096,0.031194392175770806,2.378414230005442,12,26,15,29,12,29,0,True,0.00010123226958254981,0.021166485693596703,0.00851191159779215,0.0,0.00707742076364465,0.016668373478466145,0.048892081029958165,0.0,0.018917429586031424,0.021166485693596703,0.0
1,0.10382454303004575,-3,0.013115626278312096,0.03401772588347068,2.5936791093020197,15,26,18,29,15,29,0,True,0.00011433650617617107,0.02390642857473708,0.009107778453567295,0.0,0.00709310923359938,0.0167053221473731,0.04905172810388508,0.0,0.02030587536105509,0.02390642857473708,0.0
1,0.10382454303004575,-3,0.013115626278312096,0.037096593123611854,2.82842712474619,19,26,22,29,19,29,0,True,0.00013300554776830901,0.027809907212553435,0.009797407523486568,0.0,0.00710991282888959,0.016744897101502856,0.04923920422685696,0.0,0.022277402157028146,0.027809907212553435,0.0
1,0.10382454303004575,-3,0.013115626278312096,0.04045412165683555,3.084421650815881,18,26,21,29,18,29,0,True,0.00015080963588643204,0.03153253417719423,0.010465444549955428,0.0,0.007132734904471861,0.016798646467559082,0.04946076687196342,0.0,0.024165590322376657,0.03153253417719423,0.0
1,0.10382454303004575,-3,0.013115626278312096,0.04411553248496023,3.363585661014858,17,27,20,30,17,30,0,True,0.00017709643333378881,0.03702879662783736,0.011392499520131518,0.0,0.0071548725857265745,0.016850783983671774,0.04973092281179166,0.0,0.026939790305754566,0.03702879662783736,0.0
1,0.10382454303004575,-3,0.013115626278312096,0.0481083293054945,3.668016172818685,17,27,20,30,17,30,0,True,0.00021259602667617248,0.04445134714170621,0.012498515279157688,0.0,0.00719492058130004,0.016945102941039895,0.050081397424426674,0.0,0.030698225041373053,0.04445134714170621,0.0
1,0.10382454303004575,-3,0.013115626278312096,0.05246250511324838,4.0,19,27,22,30,19,30,0,True,0.0002532036841722713,0.05294193423400443,0.01365748283076395,0.0,0.007228341100972787,0.01702381321168133,0.05042366695524367,0.0,0.03498287372284288,0.05294193423400443,0.0
2,0.08881361209234713,-3,0.007314705481437474,0.0018286763703593686,0.25,12,22,15,25,12,25,0,True,0.00010088163120082651,0.014293634600333982,0.0035732312354197233,0.0009765625,0.013774035330289036,0.07856123127948592,0.05333709487544057,0.030450160352404644,0.046427432939909946,0.07856123127948592,0.015713361426202322
2,0.08881361209234713,-3,0.007314705481437474,0.0019941857224191283,0.2726269331663145,16,22,19,25,16,25,0,True,6.0113621017522764e-05,0.008517329895438762,0.003511356005598545,0.0009765625,0.012386421983423093,0.07064687572168371,0.05147678299213064,0.0214364536390466,0.03958210280856124,0.07064687572168371,0.0112065080695233
2,0.08881361209234713,-3,0.007314705481437474,0.0021746749506687123,0.29730177875068026,17,23,20,26,17,26,0,True,3.1341167444387407e-05,0.0044406418697389835,0.003442703415754914,0.0009765625,0.011292111789887383,0.06440539643515905,0.050058305905933964,0.01455086807735688,0.03442301915244902,0.06440539643515905,0.00776371528867844
2,0.08881361209234713,-3,0.007314705481437474,0.0023714998497376683,0.3242098886627524,15,23,18,26,15,26,0,True,1.913446765468385e-05,0.0027111089072647723,0.003344618532613467,0.0,0.010446758428348574,0.05958386088974764,0.04902964612962017,0.009431862251380874,0.031147484898506207,0.05958386088974764,0.004715931125690437
2,0.08881361209234713,-3,0.007314705481437474,0.0025861389241534243,0.3535533905932738,17,23,20,26,17,26,0,True,1.921381535144122e-05,0.0027223514592569194,0.0033449457484772344,0.0,0.009796323943544717,0.055874059602940805,0.048300234303219766,0.006122775364959908,0.029298205531098864,0.055874059602940805,0.003061387682479954
2,0.08881361209234713,-3,0.007314705481437474,0.002820204494535919,0.3855527063519852,12,23,15,26,12,26,0,True,1.9375159381548405e-05,0.002745211841110841,0.003366062918206374,0.0,0.009299950162757201,0.0530429549586998,0.04777868000573386,0.003802867799108322,0.02789408339990532,0.0530429549586998,0.001901433899554161
2,0.08881361209234713,-3,0.007314705481437474,0.003075454808988734,0.42044820762685725,15,23,18,26,15,26,0,True,1.9393682858384992e-05,0.002747836380447471,0.0033535094712644005,0.0,0.008922962123660023,0.050892775739688624,0.04741393189862912,0.0024030706292461983,0.026820306060068046,0.050892775739688624,0.0012015353146230992
2,0.08881361209234713,-3,0.007314705481437474,0.0033538072506647675,0.4585020216023356,16,23,19,26,16,26,0,True,1.975560942785958e-05,0.0027991167381760614,0.0033874329625860895,0.0,0.008636070353105783,0.04925646726521197,0.04716305691777206,0.001549559680391686,0.026027792001694014,0.04925646726521197,0.000774779840195843
2,0.08881361209234713,-3,0.007314705481437474,0.003657352740718737,0.5,13,23,16,26,13,26,0,True,1.9880660616614474e-05,0.002816834889410567,0.0034067416691966343,0.0,0.008413132796592743,0.047984926390070556,0.046979522313216185,0.0010621950408395784,0.025400880639740563,0.047984926390070556,0.0005310975204197892
2,0.08881361209234713,-3,0.007314705481437474,0.003988371444838257,0.545253866332629,17,23,20,26,17,26,0,True,2.003911315386777e-05,0.0028392855837741995,0.0034431393483393617,0.0,0.008238733526958288,0.04699022723124109,0.046839216698223954,0.0007210020187772229,0.024914756407507645,0.04699022723124109,0.00036050100938861147
2,0.08881361209234713,-3,0.007314705481437474,0.004349349901337425,0.5946035575013605,18,24,21,27,18,27,0,True,1.985374430562474e-05,0.002813021193007202,0.0034219780279700915,0.0,0.008103072319808884,0.04621647348261505,0.046738458997231856,0.0005261963399057355,0.024514747337811126,0.04621647348261505,0.00026309816995286777
2,0.08881361209234713,-3,0.007314705481437474,0.0047429996994753365,0.6484197773255048,16,24,19,27,16,27,0,True,2.1032387600978458e-05,0.0029800198466509143,0.003518436018101007,0.0,0.00799782302799884,0.045616176346908684,0.046658457435869286,0.0003705782640383471,0.0242980980967798,0.045616176346908684,0.00018528913201917355
2,0.08881361209234713,-3,0.007314705481437474,0.005172277848306849,0.7071067811865476,18,24,21,27,18,27,0,True,2.0862604715484326e-05,0.0029559637871110723,0.003488768564276131,0.0,0.007919993859868996,0.045172271918676725,0.04659462950776949,0.00026112477210772737,0.024064117852893897,0.045172271918676725,0.00013056238605386368
2,0.08881361209234713,-3,0.007314705481437474,0.005640408989071838,0.7711054127039704,13,24,16,27,13,27,0,True,2.1317684483064496e-05,0.003020442759490561,0.0035291930332883507,0.0,0.007863770124342329,0.044851595676443326,0.04654814548984615,0.00017824206261182643,0.023936019217966942,0.044851595676443326,8.912103130591321e-05
2,0.08881361209234713,-3,0.007314705481437474,0.006150909617977468,0.8408964152537145,16,24,19,27,16,27,0,True,2.179810419579234e-05,0.003088512077430703,0.0035877384141382858,0.0,0.007828142650785422,0.04464839174071267,0.04652500458254294,0.00011629029591393391,0.023868451909071685,0.04464839174071267,5.814514795696696e-05
2,0.08881361209234713,-3,0.007314705481437474,0.006707614501329535,0.9170040432046712,17,24,20,27,17,27,0,True,2.244752793787188e-05,0.0031805271009743593,0.0036324851603256898,0.0,0.007807963213428466,0.04453329682427931,0.04650696195449484,6.998553502780995e-05,0.023856911962626834,0.04453329682427931,3.499276751390498e-05
2,0.08881361209234713,-3,0.007314705481437474,0.007314705481437474,1.0,14,24,17,27,14,27,0,True,2.2932523455602303e-05,0.0032492447518560953,0.0037237573700751032,0.0,0.007799426516060111,0.04448460713819701,0.04650410063320033,2.3680774141685973e-05,0.023866925945026554,0.04448460713819701,1.1840387070842987e-05
2,0.08881361209234713,-3,0.007314705481437474,0.007976742889676513,1.090507732665258,18,24,21,27,18,27,0,True,2.4390710363308922e-05,0.003455851153731748,0.003817934444237663,0.0,0.007795839734454528,0.044464149663498535,0.046506488674645546,9.866989225702488e-06,0.02396000040861514,0.044464149663498535,4.933494612851244e-06
2,0.08881361209234713,-3,0.007314705481437474,0.00869869980267485,1.189207115002721,19,25,22,28,19,28,0,True,2.5355347068418198e-05,0.0035925278154864916,0.003908197214692799,0.0,0.007795833437268031,0.044464113747028675,0.04651375466669134,3.946795690280996e-06,0.024028320781257582,0.044464113747028675,1.973397845140498e-06
2,0.08881361209234713,-3,0.007314705481437474,0.009485999398950673,1.2968395546510096,17,25,20,28,17,28,0,True,2.595015794175521e-05,0.0036768048952539635,0.00398865439320862,0.0,0.007798451463947071,0.04447904585621063,0.04653804632697185,0.0,0.0240779253757323,0.04447904585621063,0.0
2,0.08881361209234713,-3,0.007314705481437474,0.010344555696613697,1.4142135623730951,19,25,22,28,19,28,0,True,2.787641034994437e-05,0.003949730181482322,0.004148662610866936,0.0,0.007798064388983089,0.04447683814546801,0.0465479121974474,0.0,0.024213284163475166,0.04447683814546801,0.0
2,0.08881361209234713,-3,0.007314705481437474,0.011280817978143676,1.5422108254079407,14,25,17,28,14,28,0,True,2.886209510365237e-05,0.0040893890820464405,0.004221326643643972,0.0,0.0078000722369810215,0.044488290055322836,0.04656961075870058,0.0,0.024288839568684637,0.044488290055322836,0.0
2,0.08881361209234713,-3,0.007314705481437474,0.012301819235954936,1.681792830507429,17,25,20,28,17,28,0,True,3.2295100746728764e-05,0.004575801996458321,0.004495974951763657,0.0,0.007803151379681751,0.04450585217390711,0.04659878002259321,0.0,0.024540827085182716,0.04450585217390711,0.0
2,0.08881361209234713,-3,0.007314705481437474,0.01341522900265907,1.8340080864093424,18,25,21,28,18,28,0,True,3.39671412773279e-05,0.004812708716709062,0.004582146995759375,0.0,0.007806206447107806,0.044523276977378096,0.04663335730590309,0.0,0.024667992847043577,0.044523276977378096,0.0
2,0.08881361209234713,-3,0.007314705481437474,0.014629410962874949,2.0,15,25,18,28,15,28,0,True,3.670484288905563e-05,0.00520060595842675,0.004836530879452909,0.0,0.007809633417138784,0.04454282295491741,0.04667417210611073,0.0,0.02487171445667208,0.04454282295491741,0.0
2,0.08881361209234713,-3,0.007314705481437474,0.015953485779353026,2.181015465330516,19,25,22,28,19,28,0,True,3.974704238566113e-05,0.00563164664906779,0.005121457121668667,0.0,0.007812671639660679,0.04456015168222917,0.046715401630273275,0.0,0.02509589916564848,0.04456015168222917,0.0
2,0.08881361209234713,-3,0.007314705481437474,0.0173973996053497,2.378414230005442,20,26,23,29,20,29,0,True,4.242135376260815e-05,0.006010562306701244,0.005243300894318791,0.0,0.007816705748648414,0.04458316052180251,0.04678793213132591,0.0,0.025296861414251876,0.04458316052180251,0.0
2,0.08881361209234713,-3,0.007314705481437474,0.018971998797901346,2.5936791093020193,18,26,21,29,18,29,0,True,4.759381086176312e-05,0.0067434332058052115,0.00570564045527154,0.0,0.007820102135879102,0.04460253206807392,0.04682926513662585,0.0,0.025672982636939568,0.04460253206807392,0.0
2,0.08881361209234713,-3,0.007314705481437474,0.020689111393227395,2.8284271247461903,20,26,23,29,20,29,0,True,5.570756797014337e-05,0.007893048630958048,0.006182230579859171,0.0,0.007825697989471527,0.04463444843373867,0.046904185240666814,0.0,0.02626374853234836,0.04463444843373867,0.0
2,0.08881361209234713,-3,0.007314705481437474,0.02256163595628735,3.0844216508158815,15,26,18,29,15,29,0,True,6.197000672740961e-05,0.008780355965681238,0.006513500608932316,0.0,0.00783286206188863,0.044675309251688326,0.046992950325540704,0.0,0.026727832608684783,0.044675309251688326,0.0
2,0.08881361209234713,-3,0.007314705481437474,0.024603638471909873,3.363585661014858,18,26,21,29,18,29,0,True,6.982208572894106e-05,0.009892894955831174,0.006888593527843726,0.0,0.007842315069565124,0.04472922518151948,0.04711595104537929,0.0,0.027311060068675327,0.04472922518151948,0.0
2,0.08881361209234713,-3,0.007314705481437474,0.02683045800531814,3.668016172818685,19,26,22,29,19,29,0,True,7.764682960825783e-05,0.011001560909393169,0.0073020784151895425,0.0,0.007850252000225835,0.04477449405373692,0.04721142803390278,0.0,0.027888027481565048,0.04477449405373692,0.0
2,0.08881361209234713,-3,0.007314705481437474,0.029258821925749898,4.0,16,26,19,29,16,29,0,True,8.995273610940974e-05,0.012745150191798612,0.007933947726785505,0.0,0.007861067263839398,0.04483617971125991,0.0473535544889753,0.0,0.02879066495152926,0.04483617971125991,0.0
3,0.050720926149982394,-2,0.00584516967319508,0.00146129241829877,0.25,14,23,16,25,14,25,0,True,5.1109193264504465e-05,0.008131235218333198,0.0030897393154689437,0.00048828125,0.009290098488054628,0.1436420356744323,0.04716676155236124,0.004376565864246786,0.07588663544638274,0.1436420356744323,0.002432423557123393
3,0.050720926149982394,-2,0.00584516967319508,0.001593550681839923,0.2726269331663144,15,23,17,25,15,25,0,True,3.520493408316244e-05,0.005600941466530985,0.0030697607165719523,0.00048828125,0.009198347850433055,0.1422234018053365,0.046988536134716805,0.0025887857523905194,0.07391217163593373,0.1422234018053365,0.0015385335011952597
3,0.050720926149982394,-2,0.00584516967319508,0.0017377793409404298,0.29730177875068026,17,23,19,25,17,25,0,True,2.271272136018211e-05,0.0036134884554392716,0.0030063479589417883,0.00048828125,0.00913599103523487,0.14125925057650304,0.046873877501274974,0.001554282909580503,0.07243636951597116,0.14125925057650304,0.0010212820797902515
3,0.050720926149982394,-2,0.00584516967319508,0.001895061808961474,0.3242098886627524,15,23,17,25,15,25,0,True,1.5573708934744935e-05,0.0024777047431546106,0.0029750358053194374,0.00048828125,0.009092012217875683,0.14057925704789292,0.0467946416185459,0.0009718392708111816,0.07152848089552377,0.14057925704789292,0.0007300602604055908
3,0.050720926149982394,-2,0.00584516967319508,0.002066579556551099,0.3535533905932738,17,23,19,25,17,25,0,True,1.4413696081502028e-05,0.0022931520870953983,0.00296910306509323,0.0,0.009061687994586473,0.14011038869637774,0.04673879432680779,0.0006261387452611239,0.07120177039173657,0.14011038869637774,0.00031306937263056195
3,0.050720926149982394,-2,0.00584516967319508,0.002253620986586912,0.3855527063519852,15,23,17,25,15,25,0,True,1.4435501116268422e-05,0.002296621166830465,0.0029942077244395713,0.0,0.009041614559731414,0.1398000164167656,0.046701091479489434,0.00039278171993471875,0.07104831879179803,0.1398000164167656,0.00019639085996735938
3,0.050720926149982394,-2,0.00584516967319508,0.0024575911123697345,0.42044820762685725,17,23,19,25,17,25,0,True,1.4462952516066887e-05,0.002300988557011692,0.002975551270294558,0.0,0.009027081478062159,0.13957530820314668,0.04667676222382951,0.00021150947208050403,0.07093814838007918,0.13957530820314668,0.00010575473604025201
3,0.050720926149982394,-2,0.00584516967319508,0.0026800221117686076,0.4585020216023356,16,24,18,26,16,26,0,True,1.4642175960694601e-05,0.0023295021744614113,0.003001179180392417,0.0,0.009018224498810455,0.1394383629887039,0.04666555355862624,0.00010444990884309092,0.07088393258158265,0.1394383629887039,5.222495442154546e-05
3,0.050720926149982394,-2,0.00584516967319508,0.00292258483659754,0.5,15,24,17,26,15,26,0,True,1.4754376474194446e-05,0.0023473527549267193,0.0030265483157877106,0.0,0.00901166054723971,0.1393368722061355,0.04665718680933619,6.011854580210746e-05,0.07084211248053111,0.1393368722061355,3.005927290105373e-05
3,0.050720926149982394,-2,0.00584516967319508,0.003187101363679846,0.5452538663326288,16,24,18,26,16,26,0,True,1.4787271363386988e-05,0.0023525861789825695,0.003007256713002338,0.0,0.00900826087861366,0.1392843070667355,0.04665315090375041,4.235796519584299e-05,0.07081844662285904,0.1392843070667355,2.1178982597921495e-05
3,0.050720926149982394,-2,0.00584516967319508,0.0034755586818808596,0.5946035575013605,18,24,20,26,18,26,0,True,1.4931763253108104e-05,0.002375574167393645,0.0030250855009892243,0.0,0.00900567909161198,0.13924438788384674,0.046651803967537,1.7760580606264482e-05,0.0708099810256202,0.13924438788384674,8.880290303132241e-06
3,0.050720926149982394,-2,0.00584516967319508,0.003790123617922948,0.6484197773255048,16,24,18,26,16,26,0,True,1.5226694204500543e-05,0.00242249631164522,0.0030703650111119384,0.0,0.00900417731674199,0.13922116767797627,0.04665140256907915,1.1840387070842988e-05,0.07082183199481075,0.13922116767797627,5.920193535421494e-06
3,0.050720926149982394,-2,0.00584516967319508,0.004133159113102198,0.7071067811865476,18,24,20,26,18,26,0,True,1.5004343993643548e-05,0.002387121426035749,0.003073743993949301,0.0,0.009003992071769164,0.1392183034494614,0.04665819170848215,5.920193535421493e-06,0.07080271243774858,0.1392183034494614,2.9600967677107467e-06
3,0.050720926149982394,-2,0.00584516967319508,0.004507241973173824,0.7711054127039704,16,24,18,26,16,26,0,True,1.5585885319776207e-05,0.002479641949447143,0.003097185669348882,0.0,0.009003921967547731,0.13921721950906088,0.04666258093297737,1.973397845140498e-06,0.07084843072925401,0.13921721950906088,9.86698922570249e-07
3,0.050720926149982394,-2,0.00584516967319508,0.004915182224739469,0.8408964152537145,18,24,20,26,18,26,0,True,1.6140933697431764e-05,0.002567947567830011,0.003142362664358155,0.0,0.009004846591527678,0.13923151589901667,0.04666761716082725,1.973397845140498e-06,0.07089973173342334,0.13923151589901667,9.86698922570249e-07
3,0.050720926149982394,-2,0.00584516967319508,0.005360044223537215,0.9170040432046712,17,25,19,27,17,27,0,True,1.6385266517267433e-05,0.0026068197844067937,0.003154570031163898,0.0,0.009005003744492562,0.1392339457733412,0.04667655959139505,0.0,0.070920382778874,0.1392339457733412,0.0
3,0.050720926149982394,-2,0.00584516967319508,0.00584516967319508,1.0,16,25,18,27,16,27,0,True,1.6763607209061605e-05,0.0026670120308725947,0.0032238396013218335,0.0,0.00900522972467209,0.1392374398431889,0.04668537888601518,0.0,0.07095222593703075,0.1392374398431889,0.0
3,0.050720926149982394,-2,0.00584516967319508,0.006374202727359692,1.0905077326652577,17,25,19,27,17,27,0,True,1.685527713795392e-05,0.002681596290702596,0.00325430125834513,0.0,0.009005213696164718,0.13923719201293921,0.04669253972094671,0.0,0.07095939415182091,0.13923719201293921,0.0
3,0.050720926149982394,-2,0.00584516967319508,0.006951117363761719,1.189207115002721,19,25,21,27,19,27,0,True,1.829489114775584e-05,0.002910632191870635,0.0033594545658054958,0.0,0.009007183458457028,0.13926764816642628,0.04670852875575457,0.0,0.07108914017914846,0.13926764816642628,0.0
3,0.050720926149982394,-2,0.00584516967319508,0.007580247235845896,1.2968395546510096,17,25,19,27,17,27,0,True,1.875822896484385e-05,0.002984347086112728,0.0034458942565596122,0.0,0.009007868914059554,0.13927824657270133,0.04671973156319887,0.0,0.07113129682940703,0.13927824657270133,0.0
3,0.050720926149982394,-2,0.00584516967319508,0.008266318226204395,1.4142135623730951,19,25,21,27,19,27,0,True,1.991230895520637e-05,0.003167955851249052,0.003536054135498928,0.0,0.009008772437269027,0.13929221670587638,0.0467415689619973,0.0,0.07123008627856271,0.13929221670587638,0.0
3,0.050720926149982394,-2,0.00584516967319508,0.009014483946347648,1.5422108254079407,17,25,19,27,17,27,0,True,2.031019075735184e-05,0.00323125699759264,0.003591046182677445,0.0,0.00900958627972906,0.13930480020946656,0.046758132585309475,0.0,0.0712680286035296,0.13930480020946656,0.0
3,0.050720926149982394,-2,0.00584516967319508,0.009830364449478938,1.681792830507429,19,25,21,27,19,27,0,True,2.2453693785599486e-05,0.0035722783716473907,0.0037650069053090443,0.0,0.009011035492548242,0.13932720770920842,0.04678282540467575,0.0,0.07144974304042791,0.13932720770920842,0.0
3,0.050720926149982394,-2,0.00584516967319508,0.01072008844707443,1.8340080864093424,18,26,20,28,18,28,0,True,2.2812155797748727e-05,0.003629308012528981,0.0038486471158778682,0.0,0.009009894193795831,0.13930956112813936,0.04679682006382842,0.0,0.07146943457033417,0.13930956112813936,0.0
3,0.050720926149982394,-2,0.00584516967319508,0.01169033934639016,2.0,17,26,19,28,17,28,0,True,2.530353798482961e-05,0.0040256753446658656,0.004067603545498205,0.0,0.00901421930248511,0.13937643527564597,0.04684867969833334,0.0,0.07170105531015591,0.13937643527564597,0.0
3,0.050720926149982394,-2,0.00584516967319508,0.012748405454719385,2.1810154653305154,18,26,20,28,18,28,0,True,2.8139111423931452e-05,0.004476801906043387,0.004267776626499045,0.0,0.009017510820238283,0.13942732820332937,0.04689023016201872,0.0,0.07195206505468638,0.13942732820332937,0.0
3,0.050720926149982394,-2,0.00584516967319508,0.013902234727523438,2.378414230005442,20,26,22,28,20,28,0,True,3.0811741812511524e-05,0.004902004985042144,0.004526061993998557,0.0,0.009019914214051062,0.13946448909890424,0.046935648964346544,0.0,0.0721832470419732,0.13946448909890424,0.0
3,0.050720926149982394,-2,0.00584516967319508,0.015160494471691792,2.5936791093020193,18,26,20,28,18,28,0,True,3.2140839371960386e-05,0.005113458232368138,0.004624772560642661,0.0,0.009021620494635802,0.13949087133983948,0.0469915999348895,0.0,0.07230216478610381,0.13949087133983948,0.0
3,0.050720926149982394,-2,0.00584516967319508,0.01653263645240879,2.8284271247461903,20,26,22,28,20,28,0,True,3.604737162662512e-05,0.005734969366114507,0.004889399946544698,0.0,0.009025849769875725,0.13955626372568675,0.04705126700599058,0.0,0.07264561654590063,0.13955626372568675,0.0
3,0.050720926149982394,-2,0.00584516967319508,0.018028967892695296,3.0844216508158815,18,26,20,28,18,28,0,True,4.072281428071181e-05,0.0064788105724011644,0.005250738259522174,0.0,0.009029422563135622,0.13961150569083441,0.04712833936236757,0.0,0.07304515813161779,0.13961150569083441,0.0
3,0.050720926149982394,-2,0.00584516967319508,0.019660728898957876,3.363585661014858,20,26,22,28,20,28,0,True,4.705943899481739e-05,0.007486938127341068,0.00566885317025841,0.0,0.009031974117471064,0.1396509574210123,0.04722742575568309,0.0,0.07356894777417669,0.1396509574210123,0.0
3,0.050720926149982394,-2,0.00584516967319508,0.02144017689414886,3.668016172818685,19,27,21,29,19,29,0,True,5.436025673566855e-05,0.008648464313634243,0.006152974191868221,0.0,0.009041119608478726,0.13979236355866217,0.047343752400257705,0.0,0.07422041393614821,0.13979236355866217,0.0
3,0.050720926149982394,-2,0.00584516967319508,0.02338067869278032,4.0,18,27,20,29,18,29,0,True,6.0837652540842243e-05,0.009678987895204666,0.006521744258670473,0.0,0.00904756588418262,0.13989203485556143,0.04746965019389502,0.0,0.07478551137538304,0.13989203485556143,0.0
4,0.038223395864209544,-1,0.0033289869740030973,0.0008322467435007743,0.25,13,22,14,23,13,23,0,True,0.0006961236737660825,0.1057280098365838,0.004742952315292777,0.0048828125,0.001731835096781759,0.06197100429121859,0.019634387462907982,0.01408527544229891,0.0838495070639012,0.1057280098365838,0.009484043971149455
4,0.038223395864209544,-1,0.0033289869740030973,0.0009075715092730737,0.2726269331663144,12,23,13,24,12,24,0,True,0.0006021822406959215,0.09146008427391678,0.004555815758512659,0.00439453125,0.0016365659413121365,0.058561946896897435,0.019275554830076046,0.008952596008356281,0.0750110155854071,0.09146008427391678,0.0066735636291781406
4,0.038223395864209544,-1,0.0033289869740030973,0.0009897137488089655,0.2973017787506803,15,23,16,24,15,24,0,True,0.0005148120761793199,0.07819021002375696,0.004389111268219165,0.00390625,0.0015669575263439282,0.05607111887827381,0.0190330016160057,0.005501208751384081,0.06713066445101538,0.07819021002375696,0.00470372937569204
4,0.038223395864209544,-1,0.0033289869740030973,0.0010792904962012972,0.3242098886627524,11,23,12,24,11,24,0,True,0.00043395042670519066,0.06590885601556681,0.00426466045926768,0.0029296875,0.0015163627093428625,0.05426066265913785,0.01887669207743843,0.003124568727623246,0.06008475933735233,0.06590885601556681,0.003027128113811623
4,0.038223395864209544,-1,0.0033289869740030973,0.0011769746318996376,0.3535533905932738,14,23,15,24,14,24,0,True,0.000358732214636122,0.054484633330387645,0.004131441412289333,0.00244140625,0.001478920118983189,0.05292083825428225,0.018777928131426064,0.0018149871508401643,0.05370273579233495,0.054484633330387645,0.002128196700420082
4,0.038223395864209544,-1,0.0033289869740030973,0.0012834999372374,0.3855527063519852,18,23,19,24,18,24,0,True,0.0002906504619997981,0.044144303754347546,0.003997252058079547,0.00244140625,0.0014506958825010988,0.051910878193189666,0.018714585354385437,0.0010376732050017597,0.0480275909737686,0.051910878193189666,0.0017395397275008799
4,0.038223395864209544,-1,0.0033289869740030973,0.0013996666064327575,0.42044820762685725,16,23,17,24,16,24,0,True,0.00023134184221428435,0.035136447000744156,0.0039062248738623365,0.00146484375,0.0014285199904111626,0.05111734865540584,0.01867237745407027,0.0006843594419698506,0.043126897828074995,0.05111734865540584,0.0010746015959849254
4,0.038223395864209544,-1,0.0033289869740030973,0.001526347257468262,0.4585020216023356,16,23,17,24,16,24,0,True,0.00017875027993209439,0.027148784141628197,0.0037937543101977615,0.00146484375,0.0014103224140496694,0.05046617690996455,0.01864012802415773,0.0004282382529496522,0.03880748052579637,0.05046617690996455,0.0009465410014748261
4,0.038223395864209544,-1,0.0033289869740030973,0.0016644934870015486,0.5,14,23,15,24,14,24,0,True,0.00013525954101751653,0.02054336409193469,0.0037301978927864205,0.0009765625,0.0013952407281094706,0.04992650241909895,0.01861618273407848,0.0003130047444329663,0.03523493325551682,0.04992650241909895,0.0006447836222164831
4,0.038223395864209544,-1,0.0033289869740030973,0.0018151430185461474,0.5452538663326288,13,24,14,25,13,25,0,True,9.960864776025159e-05,0.015128668205218304,0.003657047968356281,0.00048828125,0.001382287575612914,0.049462994161043314,0.018599063295552457,0.00022751238054274334,0.032295831183130806,0.049462994161043314,0.0003578968152713717
4,0.038223395864209544,-1,0.0033289869740030973,0.001979427497617931,0.5946035575013606,16,24,17,25,16,25,0,True,7.016063888873402e-05,0.010656073048683181,0.0036530628186659257,0.00048828125,0.001371449327089276,0.04907516442655197,0.018584750074940534,0.00017437081567330537,0.029865618737617575,0.04907516442655197,0.0003313260328366527
4,0.038223395864209544,-1,0.0033289869740030973,0.0021585809924025944,0.6484197773255048,12,24,13,25,12,25,0,True,4.517758015159179e-05,0.0068616193051144565,0.00359844762203399,0.00048828125,0.0013626314161941247,0.04875962930722192,0.0185721464340248,0.0001222860382011153,0.027810624306168187,0.04875962930722192,0.00030528364410055766
4,0.038223395864209544,-1,0.0033289869740030973,0.002353949263799275,0.7071067811865476,15,24,16,25,15,25,0,True,2.7663175190956888e-05,0.004201512703737523,0.003563712500276032,0.00048828125,0.001355873949127904,0.04851782394056968,0.018565799022956162,8.901862873243772e-05,0.0263596683221536,0.04851782394056968,0.00028864993936621885
4,0.038223395864209544,-1,0.0033289869740030973,0.0025669998744748,0.7711054127039704,19,24,20,25,19,25,0,True,1.934577290126313e-05,0.002938256727479684,0.003496640607250025,0.00048828125,0.0013502326068291766,0.04831595734919945,0.01856145012846385,6.561820848946264e-05,0.025627107038339564,0.04831595734919945,0.0002769497292447313
4,0.038223395864209544,-1,0.0033289869740030973,0.002799333212865515,0.8408964152537145,17,24,18,25,17,25,0,True,1.9227444213649135e-05,0.0029202848395530473,0.003514411540322863,0.0,0.0013458960165622228,0.048160779264090736,0.01855876905617771,4.708119438466107e-05,0.02554053205182189,0.048160779264090736,2.3540597192330535e-05
4,0.038223395864209544,-1,0.0033289869740030973,0.003052694514936524,0.9170040432046712,17,24,18,25,17,25,0,True,1.9765127359864775e-05,0.0030019487322123783,0.003550809992045802,0.0,0.0013426127252238519,0.04804329183009797,0.018557565675934563,3.129401162353709e-05,0.025522620281155175,0.04804329183009797,1.5647005811768545e-05
4,0.038223395864209544,-1,0.0033289869740030973,0.0033289869740030973,1.0,15,24,16,25,15,25,0,True,1.9231646860469817e-05,0.002920923142057533,0.0034988340928915136,0.0,0.0013403896021796516,0.04796374085670099,0.01855802476150386,1.853701410480157e-05,0.025442331999379262,0.04796374085670099,9.268507052400786e-06
4,0.038223395864209544,-1,0.0033289869740030973,0.003630286037092295,1.0905077326652577,14,25,15,26,14,26,0,True,2.0266518771300208e-05,0.0030781005972874875,0.0035871144139807114,0.0,0.001338903480428299,0.04791056231932091,0.018563698948057622,1.1700210121487548e-05,0.0254943314583042,0.04791056231932091,5.850105060743774e-06
4,0.038223395864209544,-1,0.0033289869740030973,0.003958854995235862,1.1892071150027212,17,25,18,26,17,26,0,True,1.9856170375959324e-05,0.003015776443097601,0.003541613624252226,0.0,0.0013379046203245708,0.04787481967621967,0.01856676850301941,1.0783599673595018e-05,0.025445298059658634,0.04787481967621967,5.391799836797509e-06
4,0.038223395864209544,-1,0.0033289869740030973,0.004317161984805189,1.2968395546510096,13,25,14,26,13,26,0,True,2.006825881482037e-05,0.0030479886625568425,0.0035539543467419943,0.0,0.001337461325887062,0.047858957079636326,0.018572231897022614,6.836803983314023e-06,0.025453472871096585,0.047858957079636326,3.4184019916570116e-06
4,0.038223395864209544,-1,0.0033289869740030973,0.00470789852759855,1.4142135623730951,16,25,17,26,16,26,0,True,1.9707126939302266e-05,0.0029931395661591926,0.003506113986638338,0.0,0.0013373599395441044,0.04785532912827642,0.018581973791547142,1.973397845140498e-06,0.025424234347217807,0.04785532912827642,9.86698922570249e-07
4,0.038223395864209544,-1,0.0033289869740030973,0.0051339997489496,1.5422108254079407,20,25,21,26,20,26,0,True,2.0959696227212825e-05,0.003183381132398055,0.0036472628424445686,0.0,0.0013375916154279989,0.04786361928663022,0.018592153568150978,0.0,0.02552350020951414,0.04786361928663022,0.0
4,0.038223395864209544,-1,0.0033289869740030973,0.00559866642573103,1.681792830507429,18,25,19,26,18,26,0,True,2.1322098509940118e-05,0.0032384231796045502,0.0036729747112254057,0.0,0.0013380271364334855,0.04787920372313349,0.018604659926077023,0.0,0.02555881345136902,0.04787920372313349,0.0
4,0.038223395864209544,-1,0.0033289869740030973,0.006105389029873048,1.8340080864093424,18,25,19,26,18,26,0,True,2.180293523327953e-05,0.0033114531766164075,0.003718050490797124,0.0,0.001338359203025773,0.04789108620562496,0.01861545952458318,0.0,0.025601269691120684,0.04789108620562496,0.0
4,0.038223395864209544,-1,0.0033289869740030973,0.006657973948006195,2.0,16,25,17,26,16,26,0,True,2.2574003155711618e-05,0.0034285637992828165,0.003796582105072548,0.0,0.0013393391621551287,0.04792615250698551,0.0186405124483036,0.0,0.025677358153134162,0.04792615250698551,0.0
4,0.038223395864209544,-1,0.0033289869740030973,0.00726057207418459,2.1810154653305154,15,26,16,27,15,27,0,True,2.302211206181563e-05,0.0034966230603277813,0.003838294277829063,0.0,0.001340066337882413,0.04795217335054027,0.01865584608694488,0.0,0.025724398205434026,0.04795217335054027,0.0
4,0.038223395864209544,-1,0.0033289869740030973,0.007917709990471724,2.3784142300054425,18,26,19,27,18,27,0,True,2.3692830317664972e-05,0.0035984924680558176,0.0038941129943147763,0.0,0.001340402569922088,0.04796420488703717,0.018677908454581296,0.0,0.025781348677546494,0.04796420488703717,0.0
4,0.038223395864209544,-1,0.0033289869740030973,0.008634323969610377,2.5936791093020193,14,26,15,27,14,27,0,True,2.427962032985957e-05,0.0036876147641640333,0.0039440852924713735,0.0,0.0013416571928166802,0.04800909960070195,0.018713133862258466,0.0,0.025848357182432995,0.04800909960070195,0.0
4,0.038223395864209544,-1,0.0033289869740030973,0.0094157970551971,2.8284271247461903,17,26,18,27,17,27,0,True,2.6373799655244856e-05,0.004005680965125196,0.004103398424179254,0.0,0.0013429637174505375,0.048055851536750495,0.018748506998228904,0.0,0.026030766250937844,0.048055851536750495,0.0
4,0.038223395864209544,-1,0.0033289869740030973,0.0102679994978992,3.0844216508158815,21,26,22,27,21,27,0,True,2.830594801035637e-05,0.004299137728619227,0.004258769054335728,0.0,0.0013439772019451534,0.048092117490755946,0.018789780103264295,0.0,0.026195627609687588,0.048092117490755946,0.0
4,0.038223395864209544,-1,0.0033289869740030973,0.01119733285146206,3.363585661014858,19,26,20,27,19,27,0,True,3.0101330697923678e-05,0.0045718223759098385,0.004427819064420431,0.0,0.001345846381987783,0.04815900316864648,0.018835991881429957,0.0,0.02636541277227816,0.04815900316864648,0.0
4,0.038223395864209544,-1,0.0033289869740030973,0.012210778059746095,3.668016172818685,19,26,20,27,19,27,0,True,3.084858605512564e-05,0.004685316320641327,0.0044566087553004246,0.0,0.0013481873465310639,0.04824277091537181,0.018899458376955787,0.0,0.02646404361800657,0.04824277091537181,0.0
4,0.038223395864209544,-1,0.0033289869740030973,0.01331594789601239,4.0,17,26,18,27,17,27,0,True,3.352544157429517e-05,0.005091880006560408,0.004679067935371794,0.0,0.0013503563078744116,0.048320383797202104,0.01895933278650453,0.0,0.026706131901881255,0.048320383797202104,0.0
5,0.03362189469597742,0,0.008364651664054494,0.0020911629160136236,0.25,17,24,17,24,17,24,0,True,4.9864627125656576e-05,0.008355275367483844,0.005677710316667342,0.0,0.001205570152293302,0.06001939852016576,0.017284435317001426,0.00015837882776523036,0.0341873369438248,0.06001939852016576,7.918941388261518e-05
5,0.03362189469597742,0,0.008364651664054494,0.0022804293301756855,0.2726269331663144,20,24,20,24,20,24,0,True,5.005326366367409e-05,0.008386883148597566,0.00569022337224578,0.0,0.0011904024934096134,0.059264275509342774,0.017275087367037124,0.00012208123305416428,0.03382557932897017,0.059264275509342774,6.104061652708214e-05
5,0.03362189469597742,0,0.008364651664054494,0.0024868258183532387,0.29730177875068026,13,24,13,24,13,24,0,True,5.018395534754e-05,0.008408781738236833,0.00569721082340563,0.0,0.0011766681099929786,0.058580508222848764,0.01726689586678189,0.0001006542106563297,0.0334946449805428,0.058580508222848764,5.032710532816485e-05
5,0.03362189469597742,0,0.008364651664054494,0.002711902784705814,0.3242098886627524,17,24,17,24,17,24,0,True,5.00320609515202e-05,0.008383330439817918,0.005693089913594078,0.0,0.0011640774775446934,0.05795368266226479,0.017258634513257362,8.500720484456118e-05,0.03316850655104135,0.05795368266226479,4.250360242228059e-05
5,0.03362189469597742,0,0.008364651664054494,0.002957350956958136,0.3535533905932738,17,24,17,24,17,24,0,True,5.009404516005635e-05,0.008393716462146933,0.005696294923071613,0.0,0.0011531953888915232,0.05741191707992687,0.01725430503861744,6.844358858490012e-05,0.0329028167710369,0.05741191707992687,3.422179429245006e-05
5,0.03362189469597742,0,0.008364651664054494,0.003225014086767847,0.3855527063519852,14,25,14,25,14,25,0,True,5.039182975677619e-05,0.008443613001020462,0.005703113904589825,0.0,0.0011437513741237727,0.05694174611152847,0.01725418594992019,5.476998061827208e-05,0.032692679556274466,0.05694174611152847,2.738499030913604e-05
5,0.03362189469597742,0,0.008364651664054494,0.0035169027995747212,0.42044820762685725,17,25,17,25,17,25,0,True,5.065675961142159e-05,0.008488004426690843,0.005701064769721172,0.0,0.0011352662050544966,0.05651931134660741,0.01725096355636946,3.8206364358611004e-05,0.03250365788664913,0.05651931134660741,1.9103182179305502e-05
5,0.03362189469597742,0,0.008364651664054494,0.0038352096979683264,0.4585020216023356,16,25,16,25,16,25,0,True,5.072841890834059e-05,0.008500011598766746,0.005723553351554557,0.0,0.0011284628597259773,0.056180606300064946,0.017255982546614347,2.650615423712346e-05,0.03234030894941585,0.056180606300064946,1.325307711856173e-05
5,0.03362189469597742,0,0.008364651664054494,0.004182325832027247,0.5,18,25,18,25,18,25,0,True,5.0314838020972914e-05,0.00843071232992879,0.00570933471675361,0.0,0.0011220825494080372,0.05586296208257473,0.01725928672998892,1.8752739805916905e-05,0.032146837206251756,0.05586296208257473,9.376369902958453e-06
5,0.03362189469597742,0,0.008364651664054494,0.004560858660351371,0.5452538663326288,21,25,21,25,21,25,0,True,5.174191187940109e-05,0.008669831636423516,0.00577754630551293,0.0,0.0011166730259085382,0.055593648558095864,0.017264519793675763,1.6919518910131845e-05,0.03213174009725969,0.055593648558095864,8.459759455065923e-06
5,0.03362189469597742,0,0.008364651664054494,0.004973651636706477,0.5946035575013605,14,25,14,25,14,25,0,True,5.1485506442422605e-05,0.008626868555073752,0.005744132524575508,0.0,0.0011125547866115072,0.05538862171241648,0.01727312890579128,1.219628972131376e-05,0.032007745133745116,0.05538862171241648,6.09814486065688e-06
5,0.03362189469597742,0,0.008364651664054494,0.005423805569411628,0.6484197773255048,18,25,18,25,18,25,0,True,5.254258261196835e-05,0.008803991357149522,0.005793316815036934,0.0,0.0011093916720517525,0.05523114582188807,0.017287173778105482,9.446458377636172e-06,0.03201756858951879,0.05523114582188807,4.723229188818086e-06
5,0.03362189469597742,0,0.008364651664054494,0.005914701913916272,0.7071067811865476,18,25,18,25,18,25,0,True,5.3479062844310526e-05,0.008960907204483677,0.005885663304828366,0.0,0.0011068737730882653,0.05510579203717834,0.017299855688283725,4.583052239462646e-06,0.03203334962083101,0.05510579203717834,2.291526119731323e-06
5,0.03362189469597742,0,0.008364651664054494,0.006450028173535694,0.7711054127039704,15,26,15,26,15,26,0,True,5.330172234987854e-05,0.008931192179019812,0.005850544030330802,0.0,0.00110535159588647,0.05503001033345992,0.017319225541913057,4.583052239462646e-06,0.03198060125623987,0.05503001033345992,2.291526119731323e-06
5,0.03362189469597742,0,0.008364651664054494,0.0070338055991494425,0.8408964152537145,18,26,18,26,18,26,0,True,5.3199691162857744e-05,0.00891409591834826,0.005846505194664713,0.0,0.0011043876315172624,0.05498201929658442,0.01734100147612662,2.7498313436775876e-06,0.031948057607466336,0.05498201929658442,1.3749156718387938e-06
5,0.03362189469597742,0,0.008364651664054494,0.007670419395936653,0.9170040432046712,17,26,17,26,17,26,0,True,5.4369736972355735e-05,0.009110147819153435,0.0059374757910101855,0.0,0.0011044131110349534,0.05498328779624285,0.0173671457779982,2.7498313436775876e-06,0.03204671780769814,0.05498328779624285,1.3749156718387938e-06
5,0.03362189469597742,0,0.008364651664054494,0.008364651664054494,1.0,19,26,19,26,19,26,0,True,5.605087448303742e-05,0.009391837819500889,0.006086338977285218,0.0,0.0011054679095629984,0.05503580101838325,0.017399671449108776,0.0,0.032213819418942066,0.05503580101838325,0.0
5,0.03362189469597742,0,0.008364651664054494,0.009121717320702742,1.0905077326652577,22,26,22,26,22,26,0,True,5.6027835351829875e-05,0.009387977401874952,0.0060419340512901055,0.0,0.0011065154092954695,0.05508795086945027,0.017434697922352582,0.0,0.032237964135662614,0.05508795086945027,0.0
5,0.03362189469597742,0,0.008364651664054494,0.009947303273412955,1.189207115002721,15,26,15,26,15,26,0,True,5.803105950834364e-05,0.009723635972193554,0.006140134257334689,0.0,0.001107814946410349,0.05515264842009992,0.017488647070239866,0.0,0.032438142196146734,0.05515264842009992,0.0
5,0.03362189469597742,0,0.008364651664054494,0.010847611138823257,1.2968395546510096,19,26,19,26,19,26,0,True,5.9043033137131524e-05,0.009893201430125238,0.006184923349942918,0.0,0.0011091414429798266,0.05521868814917555,0.017533352330212526,0.0,0.03255594478965039,0.05521868814917555,0.0
5,0.03362189469597742,0,0.008364651664054494,0.011829403827832544,1.4142135623730951,19,26,19,26,19,26,0,True,6.181678514689768e-05,0.010357969005430814,0.006271221919891728,0.0,0.0011114391162416219,0.05533307798116209,0.01760464202497588,0.0,0.032845523493296454,0.05533307798116209,0.0
5,0.03362189469597742,0,0.008364651664054494,0.012900056347071387,1.5422108254079407,16,27,16,27,16,27,0,True,6.379602908196085e-05,0.010689609469826592,0.0064135368927680835,0.0,0.0011133732172203747,0.05542936734035134,0.017679821474686164,0.0,0.03305948840508897,0.05542936734035134,0.0
5,0.03362189469597742,0,0.008364651664054494,0.014067611198298885,1.681792830507429,19,27,19,27,19,27,0,True,6.659193819388968e-05,0.011158089670706365,0.006528108284937494,0.0,0.001116392911060559,0.055579703019828924,0.01776058037018724,0.0,0.03336889634526764,0.055579703019828924,0.0
5,0.03362189469597742,0,0.008364651664054494,0.015340838791873306,1.8340080864093424,18,27,18,27,18,27,0,True,6.73279167719694e-05,0.011281409627936353,0.006590346335791695,0.0,0.0011187584698969376,0.05569747254012887,0.0178594984899876,0.0,0.03348944108403261,0.05569747254012887,0.0
5,0.03362189469597742,0,0.008364651664054494,0.01672930332810899,2.0,20,27,20,27,20,27,0,True,7.155247853216026e-05,0.01198927367601976,0.0068346431229920224,0.0,0.0011221649502337907,0.05586706441373304,0.017987651961468055,0.0,0.0339281690448764,0.05586706441373304,0.0
5,0.03362189469597742,0,0.008364651664054494,0.018243434641405484,2.1810154653305154,23,27,23,27,23,27,0,True,7.675086641978781e-05,0.012860311218497901,0.007071718380721169,0.0,0.001127546165308821,0.05613496860122191,0.018139299549050195,0.0,0.034497639909859906,0.05613496860122191,0.0
5,0.03362189469597742,0,0.008364651664054494,0.01989460654682591,2.378414230005442,16,27,16,27,16,27,0,True,8.040416434542456e-05,0.013472454774514728,0.007245670972747419,0.0,0.001133144878999349,0.05641370097324762,0.018295657557749617,0.0,0.03494307787388117,0.05641370097324762,0.0
5,0.03362189469597742,0,0.008364651664054494,0.021695222277646514,2.5936791093020193,20,27,20,27,20,27,0,True,9.211004713409782e-05,0.015433882739721176,0.00782864818647332,0.0,0.0011387629447065536,0.05669339678684401,0.018480010631133068,0.0,0.03606363976328259,0.05669339678684401,0.0
5,0.03362189469597742,0,0.008364651664054494,0.02365880765566509,2.8284271247461903,20,27,20,27,20,27,0,True,9.698617187047019e-05,0.01625092213712656,0.008074793547758643,0.0,0.0011460907945217932,0.0570582143277562,0.018715206375815176,0.0,0.036654568232441384,0.0570582143277562,0.0
5,0.03362189469597742,0,0.008364651664054494,0.025800112694142775,3.0844216508158815,17,28,17,28,17,28,0,True,0.0001022519308434818,0.01713324832252931,0.0082308721813162,0.0,0.0011553590501778902,0.0575196351158803,0.018972352453099237,0.0,0.0373264417192048,0.0575196351158803,0.0
5,0.03362189469597742,0,0.008364651664054494,0.02813522239659777,3.363585661014858,20,28,20,28,20,28,0,True,0.00011372076287966062,0.019054956261189297,0.00871668272420456,0.0,0.0011657664707053206,0.05803776931073786,0.019277671667098005,0.0,0.03854636278596358,0.05803776931073786,0.0
5,0.03362189469597742,0,0.008364651664054494,0.03068167758374661,3.668016172818685,19,28,19,28,19,28,0,True,0.0001341927806699274,0.02248523050217922,0.009513800686881194,0.0,0.0011779665364260593,0.05864515047812354,0.01960812110330161,0.0,0.04056519049015138,0.05864515047812354,0.0
5,0.03362189469597742,0,0.008364651664054494,0.03345860665621798,4.0,21,28,21,28,21,28,0,True,0.00014530034971956622,0.024346405515865862,0.009932406927013426,0.0,0.0011918020511147022,0.05933395259241745,0.019989592154200084,0.0,0.041840179054141655,0.05933395259241745,0.0
6,0.032511839143118,0,0.005328721116110415,0.0013321802790276038,0.25,16,23,16,23,16,23,0,True,0.00011935597975239275,0.01618842164466013,0.005625711152247303,0.00146484375,0.0009183442244095482,0.05999850177278176,0.014346274130253113,0.0003080011613454373,0.038093461708720945,0.05999850177278176,0.0008864224556727186
6,0.032511839143118,0,0.005328721116110415,0.0014527528955837626,0.2726269331663144,12,24,12,24,12,24,0,True,8.414270525933061e-05,0.011412395037820452,0.005537608257711808,0.00146484375,0.0009005708086951947,0.058837305038592407,0.01433085024987001,0.00027656697277254487,0.03512485003820643,0.058837305038592407,0.0008707053613862724
6,0.032511839143118,0,0.005328721116110415,0.0015842382662859366,0.29730177875068026,14,24,14,24,14,24,0,True,5.837678231633865e-05,0.0079177261864543,0.005429111691710303,0.00146484375,0.0008836726985432628,0.05773329494634272,0.01431517466194716,0.00023526579497394997,0.03282551056639851,0.05773329494634272,0.000850054772486975
6,0.032511839143118,0,0.005328721116110415,0.0017276240797690155,0.3242098886627524,16,24,16,24,16,24,0,True,4.535965641967787e-05,0.006152194848569699,0.0053295522863574165,0.0009765625,0.0008677832721025424,0.05669518553689443,0.014301598772746794,0.000200801421158669,0.031423690192732064,0.05669518553689443,0.0005886819605793345
6,0.032511839143118,0,0.005328721116110415,0.0018839874181268115,0.3535533905932738,17,24,17,24,17,24,0,True,4.404268972955089e-05,0.005973572779394982,0.005326759800542738,0.0,0.0008530188273376094,0.05573057494550913,0.014287579221337535,0.00016922705563642096,0.030852073862452055,0.05573057494550913,8.461352781821048e-05
6,0.032511839143118,0,0.005328721116110415,0.002054502847711342,0.3855527063519852,16,24,16,24,16,24,0,True,4.434484722337621e-05,0.006014554830929272,0.005338182329244157,0.0,0.0008398795921975126,0.05487214473830337,0.014278742864855472,0.00014660306889198292,0.030443349784616318,0.05487214473830337,7.330153444599146e-05
6,0.032511839143118,0,0.005328721116110415,0.0022404512422120105,0.42044820762685725,16,24,16,24,16,24,0,True,4.4108096649561034e-05,0.005982444013176476,0.005318845723436165,0.0,0.000827921688558494,0.054090894871843216,0.014268399877491178,0.00012700926738993339,0.030036669442509847,0.054090894871843216,6.350463369496669e-05
6,0.032511839143118,0,0.005328721116110415,0.0024432294042916794,0.4585020216023356,16,24,16,24,16,24,0,True,4.460383643030162e-05,0.006049681906186182,0.005353506546661223,0.0,0.0008178215741029399,0.05343102059054474,0.014258262845142897,0.00010346867019760282,0.029740351248365462,0.05343102059054474,5.173433509880141e-05
6,0.032511839143118,0,0.005328721116110415,0.0026643605580552077,0.5,17,24,17,24,17,24,0,True,4.478612092829526e-05,0.006074405412448105,0.005358857049802551,0.0,0.000809597245581701,0.052893697682374057,0.014253579401614426,8.38748686955533e-05,0.02948405154741108,0.052893697682374057,4.193743434777665e-05
6,0.032511839143118,0,0.005328721116110415,0.0029055057911675252,0.5452538663326288,13,25,13,25,13,25,0,True,4.4486133789514136e-05,0.006033717729261736,0.005343288876376252,0.0,0.0008031933952699758,0.05247531270856131,0.0142493421867749,5.441407796780131e-05,0.029254515218911523,0.05247531270856131,2.7207038983900654e-05
6,0.032511839143118,0,0.005328721116110415,0.0031684765325718733,0.5946035575013605,15,25,15,25,15,25,0,True,4.511227123985591e-05,0.006118641644047346,0.005376240269895307,0.0,0.0007986231646824516,0.05217672424824416,0.014249734236510535,3.785046170814024e-05,0.029147682946145753,0.05217672424824416,1.892523085407012e-05
6,0.032511839143118,0,0.005328721116110415,0.003455248159538031,0.6484197773255048,17,25,17,25,17,25,0,True,4.449438327492943e-05,0.006034836618726104,0.005360767312911111,0.0,0.0007952790047006538,0.0519582390841159,0.014250964353958052,2.206327894701625e-05,0.028996537851421002,0.0519582390841159,1.1031639473508126e-05
6,0.032511839143118,0,0.005328721116110415,0.003767974836253623,0.7071067811865476,18,25,18,25,18,25,0,True,4.43356223213238e-05,0.006013303644316209,0.005330349615723146,0.0,0.0007932454463002407,0.0518253799077317,0.014258390486911875,1.2476643620024639e-05,0.028919341776023955,0.0518253799077317,6.2383218100123194e-06
6,0.032511839143118,0,0.005328721116110415,0.004109005695422684,0.7711054127039704,17,25,17,25,17,25,0,True,4.5706921951531434e-05,0.006199294967591511,0.005402859726040826,0.0,0.0007923236001678293,0.05176515261458867,0.0142665934011353,5.639839636710615e-06,0.02898222379109009,0.05176515261458867,2.8199198183553074e-06
6,0.032511839143118,0,0.005328721116110415,0.004480902484424021,0.8408964152537145,17,25,17,25,17,25,0,True,4.587100790715482e-05,0.006221550179614477,0.005447150133643479,0.0,0.000791931082951262,0.05173950815112052,0.014269283613258642,3.8066187409255566e-06,0.0289805291653675,0.05173950815112052,1.9033093704627783e-06
6,0.032511839143118,0,0.005328721116110415,0.004886458808583359,0.9170040432046712,17,25,17,25,17,25,0,True,4.536334128174257e-05,0.006152694631663345,0.005387111975612408,0.0,0.0007921350371869063,0.051752833163946445,0.01428162975484713,9.166104478925292e-07,0.028952763897804896,0.051752833163946445,4.583052239462646e-07
6,0.032511839143118,0,0.005328721116110415,0.005328721116110415,1.0,18,25,18,25,18,25,0,True,4.5796748748923106e-05,0.006211478304146433,0.005430639998174079,0.0,0.0007926793139845986,0.0517883925887713,0.01430066993655247,0.0,0.028999935446458867,0.0517883925887713,0.0
6,0.032511839143118,0,0.005328721116110415,0.0058110115823350504,1.0905077326652577,14,26,14,26,14,26,0,True,4.695973410297809e-05,0.00636921566524944,0.005498901920990932,0.0,0.0007928352625063183,0.05179858122763694,0.014310159555545677,0.0,0.029083898446443192,0.05179858122763694,0.0
6,0.032511839143118,0,0.005328721116110415,0.0063369530651437465,1.189207115002721,16,26,16,26,16,26,0,True,4.7359990110266234e-05,0.006423502957978557,0.005517756566482108,0.0,0.0007935062034578433,0.05184241604556198,0.014335496405910572,0.0,0.029132959501770268,0.05184241604556198,0.0
6,0.032511839143118,0,0.005328721116110415,0.006910496319076062,1.2968395546510096,18,26,18,26,18,26,0,True,4.697856213686183e-05,0.006371769338319547,0.005489813381644617,0.0,0.0007940603350058013,0.0518786193142044,0.014352883664717412,0.0,0.029125194326261972,0.0518786193142044,0.0
6,0.032511839143118,0,0.005328721116110415,0.007535949672507246,1.4142135623730951,19,26,19,26,19,26,0,True,4.9022838580737225e-05,0.006649037465985668,0.0056267878329849105,0.0,0.0007951793886746016,0.05195173083573057,0.01438900932387546,0.0,0.02930038415085812,0.05195173083573057,0.0
6,0.032511839143118,0,0.005328721116110415,0.008218011390845367,1.5422108254079407,18,26,18,26,18,26,0,True,4.956047587755756e-05,0.0067219579788152595,0.005672670706423451,0.0,0.0007955403017041997,0.05197531049188846,0.014412413001974737,0.0,0.029348634235351858,0.05197531049188846,0.0
6,0.032511839143118,0,0.005328721116110415,0.008961804968848042,1.681792830507429,18,26,18,26,18,26,0,True,5.0344418241944466e-05,0.006828285199002589,0.005721274215029938,0.0,0.0007966201606290193,0.052045861289610085,0.014459382291743265,0.0,0.029437073244306337,0.052045861289610085,0.0
6,0.032511839143118,0,0.005328721116110415,0.009772917617166718,1.8340080864093424,18,26,18,26,18,26,0,True,5.126541604123184e-05,0.006953201443162271,0.005759469498928986,0.0,0.0007980999562666605,0.05214254129132236,0.014507960584780004,0.0,0.029547871367242316,0.05214254129132236,0.0
6,0.032511839143118,0,0.005328721116110415,0.01065744223222083,2.0,19,26,19,26,19,26,0,True,5.325895792519063e-05,0.00722358837015801,0.0058757017123609034,0.0,0.0007991129366552513,0.05220872269043742,0.014554905607714299,0.0,0.029716155530297717,0.05220872269043742,0.0
6,0.032511839143118,0,0.005328721116110415,0.011622023164670101,2.1810154653305154,15,27,15,27,15,27,0,True,5.3204291600658856e-05,0.007216173898649167,0.005836938494542536,0.0,0.0008021670802760422,0.05240826011504982,0.01464414175896233,0.0,0.029812217006849495,0.05240826011504982,0.0
6,0.032511839143118,0,0.005328721116110415,0.012673906130287493,2.378414230005442,17,27,17,27,17,27,0,True,5.518996640816465e-05,0.0074854938028531175,0.005988182374073499,0.0,0.0008034528040250556,0.05249226075074183,0.014703410534850862,0.0,0.029988877276797474,0.05249226075074183,0.0
6,0.032511839143118,0,0.005328721116110415,0.013820992638152124,2.5936791093020193,19,27,19,27,19,27,0,True,6.001711636214038e-05,0.008140207030955074,0.006256250748706103,0.0,0.0008063675501263326,0.052682690868856984,0.014804542806065116,0.0,0.03041144894990603,0.052682690868856984,0.0
6,0.032511839143118,0,0.005328721116110415,0.015071899345014492,2.8284271247461903,20,27,20,27,20,27,0,True,6.223814813081497e-05,0.008441448735242359,0.006257617480832085,0.0,0.0008092482093046839,0.05287089397421239,0.014897921822367606,0.0,0.030656171354727375,0.05287089397421239,0.0
6,0.032511839143118,0,0.005328721116110415,0.016436022781690734,3.0844216508158815,19,27,19,27,19,27,0,True,6.250237152450587e-05,0.008477285730710243,0.006387813234623789,0.0,0.0008123635456136538,0.0530744293219484,0.015017560371576264,0.0,0.03077585752632932,0.0530744293219484,0.0
6,0.032511839143118,0,0.005328721116110415,0.017923609937696084,3.363585661014858,19,27,19,27,19,27,0,True,6.959979543094515e-05,0.009439919450668681,0.006676047376111378,0.0,0.0008167394247186931,0.05336032014944283,0.015170417547653171,0.0,0.031400119800055755,0.05336032014944283,0.0
6,0.032511839143118,0,0.005328721116110415,0.019545835234333436,3.668016172818685,19,27,19,27,19,27,0,True,7.48484499645134e-05,0.010151801945645699,0.006993363720343552,0.0,0.000821906968727668,0.05369793309472242,0.01534487565055109,0.0,0.03192486752018406,0.05369793309472242,0.0
6,0.032511839143118,0,0.005328721116110415,0.02131488446444166,4.0,20,27,20,27,20,27,0,True,8.233490851381346e-05,0.011167200988682839,0.0073705822331991975,0.0,0.0008281281980644828,0.054104386829032944,0.015541863345047039,0.0,0.03263579390885789,0.054104386829032944,0.0
7,0.028166947654655786,4,0.00876180009154544,0.00219045002288636,0.25,13,24,9,20,9,24,0,True,0.04402905090097645,0.6304876250931759,0.044900673151366075,0.001953125,0.0003964334605571295,0.030872296301053807,0.009884520030487684,9.332132707318949e-05,0.33067996069711486,0.6304876250931759,0.0010232231635365948
7,0.028166947654655786,4,0.00876180009154544,0.002388702687974366,0.2726269331663144,16,24,12,20,12,24,0,True,0.04252911903341518,0.6090088863598069,0.04471532632177665,0.001953125,0.0003898573433886606,0.030360180503739162,0.009879755290682208,6.886411943296643e-05,0.319684533431773,0.6090088863598069,0.0010109945597164833
7,0.028166947654655786,4,0.00876180009154544,0.0026048987522743323,0.29730177875068026,18,24,14,20,14,24,0,True,0.04093766714588432,0.5862195983672935,0.04449274255438817,0.001953125,0.00038452730930807244,0.029945103554383318,0.009877716406273607,5.2440680122660806e-05,0.3080823509608384,0.5862195983672935,0.0010027828400613304
7,0.028166947654655786,4,0.00876180009154544,0.002840662232165241,0.3242098886627524,15,25,11,21,11,25,0,True,0.03925390445978633,0.5621084373166954,0.044229778876587314,0.001953125,0.0003803275828720427,0.029618049428492263,0.00987765003673045,4.1657080449065796e-05,0.2958632433725938,0.5621084373166954,0.000997391040224533
7,0.028166947654655786,4,0.00876180009154544,0.003097764130066347,0.3535533905932738,15,25,11,21,11,25,0,True,0.03748886376743639,0.5368333906931523,0.04398950838474077,0.001953125,0.0003770730691953644,0.029364603842942944,0.009880381446895632,3.37634890685038e-05,0.2830989972680476,0.5368333906931523,0.0009934442445342518
7,0.028166947654655786,4,0.00876180009154544,0.003378135737810416,0.3855527063519852,17,25,13,21,13,25,0,True,0.0356332666387718,0.5102615931449225,0.04373048969197949,0.001953125,0.0003749674984449504,0.029200632305327878,0.009884131500034112,1.7340049758198165e-05,0.2697311127251252,0.5102615931449225,0.0009852325248790991
7,0.028166947654655786,4,0.00876180009154544,0.003683883144075114,0.42044820762685725,19,25,15,21,15,25,0,True,0.03370803611398301,0.4826926586234641,0.0435681151477096,0.001953125,0.0003735263652492582,0.02908840391026716,0.009891148486879123,9.72681227634705e-06,0.2558905312668656,0.4826926586234641,0.0009814259061381736
7,0.028166947654655786,4,0.00876180009154544,0.004017303054849113,0.45850202160233555,19,25,15,21,15,25,0,True,0.03169521874550013,0.45386949717818936,0.04341093067133512,0.00146484375,0.00037257678783834155,0.029014455472238222,0.009899551399487198,5.780016586066054e-06,0.2414419763252138,0.45386949717818936,0.000735311883293033
7,0.028166947654655786,4,0.00876180009154544,0.00438090004577272,0.5,14,25,10,21,10,25,0,True,0.02957114024332924,0.4234530974843342,0.043184708891629994,0.00146484375,0.0003720007756400834,0.02896959846336552,0.00991081870097935,5.780016586066054e-06,0.22621134797384984,0.4234530974843342,0.000735311883293033
7,0.028166947654655786,4,0.00876180009154544,0.004777405375948732,0.5452538663326288,17,25,13,21,13,25,0,True,0.027365617480836553,0.3918704314909113,0.042827631766689286,0.00146484375,0.0003719858439667881,0.028968435657779946,0.009924162996796018,3.8066187409255566e-06,0.21041943357434562,0.3918704314909113,0.0007343251843704628
7,0.028166947654655786,4,0.00876180009154544,0.0052097975045486645,0.5946035575013605,19,25,15,21,15,25,0,True,0.025096268430596442,0.3593737852104526,0.04252169533160451,0.00146484375,0.0003721354927518256,0.028980089572225712,0.009943961659720245,9.166104478925292e-07,0.19417693739133915,0.3593737852104526,0.0007328801802239462
7,0.028166947654655786,4,0.00876180009154544,0.005681324464330482,0.6484197773255048,16,26,12,22,12,26,0,True,0.022789912196361707,0.3263472031019282,0.0422015987702659,0.00146484375,0.00037247582472902903,0.0290065929597707,0.009963094092309416,0.0,0.17767689803084946,0.3263472031019282,0.000732421875
7,0.028166947654655786,4,0.00876180009154544,0.006195528260132694,0.7071067811865476,16,26,12,22,12,26,0,True,0.020462485332944105,0.2930188935956772,0.041782135834471976,0.00146484375,0.0003730131632539876,0.029048438252378392,0.009987419990405042,0.0,0.1610336659240278,0.2930188935956772,0.000732421875
7,0.028166947654655786,4,0.00876180009154544,0.006756271475620832,0.7711054127039704,18,26,14,22,14,26,0,True,0.018157327984234393,0.26000947929958484,0.041415270221118294,0.00146484375,0.0003734085233408887,0.029079226959596163,0.010013759078815626,0.0,0.1445443531295905,0.26000947929958484,0.000732421875
7,0.028166947654655786,4,0.00876180009154544,0.007367766288150228,0.8408964152537145,20,26,16,22,16,26,0,True,0.015926042173645433,0.22805789136310414,0.040928914320375764,0.00146484375,0.00037441904103204914,0.02915792112818405,0.010047751574271905,0.0,0.1286079062456441,0.22805789136310414,0.000732421875
7,0.028166947654655786,4,0.00876180009154544,0.008034606109698226,0.9170040432046711,20,26,16,22,16,26,0,True,0.013822541279152842,0.19793615909290904,0.040483197308557504,0.00146484375,0.00037533100928902974,0.029228940749502323,0.010093931945422366,0.0,0.11358254992120569,0.19793615909290904,0.000732421875
7,0.028166947654655786,4,0.00876180009154544,0.00876180009154544,1.0,15,26,11,22,11,26,0,True,0.01190161163921536,0.17042881242356686,0.039962079787276845,0.00146484375,0.00037647166700853713,0.029317769586112704,0.010139587904590082,0.0,0.09987329100483978,0.17042881242356686,0.000732421875
7,0.028166947654655786,4,0.00876180009154544,0.009554810751897465,1.0905077326652577,18,26,14,22,14,26,0,True,0.010278765224592036,0.14718996078109042,0.039775292039456275,0.0009765625,0.0003774832843108449,0.029396549387031193,0.010192326037443335,0.0,0.0882932550840608,0.14718996078109042,0.00048828125
7,0.028166947654655786,4,0.00876180009154544,0.010419595009097329,1.189207115002721,20,26,16,22,16,26,0,True,0.008693240594350133,0.12448554998431388,0.039626553831274794,0.00048828125,0.00037890013435176685,0.029506886728929704,0.010263949777591652,0.0,0.07699621835662179,0.12448554998431388,0.000244140625
7,0.028166947654655786,4,0.00876180009154544,0.011362648928660964,1.2968395546510096,17,27,13,23,13,27,0,True,0.007170421878497817,0.10267907594142522,0.03940601071608899,0.00048828125,0.0003806457414262913,0.029642826058456022,0.010335102327873696,0.0,0.06616095099994063,0.10267907594142522,0.000244140625
7,0.028166947654655786,4,0.00876180009154544,0.012391056520265387,1.4142135623730951,17,27,13,23,13,27,0,True,0.005769119171230298,0.08261268800295295,0.039100977036917055,0.00048828125,0.00038285031630393,0.02981450755260809,0.01043518370702078,0.0,0.05621359777778052,0.08261268800295295,0.000244140625
7,0.028166947654655786,4,0.00876180009154544,0.013512542951241664,1.5422108254079407,19,27,15,23,15,27,0,True,0.004547562138347487,0.06512022389532737,0.0388644870286341,0.00048828125,0.0003855484953335099,0.03002462852059453,0.010548119447310555,0.0,0.047572426207960955,0.06512022389532737,0.000244140625
7,0.028166947654655786,4,0.00876180009154544,0.014735532576300456,1.681792830507429,21,27,17,23,17,27,0,True,0.0035631359432271087,0.05102342823109937,0.03866481894551339,0.00048828125,0.00038758412377511826,0.030183153293755375,0.010662702998920942,0.0,0.04060329076242737,0.05102342823109937,0.000244140625
7,0.028166947654655786,4,0.00876180009154544,0.016069212219396452,1.8340080864093422,21,27,17,23,17,27,0,True,0.0029517284195329603,0.042268188913199965,0.038326601510366765,0.00048828125,0.0003917007242746513,0.030503733978836912,0.010824898509334284,0.0,0.03638596144601844,0.042268188913199965,0.000244140625
7,0.028166947654655786,4,0.00876180009154544,0.01752360018309088,2.0,16,27,12,23,12,27,0,True,0.0027575743398890193,0.03948793946262312,0.03781341273995427,0.0,0.00039521312667492435,0.03077726267512146,0.010993927836399426,0.0,0.03513260106887229,0.03948793946262312,0.0
7,0.028166947654655786,4,0.00876180009154544,0.01910962150379493,2.1810154653305154,19,27,15,23,15,27,0,True,0.0027802722100629474,0.03981296864149002,0.03815319830994394,0.0,0.00040042977827513173,0.03118350995221718,0.011189434403685496,0.0,0.0354982392968536,0.03981296864149002,0.0
7,0.028166947654655786,4,0.00876180009154544,0.020839190018194658,2.378414230005442,21,27,17,23,17,27,0,True,0.00280278560556235,0.040135356178144524,0.03819051291356219,0.0,0.00040584774413622294,0.03160543459797623,0.01142675412990243,0.0,0.035870395388060375,0.040135356178144524,0.0
7,0.028166947654655786,4,0.00876180009154544,0.022725297857321927,2.5936791093020193,18,28,14,24,14,28,0,True,0.002775135367251315,0.039739410030561355,0.03825397608843996,0.0,0.00041221534051371603,0.03210131181735932,0.01168709968909063,0.0,0.03592036092396034,0.039739410030561355,0.0
7,0.028166947654655786,4,0.00876180009154544,0.024782113040530775,2.8284271247461903,18,28,14,24,14,28,0,True,0.002790951842128772,0.03996589893910634,0.038371789182583,0.0,0.00042072625350754006,0.03276410003752763,0.011997934318463242,0.0,0.036364999488316986,0.03996589893910634,0.0
7,0.028166947654655786,4,0.00876180009154544,0.02702508590248333,3.0844216508158815,20,28,16,24,16,28,0,True,0.0027512563982693685,0.03939746774166303,0.038025783990545174,0.0,0.00043074597061829034,0.03354438653267136,0.012367582239274944,0.0,0.036470927137167194,0.03939746774166303,0.0
7,0.028166947654655786,4,0.00876180009154544,0.029471065152600912,3.363585661014858,22,28,18,24,18,28,0,True,0.0028285366842027144,0.040504106720872915,0.03866460025752291,0.0,0.00044224323874077974,0.03443973746402646,0.012773727985037418,0.0,0.03747192209244969,0.040504106720872915,0.0
7,0.028166947654655786,4,0.00876180009154544,0.032138424438792904,3.6680161728186844,22,28,18,24,18,28,0,True,0.002814985258377848,0.04031005288346083,0.038574658613606,0.0,0.00045613718707268125,0.035521730111900296,0.013237895784048506,0.0,0.037915891497680564,0.04031005288346083,0.0
7,0.028166947654655786,4,0.00876180009154544,0.03504720036618176,4.0,17,28,13,24,13,28,0,True,0.002859183004388829,0.04094295619040713,0.03894267965365721,0.0,0.00047217613126170397,0.03677076453160771,0.013761505421114428,0.0,0.03885686036100742,0.04094295619040713,0.0
8,0.024526379690380812,5,0.013832422840943694,0.0034581057102359234,0.25,18,25,13,20,13,25,0,True,0.14088282894445986,0.6984603120215368,0.057467648570608175,0.00146484375,0.00023157149730308068,0.019909706840473565,0.008990102698672862,0.0,0.3591850094310052,0.6984603120215368,0.000732421875
8,0.024526379690380812,5,0.013832422840943694,0.0037710910173861575,0.2726269331663144,17,25,12,20,12,25,0,True,0.13648813569326929,0.6766725693813347,0.057275460418047396,0.00146484375,0.00023181263418025429,0.019930438945196582,0.008998155866235424,0.0,0.34830150416326566,0.6766725693813347,0.000732421875
8,0.024526379690380812,5,0.013832422840943694,0.004112403915044098,0.29730177875068026,17,25,12,20,12,25,0,True,0.13178126660307937,0.6533371403726326,0.0569843817678285,0.00146484375,0.00023199449539056523,0.01994607473554692,0.009009647890040223,0.0,0.33664160755408973,0.6533371403726326,0.000732421875
8,0.024526379690380812,5,0.013832422840943694,0.004484608269198468,0.3242098886627524,17,25,12,20,12,25,0,True,0.12675179193331051,0.628402317062575,0.05675649192159102,0.00146484375,0.0002322549868451311,0.01996847087909332,0.009024010102057205,0.0,0.3241853939708342,0.628402317062575,0.000732421875
8,0.024526379690380812,5,0.013832422840943694,0.004890499995535488,0.3535533905932738,15,26,10,21,10,26,0,True,0.1213927239174895,0.6018334559279748,0.05645275133192441,0.00146484375,0.00023273585266567635,0.02000981403931882,0.009045921339079232,0.0,0.3109216349836468,0.6018334559279748,0.000732421875
8,0.024526379690380812,5,0.013832422840943694,0.005333128061730857,0.3855527063519852,18,26,13,21,13,26,0,True,0.11567171218288232,0.5734701722604676,0.05606407734441233,0.00146484375,0.00023290873742467264,0.020024678065802604,0.00905750356005278,0.0,0.2967474251631351,0.5734701722604676,0.000732421875
8,0.024526379690380812,5,0.013832422840943694,0.005815817390611577,0.42044820762685725,19,26,14,21,14,26,0,True,0.10963213325965342,0.5435275155804248,0.05582499319440894,0.00146484375,0.00023340468443916836,0.02006731785429995,0.009082214262968877,0.0,0.28179741671736236,0.5435275155804248,0.000732421875
8,0.024526379690380812,5,0.013832422840943694,0.006342193836231006,0.4585020216023356,18,26,13,21,13,26,0,True,0.10323448178794249,0.5118096286199219,0.055401992603183466,0.00146484375,0.0002340071722116966,0.020119117644281478,0.009110199933312762,0.0,0.26596437313210164,0.5118096286199219,0.000732421875
8,0.024526379690380812,5,0.013832422840943694,0.006916211420471847,0.5,19,26,14,21,14,26,0,True,0.09649167772342711,0.47838056514861577,0.054928631447185065,0.00146484375,0.00023477978888474706,0.02018554452168066,0.00915124995159216,0.0,0.2492830548351482,0.47838056514861577,0.000732421875
8,0.024526379690380812,5,0.013832422840943694,0.007542182034772315,0.5452538663326288,18,26,13,21,13,26,0,True,0.08944225590497604,0.4434313708445473,0.054483005166440925,0.00146484375,0.00023543289748024989,0.02024169651284923,0.009183964193026969,0.0,0.23183653367869828,0.4434313708445473,0.000732421875
8,0.024526379690380812,5,0.013832422840943694,0.008224807830088197,0.5946035575013605,18,26,13,21,13,26,0,True,0.0820867538693743,0.4069647106748626,0.0539120698642881,0.00146484375,0.00023623108681446983,0.020310322038151734,0.009233754900368978,0.0,0.21363751635650718,0.4069647106748626,0.000732421875
8,0.024526379690380812,5,0.013832422840943694,0.008969216538396937,0.6484197773255048,18,26,13,21,13,26,0,True,0.07448186596884582,0.36926166044731523,0.0534181094930379,0.00146484375,0.00023727244715581635,0.020399854555551183,0.009284974833475096,0.0,0.1948307575014332,0.36926166044731523,0.000732421875
8,0.024526379690380812,5,0.013832422840943694,0.009780999991070976,0.7071067811865476,16,27,11,22,11,27,0,True,0.06665407299448856,0.3304535050157901,0.052809575956891834,0.00146484375,0.00023870855906156,0.02052332643083145,0.0093507949626279,0.0,0.17548841572331078,0.3304535050157901,0.000732421875
8,0.024526379690380812,5,0.013832422840943694,0.010666256123461714,0.7711054127039704,19,27,14,22,14,27,0,True,0.05870925529732848,0.2910651715383279,0.052071149669611565,0.00146484375,0.0002401642776191976,0.020648484017418492,0.009429012908719024,0.0,0.15585682777787319,0.2910651715383279,0.000732421875
8,0.024526379690380812,5,0.013832422840943694,0.011631634781223154,0.8408964152537145,20,27,15,22,15,27,0,True,0.05074618698215036,0.2515863562580017,0.05143513375668366,0.00146484375,0.00024180148082021658,0.020789245018449247,0.009514246383522499,0.0,0.13618780063822547,0.2515863562580017,0.000732421875
8,0.024526379690380812,5,0.013832422840943694,0.012684387672462012,0.9170040432046712,19,27,14,22,14,27,0,True,0.04284783181890926,0.212428371902441,0.050737755914634364,0.00146484375,0.00024377247274626814,0.02095870400580151,0.009612661588573393,0.0,0.11669353795412125,0.212428371902441,0.000732421875
8,0.024526379690380812,5,0.013832422840943694,0.013832422840943694,1.0,20,27,15,22,15,27,0,True,0.03522610379780552,0.17464183275037667,0.04981623242903024,0.00146484375,0.00024629837894150875,0.021175872579824923,0.00972961293136201,0.0,0.0979088526651008,0.17464183275037667,0.000732421875
8,0.024526379690380812,5,0.013832422840943694,0.01508436406954463,1.0905077326652577,19,27,14,22,14,27,0,True,0.028043881754992454,0.1390342495791953,0.04890154358467488,0.00146484375,0.00024938440831653494,0.021441198584421447,0.009880168923785232,0.0,0.08023772408180838,0.1390342495791953,0.000732421875
8,0.024526379690380812,5,0.013832422840943694,0.016449615660176393,1.189207115002721,19,27,14,22,14,27,0,True,0.02161299034005571,0.10715156765190303,0.0479924915181491,0.00146484375,0.00025314705875795413,0.02176469810014029,0.010047994273046638,0.0,0.06445813287602166,0.10715156765190303,0.000732421875
8,0.024526379690380812,5,0.013832422840943694,0.017938433076793873,1.2968395546510096,19,27,14,22,14,27,0,True,0.016201968184047483,0.08032513144418818,0.04690138791872108,0.00146484375,0.0002577041765250563,0.022156503135894623,0.010237973827697153,0.0,0.0512408172900414,0.08032513144418818,0.000732421875
8,0.024526379690380812,5,0.013832422840943694,0.01956199998214195,1.4142135623730951,17,28,12,23,12,28,0,True,0.011840103810415217,0.05870014581443572,0.04628154193063358,0.0009765625,0.0002626029772077267,0.022577684872843135,0.010463152992198757,0.0,0.04063891534363943,0.05870014581443572,0.00048828125
8,0.024526379690380812,5,0.013832422840943694,0.021332512246923428,1.5422108254079407,20,28,15,23,15,28,0,True,0.008581189783331283,0.04254330026226583,0.046041741657558845,0.00048828125,0.00026865938322005994,0.02309839346443038,0.010722333624465091,0.0,0.03282084686334811,0.04254330026226583,0.000244140625
8,0.024526379690380812,5,0.013832422840943694,0.023263269562446308,1.681792830507429,21,28,16,23,16,28,0,True,0.005960124663044758,0.02954874318628738,0.04512947631899907,0.00048828125,0.0002759780032963135,0.023727622803498414,0.01102441642765492,0.0,0.026638182994892897,0.02954874318628738,0.000244140625
8,0.024526379690380812,5,0.013832422840943694,0.025368775344924023,1.8340080864093424,20,28,15,23,15,28,0,True,0.004263350311468038,0.021136578610151353,0.04482373299496038,0.00048828125,0.0002840580766016725,0.024422319226127167,0.011351028139112953,0.0,0.02277944891813926,0.024422319226127167,0.000244140625
8,0.024526379690380812,5,0.013832422840943694,0.027664845681887387,2.0,21,28,16,23,16,28,0,True,0.003687255477487751,0.018280450716421332,0.04440407824369712,0.0,0.000294257341492291,0.025299216324109735,0.011717702979000107,0.0,0.021789833520265534,0.025299216324109735,0.0
8,0.024526379690380812,5,0.013832422840943694,0.03016872813908926,2.1810154653305154,20,28,15,23,15,28,0,True,0.003671942676301943,0.018204533842986176,0.04424148087484259,0.0,0.00030637658533400156,0.026341186492402382,0.01216402681619607,0.0,0.02227286016769428,0.026341186492402382,0.0
8,0.024526379690380812,5,0.013832422840943694,0.03289923132035279,2.378414230005442,20,28,15,23,15,28,0,True,0.0036509623786697403,0.018100519000721262,0.044165658620823105,0.0,0.00032090866565292824,0.027590603896105445,0.012643878459091998,0.0,0.022845561448413355,0.027590603896105445,0.0
8,0.024526379690380812,5,0.013832422840943694,0.03587686615358775,2.5936791093020193,20,28,15,23,15,28,0,True,0.0037180341284600575,0.018433043238326143,0.04487194032498719,0.0,0.0003377207832861213,0.029036050927984086,0.013197715462394457,0.0,0.023734547083155116,0.029036050927984086,0.0
8,0.024526379690380812,5,0.013832422840943694,0.0391239999642839,2.8284271247461903,18,29,13,24,13,29,0,True,0.003744180340167275,0.018562669334877654,0.04519954058055002,0.0,0.00035890853833685395,0.030857699950340853,0.013832322096306915,0.0,0.024710184642609254,0.030857699950340853,0.0
8,0.024526379690380812,5,0.013832422840943694,0.042665024493846855,3.0844216508158815,21,29,16,24,16,29,0,True,0.0037135468244558155,0.01841079635573285,0.044650376743928674,0.0,0.0003824934585835995,0.03288544884619949,0.014517415678237854,0.0,0.025648122600966168,0.03288544884619949,0.0
8,0.024526379690380812,5,0.013832422840943694,0.046526539124892616,3.363585661014858,22,29,17,24,17,29,0,True,0.003751078917017397,0.01859687067918158,0.04473488703595748,0.0,0.00041157936107702773,0.03538615294225169,0.01529760630224242,0.0,0.026991511810716635,0.03538615294225169,0.0
8,0.024526379690380812,5,0.013832422840943694,0.050737550689848046,3.668016172818685,21,29,16,24,16,29,0,True,0.003770927929950435,0.018695276907040582,0.0451660839817256,0.0,0.00044666758207083325,0.03840291537491885,0.01617418454732579,0.0,0.028549096140979717,0.03840291537491885,0.0
8,0.024526379690380812,5,0.013832422840943694,0.055329691363774774,4.0,22,29,17,24,17,29,0,True,0.0038326324742345703,0.019001191939956582,0.04578207703119019,0.0,0.00048624107056703257,0.04180530540905584,0.017119317117545975,0.0,0.03040324867450621,0.04180530540905584,0.0
9,0.02654486945501135,0,0.004200945072465708,0.001050236268116427,0.25,17,23,17,23,17,23,0,True,4.105081482593931e-05,0.006814629403279027,0.0046570635689684396,0.00048828125,0.00032644682521020853,0.023355190554703864,0.008649780040115521,0.00047573997818237964,0.015084909978991446,0.023355190554703864,0.00048201061409118985
9,0.02654486945501135,0,0.004200945072465708,0.0011452907715064665,0.2726269331663144,17,23,17,23,17,23,0,True,3.6498504770369e-05,0.006058924404752914,0.004636101463308707,0.00048828125,0.0003091548419939118,0.022118059322610257,0.008629937084583669,0.0004057544431545696,0.014088491863681586,0.022118059322610257,0.0004470178465772848
9,0.02654486945501135,0,0.004200945072465708,0.0012489484424779605,0.29730177875068026,13,24,13,24,13,24,0,True,3.594664406919466e-05,0.005967312918435705,0.0046171589426112275,0.0,0.0002926006208693015,0.02093371026790275,0.00861209141974206,0.00035550288657816467,0.013450511593169227,0.02093371026790275,0.00017775144328908233
9,0.02654486945501135,0,0.004200945072465708,0.0013619879342224455,0.3242098886627524,15,24,15,24,15,24,0,True,3.589290129610965e-05,0.005958391363937171,0.004620430864153387,0.0,0.0002767773580826814,0.019801656625351015,0.00859479570632976,0.00030525133000175973,0.012880023994644094,0.019801656625351015,0.00015262566500087987
9,0.02654486945501135,0,0.004200945072465708,0.0014852583740663573,0.3535533905932738,15,24,15,24,15,24,0,True,3.600350186211538e-05,0.005976751580958873,0.004627846331035918,0.0,0.00026189296062492163,0.01873677281557868,0.008579072495367254,0.0002609199669607763,0.012356762198268777,0.01873677281557868,0.00013045998348038814
9,0.02654486945501135,0,0.004200945072465708,0.0016196857419251904,0.3855527063519852,14,24,14,24,14,24,0,True,3.618410244529001e-05,0.006006732131882638,0.0046433023133647215,0.0,0.00024813207111462865,0.017752268841590983,0.00856649151053521,0.00021172519778161935,0.01187950048673681,0.017752268841590983,0.00010586259889080968
9,0.02654486945501135,0,0.004200945072465708,0.0017662798260570849,0.42044820762685725,18,24,18,24,18,24,0,True,3.583631864432594e-05,0.005948998376143975,0.004628747993375352,0.0,0.00023545817500680486,0.016845532320327095,0.008552739132128222,0.00018635137969350373,0.011397265348235534,0.016845532320327095,9.317568984675187e-05
9,0.02654486945501135,0,0.004200945072465708,0.0019261418083658974,0.4585020216023356,13,24,13,24,13,24,0,True,3.631929187367009e-05,0.006029174216346922,0.004639217575210299,0.0,0.00022426271356801859,0.01604456838054204,0.008542550153329838,0.00015583380156850376,0.011036871298444481,0.01604456838054204,7.791690078425188e-05
9,0.02654486945501135,0,0.004200945072465708,0.002100472536232854,0.5,18,24,18,24,18,24,0,True,3.6253378988356126e-05,0.006018232365662105,0.00466160223300684,0.0,0.00021439851755477435,0.01533884800047732,0.008532741639424461,0.00013320981482406577,0.010678540183069712,0.01533884800047732,6.660490741203288e-05
9,0.02654486945501135,0,0.004200945072465708,0.002290581543012933,0.5452538663326288,18,24,18,24,18,24,0,True,3.6364832426215685e-05,0.006036734163445041,0.004665422087694011,0.0,0.00020625236743640284,0.014756042858539488,0.008524104329562153,0.00010875260718384269,0.010396388510992265,0.014756042858539488,5.4376303591921346e-05
9,0.02654486945501135,0,0.004200945072465708,0.002497896884955921,0.5946035575013605,14,25,14,25,14,25,0,True,3.633112419089481e-05,0.0060311384369649635,0.004643835567438525,0.0,0.00019966267923641703,0.014284592650660613,0.008519842052521553,7.245501247277666e-05,0.010157865543812789,0.014284592650660613,3.622750623638833e-05
9,0.02654486945501135,0,0.004200945072465708,0.002723975868444891,0.6484197773255048,16,25,16,25,16,25,0,True,3.674155317051927e-05,0.0060992715886299415,0.00469945139885169,0.0,0.00019447117345038138,0.013913173486695287,0.008516909529917138,5.5751219263760145e-05,0.010006222537662614,0.013913173486695287,2.7875609631880073e-05
9,0.02654486945501135,0,0.004200945072465708,0.0029705167481327145,0.7071067811865476,16,25,16,25,16,25,0,True,3.656975310652959e-05,0.00607075196551129,0.004658737370861593,0.0,0.00019056397566429148,0.01363363837781412,0.008516031894702639,4.207761129713211e-05,0.009852195171662706,0.01363363837781412,2.1038805648566056e-05
9,0.02654486945501135,0,0.004200945072465708,0.0032393714838503808,0.7711054127039704,15,25,15,25,15,25,0,True,3.608324050314685e-05,0.005989988572479128,0.004651291851329823,0.0,0.00018786631113584974,0.013440637667594771,0.008519655261903169,2.7487392882611535e-05,0.009715313120036949,0.013440637667594771,1.3743696441305767e-05
9,0.02654486945501135,0,0.004200945072465708,0.0035325596521141697,0.8408964152537145,19,25,19,25,19,25,0,True,3.7294525802363664e-05,0.006191067660697048,0.004703994090039353,0.0,0.00018630095058409893,0.013328646093011636,0.008525982827720293,1.7620403656909043e-05,0.009759856876854342,0.013328646093011636,8.810201828454521e-06
9,0.02654486945501135,0,0.004200945072465708,0.0038522836167317947,0.9170040432046712,14,25,14,25,14,25,0,True,3.6816232326185926e-05,0.006111668681651745,0.004683188054628163,0.0,0.00018534252505354195,0.013260076852418663,0.008534316907385056,1.2756997518735518e-05,0.009685872767035204,0.013260076852418663,6.378498759367759e-06
9,0.02654486945501135,0,0.004200945072465708,0.004200945072465708,1.0,19,25,19,25,19,25,0,True,3.709657072022925e-05,0.006158206180871092,0.004700385366608362,0.0,0.0001853209536994901,0.013258533559467107,0.008547577777898867,2.8900082930330273e-06,0.0097083698701691,0.013258533559467107,1.4450041465165136e-06
9,0.02654486945501135,0,0.004200945072465708,0.004581163086025866,1.0905077326652577,19,25,19,25,19,25,0,True,3.7427528104777776e-05,0.006213146671907376,0.004742413092490733,0.0,0.0001855251711771853,0.013273144018928925,0.00855843511654672,1.973397845140498e-06,0.00974314534541815,0.013273144018928925,9.86698922570249e-07
9,0.02654486945501135,0,0.004200945072465708,0.004995793769911842,1.189207115002721,15,26,15,26,15,26,0,True,3.770658132954777e-05,0.00625947082694938,0.004748375626987467,0.0,0.00018581449419761482,0.013293843237766917,0.008573847124167942,0.0,0.009776657032358149,0.013293843237766917,0.0
9,0.02654486945501135,0,0.004200945072465708,0.005447951736889782,1.2968395546510096,17,26,17,26,17,26,0,True,3.849355177118831e-05,0.006390111642091651,0.004808341757333173,0.0,0.00018619612244245588,0.013321146307336,0.00859328751495562,0.0,0.009855628974713825,0.013321146307336,0.0
9,0.02654486945501135,0,0.004200945072465708,0.005941033496265429,1.4142135623730951,17,26,17,26,17,26,0,True,3.907432370470215e-05,0.006486522529707499,0.004838152036038342,0.0,0.00018677162454697018,0.0133623198163965,0.008619278175658485,0.0,0.009924421173051999,0.0133623198163965,0.0
9,0.02654486945501135,0,0.004200945072465708,0.0064787429677007615,1.5422108254079407,16,26,16,26,16,26,0,True,3.991050643821942e-05,0.006625332818041663,0.00491687051139022,0.0,0.00018707680755208016,0.013384153716094594,0.008642883132444906,0.0,0.010004743267068128,0.013384153716094594,0.0
9,0.02654486945501135,0,0.004200945072465708,0.0070651193042283395,1.681792830507429,20,26,20,26,20,26,0,True,3.958034170113615e-05,0.006570523910233289,0.0048844077394200065,0.0,0.00018780369506123492,0.013436157886382393,0.008676657204114624,0.0,0.01000334089830784,0.013436157886382393,0.0
9,0.02654486945501135,0,0.004200945072465708,0.0077045672334635894,1.8340080864093424,15,26,15,26,15,26,0,True,4.0743806296669865e-05,0.006763664535480714,0.0049897546287119895,0.0,0.00018878874516731583,0.013506631945729233,0.008720679216328783,0.0,0.010135148240604974,0.013506631945729233,0.0
9,0.02654486945501135,0,0.004200945072465708,0.008401890144931416,2.0,20,26,20,26,20,26,0,True,4.191884746676589e-05,0.006958726926854735,0.005034987226631888,0.0,0.00018964245681333554,0.013567709575014556,0.008759679524062248,0.0,0.010263218250934646,0.013567709575014556,0.0
9,0.02654486945501135,0,0.004200945072465708,0.009162326172051732,2.1810154653305154,20,26,20,26,20,26,0,True,4.33095083747567e-05,0.007189583214452627,0.0051298259941531645,0.0,0.000190774093766365,0.013648670989357395,0.008820202344745676,0.0,0.01041912710190501,0.013648670989357395,0.0
9,0.02654486945501135,0,0.004200945072465708,0.009991587539823684,2.378414230005442,16,27,16,27,16,27,0,True,4.3197229840173105e-05,0.00717094444671136,0.005155972702529982,0.0,0.00019206902644264864,0.013741315172343834,0.008879165786648754,0.0,0.010456129809527598,0.013741315172343834,0.0
9,0.02654486945501135,0,0.004200945072465708,0.010895903473779564,2.5936791093020193,18,27,18,27,18,27,0,True,4.599659258153039e-05,0.007635651900840698,0.005306728874465911,0.0,0.0001936013966670112,0.013850946499183347,0.008958078524468937,0.0,0.010743299200012022,0.013850946499183347,0.0
9,0.02654486945501135,0,0.004200945072465708,0.011882066992530858,2.8284271247461903,18,27,18,27,18,27,0,True,4.522200137129937e-05,0.007507066096657674,0.005312982122539283,0.0,0.00019548810307734983,0.013985928322657555,0.009040410937787948,0.0,0.010746497209657615,0.013985928322657555,0.0
9,0.02654486945501135,0,0.004200945072465708,0.012957485935401523,3.0844216508158815,17,27,17,27,17,27,0,True,4.9722306407027764e-05,0.008254138015941987,0.005522401649248832,0.0,0.00019797601424056399,0.014163922515931225,0.009153825921111603,0.0,0.011209030265936606,0.014163922515931225,0.0
9,0.02654486945501135,0,0.004200945072465708,0.014130238608456679,3.363585661014858,21,27,21,27,21,27,0,True,5.2493475304667797e-05,0.008714165158676734,0.005732738939345787,0.0,0.00020060393297611454,0.01435193335901888,0.009274569932009622,0.0,0.011533049258847808,0.01435193335901888,0.0
9,0.02654486945501135,0,0.004200945072465708,0.015409134466927179,3.668016172818685,16,27,16,27,16,27,0,True,5.54792005448341e-05,0.009209809668975052,0.005927971188719965,0.0,0.0002035191020719769,0.014560495135317998,0.009410815839131195,0.0,0.011885152402146524,0.014560495135317998,0.0
9,0.02654486945501135,0,0.004200945072465708,0.016803780289862832,4.0,21,27,21,27,21,27,0,True,5.94854399329943e-05,0.009874864354171703,0.006111149136750875,0.0,0.00020742866849082602,0.014840199704782554,0.009577773622259622,0.0,0.012357532029477128,0.014840199704782554,0.0
10,0.029077519361174062,0,0.0047048408855794675,0.0011762102213948669,0.25,14,23,14,23,14,23,0,True,0.0021168108310299816,0.22368842156804392,0.006060406781295939,0.0009765625,0.0002889933724127031,0.01919963978519483,0.009356248550121226,0.0002972175616718424,0.12144403067661938,0.22368842156804392,0.0006368900308359213
10,0.029077519361174062,0,0.0047048408855794675,0.001282666341671017,0.2726269331663144,17,23,17,23,17,23,0,True,0.001981146350766697,0.20935243414389731,0.006037221728379713,0.0009765625,0.0002789721314245296,0.018533865980185926,0.009343339988064175,0.00023907241371487549,0.11394315006204161,0.20935243414389731,0.0006078174568574377
10,0.029077519361174062,0,0.0047048408855794675,0.0013987575640217013,0.29730177875068026,12,24,12,24,12,24,0,True,0.0018393936100340872,0.19437308579466706,0.005974800562597025,0.0009765625,0.0002697641026856518,0.017922118958300225,0.009332015384684766,0.00020552465034748702,0.10614760237648364,0.19437308579466706,0.0005910435751737436
10,0.029077519361174062,0,0.0047048408855794675,0.0015253559396896845,0.3242098886627524,16,24,16,24,16,24,0,True,0.0016926520413775745,0.17886655616527045,0.00590394263693957,0.0009765625,0.00026135943515079047,0.01736374425289966,0.009321364862390913,0.000176063859619735,0.09811515020908505,0.17886655616527045,0.0005763131798098675
10,0.029077519361174062,0,0.0047048408855794675,0.0016634124472984816,0.3535533905932738,12,24,12,24,12,24,0,True,0.001542464846509498,0.16299591904110863,0.005848710546688632,0.0009765625,0.00025388356164954273,0.016867075152479382,0.009313645721058285,0.00013687625661563588,0.089931497096794,0.16299591904110863,0.0005567193783078179
10,0.029077519361174062,0,0.0047048408855794675,0.0018139641363906344,0.3855527063519852,14,24,14,24,14,24,0,True,0.001389306372547309,0.14681129980722907,0.005774232884607748,0.0009765625,0.00024740347833825745,0.016436562631323513,0.009305907939372821,0.0001084722532851318,0.08162393121927629,0.14681129980722907,0.0005425173766425659
10,0.029077519361174062,0,0.0047048408855794675,0.001978141917511443,0.42044820762685725,18,24,18,24,18,24,0,True,0.0012356808015596312,0.13057732132271688,0.005677075526098234,0.0009765625,0.00024186135248968496,0.01606836449913641,0.009300094842511868,8.782166438583432e-05,0.07332284291092664,0.13057732132271688,0.0005321920821929172
10,0.029077519361174062,0,0.0047048408855794675,0.0021571790573555088,0.4585020216023356,17,24,17,24,17,24,0,True,0.0010836911883037456,0.11451621837219772,0.0055911577114955615,0.0009765625,0.00023731024042584695,0.015766005619698303,0.009294615874184484,6.717107548653682e-05,0.065141111995948,0.11451621837219772,0.0005218667877432684
10,0.029077519361174062,0,0.0047048408855794675,0.0023524204427897337,0.5,15,24,15,24,15,24,0,True,0.0009367427761054706,0.09898783109511239,0.0055132936174958624,0.0009765625,0.00023378317724356642,0.01553168072140028,0.009293851532813806,4.955067182962779e-05,0.057259755908256334,0.09898783109511239,0.0005130565859148139
10,0.029077519361174062,0,0.0047048408855794675,0.002565332683342034,0.5452538663326288,18,24,18,24,18,24,0,True,0.0007972589371640503,0.0842482429799684,0.005416862538153267,0.00048828125,0.00023103628771391254,0.015349187645317683,0.009293614893708455,3.785046170814024e-05,0.049798715312643044,0.0842482429799684,0.0002630658558540701
10,0.029077519361174062,0,0.0047048408855794675,0.0027975151280434027,0.5946035575013605,13,25,13,25,13,25,0,True,0.0006596902915744377,0.0697110378891285,0.005379217175015363,0.00048828125,0.00022912955298992738,0.015222511315127805,0.009296207392686287,2.114666849912372e-05,0.04246677460212815,0.0697110378891285,0.00025471395924956183
10,0.029077519361174062,0,0.0047048408855794675,0.003050711879379369,0.6484197773255048,17,25,17,25,17,25,0,True,0.0005257429597721254,0.055556505615910974,0.005352230007207802,0.00048828125,0.00022779702348782807,0.015133983034254582,0.009297206561374744,1.050324577488414e-05,0.03534524432508278,0.055556505615910974,0.00024939224788744205
10,0.029077519361174062,0,0.0047048408855794675,0.0033268248945969633,0.7071067811865476,13,25,13,25,13,25,0,True,0.0003970675758353457,0.04195907257864936,0.00524800921160403,0.00048828125,0.00022697491141209804,0.015079364979918948,0.009304159009293562,9.58663532699161e-06,0.028519218779284154,0.04195907257864936,0.00024893394266349583
10,0.029077519361174062,0,0.0047048408855794675,0.003627928272781269,0.7711054127039704,15,25,15,25,15,25,0,True,0.00028084481050746673,0.029677537287271114,0.005229832532344342,0.00048828125,0.00022643680913879476,0.015043615475600684,0.009310727642901782,6.6966270339585835e-06,0.022360576381435897,0.029677537287271114,0.0002474889385169793
10,0.029077519361174062,0,0.0047048408855794675,0.003956283835022886,0.8408964152537145,19,25,19,25,19,25,0,True,0.00017938119210256234,0.01895563605978541,0.005182287749470973,0.00048828125,0.00022618192124451358,0.015026681676341035,0.009319602843232366,3.8066187409255566e-06,0.016991158868063225,0.01895563605978541,0.00024604393437046277
10,0.029077519361174062,0,0.0047048408855794675,0.0043143581147110175,0.9170040432046712,18,25,18,25,18,25,0,True,9.960232069763869e-05,0.010525213483780283,0.005052229342334327,0.00048828125,0.00022624531806571146,0.015030893524247317,0.009333032961230163,1.8332208957850585e-06,0.0127780535040138,0.015030893524247317,0.00024505723544789254
10,0.029077519361174062,0,0.0047048408855794675,0.0047048408855794675,1.0,16,25,16,25,16,25,0,True,5.097275814548414e-05,0.005386412260081405,0.0050169929504652,0.00048828125,0.00022631328619190065,0.015035409072575683,0.00934450111072467,9.166104478925292e-07,0.010210910666328545,0.015035409072575683,0.00024459893022394627
10,0.029077519361174062,0,0.0047048408855794675,0.005130665366684068,1.0905077326652577,19,25,19,25,19,25,0,True,3.902959868169221e-05,0.0041243502704934355,0.0049438004604120565,0.0,0.00022661989155448422,0.015055778787177327,0.009361303371330048,0.0,0.00959006452883538,0.015055778787177327,0.0
10,0.029077519361174062,0,0.0047048408855794675,0.005595030256086805,1.189207115002721,14,26,14,26,14,26,0,True,3.905730454625664e-05,0.004127278014919979,0.00493634218777263,0.0,0.00022704966955723412,0.015084331631733967,0.009382512621106197,0.0,0.009605804823326973,0.015084331631733967,0.0
10,0.029077519361174062,0,0.0047048408855794675,0.006101423758758738,1.2968395546510096,18,26,18,26,18,26,0,True,4.096569228098503e-05,0.004328941873524434,0.005049058543294772,0.0,0.00022748389224566906,0.015113179764599118,0.009402466276300547,0.0,0.009721060819061777,0.015113179764599118,0.0
10,0.029077519361174062,0,0.0047048408855794675,0.0066536497891939266,1.4142135623730951,14,26,14,26,14,26,0,True,4.0284408162374676e-05,0.004256948964712089,0.004997284871667224,0.0,0.00022821726814827102,0.015161902519171468,0.009431767305104373,0.0,0.009709425741941778,0.015161902519171468,0.0
10,0.029077519361174062,0,0.0047048408855794675,0.007255856545562538,1.5422108254079407,16,26,16,26,16,26,0,True,4.152065720334405e-05,0.004387586333241091,0.005064586841211307,0.0,0.00022869414708770605,0.015193584573959987,0.009459033402057034,0.0,0.009790585453600538,0.015193584573959987,0.0
10,0.029077519361174062,0,0.0047048408855794675,0.007912567670045771,1.681792830507429,20,26,20,26,20,26,0,True,4.1361117170852034e-05,0.004370727359580375,0.005063409343133301,0.0,0.00022974374240243458,0.015263315764660921,0.009502020275798002,0.0,0.009817021562120647,0.015263315764660921,0.0
10,0.029077519361174062,0,0.0047048408855794675,0.008628716229422035,1.8340080864093424,19,26,19,26,19,26,0,True,4.302151329358237e-05,0.00454618535631149,0.005261635076938559,0.0,0.00023060327212535156,0.015320419707657604,0.009546537985564516,0.0,0.009933302531984548,0.015320419707657604,0.0
10,0.029077519361174062,0,0.0047048408855794675,0.009409681771158935,2.0,17,26,17,26,17,26,0,True,4.363708899073234e-05,0.0046112347003684296,0.005230862366523203,0.0,0.00023162264370326177,0.015388142946220986,0.009591063615451687,0.0,0.009999688823294708,0.015388142946220986,0.0
10,0.029077519361174062,0,0.0047048408855794675,0.010261330733368136,2.1810154653305154,20,26,20,26,20,26,0,True,4.6570694029823876e-05,0.00492123570332964,0.005375540587122842,0.0,0.00023313179165306892,0.015488405096791981,0.009660194941654904,0.0,0.01020482040006081,0.015488405096791981,0.0
10,0.029077519361174062,0,0.0047048408855794675,0.01119006051217361,2.378414230005442,15,27,15,27,15,27,0,True,4.8879507982395796e-05,0.005165213550180412,0.005575891870783002,0.0,0.000234862108338044,0.015603360871689101,0.009729004194987255,0.0,0.010384287210934756,0.015603360871689101,0.0
10,0.029077519361174062,0,0.0047048408855794675,0.012202847517517476,2.5936791093020193,19,27,19,27,19,27,0,True,4.681009614933374e-05,0.004946533893157566,0.005408290062729746,0.0,0.0002367847012607041,0.01573109076134181,0.009826313504439833,0.0,0.010338812327249687,0.01573109076134181,0.0
10,0.029077519361174062,0,0.0047048408855794675,0.013307299578387853,2.8284271247461903,15,27,15,27,15,27,0,True,5.270787751347801e-05,0.005569766439382273,0.005744148444538187,0.0,0.00023921047099177982,0.015892249837931194,0.009922260585266398,0.0,0.010731008138656734,0.015892249837931194,0.0
10,0.029077519361174062,0,0.0047048408855794675,0.014511713091125075,3.0844216508158815,17,27,17,27,17,27,0,True,5.548910021750459e-05,0.005863664839547867,0.0060140041432028045,0.0,0.00024226654536274285,0.016095283999543256,0.010055817512035756,0.0,0.010979474419545561,0.016095283999543256,0.0
10,0.029077519361174062,0,0.0047048408855794675,0.015825135340091542,3.363585661014858,21,27,21,27,21,27,0,True,5.6621027030575876e-05,0.005983278230803648,0.005997660004997033,0.0,0.00024501983554054676,0.01627820231077172,0.010173883070969579,0.0,0.011130740270787684,0.01627820231077172,0.0
10,0.029077519361174062,0,0.0047048408855794675,0.01725743245884407,3.668016172818685,20,27,20,27,20,27,0,True,6.309459564954933e-05,0.00666735558200749,0.006361882220067489,0.0,0.00024918296855193963,0.016554785311721824,0.010349779771688269,0.0,0.011611070446864658,0.016554785311721824,0.0
10,0.029077519361174062,0,0.0047048408855794675,0.01881936354231787,4.0,18,27,18,27,18,27,0,True,6.849172464921031e-05,0.007237683005335088,0.006617937559315283,0.0,0.00025362714422213464,0.01685003973675417,0.010531390807405307,0.0,0.012043861371044629,0.01685003973675417,0.0
11,0.04120852278461451,-2,0.007084301397567825,0.0017710753493919563,0.25,16,23,18,25,16,25,0,True,0.00030018094246178276,0.036881415352683904,0.003159687259826785,0.00048828125,0.0005653464176014974,0.021727902261219085,0.013811166590424345,0.00023138362748126442,0.029304658806951496,0.036881415352683904,0.0003598324387406322
11,0.04120852278461451,-2,0.007084301397567825,0.0019313713636447513,0.2726269331663144,16,24,18,26,16,26,0,True,0.00024217414636219095,0.029754471441180055,0.0031418590457076546,0.00048828125,0.0005492593242608903,0.021109628613612454,0.013796099082894865,0.0001850788665951405,0.025432050027396257,0.029754471441180055,0.00033668005829757023
11,0.04120852278461451,-2,0.007084301397567825,0.0021061754067028446,0.29730177875068026,15,24,17,26,15,26,0,True,0.0001863244357900336,0.02289255557121719,0.003109887848997536,0.00048828125,0.0005347443728318083,0.02055177693867756,0.013783384631064023,0.00015153110322775203,0.021722166254947377,0.02289255557121719,0.000319906176613876
11,0.04120852278461451,-2,0.007084301397567825,0.002296800567358846,0.3242098886627524,17,24,19,26,17,26,0,True,0.00013414676583825035,0.016481801104777424,0.0030521073907672247,0.00048828125,0.0005216651987705538,0.020049106351560254,0.013773355623861878,0.0001348273100187355,0.01826545372816884,0.020049106351560254,0.00031155428000936776
11,0.04120852278461451,-2,0.007084301397567825,0.002504678779094773,0.3535533905932738,16,24,18,26,16,26,0,True,8.787693711185465e-05,0.01079690732850778,0.0029962606778301806,0.00048828125,0.0005103456880576344,0.019614064729719643,0.013762983605070316,0.00010825652758401647,0.015205486029113712,0.019614064729719643,0.0002982688887920082
11,0.04120852278461451,-2,0.007084301397567825,0.002731371576445426,0.3855527063519852,18,24,20,26,18,26,0,True,5.0172719107079364e-05,0.0061644182924681205,0.0029686244192236775,0.00048828125,0.0005008529628684669,0.019249231773002775,0.013755519603559814,9.0495946977752e-05,0.012706825032735448,0.019249231773002775,0.000289388598488876
11,0.04120852278461451,-2,0.007084301397567825,0.002978581824895832,0.42044820762685725,18,24,20,26,18,26,0,True,2.388414949498978e-05,0.00293450087352718,0.0028975973045926307,0.00048828125,0.0004933153186527916,0.018959538247583674,0.013749464993981487,6.7871960233314e-05,0.010947019560555427,0.018959538247583674,0.000278076605116657
11,0.04120852278461451,-2,0.007084301397567825,0.0032481665124250996,0.4585020216023356,15,24,17,26,15,26,0,True,1.3166261540979958e-05,0.001617658857862945,0.002871871769880658,0.0,0.0004874668754428267,0.01873476561528236,0.013745299534155361,4.813798178190904e-05,0.010176212236572653,0.01873476561528236,2.406899089095452e-05
11,0.04120852278461451,-2,0.007084301397567825,0.0035421506987839127,0.5,17,24,19,26,17,26,0,True,1.3032828857254563e-05,0.0016012647917049104,0.0028646808633863356,0.0,0.0004833573495908197,0.018576824619686804,0.013746615273190037,3.5380984263173525e-05,0.010089044705695858,0.018576824619686804,1.7690492131586762e-05
11,0.04120852278461451,-2,0.007084301397567825,0.0038627427272895027,0.5452538663326288,17,25,19,27,17,27,0,True,1.318840736392856e-05,0.0016203797810761113,0.0028831931943250335,0.0,0.00048075498402587826,0.018476808164496553,0.013746924975253826,1.959380150204954e-05,0.010048593972786332,0.018476808164496553,9.79690075102477e-06
11,0.04120852278461451,-2,0.007084301397567825,0.004212350813405689,0.5946035575013605,16,25,18,27,16,27,0,True,1.3520608170957433e-05,0.0016611952833663292,0.002915857596886349,0.0,0.00047941291713217015,0.018425228641947844,0.0137560491014625,9.72681227634705e-06,0.010043211962657086,0.018425228641947844,4.863406138173525e-06
11,0.04120852278461451,-2,0.007084301397567825,0.004593601134717692,0.6484197773255048,18,25,20,27,18,27,0,True,1.4057294210917044e-05,0.0017271346484419702,0.0029849633262325394,0.0,0.00047863058047206556,0.018395161175423093,0.013760380119427332,5.7800165860660545e-06,0.010061147911932532,0.018395161175423093,2.8900082930330273e-06
11,0.04120852278461451,-2,0.007084301397567825,0.005009357558189546,0.7071067811865476,17,25,19,27,17,27,0,True,1.3971589809000245e-05,0.0017166046673621445,0.002962808893624603,0.0,0.00047821282378369284,0.0183791055744476,0.013770570457493664,1.8332208957850585e-06,0.010047855120904873,0.0183791055744476,9.166104478925292e-07
11,0.04120852278461451,-2,0.007084301397567825,0.005462743152890852,0.7711054127039704,19,25,21,27,19,27,0,True,1.4478915482182317e-05,0.0017789367018952499,0.003029927489985317,0.0,0.0004783036247094522,0.018382595317335684,0.013784257917394042,9.166104478925292e-07,0.010080766009615466,0.018382595317335684,4.583052239462646e-07
11,0.04120852278461451,-2,0.007084301397567825,0.005957163649791664,0.8408964152537145,19,25,21,27,19,27,0,True,1.5453090775480817e-05,0.0018986277233298931,0.0031163092288749323,0.0,0.00047833932930977546,0.018383967548664913,0.013796312355540638,9.166104478925292e-07,0.010141297635997403,0.018383967548664913,4.583052239462646e-07
11,0.04120852278461451,-2,0.007084301397567825,0.006496333024850199,0.9170040432046712,16,25,18,27,16,27,0,True,1.5563233634420197e-05,0.001912160309693841,0.003138749908887713,0.0,0.00047883431603669023,0.018402991323978875,0.013817787867201494,9.166104478925292e-07,0.010157575816836358,0.018402991323978875,4.583052239462646e-07
11,0.04120852278461451,-2,0.007084301397567825,0.007084301397567825,1.0,18,25,20,27,18,27,0,True,1.6649584930278807e-05,0.0020456337175421384,0.0032237331887711913,0.0,0.00047912418975372883,0.018414132011521624,0.013831280243583155,0.0,0.010229882864531881,0.018414132011521624,0.0
11,0.04120852278461451,-2,0.007084301397567825,0.007725485454579005,1.0905077326652577,18,26,20,28,18,28,0,True,1.747527161226111e-05,0.0021470808421318204,0.003326851257191266,0.0,0.0004799936986877607,0.018447549761321923,0.013856285396853955,0.0,0.010297315301726872,0.018447549761321923,0.0
11,0.04120852278461451,-2,0.007084301397567825,0.008424701626811379,1.189207115002721,17,26,19,28,17,28,0,True,1.777030110786116e-05,0.00218332933039121,0.0033523127574383005,0.0,0.000480687526563236,0.018474215578589137,0.013886991123059803,0.0,0.010328772454490173,0.018474215578589137,0.0
11,0.04120852278461451,-2,0.007084301397567825,0.009187202269435384,1.2968395546510096,19,26,21,28,19,28,0,True,1.922392806579819e-05,0.0023619276756554485,0.0034938223908226656,0.0,0.0004821023594532726,0.018528591709388895,0.013927590404170898,0.0,0.010445259692522172,0.018528591709388895,0.0
11,0.04120852278461451,-2,0.007084301397567825,0.010018715116379091,1.4142135623730951,18,26,20,28,18,28,0,True,2.059187698532304e-05,0.0025299992789640908,0.0036489591228269004,0.0,0.00048329288076168566,0.01857434689563177,0.013959790900292224,0.0,0.010552173087297929,0.01857434689563177,0.0
11,0.04120852278461451,-2,0.007084301397567825,0.010925486305781704,1.5422108254079407,20,26,22,28,20,28,0,True,2.236011293198009e-05,0.0027472517262892827,0.0038297477330085632,0.0,0.00048502341120688235,0.018640856198959135,0.014018002273071036,0.0,0.010694053962624208,0.018640856198959135,0.0
11,0.04120852278461451,-2,0.007084301397567825,0.011914327299583327,1.681792830507429,20,26,22,28,20,28,0,True,2.4010643066671686e-05,0.0029500423729920864,0.003999908914610549,0.0,0.00048672749294859373,0.018706349001913678,0.014068498626941478,0.0,0.010828195687452882,0.018706349001913678,0.0
11,0.04120852278461451,-2,0.007084301397567825,0.012992666049700398,1.8340080864093424,17,26,19,28,17,28,0,True,2.5953060770350388e-05,0.0031886954784499763,0.004181451113659449,0.0,0.0004893328378604611,0.018806479962046024,0.014141980870745783,0.0,0.010997587720248,0.018806479962046024,0.0
11,0.04120852278461451,-2,0.007084301397567825,0.01416860279513565,2.0,19,26,21,28,19,28,0,True,2.9362363065310893e-05,0.0036075758143304104,0.004428477809449183,0.0,0.0004922307592859633,0.018917855486032073,0.01422727149084294,0.0,0.011262715650181242,0.018917855486032073,0.0
11,0.04120852278461451,-2,0.007084301397567825,0.01545097090915801,2.1810154653305154,19,27,21,29,19,29,0,True,3.0615977138041607e-05,0.003761599787102225,0.0045268071071273295,0.0,0.0004950933908927544,0.01902787471994907,0.01431383427498672,0.0,0.011394737253525647,0.01902787471994907,0.0
11,0.04120852278461451,-2,0.007084301397567825,0.016849403253622757,2.378414230005442,18,27,20,29,18,29,0,True,3.640889378126481e-05,0.004473340389520351,0.00499593864980663,0.0,0.0004988801501390108,0.01917341085890347,0.014422863759640012,0.0,0.011823375624211912,0.01917341085890347,0.0
11,0.04120852278461451,-2,0.007084301397567825,0.018374404538870768,2.5936791093020193,20,27,22,29,20,29,0,True,4.057408043879969e-05,0.004985091661530429,0.005243549846674542,0.0,0.0005030303489295364,0.019332915033472654,0.014552532335955031,0.0,0.012159003347501541,0.019332915033472654,0.0
11,0.04120852278461451,-2,0.007084301397567825,0.020037430232758183,2.8284271247461903,19,27,21,29,19,29,0,True,4.496806613180082e-05,0.005524954086067781,0.005540115812284659,0.0,0.0005085897337399978,0.019546578313248415,0.014717237263346495,0.0,0.012535766199658098,0.019546578313248415,0.0
11,0.04120852278461451,-2,0.007084301397567825,0.021850972611563407,3.0844216508158815,21,27,23,29,21,29,0,True,5.134651433894858e-05,0.006308635407420647,0.005980088229013082,0.0,0.0005142541128697216,0.01976427682918361,0.01487976949341499,0.0,0.013036456118302129,0.01976427682918361,0.0
11,0.04120852278461451,-2,0.007084301397567825,0.023828654599166655,3.363585661014858,21,27,23,29,21,29,0,True,5.9056163907064155e-05,0.007255873382001633,0.006427798285979221,0.0,0.0005226956444594508,0.020088709367546163,0.01511189883561023,0.0,0.013672291374773899,0.020088709367546163,0.0
11,0.04120852278461451,-2,0.007084301397567825,0.025985332099400796,3.668016172818685,18,27,20,29,18,29,0,True,6.797728233079927e-05,0.008351957201640333,0.0069629176068524,0.0,0.000530821918230891,0.020401025633744244,0.015346621548946417,0.0,0.014376491417692289,0.020401025633744244,0.0
11,0.04120852278461451,-2,0.007084301397567825,0.0283372055902713,4.0,20,27,22,29,20,29,0,True,7.863643683510861e-05,0.009661582993863682,0.007499930642969441,0.0,0.000541434283481202,0.020808889604824805,0.015630301981512797,0.0,0.015235236299344243,0.020808889604824805,0.0
12,0.04774677847314069,-2,0.005577903089469502,0.0013944757723673754,0.25,14,23,16,25,14,25,0,True,1.6488208654582163e-05,0.0022751484034680843,0.0022866110483718096,0.00048828125,0.0015746343540241877,0.05026142643996352,0.021018204998109184,0.0005058370254593133,0.026268287421715802,0.05026142643996352,0.0004970591377296567
12,0.04774677847314069,-2,0.005577903089469502,0.0015206866127809805,0.2726269331663144,15,23,17,25,15,25,0,True,1.0104799523649584e-05,0.0013943248163109207,0.00225961280348019,0.00048828125,0.0015499577401869363,0.04947376306401933,0.020993097717305113,0.00039377387913437124,0.025434043940165126,0.04947376306401933,0.0004410275645671856
12,0.04774677847314069,-2,0.005577903089469502,0.0016583205101981977,0.29730177875068026,15,23,17,25,15,25,0,True,7.790273976257878e-06,0.0010749517895466752,0.0022366138339069883,0.0,0.0015268222250602792,0.04873529067599007,0.02096983620498937,0.0003199817253656357,0.024905121232768373,0.04873529067599007,0.00015999086268281786
12,0.04774677847314069,-2,0.005577903089469502,0.0018084113396085299,0.3242098886627524,15,23,17,25,15,25,0,True,7.839433912921057e-06,0.0010817351917801702,0.0022461327996486655,0.0,0.0015054960957220887,0.048054572845694254,0.020950340539635383,0.0002677567709440904,0.02456815401873721,0.048054572845694254,0.0001338783854720452
12,0.04774677847314069,-2,0.005577903089469502,0.0019720865496826393,0.3535533905932738,15,23,17,25,15,25,0,True,7.922248052043649e-06,0.0010931624159472412,0.0022551694868073453,0.0,0.001486179334070691,0.04743799288075268,0.020933531620462863,0.00021264180822951192,0.02426557764834996,0.04743799288075268,0.00010632090411475596
12,0.04774677847314069,-2,0.005577903089469502,0.002150575631914066,0.3855527063519852,18,23,20,25,18,25,0,True,7.920397584798975e-06,0.0010929070766508028,0.002251525902823783,0.0,0.0014685492948105286,0.0468752521281813,0.02091804773916055,0.0001733140282760574,0.02398407960241605,0.0468752521281813,8.66570141380287e-05
12,0.04774677847314069,-2,0.005577903089469502,0.0023452193562837616,0.42044820762685725,15,24,17,26,15,26,0,True,8.251086937289222e-06,0.0011385377068862464,0.002303644132539094,0.0,0.0014529571363554928,0.04637755936336562,0.02090434312121385,0.0001389898314101318,0.023758048535125934,0.04637755936336562,6.94949157050659e-05
12,0.04774677847314069,-2,0.005577903089469502,0.00255747984282368,0.4585020216023356,16,24,18,26,16,26,0,True,8.061036337108682e-06,0.0011123133104926006,0.002263484074994421,0.0,0.0014390837924866868,0.04593473017539809,0.02089398748458802,0.0001045254575948508,0.023523521742945346,0.04593473017539809,5.22627287974254e-05
12,0.04774677847314069,-2,0.005577903089469502,0.002788951544734751,0.5,15,24,17,26,15,26,0,True,8.093575883552573e-06,0.0011168033250655795,0.0023013786704655123,0.0,0.001427276272810024,0.045557840912090496,0.02088515063842792,8.873827483372684e-05,0.023337322118578037,0.045557840912090496,4.436913741686342e-05
12,0.04774677847314069,-2,0.005577903089469502,0.003041373225561961,0.5452538663326288,16,24,18,26,16,26,0,True,8.433581007720317e-06,0.0011637194050125807,0.0023329707641994426,0.0,0.0014172337256965688,0.04523728856181131,0.02087892136108465,7.020126072892528e-05,0.023200503983411946,0.04523728856181131,3.510063036446264e-05
12,0.04774677847314069,-2,0.005577903089469502,0.0033166410203963955,0.5946035575013605,16,24,18,26,16,26,0,True,8.460500874202708e-06,0.0011674339802300628,0.002326071687386661,0.0,0.0014086671685921816,0.04496384896699647,0.020872523653679052,5.152406967476828e-05,0.023065641473613265,0.04496384896699647,2.576203483738414e-05
12,0.04774677847314069,-2,0.005577903089469502,0.0036168226792170598,0.6484197773255048,16,24,18,26,16,26,0,True,8.662372733908513e-06,0.0011952895495606435,0.002359337663212879,0.0,0.0014024018248150203,0.04476386278317412,0.02087137777675617,3.5877063862999736e-05,0.02297957616636738,0.04476386278317412,1.7938531931499868e-05
12,0.04774677847314069,-2,0.005577903089469502,0.003944173099365279,0.7071067811865476,16,24,18,26,16,26,0,True,8.573196033083911e-06,0.0011829843784678905,0.002328857772297604,0.0,0.0013973901321813705,0.04460389242561006,0.02087078805466535,3.193026817271874e-05,0.022893438402038974,0.04460389242561006,1.596513408635937e-05
12,0.04774677847314069,-2,0.005577903089469502,0.004301151263828132,0.7711054127039704,19,24,21,26,19,26,0,True,9.03887283474226e-06,0.0012472414396211455,0.0024151446949307073,0.0,0.001394617638928725,0.044515396029404165,0.020871509987333184,1.7199872808842723e-05,0.022881318734512657,0.044515396029404165,8.599936404421362e-06
12,0.04774677847314069,-2,0.005577903089469502,0.004690438712567523,0.8408964152537145,16,25,18,27,16,27,0,True,9.224395160918839e-06,0.0012728409958283038,0.0024313481010281046,0.0,0.0013931721920041919,0.04446925819169941,0.020880610216524646,1.0363068825528702e-05,0.02287104959376386,0.04446925819169941,5.181534412764351e-06
12,0.04774677847314069,-2,0.005577903089469502,0.00511495968564736,0.9170040432046712,17,25,19,27,17,27,0,True,9.914764828953282e-06,0.0013681026146576392,0.002542543704382558,0.0,0.0013922307134743902,0.04443920673642061,0.02088251787176544,6.6966270339585835e-06,0.022903654675539124,0.04443920673642061,3.3483135169792917e-06
12,0.04774677847314069,-2,0.005577903089469502,0.005577903089469502,1.0,16,25,18,27,16,27,0,True,9.944271150606545e-06,0.001372174085489189,0.0025226274784330605,0.0,0.0013917920683856643,0.04442520543649729,0.020889673411499464,2.7498313436775876e-06,0.02289868976099324,0.04442520543649729,1.3749156718387938e-06
12,0.04774677847314069,-2,0.005577903089469502,0.006082746451123922,1.0905077326652577,17,25,19,27,17,27,0,True,1.0842177099409086e-05,0.0014960728866676221,0.002652270648163154,0.0,0.0013922974967680462,0.04444133842089258,0.02090459216780761,9.166104478925292e-07,0.022968705653780102,0.04444133842089258,4.583052239462646e-07
12,0.04774677847314069,-2,0.005577903089469502,0.006633282040792791,1.189207115002721,17,25,19,27,17,27,0,True,1.0978986979988759e-05,0.0015149507883184482,0.0026641232533540205,0.0,0.001392860875457441,0.04445932114588679,0.020922123424147634,9.166104478925292e-07,0.02298713596710262,0.04445932114588679,4.583052239462646e-07
12,0.04774677847314069,-2,0.005577903089469502,0.0072336453584341195,1.2968395546510096,17,25,19,27,17,27,0,True,1.1498534996158063e-05,0.0015866413439316017,0.002727215079715258,0.0,0.001393537082892982,0.04448090529981608,0.020939156694910383,0.0,0.02303377332187384,0.04448090529981608,0.0
12,0.04774677847314069,-2,0.005577903089469502,0.007888346198730557,1.4142135623730951,17,25,19,27,17,27,0,True,1.2274551318295856e-05,0.0016937210354471698,0.002840309367579618,0.0,0.0013939140633498926,0.04449293830002079,0.020952130340320122,0.0,0.02309332966773398,0.04449293830002079,0.0
12,0.04774677847314069,-2,0.005577903089469502,0.008602302527656263,1.5422108254079407,20,25,22,27,20,27,0,True,1.4085439172629218e-05,0.0019435989146612536,0.0030517699322164444,0.0,0.0013954758645725019,0.044542790100258356,0.020981267447722912,0.0,0.023243194507459805,0.044542790100258356,0.0
12,0.04774677847314069,-2,0.005577903089469502,0.009380877425135046,1.681792830507429,17,26,19,28,17,28,0,True,1.537539609112309e-05,0.0021215954141680896,0.0031991008279882178,0.0,0.00139592582882,0.0445571527012447,0.021010148228078437,0.0,0.023339374057706395,0.0445571527012447,0.0
12,0.04774677847314069,-2,0.005577903089469502,0.01022991937129472,1.8340080864093424,18,26,20,28,18,28,0,True,1.5892305401077548e-05,0.0021929218642342007,0.003246599416770634,0.0,0.0013980453438969616,0.044624806408187424,0.021053331955094467,0.0,0.02340886413621081,0.044624806408187424,0.0
12,0.04774677847314069,-2,0.005577903089469502,0.011155806178939003,2.0,17,26,19,28,17,28,0,True,1.7662816794911615e-05,0.0024372283413895694,0.0034320984296530876,0.0,0.001400071154115517,0.044689469109735265,0.021091901965409374,0.0,0.023563348725562417,0.044689469109735265,0.0
12,0.04774677847314069,-2,0.005577903089469502,0.012165492902247844,2.1810154653305154,18,26,20,28,18,28,0,True,1.9512197750566744e-05,0.002692417744726828,0.003626705883141566,0.0,0.0014020130737135155,0.0447514540707376,0.02113898653867731,0.0,0.023721935907732215,0.0447514540707376,0.0
12,0.04774677847314069,-2,0.005577903089469502,0.013266564081585582,2.378414230005442,18,26,20,28,18,28,0,True,2.245552235542886e-05,0.0030985564839875893,0.0039034318112701407,0.0,0.0014038826499618681,0.044811129873466235,0.021194261074915254,0.0,0.02395484317872691,0.044811129873466235,0.0
12,0.04774677847314069,-2,0.005577903089469502,0.014467290716868239,2.5936791093020193,18,26,20,28,18,28,0,True,2.426462014740931e-05,0.003348187358958237,0.004033258321985421,0.0,0.0014063946840857273,0.04489131256350368,0.021258184772468575,0.0,0.02411974996123096,0.04489131256350368,0.0
12,0.04774677847314069,-2,0.005577903089469502,0.015776692397461115,2.8284271247461903,18,26,20,28,18,28,0,True,2.8793747043973618e-05,0.003973145233018073,0.00446014789814325,0.0,0.0014106848890119653,0.045028253446802335,0.021337909705628877,0.0,0.024500699339910205,0.045028253446802335,0.0
12,0.04774677847314069,-2,0.005577903089469502,0.017204605055312527,3.0844216508158815,21,26,23,28,21,28,0,True,3.1941315352515495e-05,0.004407466823798989,0.004715455576026228,0.0,0.0014131606462142194,0.04510727819828594,0.021435353802336823,0.0,0.02475737251104246,0.04510727819828594,0.0
12,0.04774677847314069,-2,0.005577903089469502,0.018761754850270092,3.363585661014858,18,27,20,29,18,29,0,True,3.646457619938098e-05,0.005031615262832465,0.005101338726055687,0.0,0.0014182266971186313,0.04526898364070975,0.021536112560364716,0.0,0.025150299451771108,0.04526898364070975,0.0
12,0.04774677847314069,-2,0.005577903089469502,0.02045983874258944,3.668016172818685,19,27,21,29,19,29,0,True,4.16229928888724e-05,0.005743406564203337,0.00541249551821623,0.0,0.0014230899918833326,0.045424217223317166,0.02166125212654011,0.0,0.02558381189376025,0.045424217223317166,0.0
12,0.04774677847314069,-2,0.005577903089469502,0.022311612357878007,4.0,18,27,20,29,18,29,0,True,4.918229402630131e-05,0.006786487245340659,0.0059050390657589685,0.0,0.0014305616908058018,0.04566270957223201,0.021824887610391273,0.0,0.026224598408786333,0.04566270957223201,0.0
13,0.07599170793847512,-2,0.00924775857367402,0.002311939643418505,0.25,15,23,17,25,15,25,0,True,0.0019396516163795727,0.11567380520017845,0.004355454745060993,0.00146484375,0.004336353458162516,0.06641010814756965,0.035399816208312715,0.0005099239980989496,0.09104195667387405,0.11567380520017845,0.0009873838740494748
13,0.07599170793847512,-2,0.00924775857367402,0.0025211880586032383,0.2726269331663144,12,23,14,25,12,25,0,True,0.001732604016579344,0.10332623539732919,0.004261446380210803,0.0009765625,0.004249716509320614,0.06508328615354239,0.03535303614308481,0.0004433891791615945,0.08420476077543579,0.10332623539732919,0.0007099758395807973
13,0.07599170793847512,-2,0.00924775857367402,0.00274937507341014,0.29730177875068026,16,23,18,25,16,25,0,True,0.0015260760514829066,0.09100965472829861,0.004248814727517892,0.00048828125,0.004167357223697987,0.06382197544215198,0.0353073063157093,0.0003873576059991235,0.0774158150852253,0.09100965472829861,0.0004378194279995618
13,0.07599170793847512,-2,0.00924775857367402,0.002998214777550868,0.3242098886627524,17,23,19,25,17,25,0,True,0.0013157178373459923,0.07846465186342894,0.004163556882819496,0.00048828125,0.0040893338444754745,0.06262706799233318,0.03526453125107552,0.0003275194140957269,0.07054585992788107,0.07846465186342894,0.0004079003320478635
13,0.07599170793847512,-2,0.00924775857367402,0.003269576399110467,0.3535533905932738,16,23,18,25,16,25,0,True,0.0011043993659855872,0.06586238273173373,0.00409289510190103,0.00048828125,0.004017515691335669,0.06152719194140947,0.03522658163421254,0.00027529445967418157,0.0636947873365716,0.06586238273173373,0.0003817878548370908
13,0.07599170793847512,-2,0.00924775857367402,0.003565498345769793,0.3855527063519852,16,23,18,25,16,25,0,True,0.000896056279954691,0.05343755481685019,0.00410064186868958,0.00048828125,0.003951731664198129,0.06051972693682981,0.03519462620642157,0.00023582650277137167,0.05697864087684,0.06051972693682981,0.00036205387638568585
13,0.07599170793847512,-2,0.00924775857367402,0.0038882035168671435,0.42044820762685725,15,24,17,26,15,26,0,True,0.0006931152040015227,0.04133488323980779,0.003958950790202837,0.00048828125,0.0038919822233883282,0.0596046800283573,0.035159230561002036,0.00019241175017828074,0.05046978163408254,0.0596046800283573,0.0003403465000891404
13,0.07599170793847512,-2,0.00924775857367402,0.00424011600131987,0.4585020216023356,15,24,17,26,15,26,0,True,0.0005031938571711249,0.030008661205347426,0.003937756329708558,0.00048828125,0.0038400498712779416,0.05880934976912381,0.03513604651944262,0.00014427376839637164,0.044409005487235614,0.05880934976912381,0.0003162775091981858
13,0.07599170793847512,-2,0.00924775857367402,0.00462387928683701,0.5,16,24,18,26,16,26,0,True,0.0003308889416258435,0.01973301940065041,0.0038384724043757155,0.00048828125,0.003793975046584565,0.058103725995534095,0.03511226248663006,0.0001167863755137601,0.03891837269809225,0.058103725995534095,0.00030253381275688004
13,0.07599170793847512,-2,0.00924775857367402,0.005042376117206477,0.5452538663326288,13,24,15,26,13,26,0,True,0.000187109936649464,0.011158559702286424,0.0037686503598131625,0.00048828125,0.003754321560749432,0.05749644333092972,0.03509823250286759,9.324577832142957e-05,0.03432750151660807,0.05749644333092972,0.0002907635141607148
13,0.07599170793847512,-2,0.00924775857367402,0.00549875014682028,0.5946035575013605,17,24,19,26,17,26,0,True,8.050891740225836e-05,0.004801260571652916,0.003688189504380072,0.00048828125,0.003722397914283142,0.05700754111510587,0.035085290260242936,7.456858726727258e-05,0.030904400843379393,0.05700754111510587,0.0002814249186336363
13,0.07599170793847512,-2,0.00924775857367402,0.005996429555101736,0.6484197773255048,18,24,20,26,18,26,0,True,2.520813112165292e-05,0.0015033217430402799,0.003646621461507404,0.00048828125,0.00369636070974353,0.05660878820300615,0.03507499410724103,5.6031573162471036e-05,0.029056054973023212,0.05660878820300615,0.0002721564115812355
13,0.07599170793847512,-2,0.00924775857367402,0.006539152798220934,0.7071067811865476,17,24,19,26,17,26,0,True,2.1808460599997076e-05,0.0013005776923324382,0.00370181678093892,0.0,0.003677509736846624,0.05632009053090704,0.0350735405481463,4.327457564373552e-05,0.028810334111619738,0.05632009053090704,2.163728782186776e-05
13,0.07599170793847512,-2,0.00924775857367402,0.007130996691539586,0.7711054127039704,17,24,19,26,17,26,0,True,2.1865928473512512e-05,0.0013040048684037273,0.0037348091969493526,0.0,0.0036644546861332146,0.05612015587656802,0.03506992501528898,3.340758641803303e-05,0.028712080372485873,0.05612015587656802,1.6703793209016515e-05
13,0.07599170793847512,-2,0.00924775857367402,0.007776407033734287,0.8408964152537145,16,25,18,27,16,27,0,True,2.2345767492061018e-05,0.0013326207315259029,0.003742310140785216,0.0,0.0036561962097527247,0.05599367949154684,0.035074625307859805,2.156719934719004e-05,0.028663150111536372,0.05599367949154684,1.078359967359502e-05
13,0.07599170793847512,-2,0.00924775857367402,0.00848023200263974,0.9170040432046712,16,25,18,27,16,27,0,True,2.411330264221708e-05,0.0014380301333571698,0.0039038600191145805,0.0,0.0036529840085857603,0.05594448547889358,0.035086940085270135,8.810201828454521e-06,0.028691257806125376,0.05594448547889358,4.405100914227261e-06
13,0.07599170793847512,-2,0.00924775857367402,0.00924775857367402,1.0,17,25,19,27,17,27,0,True,2.5058986808618272e-05,0.0014944273157797361,0.004001323538159262,0.0,0.0036518973914274186,0.05592784422404738,0.03509939300396987,2.8900082930330273e-06,0.02871113576991356,0.05592784422404738,1.4450041465165136e-06
13,0.07599170793847512,-2,0.00924775857367402,0.010084752234412953,1.0905077326652577,14,25,16,27,14,27,0,True,2.5338019895187833e-05,0.0015110678395870462,0.004011373538671314,0.0,0.003652747717962892,0.055940866750399616,0.03511398134674033,0.0,0.02872596729499333,0.055940866750399616,0.0
13,0.07599170793847512,-2,0.00924775857367402,0.01099750029364056,1.189207115002721,18,25,20,27,18,27,0,True,2.7347079688160792e-05,0.0016308808973368907,0.004201827178979798,0.0,0.003654482207855207,0.055967430005088345,0.0351413764862772,0.0,0.02879915545121262,0.055967430005088345,0.0
13,0.07599170793847512,-2,0.00924775857367402,0.011992859110203471,1.2968395546510096,19,25,21,27,19,27,0,True,2.926881328168428e-05,0.0017454861364771,0.004388398918209019,0.0,0.003657182678301581,0.05600878699688416,0.03517486010574353,0.0,0.02887713656668063,0.05600878699688416,0.0
13,0.07599170793847512,-2,0.00924775857367402,0.013078305596441868,1.4142135623730951,18,25,20,27,18,27,0,True,3.1842757818428646e-05,0.001898986876726099,0.004594837119451022,0.0,0.0036581896620931256,0.05602420868774598,0.035193598655248313,0.0,0.02896159778223604,0.05602420868774598,0.0
13,0.07599170793847512,-2,0.00924775857367402,0.014261993383079171,1.5422108254079407,18,25,20,27,18,27,0,True,3.453610938288768e-05,0.0020596086201216213,0.0047285913282201775,0.0,0.0036604780171312027,0.05605925424088756,0.03524188353460683,0.0,0.02905943143050459,0.05605925424088756,0.0
13,0.07599170793847512,-2,0.00924775857367402,0.015552814067468574,1.681792830507429,17,26,19,28,17,28,0,True,3.7092377592662856e-05,0.0022120552081789473,0.004963567462183382,0.0,0.0036646680048360433,0.05612342279617257,0.035288579929098,0.0,0.029167739002175758,0.05612342279617257,0.0
13,0.07599170793847512,-2,0.00924775857367402,0.01696046400527948,1.8340080864093424,17,26,19,28,17,28,0,True,4.086046243035723e-05,0.002436770155859484,0.0052021802117186485,0.0,0.00366851195534106,0.0561822918831174,0.03533745012193319,0.0,0.029309531019488442,0.0561822918831174,0.0
13,0.07599170793847512,-2,0.00924775857367402,0.01849551714734804,2.0,18,26,20,28,18,28,0,True,4.668644544006558e-05,0.00278421070553017,0.005574523397945082,0.0,0.0036726905881287455,0.05624628654084458,0.035409735909879586,0.0,0.029515248623187374,0.05624628654084458,0.0
13,0.07599170793847512,-2,0.00924775857367402,0.020169504468825906,2.1810154653305154,15,26,17,28,15,28,0,True,5.24082555127428e-05,0.003125438758109362,0.005937970531902333,0.0,0.0036811430865835615,0.056375734322700294,0.03550612385563004,0.0,0.029750586540404828,0.056375734322700294,0.0
13,0.07599170793847512,-2,0.00924775857367402,0.02199500058728112,2.378414230005442,19,26,21,28,19,28,0,True,5.689194842412295e-05,0.0033928299824037946,0.006220487855521815,0.0,0.0036848094514751973,0.05643188373286972,0.035572239557710085,0.0,0.029912356857636758,0.05643188373286972,0.0
13,0.07599170793847512,-2,0.00924775857367402,0.023985718220406942,2.5936791093020193,20,26,22,28,20,28,0,True,6.443293323994548e-05,0.0038425470353203005,0.006660762669544627,0.0,0.0036918682201945874,0.05653998691185781,0.03568121844695028,0.0,0.030191266973589058,0.05653998691185781,0.0
13,0.07599170793847512,-2,0.00924775857367402,0.026156611192883737,2.8284271247461903,19,26,21,28,19,28,0,True,7.317148694885389e-05,0.004363682764499493,0.007159232611587739,0.0,0.0036995562187870502,0.056657726580196605,0.03580734448024871,0.0,0.03051070467234805,0.056657726580196605,0.0
13,0.07599170793847512,-2,0.00924775857367402,0.028523986766158343,3.0844216508158815,19,26,21,28,19,28,0,True,8.640450329062068e-05,0.005152851985199775,0.007869192025390269,0.0,0.00371348205365036,0.05687099706385074,0.03597474360980907,0.0,0.031011924524525256,0.05687099706385074,0.0
13,0.07599170793847512,-2,0.00924775857367402,0.031105628134937148,3.363585661014858,18,27,20,29,18,29,0,True,9.741450571478937e-05,0.005809448698192978,0.008294938913093578,0.0,0.0037262710511231246,0.05706685718306371,0.03615160885839113,0.0,0.03143815294062834,0.05706685718306371,0.0
13,0.07599170793847512,-2,0.00924775857367402,0.03392092801055896,3.668016172818685,18,27,20,29,18,29,0,True,0.00011514851611503836,0.006867040921009402,0.009128927159561488,0.0,0.0037375884901635985,0.05724018077346814,0.03634813271636112,0.0,0.03205361084723877,0.05724018077346814,0.0
13,0.07599170793847512,-2,0.00924775857367402,0.03699103429469608,4.0,19,27,21,29,19,29,0,True,0.00013709690133773862,0.008175963211625673,0.00991167781984821,0.0,0.0037616647554368867,0.05760890241851277,0.03660952781866611,0.0,0.03289243281506922,0.05760890241851277,0.0
14,0.11293576948808345,-2,0.00703072449753549,0.0017576811243838724,0.25,13,22,15,24,13,24,0,True,0.0005004562985932515,0.018392365190991248,0.005472719662087658,0.0009765625,0.012384770457033635,0.10717136018899236,0.06591083319725746,0.005609304156037806,0.06278186268999181,0.10717136018899236,0.003292933328018903
14,0.11293576948808345,-2,0.00703072449753549,0.0019167648577003776,0.2726269331663144,16,22,18,24,16,24,0,True,0.00042104758752910156,0.015474000455962119,0.005389394364879876,0.0009765625,0.01212218695332502,0.10489909916055631,0.06558514158882679,0.0032863554843896668,0.060186549808259215,0.10489909916055631,0.0021314589921948334
14,0.11293576948808345,-2,0.00703072449753549,0.002090246899023284,0.29730177875068026,14,22,16,24,14,24,0,True,0.0003481535562881421,0.012795057965687045,0.005355627226101818,0.00048828125,0.011927140545816818,0.10321126902554086,0.06537358862475155,0.0019589268576943935,0.05800316349561395,0.10321126902554086,0.0012236040538471968
14,0.11293576948808345,-2,0.00703072449753549,0.002279430406564467,0.3242098886627524,15,22,17,24,15,24,0,True,0.00027761561337480385,0.010202704528373538,0.005311132927084688,0.00048828125,0.011777085274140134,0.10191276877275775,0.06523285573799381,0.0012289635395851964,0.05605773665056564,0.10191276877275775,0.0008586223947925982
14,0.11293576948808345,-2,0.00703072449753549,0.0024857364844308636,0.3535533905932738,11,23,13,25,11,25,0,True,0.0002111764116389079,0.007760984712358785,0.005262936160765114,0.00048828125,0.01165750041011921,0.10087794357518136,0.06513313257413886,0.0008401932435383546,0.05431946414377007,0.10087794357518136,0.0006642372467691773
14,0.11293576948808345,-2,0.00703072449753549,0.0027107148576400093,0.3855527063519852,13,23,15,25,13,25,0,True,0.00015074529837213918,0.0055400693053095865,0.005189709963010365,0.00048828125,0.011558984597272736,0.10002543898500668,0.06505851642307772,0.0006087340673053302,0.05278275414515814,0.10002543898500668,0.0005485076586526651
14,0.11293576948808345,-2,0.00703072449753549,0.002956055513307033,0.42044820762685725,13,23,15,25,13,25,0,True,0.00010015955321677317,0.003680982905615598,0.005128047506750495,0.00048828125,0.01147482247360325,0.0992971437532666,0.06499287410836904,0.0004562863536296855,0.0514890633294411,0.0992971437532666,0.00047228380181484276
14,0.11293576948808345,-2,0.00703072449753549,0.003223601395449087,0.4585020216023356,15,23,17,25,15,25,0,True,6.207621485346746e-05,0.002281374850249121,0.005070141953758494,0.00048828125,0.011404048495698323,0.09868470256960711,0.06494095017796568,0.00036304057530825575,0.05048303870992812,0.09868470256960711,0.00042566091265412785
14,0.11293576948808345,-2,0.00703072449753549,0.003515362248767745,0.5,14,23,16,25,14,25,0,True,4.232268856439807e-05,0.001555409225798672,0.005040299885107603,0.00048828125,0.0113454142735345,0.09817731251625723,0.06489562332237278,0.00028910824459016496,0.04986636087102796,0.09817731251625723,0.00038869474729508245
14,0.11293576948808345,-2,0.00703072449753549,0.003833529715400755,0.5452538663326288,17,23,19,25,17,25,0,True,4.009724317192869e-05,0.0014736214563451544,0.0049895279682992694,0.0,0.011299214776806172,0.09777752610749016,0.06486086340947972,0.00020241891635333864,0.049625573781917655,0.09777752610749016,0.00010120945817666932
14,0.11293576948808345,-2,0.00703072449753549,0.004180493798046568,0.5946035575013605,15,23,17,25,15,25,0,True,4.0411264454191784e-05,0.001485162112576999,0.005039783329242322,0.0,0.011263075776981513,0.09746479800481639,0.06483048486870503,0.00014744413058811556,0.049474980058696695,0.09746479800481639,7.372206529405778e-05
14,0.11293576948808345,-2,0.00703072449753549,0.004558860813128934,0.6484197773255048,16,23,18,25,16,25,0,True,4.0513125441206464e-05,0.0014889056252016877,0.005053842802905626,0.0,0.011236425204679917,0.09723417781744302,0.06481108993476735,9.535935311592553e-05,0.04936154172132236,0.09723417781744302,4.7679676557962765e-05
14,0.11293576948808345,-2,0.00703072449753549,0.004971472968861727,0.7071067811865476,12,24,14,26,12,26,0,True,4.165339695139869e-05,0.0015308119616616147,0.005107521464901338,0.0,0.01121776776624159,0.0970727260519852,0.06479653093446569,6.681517283606603e-05,0.04930176900682341,0.0970727260519852,3.3407586418033016e-05
14,0.11293576948808345,-2,0.00703072449753549,0.0054214297152800186,0.7711054127039704,14,24,16,26,14,26,0,True,4.176975303542495e-05,0.0015350881863701862,0.005109663232300337,0.0,0.01120563030794718,0.09696769480258402,0.06478571493833207,4.0384567350702495e-05,0.049251391494477104,0.09696769480258402,2.0192283675351248e-05
14,0.11293576948808345,-2,0.00703072449753549,0.005912111026614066,0.8408964152537145,14,24,16,26,14,26,0,True,4.219022415160148e-05,0.0015505410008171633,0.0051581051243418585,0.0,0.01119931807002719,0.09691307197965253,0.06478685502180268,2.065058889929751e-05,0.04923180649023485,0.09691307197965253,1.0325294449648756e-05
14,0.11293576948808345,-2,0.00703072449753549,0.006447202790898174,0.9170040432046712,16,24,18,26,16,26,0,True,4.292623643125175e-05,0.0015775903289411838,0.005207551778800385,0.0,0.011195337020932589,0.09687862205198307,0.06478721489396355,1.2756997518735518e-05,0.049228106190462126,0.09687862205198307,6.378498759367759e-06
14,0.11293576948808345,-2,0.00703072449753549,0.00703072449753549,1.0,15,24,17,26,15,26,0,True,4.312767544577393e-05,0.001584993452708873,0.005188774900833471,0.0,0.011194114100786674,0.09686803953728125,0.06479345519533145,8.810201828454521e-06,0.049226516494995064,0.09686803953728125,4.405100914227261e-06
14,0.11293576948808345,-2,0.00703072449753549,0.00766705943080151,1.0905077326652577,18,24,20,26,18,26,0,True,4.362252917697712e-05,0.001603179916873671,0.0052673558530616895,0.0,0.01119277695166003,0.0968564685444094,0.0647960453452325,2.8900082930330273e-06,0.04922982423064153,0.0968564685444094,1.4450041465165136e-06
14,0.11293576948808345,-2,0.00703072449753549,0.008360987596093135,1.189207115002721,16,24,18,26,16,26,0,True,4.457523062513338e-05,0.0016381928300925287,0.005278715184678534,0.0,0.01119496241296477,0.09687538038952448,0.0648096517577342,0.0,0.049256786609808506,0.09687538038952448,0.0
14,0.11293576948808345,-2,0.00703072449753549,0.009117721626257867,1.2968395546510096,17,24,19,26,17,26,0,True,4.731064624980533e-05,0.0017387226131315872,0.005464764366403659,0.0,0.011195399862406207,0.09687916584940164,0.06481159342752596,0.0,0.04930894423126661,0.09687916584940164,0.0
14,0.11293576948808345,-2,0.00703072449753549,0.009942945937723454,1.4142135623730951,13,25,15,27,13,27,0,True,4.766873844713544e-05,0.0017518829279959483,0.005453249661578362,0.0,0.011196970789719735,0.09689275983707649,0.06482918311353646,0.0,0.04932232138253622,0.09689275983707649,0.0
14,0.11293576948808345,-2,0.00703072449753549,0.010842859430560037,1.5422108254079407,15,25,17,27,15,27,0,True,4.8754264561845875e-05,0.0017917773059510935,0.00557332072040701,0.0,0.011198900663715898,0.09690945996259594,0.06484002909546176,0.0,0.049350618634273515,0.09690945996259594,0.0
14,0.11293576948808345,-2,0.00703072449753549,0.011824222053228133,1.681792830507429,15,25,17,27,15,27,0,True,5.158311983390682e-05,0.0018957411073508494,0.005693919082932116,0.0,0.011199580148476745,0.09691533987020508,0.0648490545103303,0.0,0.04940554048877796,0.09691533987020508,0.0
14,0.11293576948808345,-2,0.00703072449753549,0.012894405581796348,1.8340080864093424,17,25,19,27,17,27,0,True,5.4499040371685956e-05,0.0020029046609907927,0.005888324110334076,0.0,0.011203929417870184,0.09695297618476903,0.06488052053826765,0.0,0.04947794042287991,0.09695297618476903,0.0
14,0.11293576948808345,-2,0.00703072449753549,0.01406144899507098,2.0,16,25,18,27,16,27,0,True,5.653376469715519e-05,0.0020776832040168636,0.006001844509109625,0.0,0.011205435002018965,0.09696600472669183,0.06488781274105196,0.0,0.04952184396535435,0.09696600472669183,0.0
14,0.11293576948808345,-2,0.00703072449753549,0.01533411886160302,2.1810154653305154,19,25,21,27,19,27,0,True,5.98042860333729e-05,0.0021978787594524323,0.006199565549503613,0.0,0.011209710190124554,0.09700299998033253,0.06492754489742616,0.0,0.04960043936989248,0.09700299998033253,0.0
14,0.11293576948808345,-2,0.00703072449753549,0.01672197519218627,2.378414230005442,17,25,19,27,17,27,0,True,6.144735363374182e-05,0.0022582634512315486,0.006291461715881535,0.0,0.011211908259536586,0.09702202092944859,0.06496263885768677,0.0,0.04964014219034007,0.09702202092944859,0.0
14,0.11293576948808345,-2,0.00703072449753549,0.018235443252515735,2.5936791093020193,18,25,20,27,18,27,0,True,6.697365634945663e-05,0.0024613616597846263,0.0065634144250132235,0.0,0.01121540908362819,0.09705231523978573,0.06498972240879142,0.0,0.04975683844978518,0.09705231523978573,0.0
14,0.11293576948808345,-2,0.00703072449753549,0.01988589187544691,2.8284271247461903,14,26,16,28,14,28,0,True,7.426491494505587e-05,0.002729324099600392,0.0070251389068757795,0.0,0.011220828301417782,0.0970992103311147,0.06504653855747113,0.0,0.04991426721535754,0.0970992103311147,0.0
14,0.11293576948808345,-2,0.00703072449753549,0.021685718861120074,3.0844216508158815,16,26,18,28,16,28,0,True,7.831362408687045e-05,0.002878118983984254,0.007173634794218674,0.0,0.011224498295253457,0.09713096854840415,0.065091001559278,0.0,0.050004543766194204,0.09713096854840415,0.0
14,0.11293576948808345,-2,0.00703072449753549,0.023648444106456265,3.363585661014858,16,26,18,28,16,28,0,True,8.404592445447848e-05,0.0030887878516593307,0.007470906749565645,0.0,0.011235308032575156,0.09722451039127249,0.06516734104468493,0.0,0.05015664912146591,0.09722451039127249,0.0
14,0.11293576948808345,-2,0.00703072449753549,0.025788811163592697,3.668016172818685,18,26,20,28,18,28,0,True,8.939483200290194e-05,0.0032853665764750457,0.007716423452428026,0.0,0.011244393389532639,0.09730313034360136,0.06522989882485482,0.0,0.0502942484600382,0.09730313034360136,0.0
14,0.11293576948808345,-2,0.00703072449753549,0.02812289799014196,4.0,17,26,19,28,17,28,0,True,0.00010432748633080181,0.0038341594130155863,0.008351042844946147,0.0,0.011255443568016117,0.09739875283919093,0.06533845285617029,0.0,0.05061645612610326,0.09739875283919093,0.0
15,0.12424406176432232,-1,0.011551249603778284,0.002887812400944571,0.25,14,23,15,24,14,24,0,True,0.021899323596820362,0.13703442449151382,0.016486839373947897,0.0048828125,0.011720756180927192,0.07249591694407992,0.05442024145203414,0.0016177984638296346,0.10476517071779687,0.13703442449151382,0.0032503054819148173
15,0.12424406176432232,-1,0.011551249603778284,0.003149181753716678,0.2726269331663144,17,23,18,24,17,24,0,True,0.020463628444819186,0.12805060094874912,0.016079119649243,0.00244140625,0.011330780402821384,0.07008381561005787,0.05424347661830965,0.0012458075097435686,0.09906720827940349,0.12805060094874912,0.0018436068798717842
15,0.12424406176432232,-1,0.011551249603778284,0.0034342070539963745,0.29730177875068026,16,23,17,24,16,24,0,True,0.019003909886729085,0.11891645159280724,0.015766496450896478,0.00244140625,0.01096675100635508,0.06783219937608405,0.05409181616930296,0.0009724864479145278,0.09337432548444564,0.11891645159280724,0.001706946348957264
15,0.12424406176432232,-1,0.011551249603778284,0.00374502934795662,0.3242098886627524,15,23,16,24,15,24,0,True,0.017528813627493124,0.10968607668829038,0.015347048927394441,0.00244140625,0.010632007379808964,0.06576172322479808,0.05396709083997145,0.0007465269343688587,0.08772389995654423,0.10968607668829038,0.0015939665921844294
15,0.12424406176432232,-1,0.011551249603778284,0.004083983463005023,0.3535533905932738,14,23,15,24,14,24,0,True,0.016058468353754775,0.10048543094689373,0.015011954294564834,0.001953125,0.010326021657683076,0.06386912217117238,0.05385393570050106,0.0005959124415889989,0.08217727655903306,0.10048543094689373,0.0012745187207944995
15,0.12424406176432232,-1,0.011551249603778284,0.004453615546484014,0.3855527063519852,15,23,16,24,15,24,0,True,0.014591454223129994,0.09130562974334086,0.014654442843488128,0.001953125,0.010049327840431024,0.062157699146514055,0.053755777893541426,0.0004748989164862469,0.07673166444492746,0.09130562974334086,0.0012140119582431234
15,0.12424406176432232,-1,0.011551249603778284,0.0048567021917590245,0.42044820762685725,14,23,15,24,14,24,0,True,0.013151716286262334,0.08229650858373094,0.01421103896911616,0.001953125,0.009806226817499406,0.06065405626755458,0.05367375665611314,0.00037403990068296636,0.07147528242564276,0.08229650858373094,0.001163582450341483
15,0.12424406176432232,-1,0.011551249603778284,0.005296271295365521,0.4585020216023356,14,23,15,24,14,24,0,True,0.011772563165463684,0.07366649527036273,0.013826755062632503,0.00146484375,0.009589023898814063,0.05931059988044469,0.05360157763408567,0.00029933113646633835,0.0664885475754037,0.07366649527036273,0.0008820874432331692
15,0.12424406176432232,-1,0.011551249603778284,0.005775624801889142,0.5,15,24,16,25,15,25,0,True,0.010467361430014288,0.06549923074861276,0.013507270374794598,0.00146484375,0.009405825035040059,0.058177467392455384,0.05354202352795015,0.0002237057618018178,0.06183834907053407,0.06549923074861276,0.0008442747559009089
15,0.12424406176432232,-1,0.011551249603778284,0.006298363507433356,0.5452538663326288,18,24,19,25,18,25,0,True,0.009241974966373693,0.0578314081292392,0.013118666331340258,0.0009765625,0.009260040690357418,0.0572757534090984,0.05349134786947598,0.00017662456741715673,0.0575535807691688,0.0578314081292392,0.0005765935337085783
15,0.12424406176432232,-1,0.011551249603778284,0.006868414107992749,0.5946035575013605,17,24,18,25,17,25,0,True,0.008055878666265007,0.05040944264440081,0.012970738847261716,0.00048828125,0.009146787741056612,0.05657525454371429,0.053456908385267024,0.00013743696441305764,0.05349234859405755,0.05657525454371429,0.00031285910720652883
15,0.12424406176432232,-1,0.011551249603778284,0.00749005869591324,0.6484197773255048,16,24,17,25,16,25,0,True,0.006861196332687835,0.04293375028759685,0.01290911808933116,0.00048828125,0.009061142319904833,0.05604551540038463,0.053433707696646154,9.232916787353706e-05,0.049489632843990744,0.05604551540038463,0.00029030520893676853
15,0.12424406176432232,-1,0.011551249603778284,0.008167966926010045,0.7071067811865476,15,24,16,25,15,25,0,True,0.005666383564869997,0.03545724174206338,0.012730952153490618,0.00048828125,0.009001210703105177,0.05567482280625812,0.05341423012602053,6.484177499092554e-05,0.045566032274160756,0.05567482280625812,0.00027656151249546277
15,0.12424406176432232,-1,0.011551249603778284,0.008907231092968027,0.7711054127039704,16,24,17,25,16,25,0,True,0.004501064136121409,0.02816528696723517,0.012554955811960977,0.00048828125,0.00896210159374064,0.05543292282126721,0.05340853982475606,4.235796519584299e-05,0.04179910489425119,0.05543292282126721,0.0002653196075979215
15,0.12424406176432232,-1,0.011551249603778284,0.009713404383518049,0.8408964152537145,15,24,16,25,15,25,0,True,0.003389610302227926,0.02121039469382294,0.012458902581731206,0.00048828125,0.008939645337473604,0.05529402505186738,0.053400412707311835,2.8544180279859505e-05,0.03825220987284516,0.05529402505186738,0.00025841271513992977
15,0.12424406176432232,-1,0.011551249603778284,0.010592542590731042,0.9170040432046712,15,24,16,25,15,25,0,True,0.002365636549456319,0.014802906659541993,0.012234657846584831,0.00048828125,0.008927616406637121,0.055219622994748675,0.05341455738835656,1.867719105415701e-05,0.03501126482714533,0.055219622994748675,0.0002534792205270785
15,0.12424406176432232,-1,0.011551249603778284,0.011551249603778284,1.0,16,25,17,26,16,26,0,True,0.0014774685819754923,0.009245219649829781,0.012104722932491511,0.00048828125,0.00892110364380006,0.055179339867412545,0.05341339082073791,6.836803983314023e-06,0.03221227975862116,0.055179339867412545,0.000247559026991657
15,0.12424406176432232,-1,0.011551249603778284,0.012596727014866712,1.0905077326652577,19,25,20,26,19,26,0,True,0.0007736842322821159,0.004841308136308469,0.011844942329725579,0.00048828125,0.008920172237324941,0.055173578876788816,0.053433626735672826,1.973397845140498e-06,0.03000744350654864,0.055173578876788816,0.00024512732392257023
15,0.12424406176432232,-1,0.011551249603778284,0.013736828215985498,1.189207115002721,18,25,19,26,18,26,0,True,0.00032584828113503306,0.0020389867969881725,0.01161447131972829,0.00048828125,0.008921122922624015,0.05517945911193898,0.05345022362818279,0.0,0.028609222954463574,0.05517945911193898,0.000244140625
15,0.12424406176432232,-1,0.011551249603778284,0.01498011739182648,1.2968395546510096,17,25,18,26,17,26,0,True,0.00020792064603199903,0.0013010578131753638,0.011444956838016572,0.0,0.008925879387338765,0.05520887907986469,0.05347486463530006,0.0,0.028254968446520024,0.05520887907986469,0.0
15,0.12424406176432232,-1,0.011551249603778284,0.01633593385202009,1.4142135623730951,16,25,17,26,16,26,0,True,0.0002143474599857991,0.001341273427487803,0.01151784479258122,0.0,0.008929944131011305,0.05523402057373544,0.05351793218286755,0.0,0.028287647000611624,0.05523402057373544,0.0
15,0.12424406176432232,-1,0.011551249603778284,0.017814462185936054,1.5422108254079407,17,25,18,26,17,26,0,True,0.00021739892201241143,0.001360367868502193,0.011707134983307676,0.0,0.008935593944703108,0.055268966136788535,0.053563147480005006,0.0,0.028314667002645365,0.055268966136788535,0.0
15,0.12424406176432232,-1,0.011551249603778284,0.019426808767036098,1.681792830507429,16,25,17,26,16,26,0,True,0.00022633335695847526,0.0014162748532808686,0.011937889060796484,0.0,0.008938841109965717,0.055289050696141866,0.05360066673556245,0.0,0.02835266277471137,0.055289050696141866,0.0
15,0.12424406176432232,-1,0.011551249603778284,0.021185085181462084,1.8340080864093424,16,25,17,26,16,26,0,True,0.0002312181705121062,0.0014468414418383048,0.012017652768985023,0.0,0.008947570546181371,0.0553430445232542,0.05367165019434873,0.0,0.028394942982546252,0.0553430445232542,0.0
15,0.12424406176432232,-1,0.011551249603778284,0.023102499207556568,2.0,17,26,18,27,17,27,0,True,0.00022775264975476164,0.0014251560395268355,0.01199398833198731,0.0,0.008953213267098591,0.055377946215656865,0.053750138576048156,0.0,0.02840155112759185,0.055377946215656865,0.0
15,0.12424406176432232,-1,0.011551249603778284,0.025193454029733425,2.1810154653305154,20,26,21,27,20,27,0,True,0.0002441595711514896,0.0015278219059559044,0.012578153564929006,0.0,0.008958008889387338,0.05540760838333389,0.05381065256731571,0.0,0.028467715144644898,0.05540760838333389,0.0
15,0.12424406176432232,-1,0.011551249603778284,0.027473656431970996,2.378414230005442,19,26,20,27,19,27,0,True,0.00025632555965113225,0.0016039502496030557,0.012751351344741896,0.0,0.008970913387310944,0.05548742604997874,0.05390798974082997,0.0,0.028545688149790898,0.05548742604997874,0.0
15,0.12424406176432232,-1,0.011551249603778284,0.02996023478365296,2.5936791093020193,18,26,19,27,18,27,0,True,0.0002762128946738152,0.0017283947100657053,0.013286349277423361,0.0,0.00898217232112667,0.05555706547581306,0.054032235582258725,0.0,0.028642730092939384,0.05555706547581306,0.0
15,0.12424406176432232,-1,0.011551249603778284,0.03267186770404018,2.8284271247461903,17,26,18,27,17,27,0,True,0.0002810068024627559,0.0017583924582618303,0.013404847147527646,0.0,0.008994068579982122,0.05563064692231849,0.05417087548743478,0.0,0.02869451969029016,0.05563064692231849,0.0
15,0.12424406176432232,-1,0.011551249603778284,0.03562892437187211,3.0844216508158815,18,26,19,27,18,27,0,True,0.0003090366051228113,0.0019337881895112234,0.014154302699086354,0.0,0.009011896972712676,0.055740920155434956,0.054311171127363556,0.0,0.02883735417247309,0.055740920155434956,0.0
15,0.12424406176432232,-1,0.011551249603778284,0.038853617534072196,3.363585661014858,17,26,18,27,17,27,0,True,0.0003144547648197039,0.001967692177119982,0.014325324875354177,0.0,0.009030742565995648,0.055857485037795314,0.054511865131362344,0.0,0.02891258860745765,0.055857485037795314,0.0
15,0.12424406176432232,-1,0.011551249603778284,0.04237017036292417,3.668016172818685,17,26,18,27,17,27,0,True,0.00033842294122806555,0.002117672392066338,0.014878556887097612,0.0,0.009057550118787902,0.05602329670478177,0.05472430129627462,0.0,0.029070484548424053,0.05602329670478177,0.0
15,0.12424406176432232,-1,0.011551249603778284,0.046204998415113135,4.0,18,27,19,28,18,28,0,True,0.00037775775357863666,0.0023638089153754332,0.0157377696864667,0.0,0.00908185861272776,0.05617365104459538,0.05497777775894458,0.0,0.029268729979985406,0.05617365104459538,0.0
16,0.1391938735466204,1,0.03266129841391674,0.008165324603479185,0.25,11,24,10,23,10,24,0,True,0.11118566938711603,0.08806528060792095,0.05617352411753674,0.00390625,0.02108304967555917,0.06692191790504096,0.0631533587708068,0.0005676486152078506,0.07749359925648094,0.08806528060792095,0.002236949307603925
16,0.1391938735466204,1,0.03266129841391674,0.00890434961981593,0.2726269331663144,16,24,15,23,15,24,0,True,0.10246386000810201,0.08115711884026178,0.05477676329202863,0.00390625,0.01998647845266694,0.06344117624362484,0.06297687896966844,0.0004507220627447347,0.0722991475419433,0.08115711884026178,0.0021784860313723673
16,0.1391938735466204,1,0.03266129841391674,0.009710262114764218,0.29730177875068026,15,24,14,23,14,24,0,True,0.09416935434182598,0.07458740555768624,0.053715568771251485,0.0029296875,0.01895775982687429,0.060175812622986484,0.062819514746488,0.0003495826930427432,0.06738160909033636,0.07458740555768624,0.0016396350965213716
16,0.1391938735466204,1,0.03266129841391674,0.010589115922356878,0.3242098886627524,14,24,13,23,13,24,0,True,0.08601721447638036,0.06813045396704646,0.053030774441021125,0.001953125,0.01799332342274812,0.05711449394021614,0.06269683865098266,0.0002815705558600739,0.0626224739536313,0.06813045396704646,0.0011173477779300369
16,0.1391938735466204,1,0.03266129841391674,0.011547512795418978,0.3535533905932738,17,24,16,23,16,24,0,True,0.0779418998751854,0.06173435229071044,0.05232550250934331,0.00146484375,0.017082260031654417,0.05422259213268298,0.06258799697010448,0.00023949294456294184,0.05797847221169671,0.06173435229071044,0.0008521683472814709
16,0.1391938735466204,1,0.03266129841391674,0.0125926519964554,0.3855527063519852,16,25,15,24,15,25,0,True,0.06991552474146087,0.0553770134150064,0.051420307508686175,0.00146484375,0.016238088019275655,0.05154301726189777,0.06248893382867295,0.00020805875599004932,0.053460015338452085,0.0553770134150064,0.0008364512529950247
16,0.1391938735466204,1,0.03266129841391674,0.013732384376897208,0.42044820762685725,15,25,14,24,14,25,0,True,0.06212827201671345,0.04920907288678985,0.05054631043741998,0.00146484375,0.01545879225169296,0.04906937288006183,0.06240191791742078,0.00017887831916100813,0.04913922288342584,0.04920907288678985,0.000821861034580504
16,0.1391938735466204,1,0.03266129841391674,0.014975271350937982,0.4585020216023356,10,25,9,24,9,25,0,True,0.054790490190170224,0.04339713849671716,0.04976394312616572,0.0009765625,0.014770227957761839,0.04688372877923613,0.06231817644931038,0.00015731111981381803,0.04514043363797665,0.04688372877923613,0.000566936809906909
16,0.1391938735466204,1,0.03266129841391674,0.01633064920695837,0.5,12,25,11,24,11,25,0,True,0.04786726308612132,0.037913554677046594,0.0491143475778202,0.00048828125,0.01417454786593126,0.04499291816044002,0.06223749903686036,0.00013271373522423952,0.04145323641874331,0.04499291816044002,0.0003104974926121198
16,0.1391938735466204,1,0.03266129841391674,0.01780869923963186,0.5452538663326288,17,25,16,24,16,25,0,True,0.04107417642086552,0.032533049377512016,0.048892585959328515,0.00048828125,0.013677363839900966,0.04341475422847961,0.06218728671504137,0.00012101352510275195,0.03797390180299581,0.04341475422847961,0.000304647387551376
16,0.1391938735466204,1,0.03266129841391674,0.019420524229528436,0.5946035575013605,16,25,15,24,15,25,0,True,0.034329057720111224,0.027190537393818413,0.04868573011300492,0.00048828125,0.013288080513585558,0.04217908921765902,0.06214707039406311,8.563254083957847e-05,0.034684813305738714,0.04217908921765902,0.00028695689541978925
16,0.1391938735466204,1,0.03266129841391674,0.021178231844713756,0.6484197773255048,15,25,14,24,14,25,0,True,0.027672150428528282,0.02191789378924522,0.0480096045710042,0.00048828125,0.01300986889438665,0.04129598855495738,0.062143498145855326,6.300855409514049e-05,0.0316069411721013,0.04129598855495738,0.00027564490204757023
16,0.1391938735466204,1,0.03266129841391674,0.023095025590837957,0.7071067811865476,18,25,17,24,17,25,0,True,0.021348892439201593,0.01690951912859079,0.047460209893456486,0.00048828125,0.012821395813760406,0.04069773639395235,0.06213792054315345,4.130117779859502e-05,0.02880362776127157,0.04069773639395235,0.00026479121389929753
16,0.1391938735466204,1,0.03266129841391674,0.0251853039929108,0.7711054127039704,17,26,16,25,16,26,0,True,0.015554688675370548,0.01232018506086442,0.04733134671141008,0.00048828125,0.012707886823457047,0.04033743560979343,0.06218263638842983,2.156719934719004e-05,0.026328810335328925,0.04033743560979343,0.000254924224673595
16,0.1391938735466204,1,0.03266129841391674,0.027464768753794416,0.8408964152537145,16,26,15,25,15,26,0,True,0.010465603209953902,0.008289344197828324,0.04669393723728495,0.00048828125,0.012655441458733357,0.040170963280289435,0.0622431021726574,1.2756997518735518e-05,0.02423015373905888,0.040170963280289435,0.00025051912375936776
16,0.1391938735466204,1,0.03266129841391674,0.029950542701875964,0.9170040432046712,11,26,10,25,10,26,0,True,0.00650713853727898,0.005154018358650938,0.04645194283180963,0.00048828125,0.012634298600645341,0.040103851518233286,0.06232597446361782,3.946795690280996e-06,0.022628934938442112,0.040103851518233286,0.0002461140228451405
16,0.1391938735466204,1,0.03266129841391674,0.03266129841391674,1.0,13,26,12,25,12,26,0,True,0.00393415535221716,0.003116071495166135,0.04581230700166397,0.00048828125,0.01264098688652009,0.0401250815074959,0.062480513544503805,1.973397845140498e-06,0.021620576501331017,0.0401250815074959,0.00024512732392257023
16,0.1391938735466204,1,0.03266129841391674,0.03561739847926372,1.0905077326652577,18,26,17,25,17,26,0,True,0.003178587095975431,0.002517619096838659,0.045103766803146414,0.0,0.012649176841582947,0.04015107810233379,0.0626066279888149,1.973397845140498e-06,0.021334348599586224,0.04015107810233379,9.86698922570249e-07
16,0.1391938735466204,1,0.03266129841391674,0.03884104845905687,1.189207115002721,17,26,16,25,16,26,0,True,0.0032154403920593134,0.0025468089724660125,0.045203245461646745,0.0,0.012667770160845467,0.04021009710596072,0.06276340158307941,0.0,0.021378453039213367,0.04021009710596072,0.0
16,0.1391938735466204,1,0.03266129841391674,0.04235646368942751,1.2968395546510096,16,26,15,25,15,26,0,True,0.003254587100189866,0.002577815358949062,0.04556663788315872,0.0,0.012691445070688617,0.04028524611890305,0.06295905292661544,0.0,0.021431530738926056,0.04028524611890305,0.0
16,0.1391938735466204,1,0.03266129841391674,0.04619005118167591,1.4142135623730951,19,26,18,25,18,26,0,True,0.0032785061397669966,0.0025967605786328864,0.045534582268090894,0.0,0.01272595309619855,0.04039478165981287,0.06322705413779191,0.0,0.02149577111922288,0.04039478165981287,0.0
16,0.1391938735466204,1,0.03266129841391674,0.0503706079858216,1.5422108254079407,18,27,17,26,17,27,0,True,0.0033042396801022463,0.002617142984595373,0.0458583212484672,0.0,0.012750843261670655,0.040473788143030424,0.06344347003039405,0.0,0.0215454655638129,0.040473788143030424,0.0
16,0.1391938735466204,1,0.03266129841391674,0.05492953750758883,1.681792830507429,17,27,16,26,16,27,0,True,0.0032727377217393336,0.0025921916683131468,0.045451134513863366,0.0,0.012792297561368161,0.040605372580948984,0.06377197231644595,0.0,0.021598782124631066,0.040605372580948984,0.0
16,0.1391938735466204,1,0.03266129841391674,0.05990108540375193,1.8340080864093424,12,27,11,26,11,27,0,True,0.0034060501746072374,0.002697782601344869,0.04674733907674163,0.0,0.01283412410034101,0.04073813858256961,0.06418240846187973,0.0,0.02171796059195724,0.04073813858256961,0.0
16,0.1391938735466204,1,0.03266129841391674,0.06532259682783348,2.0,14,27,13,26,13,27,0,True,0.003424418019864837,0.002712330964058246,0.04696572494986428,0.0,0.012889684461930027,0.040914498550138484,0.06462754693950512,0.0,0.021813414757098366,0.040914498550138484,0.0
16,0.1391938735466204,1,0.03266129841391674,0.07123479695852744,2.1810154653305154,19,27,18,26,18,27,0,True,0.0034850234128947976,0.0027603338314507527,0.04731909288961308,0.0,0.012962889858294035,0.04114686747214304,0.06519298265432841,0.0,0.021953600651796894,0.04114686747214304,0.0
16,0.1391938735466204,1,0.03266129841391674,0.07768209691811374,2.378414230005442,18,27,17,26,17,27,0,True,0.003558939540937937,0.0028188795468604075,0.04775365765194473,0.0,0.013042744565700013,0.041400342669308136,0.06578360073631759,0.0,0.022109611108084272,0.041400342669308136,0.0
16,0.1391938735466204,1,0.03266129841391674,0.08471292737885502,2.5936791093020193,17,27,16,26,16,27,0,True,0.003735653414154992,0.0029588468368713975,0.04876725914970029,0.0,0.013126348290436799,0.04166571801535576,0.06652233002162634,0.0,0.02231228242611358,0.04166571801535576,0.0
16,0.1391938735466204,1,0.03266129841391674,0.09238010236335183,2.8284271247461903,20,27,19,26,19,27,0,True,0.003703889304418367,0.0029336878820111515,0.04842066284339883,0.0,0.013249191378174655,0.04205564713658364,0.06736372868957424,0.0,0.022494667509297395,0.04205564713658364,0.0
16,0.1391938735466204,1,0.03266129841391674,0.1007412159716432,3.0844216508158815,19,28,18,27,18,28,0,True,0.003898729635207625,0.0030880123421621686,0.04946615742094663,0.0,0.013401061448214797,0.0425377138449518,0.06837093648418716,0.0,0.022812863093556984,0.0425377138449518,0.0
16,0.1391938735466204,1,0.03266129841391674,0.10985907501517767,3.363585661014858,18,28,17,27,17,28,0,True,0.004189922606544828,0.003318653492889788,0.05153739880012823,0.0,0.013542385624541728,0.04298630572666199,0.06945118229061605,0.0,0.02315247960977589,0.04298630572666199,0.0
16,0.1391938735466204,1,0.03266129841391674,0.11980217080750385,3.668016172818685,13,28,12,27,12,28,0,True,0.004153483903024662,0.003289791997805206,0.051272651780685845,0.0,0.013753880932863614,0.04365763515379067,0.07090018106929366,0.0,0.023473713575797937,0.04365763515379067,0.0
16,0.1391938735466204,1,0.03266129841391674,0.13064519365566696,4.0,15,28,14,27,14,28,0,True,0.004484044284182007,0.003551614343121375,0.05376669438141956,0.0,0.013966178721355586,0.04433151181734336,0.07234944983794235,0.0,0.023941563080232365,0.04433151181734336,0.0
17,0.14417332510157593,7,0.8360071499177317,0.20900178747943293,0.25,20,29,13,22,13,29,0,True,132.4502552812408,0.309226278867097,1.5885201123075108,0.005859375,0.021901439506517524,0.06465758386990804,0.09072415980547013,0.0,0.18694193136850254,0.309226278867097,0.0029296875
17,0.14417332510157593,7,0.8360071499177317,0.22791806538718246,0.2726269331663144,20,29,13,22,13,29,0,True,119.22412474525007,0.27834776435785274,1.5337424106765953,0.00537109375,0.022576667838054093,0.06665099770303401,0.09424850422876721,0.0,0.17249938103044338,0.27834776435785274,0.002685546875
17,0.14417332510157593,7,0.8360071499177317,0.24854641271882827,0.29730177875068026,20,29,13,22,13,29,0,True,106.13616401265698,0.24779182932620733,1.4778555952992642,0.00439453125,0.02337752577207887,0.0690152961329011,0.09823907806538454,0.0,0.15840356272955422,0.24779182932620733,0.002197265625
17,0.14417332510157593,7,0.8360071499177317,0.27104178499609277,0.3242098886627524,18,29,11,22,11,29,0,True,93.18423744632317,0.21755348778610953,1.4308712580461065,0.00439453125,0.024382093693712876,0.0719809886220519,0.10272157357259874,0.0,0.14476723820408072,0.21755348778610953,0.002197265625
17,0.14417332510157593,7,0.8360071499177317,0.2955731624136334,0.3535533905932738,21,29,14,22,14,29,0,True,80.46525799631434,0.18785899850058868,1.377565062044128,0.00390625,0.025562606434245096,0.0754661066439857,0.10764013554816243,0.0,0.1316625525722872,0.18785899850058868,0.001953125
17,0.14417332510157593,7,0.8360071499177317,0.3223248191803913,0.3855527063519852,15,29,8,22,8,29,0,True,68.05730254178619,0.15889064441621673,1.325372841749461,0.00390625,0.026894866542791974,0.07939921431388423,0.11306252728832358,0.0,0.11914492936505047,0.15889064441621673,0.001953125
17,0.14417332510157593,7,0.8360071499177317,0.35149770774614764,0.42044820762685725,22,29,15,22,15,29,0,True,56.27399528566044,0.13138063133377692,1.2725081804256333,0.00341796875,0.028463481539045103,0.08403009054691221,0.11903964966449544,0.0,0.10770536094034457,0.13138063133377692,0.001708984375
17,0.14417332510157593,7,0.8360071499177317,0.38331096831128686,0.4585020216023356,23,30,16,23,16,30,0,True,45.28736026264882,0.10573057684182471,1.214795950675982,0.00341796875,0.030413737129719634,0.08978764882906397,0.12568696967991438,0.0,0.09775911283544433,0.10573057684182471,0.001708984375
17,0.14417332510157593,7,0.8360071499177317,0.41800357495886586,0.5,21,30,14,23,14,30,0,True,35.39141687035888,0.08262691619142007,1.158028737188147,0.00341796875,0.03267647383887731,0.09646771606867827,0.13296156877026408,0.0,0.08954731613004917,0.09646771606867827,0.001708984375
17,0.14417332510157593,7,0.8360071499177317,0.4558361307743649,0.5452538663326288,21,30,14,23,14,30,0,True,27.23385386282825,0.06358178224217767,1.1035496169010348,0.001953125,0.03541060899381456,0.10453944911797905,0.14089814730592337,0.0,0.08406061568007836,0.10453944911797905,0.0009765625
17,0.14417332510157593,7,0.8360071499177317,0.49709282543765654,0.5946035575013605,21,30,14,23,14,30,0,True,20.862550690320425,0.04870695721911285,1.0759117404431544,0.00146484375,0.03850555094612579,0.11367635853411628,0.1493150914018071,0.0,0.08119165787661456,0.11367635853411628,0.000732421875
17,0.14417332510157593,7,0.8360071499177317,0.5420835699921855,0.6484197773255048,19,30,12,23,12,30,0,True,15.491384783417601,0.03616711240686495,1.044065612636443,0.0009765625,0.04204805235300107,0.12413455612227683,0.15835223574429638,0.0,0.0801508342645709,0.12413455612227683,0.00048828125
17,0.14417332510157593,7,0.8360071499177317,0.5911463248272668,0.7071067811865476,22,30,15,23,15,30,0,True,11.340411990565482,0.026476003335865528,1.0185867131289594,0.0009765625,0.04623462363190464,0.1364941813200864,0.16808387973669914,0.0,0.08148509232797596,0.1364941813200864,0.00048828125
17,0.14417332510157593,7,0.8360071499177317,0.6446496383607826,0.7711054127039704,16,30,9,23,9,30,0,True,8.084458699502832,0.018874460264298645,1.011876759091393,0.00048828125,0.051199238841283926,0.1511507532859034,0.17851236262010295,0.0,0.08501260677510103,0.1511507532859034,0.000244140625
17,0.14417332510157593,7,0.8360071499177317,0.7029954154922953,0.8408964152537145,23,30,16,23,16,30,0,True,5.339585988838374,0.012466116448876588,0.9961834677010812,0.00048828125,0.056716749674336084,0.16743958760362182,0.1894068636449851,0.0,0.0899528520262492,0.16743958760362182,0.000244140625
17,0.14417332510157593,7,0.8360071499177317,0.7666219366225737,0.9170040432046712,24,31,17,24,17,31,0,True,3.385093136947601,0.007903040670885817,0.984630927528825,0.00048828125,0.06297545457970215,0.18591658027870542,0.20073473320673135,0.0,0.09690981047479562,0.18591658027870542,0.000244140625
17,0.14417332510157593,7,0.8360071499177317,0.8360071499177317,1.0,22,31,15,24,15,31,0,True,2.4022073467362164,0.005608336785166245,0.9722552085966129,0.0,0.0699818485223481,0.20660090579244325,0.21245482020119608,0.0,0.10610462128880475,0.20660090579244325,0.0
17,0.14417332510157593,7,0.8360071499177317,0.9116722615487298,1.0905077326652577,22,31,15,24,15,31,0,True,2.4108257418604926,0.005628457805306427,0.9729402735811679,0.0,0.07803215334348285,0.2303670723494839,0.22475575380959195,0.0,0.11799776507739516,0.2303670723494839,0.0
17,0.14417332510157593,7,0.8360071499177317,0.9941856508753131,1.189207115002721,22,31,15,24,15,31,0,True,2.426454256785264,0.005664945069933772,0.9796110721057488,0.0,0.08701724779837451,0.25689293144305264,0.2374395018585309,0.0,0.1312789382564932,0.25689293144305264,0.0
17,0.14417332510157593,7,0.8360071499177317,1.084167139984371,1.2968395546510096,20,31,13,24,13,31,0,True,2.445122194132484,0.005708528351730757,0.9805887153486181,0.0,0.09713369299697264,0.2867587721654871,0.250543818462105,0.0,0.14623365025860893,0.2867587721654871,0.0
17,0.14417332510157593,7,0.8360071499177317,1.1822926496545336,1.4142135623730951,23,31,16,24,16,31,0,True,2.460843949271331,0.005745233300532271,0.9906188105060779,0.0,0.1083006644544791,0.319725983903863,0.2639689446430348,0.0,0.16273560860219763,0.319725983903863,0.0
17,0.14417332510157593,7,0.8360071499177317,1.2892992767215652,1.5422108254079407,17,31,10,24,10,31,0,True,2.473622804832332,0.005775067580163652,0.9945328426691392,0.0,0.12083447369522685,0.3567283837667538,0.27775757423649594,0.0,0.18125172567345874,0.3567283837667538,0.0
17,0.14417332510157593,7,0.8360071499177317,1.4059908309845905,1.681792830507429,24,31,17,24,17,31,0,True,2.4919523585466155,0.005817860851315356,1.0017910785529924,0.0,0.13496029734608483,0.39843073977696425,0.29191439958093257,0.0,0.2021243003141398,0.39843073977696425,0.0
17,0.14417332510157593,7,0.8360071499177317,1.5332438732451474,1.8340080864093424,25,31,18,24,18,31,0,True,2.593422970706787,0.006054760204555789,1.0353887467875307,0.0,0.15010074160595022,0.4431284658907475,0.3059420049244773,0.0,0.22459161304765166,0.4431284658907475,0.0
17,0.14417332510157593,7,0.8360071499177317,1.6720142998354635,2.0,23,31,16,24,16,31,0,True,2.6152180195168766,0.00610564422759493,1.048068633233369,0.0,0.16628099514596834,0.4908959242803558,0.31968408569891804,0.0,0.24850078425397534,0.4908959242803558,0.0
17,0.14417332510157593,7,0.8360071499177317,1.8233445230974596,2.1810154653305154,23,31,16,24,16,31,0,True,2.579461671174099,0.006022165320586144,1.0282477083767312,0.0,0.18342190311903098,0.5414994334490049,0.3329319767495779,0.0,0.27376079938479553,0.5414994334490049,0.0
17,0.14417332510157593,7,0.8360071499177317,1.9883713017506262,2.378414230005442,23,31,16,24,16,31,0,True,2.6607242580575976,0.0062118858107410415,1.0622026908986801,0.0,0.201291233557706,0.5942533965478188,0.3454756004716376,0.0,0.30023264117927995,0.5942533965478188,0.0
17,0.14417332510157593,7,0.8360071499177317,2.168334279968742,2.5936791093020193,21,31,14,24,14,31,0,True,2.777548354364437,0.006484630325323278,1.1087469822793579,0.0,0.2189867298905245,0.6464941653757482,0.35676978384276253,0.0,0.32648939785053577,0.6464941653757482,0.0
17,0.14417332510157593,7,0.8360071499177317,2.3645852993090672,2.8284271247461903,24,31,17,24,17,31,0,True,2.8902096393835848,0.006747656091977203,1.1247387245196891,0.0,0.2359038668920855,0.6964370563072622,0.36657067948126576,0.0,0.3515923561996197,0.6964370563072622,0.0
17,0.14417332510157593,7,0.8360071499177317,2.5785985534431304,3.0844216508158815,18,31,11,24,11,31,0,True,2.8486500920112308,0.006650628689817307,1.1423839105494424,0.0,0.252037526957855,0.7440669611142336,0.3750095802772865,0.0,0.3753587949020255,0.7440669611142336,0.0
17,0.14417332510157593,7,0.8360071499177317,2.811981661969181,3.363585661014858,24,31,17,24,17,31,0,True,2.9488036535960225,0.006884453178100782,1.165018491311416,0.0,0.26674845244155465,0.7874966588737451,0.3819721798578888,0.0,0.39719055602592296,0.7874966588737451,0.0
17,0.14417332510157593,7,0.8360071499177317,3.066487746490295,3.668016172818685,26,31,19,24,19,31,0,True,3.199478267811493,0.00746969310833498,1.236076839178453,0.0,0.2797577460352441,0.8259027869902061,0.38751079766355245,0.0,0.4166862400492706,0.8259027869902061,0.0
17,0.14417332510157593,7,0.8360071499177317,3.344028599670927,4.0,24,31,17,24,17,31,0,True,3.233929978202894,0.007550126129640366,1.2594388204117504,0.0,0.2906514964540208,0.8580633936549092,0.39172297979511655,0.0,0.4328067598922748,0.8580633936549092,0.0
