prompt,token,layer,absolute,K_nmse,K_cosine,K_max_abs,K_mean_abs,V_nmse,V_cosine,V_max_abs,V_mean_abs
0,0,0,30,0.0,1.0,0.0,0.0,0.0,1.0,0.0,0.0
0,0,1,30,0.0,1.0,0.0,0.0,0.0,1.0,0.0,0.0
0,0,2,30,0.0,1.0,0.0,0.0,0.0,1.0,0.0,0.0
0,0,3,30,0.0,1.0,0.0,0.0,0.0,1.0,0.0,0.0
0,0,4,30,0.0,1.0,0.0,0.0,0.0,1.0,0.0,0.0
0,0,5,30,0.0,1.0,0.0,0.0,0.0,1.0,0.0,0.0
0,0,6,30,0.0,1.0,0.0,0.0,0.0,1.0,0.0,0.0
0,0,7,30,0.0,1.0,0.0,0.0,0.0,1.0,0.0,0.0
0,0,8,30,0.0,1.0,0.0,0.0,0.0,1.0,0.0,0.0
0,0,9,30,0.0,1.0,0.0,0.0,0.0,1.0,0.0,0.0
0,0,10,30,0.0,1.0,0.0,0.0,0.0,1.0,0.0,0.0
0,0,11,30,0.0,1.0,0.0,0.0,0.0,1.0,0.0,0.0
0,0,12,30,0.0,1.0,0.0,0.0,0.0,1.0,0.0,0.0
0,0,13,30,0.0,1.0,0.0,0.0,0.0,1.0,0.0,0.0
0,0,14,30,0.0,1.0,0.0,0.0,0.0,1.0,0.0,0.0
0,0,15,30,0.0,1.0,0.0,0.0,0.0,1.0,0.0,0.0
0,0,16,30,0.0,1.0,0.0,0.0,0.0,1.0,0.0,0.0
0,0,17,30,0.0,1.0,0.0,0.0,0.0,1.0,0.0,0.0
0,1,0,31,5.818303991642654e-13,0.9999999999997098,7.152557373046875e-06,7.271364665939473e-07,6.862163039956129e-13,0.9999999999996696,1.1920928955078125e-05,1.3758547083853045e-06
0,1,1,31,1.3164020014411464e-12,0.9999999999994089,1.430511474609375e-05,1.1413576430641115e-06,3.1834505190817986e-12,0.9999999999984137,1.2159347534179688e-05,2.786140157695627e-06
0,1,2,31,3.3130437515392134e-12,0.9999999999983473,9.417533874511719e-06,2.1136729628778994e-06,8.729429312521658e-12,0.9999999999957699,1.3232231140136719e-05,2.3852571757743135e-06
0,1,3,31,1.342305166124379e-06,0.9999993299929617,0.007434487342834473,0.0013122774917064817,1.0373033822670366e-05,0.999994825306764,0.006053626537322998,0.0016403000267928292
0,1,4,31,6.769784316724043e-05,0.9999662313968432,0.0425565242767334,0.010271472288877703,0.00028622709716498565,0.999857207465808,0.03147447109222412,0.009879235779862938
0,1,5,31,0.0001105681032294683,0.9999465509844954,0.05462241172790527,0.013051342985818337,0.000627778794546898,0.9996892867772476,0.04304814338684082,0.01053205161497317
0,1,6,31,0.0008898606766685306,0.9995557651836428,0.13924801349639893,0.025153579535981407,0.008363994018581906,0.9958330080932822,0.16339168162085116,0.03455915904123685
0,1,7,31,0.0008904219345107566,0.9995555355860971,0.13943547010421753,0.029462426855388912,0.003349885335766472,0.9983378815477605,0.08440141379833221,0.021026538637670456
0,1,8,31,0.0017497072551302373,0.999135284648148,0.20412324368953705,0.03652200999931665,0.007813515508387018,0.9962237469279867,0.10787400603294373,0.028477641242886875
0,1,9,31,0.0012522480836734216,0.9993804172041545,0.1723836064338684,0.039491171617555665,0.007125624485653696,0.996452869213882,0.11116588301956654,0.03271775356733997
0,1,10,31,0.0028542141745797464,0.9986022193205207,0.23374652862548828,0.05687364835466724,0.009389330274572408,0.995343819092848,0.1375393569469452,0.03930623544147238
0,1,11,31,0.0017978096865437336,0.9991234786329845,0.3386780023574829,0.040863911995074886,0.005979758444229995,0.9970540462285691,0.172965407371521,0.042470205062272726
0,1,12,31,0.0020792712187089834,0.999004747011613,0.2249464988708496,0.042476695714867674,0.00796122819760696,0.9961821753984121,0.16245770268142223,0.0492431488528382
0,1,13,31,0.00195326857688253,0.9990234617140881,0.19649970531463623,0.047245037225366104,0.005662541411048415,0.9971649147665972,0.17149552702903748,0.04746419091864773
0,1,14,31,0.0018017110511905617,0.999154170690388,0.16765522956848145,0.03741920120228315,0.0020850062553760154,0.9989678941291631,0.203041672706604,0.05792984821391656
0,1,15,31,0.0012855010368930757,0.9993628497312006,0.22910261154174805,0.027270088828117878,0.0036084001381322603,0.998194287214463,0.27420496940612793,0.08010582806673483
0,1,16,31,0.0020478210580569347,0.9989814292384599,0.2224530577659607,0.04195262708890368,0.005131801452450889,0.9974474094360998,0.22927016019821167,0.061006781924334064
0,1,17,31,0.0023295209354210577,0.9988740580862359,0.37205934524536133,0.04734523392471601,0.005413718646695612,0.9973263826935433,0.17444264888763428,0.05246452707797289
0,2,0,32,5.293752856051708e-13,0.9999999999997388,6.67572021484375e-06,7.965572876855731e-07,6.253682381306479e-13,0.9999999999996877,9.059906005859375e-06,1.165295543614775e-06
0,2,1,32,7.252552189880114e-13,0.9999999999996385,6.67572021484375e-06,8.929273462854326e-07,2.6586741244990444e-12,0.9999999999986732,9.775161743164062e-06,2.425204002065584e-06
0,2,2,32,1.971771409966218e-12,0.99999999999906,6.556510925292969e-06,1.93621963262558e-06,2.6191791414591942e-12,0.9999999999987005,6.556510925292969e-06,1.8613527572597377e-06
0,2,3,32,2.2810894394545502e-12,0.9999999999989589,1.430511474609375e-05,2.080978447338566e-06,1.9015958326438078e-11,0.9999999999905317,1.239776611328125e-05,2.574398877186468e-06
0,2,4,32,4.576912188811128e-06,0.999997711541684,0.012590646743774414,0.0031283284079108853,3.031736272331805e-05,0.9999849097598762,0.012372136116027832,0.003235402219615935
0,2,5,32,5.280238369760079e-05,0.9999737831528658,0.04180788993835449,0.011146770397317596,0.000289402478472728,0.9998566068079451,0.035717666149139404,0.011224923038298584
0,2,6,32,0.00020496051690187126,0.9998975368112266,0.06405692547559738,0.015166506272180413,0.0029877791459156718,0.9985828394949915,0.0767674446105957,0.022210492251005576
0,2,7,32,0.0003477696421889724,0.9998261599356119,0.10887408256530762,0.023385553146908933,0.0018931663591822418,0.9990594899361203,0.07755178213119507,0.01808036223610543
0,2,8,32,0.0006330288488334816,0.9996834419524154,0.13329994678497314,0.031432926014531404,0.0043832699586340935,0.9978138516196785,0.08529494144022465,0.02366837565769231
0,2,9,32,0.0009014516011752017,0.9995647765138295,0.16409897804260254,0.0380247998282357,0.008782274028432074,0.9957377740278921,0.125410795211792,0.030778898510106956
0,2,10,32,0.0015259237198085,0.9992391415570158,0.2175624966621399,0.043917980256082956,0.004319566596712057,0.9978398766149873,0.10608981549739838,0.03425165501994343
0,2,11,32,0.0013498622722253367,0.9993248768490239,0.22152310609817505,0.034882263807958225,0.0038713246563872425,0.998076182102504,0.12662863731384277,0.03567045761502641
0,2,12,32,0.0019361034814226873,0.9990383937558908,0.21301452070474625,0.04328045409056358,0.01085498622126217,0.9945613159195978,0.22237825393676758,0.04789474741846789
0,2,13,32,0.001359092576845825,0.9993515340819937,0.2083146572113037,0.038182331653842994,0.005951701542735672,0.9970840649723735,0.12547051906585693,0.03569433442180525
0,2,14,32,0.0016222819593423566,0.9991891175482115,0.27823567390441895,0.032076793135274784,0.0012691553699307467,0.9993750372640714,0.16669845581054688,0.04967616381509288
0,2,15,32,0.0022671490574251683,0.9988755632644268,0.1694941520690918,0.03430289640527917,0.0018857696521632048,0.9990860738296092,0.29585230350494385,0.08029026434087427
0,2,16,32,0.0023130959417772047,0.9988448445920101,0.20060944557189941,0.04650626204966102,0.004228849741702624,0.9978836243540536,0.19328615069389343,0.056367553524978575
0,2,17,32,0.0031790691929707003,0.9984211987859447,0.2068192958831787,0.053096275390998926,0.004763524245817012,0.9976549501716199,0.22876667976379395,0.054818736756715225
0,3,0,33,7.609204522181993e-13,0.9999999999996411,8.58306884765625e-06,7.815106073394418e-07,5.973648748907316e-13,0.9999999999997093,8.58306884765625e-06,1.3562175809056498e-06
0,3,1,33,1.2755158842431755e-12,0.9999999999994074,1.33514404296875e-05,1.4258876035455614e-06,4.8106964027794275e-12,0.999999999997671,1.6868114471435547e-05,3.5062657843809575e-06
0,3,2,33,2.9521245972165877e-12,0.9999999999985251,1.1444091796875e-05,2.1307441784301773e-06,4.770309623500427e-12,0.9999999999976197,9.298324584960938e-06,2.0317070266173687e-06
0,3,3,33,1.7354777285109335e-12,0.9999999999991328,7.3909759521484375e-06,1.7262755136471242e-06,9.22090930671851e-12,0.9999999999954111,8.344650268554688e-06,2.2467529561254196e-06
0,3,4,33,6.63462182672713e-06,0.9999966831867768,0.015535831451416016,0.003354075373863452,2.5184776907681913e-05,0.9999874260108689,0.011986494064331055,0.0030846151148580248
0,3,5,33,7.987775247019052e-05,0.9999601016561047,0.07163748145103455,0.012466246422263794,0.00043277316991208057,0.9997837635760417,0.043007850646972656,0.010922016575705129
0,3,6,33,0.00033687469688462946,0.9998315791812105,0.08780777454376221,0.01833809462550562,0.001986219654444881,0.9990063998401153,0.0900907814502716,0.026535113549471134
0,3,7,33,0.00023414904740263294,0.999882952299772,0.07400083541870117,0.018433694405757706,0.0010258955839186588,0.9994968873431401,0.06885391473770142,0.015927381947676622
0,3,8,33,0.0005746443395208305,0.9997166375292245,0.11751174926757812,0.028843447125836974,0.0019254437858270607,0.999038893118926,0.0831344984471798,0.018545718348832452
0,3,9,33,0.0009364576623294977,0.9995464463589818,0.1538338977843523,0.035484246067426284,0.004658966468565633,0.9976709309187007,0.0930536538362503,0.026281919569555612
0,3,10,33,0.0008634839767080615,0.9995750126379361,0.17800045013427734,0.03557713232294191,0.002300646432501204,0.9988539610738787,0.11074879765510559,0.02541579088756407
0,3,11,33,0.0011032931465870738,0.9994498186112231,0.19316959381103516,0.03276662682037568,0.0019898856174863115,0.9990069600510786,0.12207534909248352,0.0335468099483478
0,3,12,33,0.0009946982639051525,0.9995093539909957,0.1799168512225151,0.03332076803781092,0.0029990561864197364,0.9985011614747377,0.15245044231414795,0.04044361454452883
0,3,13,33,0.0007987971415893333,0.9996037783370397,0.11754365265369415,0.0355417512182612,0.002631126562445345,0.9987034126203039,0.13098382949829102,0.03274561500074924
0,3,14,33,0.0011092349227217694,0.9994920656736335,0.13267302513122559,0.03286438990471652,0.0017134449881289066,0.9991444251862108,0.19028180837631226,0.05622037123885093
0,3,15,33,0.002047464049986711,0.999035221392627,0.2192271649837494,0.03426148256403394,0.0044276709429663325,0.9977838797096544,0.36729657649993896,0.0981237538762798
0,3,16,33,0.002512405187381461,0.9987620663293694,0.23993271589279175,0.049487819356727414,0.0083699863189686,0.9958067400783708,0.2993035316467285,0.07418233547650743
0,3,17,33,0.0029097202520303412,0.9985959410918939,0.2905242443084717,0.053453949555660074,0.0071749354993204065,0.9964096341038359,0.23612314462661743,0.06250652666176393
0,4,0,34,2.7579931078717775e-13,0.9999999999998622,3.0994415283203125e-06,5.540773599932436e-07,4.3958142268306e-13,0.9999999999997825,9.059906005859375e-06,1.1225247362744994e-06
0,4,1,34,2.1748894466501584e-12,0.9999999999989404,6.67572021484375e-06,1.6595258784946054e-06,1.2510341591887987e-11,0.9999999999940137,2.2172927856445312e-05,3.897619535564445e-06
0,4,2,34,3.2085318192694367e-06,0.9999983971935522,0.00929570198059082,0.0021228312307357555,7.078361486558762e-06,0.9999964727069137,0.008463442325592041,0.001987706473300932
0,4,3,34,5.793887325229473e-05,0.9999713545576849,0.03490090370178223,0.008449279677734012,0.0003448152339195663,0.999827702974947,0.049912214279174805,0.011885866046668525
0,4,4,34,0.00045647806203110884,0.9997763460280868,0.11852926015853882,0.02630334899731679,0.0021936211475267952,0.998902698241657,0.10174155235290527,0.02516711219868739
0,4,5,34,0.0014070738844615723,0.999297748322103,0.2844517230987549,0.04824293820274761,0.00727809695254893,0.996360356487453,0.16092939674854279,0.0431638086147359
0,4,6,34,0.004482609882423917,0.9977978083323981,0.327215313911438,0.05878469400340691,0.01785548324072801,0.9913408902132148,0.3174256309866905,0.08675329227844486
0,4,7,34,0.002532282578566186,0.9987702229615987,0.2727505564689636,0.06143884481934947,0.01158628529347967,0.9942687963155323,0.24404174089431763,0.054301806525472784
0,4,8,34,0.004208140762990782,0.9979432514243839,0.4107944965362549,0.07144330237497343,0.009023497143906545,0.995480125206725,0.14657822251319885,0.04800292294737574
0,4,9,34,0.0026736791160564956,0.998663450261315,0.3009372875094414,0.06620033685612725,0.01276003084544436,0.9936001775886615,0.21366316080093384,0.05319696490641945
0,4,10,34,0.002594576082639534,0.9987249013713448,0.2896905541419983,0.06244780813722173,0.009113024406928624,0.9954396075557463,0.23760771751403809,0.04941860913004348
0,4,11,34,0.0025889348553082983,0.998706925768325,0.23021113872528076,0.05160833866466419,0.008976244203305499,0.9955983426377923,0.22793138027191162,0.06001043851028953
0,4,12,34,0.006084453767999562,0.9971948850114163,0.4153643548488617,0.09074081370636122,0.016432956071222547,0.9922802682901346,0.3906494081020355,0.10051554712481447
0,4,13,34,0.00545037874094419,0.9974141412387455,0.4206812381744385,0.09250832184625324,0.020295868959392692,0.9898741360497169,0.39350461959838867,0.09519140304382745
0,4,14,34,0.0046925299787182765,0.9976732367216057,0.3570394515991211,0.07552242693054723,0.01644530083882986,0.9917732590311945,0.4899636507034302,0.12797525661699183
0,4,15,34,0.004836495322221079,0.9975964331113786,0.3326530456542969,0.06286502298917185,0.015525497272661445,0.9922745864212136,0.6079207062721252,0.1449651981520219
0,4,16,34,0.007375703202680357,0.9963434209065105,0.43944883346557617,0.07764576347108232,0.021685909097427368,0.9891026877821832,0.4133906066417694,0.10743373506556964
0,4,17,34,0.005035610953829671,0.9974823937485792,0.3094000816345215,0.07490625655191252,0.015678668194663875,0.9927362419438871,0.36286409199237823,0.08516302187126712
0,5,0,35,3.5904888728841406e-13,0.9999999999998208,3.0994415283203125e-06,5.878755473531783e-07,4.2137711798428316e-13,0.9999999999997894,7.152557373046875e-06,1.1296779121039435e-06
0,5,1,35,1.6087200210744612e-12,0.9999999999992653,1.239776611328125e-05,1.2559976312331855e-06,7.460372554040867e-12,0.9999999999962721,1.7881393432617188e-05,3.3352425816701725e-06
0,5,2,35,7.799657940278997e-12,0.9999999999961028,1.1265277862548828e-05,2.980694262078032e-06,1.9188090085739202e-11,0.9999999999904323,1.0967254638671875e-05,3.0592004804930184e-06
0,5,3,35,1.1493085355948987e-05,0.9999943076631723,0.018009305000305176,0.0033366326533723623,4.123145559831468e-05,0.999979384159641,0.015287801623344421,0.0041847107640933245
0,5,4,35,0.00011972094933879406,0.9999417518165119,0.059599339962005615,0.013260121035273187,0.00048265922094238155,0.9997587373902891,0.03714222460985184,0.011626293809058552
0,5,5,35,0.00032360582550540565,0.9998388072140768,0.10076907277107239,0.024080384624539874,0.002209809214242405,0.9988962715730252,0.10496154986321926,0.02203875821260226
0,5,6,35,0.001426498074686764,0.999289779776817,0.23325469344854355,0.032878707843337907,0.01172840672333485,0.9941630035711158,0.19734075665473938,0.055347693647490814
0,5,7,35,0.0017216168834404205,0.9991389503151946,0.23074379563331604,0.04497122808425047,0.008725437549769035,0.9957085409167142,0.20559537410736084,0.03864261012904535
0,5,8,35,0.00209322605837608,0.998954619060681,0.22256654500961304,0.04856772486164118,0.0070012195249700235,0.9965094789481995,0.1495032012462616,0.03962150166807987
0,5,9,35,0.001982988292282181,0.9990367422050779,0.1985100507736206,0.0570392593217548,0.006870280013616284,0.9966244755500109,0.1329352855682373,0.039444969243049854
0,5,10,35,0.0014185291930421293,0.9993203560244825,0.1877729892730713,0.04380615099580609,0.005876338706485991,0.9971144738541378,0.12136727571487427,0.035730198327200924
0,5,11,35,0.001644799643343631,0.9991777234686632,0.22130584716796875,0.0438599177141441,0.010201250354707293,0.9949492232684144,0.19136183708906174,0.05661211623919371
0,5,12,35,0.0024488718255902377,0.9988187431493671,0.26371848583221436,0.05612533527892083,0.0066913710898863,0.9967167225471527,0.2653789222240448,0.055975648436287884
0,5,13,35,0.0016647136356525752,0.9991728570478656,0.21730434894561768,0.04733367114022258,0.005597504223772836,0.9972120637553411,0.2060530185699463,0.046965214187366655
0,5,14,35,0.0013378813499808505,0.9993511096983989,0.21447965502738953,0.03869938536081463,0.008583718440943586,0.995699451667799,0.2420945167541504,0.06140768206341818
0,5,15,35,0.0018548824005989134,0.9990733950249336,0.23739337921142578,0.037466063142346684,0.0066908599867554685,0.9966742770628803,0.33222174644470215,0.08767673449256108
0,5,16,35,0.0032008947131993643,0.9983982848880266,0.28160786628723145,0.05026510918287386,0.008891397318521226,0.9955521669198013,0.3051221966743469,0.06485417393832904
0,5,17,35,0.003300328779553489,0.9984840515969767,0.40163612365722656,0.05820303278960637,0.01000526343946895,0.9951038374525246,0.267910897731781,0.05457228583327378
0,6,0,36,5.805594277713207e-13,0.9999999999997411,8.58306884765625e-06,7.561648089904338e-07,4.542828995788894e-13,0.9999999999997733,6.67572021484375e-06,1.0397052392363548e-06
0,6,1,36,1.2831541617372876e-12,0.9999999999994256,1.049041748046875e-05,1.2846649042330682e-06,3.4475879785845265e-12,0.999999999998287,1.2874603271484375e-05,2.8966678655706346e-06
0,6,2,36,2.6499645334838074e-12,0.9999999999986764,1.33514404296875e-05,2.0738007151521742e-06,4.5537553770334276e-12,0.999999999997748,8.58306884765625e-06,2.1621926862280816e-06
0,6,3,36,3.6001156408151346e-06,0.9999982335164777,0.00975799560546875,0.002559695261879824,2.797040609249771e-05,0.9999860242454357,0.012323617935180664,0.0031539600395262823
0,6,4,36,5.0033877744955244e-05,0.9999751611472374,0.0438041090965271,0.009526932255539577,0.00027157688151305454,0.9998648706412877,0.039702653884887695,0.008745996810830547
0,6,5,36,0.00011520348681700438,0.9999426236815991,0.06828294694423676,0.015935568011627765,0.0008050630857960692,0.999598777864593,0.04882866144180298,0.01433250788704754
0,6,6,36,0.00044377649455544266,0.9997824539504662,0.12853264808654785,0.02174563056905754,0.006772489398869368,0.9966374500256139,0.10064157843589783,0.030238289131375495
0,6,7,36,0.0006878478369701849,0.9996574699479607,0.10523340851068497,0.030456269727437757,0.0030192676151163324,0.9985292496544138,0.1031976044178009,0.0210041084360455
0,6,8,36,0.001032688759980154,0.9994932284165996,0.20111137628555298,0.038650676451652544,0.006365435647624986,0.9968165743478558,0.1441328376531601,0.029384902610217978
0,6,9,36,0.0012871763602068454,0.9993685157371528,0.18328547477722168,0.045681857387535274,0.01172507656465118,0.9941211555705715,0.12494325637817383,0.03929919650181546
0,6,10,36,0.0013233925353418568,0.9993620518850931,0.18594956398010254,0.04339803303446388,0.004241447881656473,0.997914577321473,0.14248967170715332,0.03418061471325018
0,6,11,36,0.0013293966275825448,0.9993388624852624,0.14804312586784363,0.036678076765383594,0.0049292675938830376,0.9975358219910416,0.16187289357185364,0.035596659137354436
0,6,12,36,0.0017142177043892256,0.9991611508537805,0.2944806218147278,0.04005917291033256,0.011593781178293842,0.9942321611869591,0.15120923519134521,0.04436066808693795
0,6,13,36,0.0011765769695236414,0.9994209692487314,0.16819524765014648,0.037467407953954535,0.006658140011225963,0.9966655061531857,0.14036470651626587,0.0402886962856428
0,6,14,36,0.002018296720911656,0.9990036861875734,0.21674728393554688,0.03743907289754134,0.0018424569877044355,0.9991310246853952,0.22877401113510132,0.05773729439533781
0,6,15,36,0.003850560409201812,0.9982952461991353,0.2393590807914734,0.033352532071148744,0.0012835654603893206,0.999366813296486,0.25046443939208984,0.08539749072224367
0,6,16,36,0.0026872363523729346,0.99870564010136,0.2417694330215454,0.047705678443890065,0.01235097711333815,0.9938831044669523,0.3003321886062622,0.07332507757314488
0,6,17,36,0.004156402895088182,0.997948014429969,0.2067318968474865,0.06328559474059148,0.005475940044728782,0.9972811470627521,0.29762475192546844,0.061645354277061415
0,7,0,37,5.0994490938988e-13,0.9999999999997541,5.7220458984375e-06,7.681883289478719e-07,5.734207673499998e-13,0.9999999999997143,1.0013580322265625e-05,1.0876428859774023e-06
0,7,1,37,1.00667808850728e-12,0.9999999999995076,4.947185516357422e-06,1.1645970516838133e-06,4.394413411998134e-12,0.9999999999978268,1.3113021850585938e-05,3.4182012313976884e-06
0,7,2,37,2.001170666680707e-12,0.9999999999990044,8.106231689453125e-06,2.0308070816099644e-06,1.9065485951986574e-12,0.9999999999990562,6.67572021484375e-06,1.7269485397264361e-06
0,7,3,37,3.504602569802838e-06,0.9999983407493934,0.011597156524658203,0.0026788947943714447,1.3809843032820374e-05,0.9999931052054752,0.011380761861801147,0.0027683753197607075
0,7,4,37,5.235214967961814e-05,0.999974734472743,0.05079841613769531,0.009859878944553202,0.0002723295393529416,0.999864033657742,0.03299066424369812,0.009405424841133936
0,7,5,37,9.828490257821733e-05,0.999951500546885,0.06393444538116455,0.015368913431302644,0.000681004161435833,0.9996607439353842,0.04952824115753174,0.01294145938800284
0,7,6,37,0.0003671285199615972,0.9998179994029343,0.10248470306396484,0.020578487714374205,0.002278056679008124,0.9988635521382286,0.0929374098777771,0.028664870639659057
0,7,7,37,0.00031003900339603765,0.9998449984768576,0.09826302528381348,0.021326063011656515,0.0009928195295242637,0.9995139164672481,0.06404000520706177,0.018122570178093156
0,7,8,37,0.00046932417209761634,0.9997707869008527,0.1254582405090332,0.02835752221290022,0.0024853130772830986,0.9987906603968727,0.08459928631782532,0.0231707768580236
0,7,9,37,0.0005603324422766893,0.9997202872016122,0.12143370509147644,0.029153294877687586,0.0046971352549525155,0.9976585202517159,0.09848988056182861,0.025179852514156664
0,7,10,37,0.0006413371895294921,0.9996801389969374,0.13898849487304688,0.03325176998623647,0.0020627988683861293,0.9989688500641415,0.10931623727083206,0.0226711701034219
0,7,11,37,0.0007475531438899722,0.9996269589111647,0.12536227703094482,0.028509177587693557,0.00268527807501206,0.9986900561601686,0.12164348363876343,0.03330983137493604
0,7,12,37,0.000882212941579472,0.9995773980829025,0.16357243061065674,0.03068007131514605,0.0023931667739849082,0.9988283648594846,0.11668086051940918,0.031853953003519564
0,7,13,37,0.0008292292949538472,0.9995863281652406,0.12395429611206055,0.036808155753533356,0.003067082466969286,0.9984847563916865,0.12322944402694702,0.03258053197350819
0,7,14,37,0.0007542153577085131,0.9996237061037834,0.1340562105178833,0.028830095207013073,0.0008191457857883377,0.9995903719309147,0.1592864990234375,0.04509609468823328
0,7,15,37,0.0008905339516189692,0.9995546788837001,0.119873046875,0.025810693587118294,0.0020253966299034346,0.9989869103141771,0.3385152816772461,0.07429009844054235
0,7,16,37,0.0011241634446282262,0.999438633679234,0.15877079963684082,0.03503879463823978,0.00438899598209741,0.9978037564197345,0.2068125605583191,0.05097705957450671
0,7,17,37,0.001365458621261187,0.999331183014934,0.15227419137954712,0.03676272299821903,0.00446722533594864,0.9977780195054269,0.14313453435897827,0.04206139977213752
0,8,0,38,3.58810375819858e-13,0.9999999999998209,3.337860107421875e-06,5.888068699277937e-07,4.2137711798428316e-13,0.9999999999997894,7.152557373046875e-06,1.1296779121039435e-06
0,8,1,38,1.7889855913417385e-12,0.9999999999991062,9.5367431640625e-06,1.4436081983149052e-06,1.1209332547040732e-11,0.9999999999943966,1.8835067749023438e-05,3.7892859836574644e-06
0,8,2,38,9.503277047816984e-12,0.9999999999953595,1.3589859008789062e-05,3.3579563023522496e-06,3.4594572204907265e-11,0.9999999999828713,1.4066696166992188e-05,3.7348381738411263e-06
0,8,3,38,1.4096260663105496e-05,0.9999929693261267,0.0200880765914917,0.004311137439799495,0.0001238437332810207,0.9999382162240423,0.020685672760009766,0.0060770010995838675
0,8,4,38,0.00014270273088260666,0.9999291047131851,0.06134992837905884,0.015381923749373527,0.0007205332042342791,0.9996403292641365,0.05393505096435547,0.012052447333189775
0,8,5,38,0.00023189941731456757,0.9998855160065316,0.09567420184612274,0.021582151028269436,0.000898245470750356,0.9995528991549479,0.07650727033615112,0.01699907825968694
0,8,6,38,0.0005998976723612824,0.9997001219849022,0.15100038051605225,0.0249850897671422,0.0023836289516985876,0.9988077939838896,0.11160781979560852,0.03175579185699462
0,8,7,38,0.0010634592536720097,0.9994707393199797,0.17718248069286346,0.03965691672965477,0.006522202145706406,0.9967500128856399,0.11332166194915771,0.031944698892289125
0,8,8,38,0.0014053746098528638,0.9993155028304522,0.2777781216427684,0.04293572692768066,0.004965115045339577,0.9976388493052477,0.10279014706611633,0.02832052664746243
0,8,9,38,0.0013380196479861257,0.9993314761322425,0.17274051159620285,0.04508613133657491,0.008448441267347234,0.99577324835213,0.19040316343307495,0.03322668215878366
0,8,10,38,0.002088855970285758,0.998958165065131,0.2846362590789795,0.0545460837383871,0.005780053216061287,0.9971110943433915,0.14311994425952435,0.04046921101598855
0,8,11,38,0.0011599875102820433,0.9994200152831185,0.18057781457901,0.039178366016130894,0.006751153401830974,0.996639951280331,0.22727513313293457,0.048114309642187436
0,8,12,38,0.002124993930073124,0.9989619560510236,0.27332508470863104,0.049889711448486196,0.008903091255322753,0.9958465640958726,0.16688305139541626,0.049493037067804835
0,8,13,38,0.0015049752057035427,0.9992533001627423,0.2526455819606781,0.04942941480112495,0.0055969650014344695,0.9973729889500698,0.17544108629226685,0.04299087050731032
0,8,14,38,0.0012780158524329413,0.9993735644973544,0.1760939359664917,0.03869279897844535,0.0030656368563048287,0.9984816326554489,0.2099096179008484,0.06032272463926347
0,8,15,38,0.001501056206909879,0.9992555211094978,0.1724541187286377,0.03010063278270536,0.0017590959996513476,0.9991663769303476,0.28307420015335083,0.07895243227176252
0,8,16,38,0.001631670860023189,0.9991896722237262,0.17389994859695435,0.04318721588788321,0.009692577913795701,0.9951861497126662,0.2521209418773651,0.05972068444316392
0,8,17,38,0.0028171438469857006,0.998616182221573,0.2529487609863281,0.0586459740443388,0.004585091797558732,0.9977231847669542,0.22861528396606445,0.05125892786077202
0,9,0,39,4.579217370716874e-13,0.999999999999779,7.62939453125e-06,7.141461537685245e-07,6.1392803068282e-13,0.9999999999996937,8.58306884765625e-06,1.2052059901179746e-06
0,9,1,39,1.0425955936399081e-12,0.9999999999995395,1.239776611328125e-05,1.1830634321086109e-06,2.569400684411879e-12,0.9999999999987208,1.3828277587890625e-05,3.011482476722449e-06
0,9,2,39,2.9176197329917725e-12,0.9999999999985859,1.049041748046875e-05,2.279070031363517e-06,3.001877222201245e-12,0.9999999999984991,8.821487426757812e-06,2.058292920992244e-06
0,9,3,39,5.44368978562601e-06,0.9999973707082922,0.018174171447753906,0.0029352456476772204,3.673623560790721e-05,0.9999816671778503,0.0137406587600708,0.004074030606716406
0,9,4,39,6.49008932545152e-05,0.9999676680946611,0.0475231409072876,0.010401871761132497,0.00035518051292467097,0.9998224626585991,0.03525233268737793,0.00994387341052061
0,9,5,39,0.00015231066346239942,0.9999262085724622,0.12774896621704102,0.018151909556763712,0.0008342020177434802,0.9995828476687649,0.04564309120178223,0.01431110503472155
0,9,6,39,0.00036806281489970484,0.9998176362407373,0.10307466983795166,0.019770429918935406,0.0025880063516823255,0.9987481883093781,0.08547401428222656,0.02517657261887507
0,9,7,39,0.0006095357436583265,0.9996953323617432,0.16954386234283447,0.029652841098140925,0.0027407299937266478,0.9986404230841242,0.1296709179878235,0.022346645044549973
0,9,8,39,0.001094810305677917,0.999452842324115,0.21791663765907288,0.043458591964736115,0.004432889241786481,0.9977816930906522,0.1189417839050293,0.03307148686508299
0,9,9,39,0.0012095792391709215,0.9993996222878104,0.1989639848470688,0.044483757837952,0.005502651867879317,0.9972483441781905,0.13800759613513947,0.03275493992441625
0,9,10,39,0.0011078252083532734,0.9994499561786242,0.2296532392501831,0.04166014161455678,0.003441214982391601,0.9982952219061915,0.11925539374351501,0.030460058235803444
0,9,11,39,0.0011121889716477792,0.9994502486658674,0.16260921955108643,0.034752726831356995,0.003336443855046022,0.998343358837298,0.16807885468006134,0.03809725450173573
0,9,12,39,0.0016354173146860248,0.9992057197295668,0.3046598434448242,0.041133037324470934,0.005824234375591685,0.9970992445889344,0.16412484645843506,0.04905233535282605
0,9,13,39,0.0010645257125965041,0.9994747412941172,0.1588788628578186,0.04241776723210933,0.0038772322032814208,0.9980742685532995,0.1557659413665533,0.03972678886839276
0,9,14,39,0.0014052163219615051,0.9993071086681118,0.18691182136535645,0.03302324109245092,0.0028186017476817793,0.9986353237326853,0.2723699063062668,0.061024223614367656
0,9,15,39,0.00222227767605671,0.9989871966580045,0.18658709526062012,0.034492592586502724,0.00435732849199165,0.9978445849057672,0.39961451292037964,0.08995342373623316
0,9,16,39,0.0029546924241051127,0.9985298094284296,0.2204526662826538,0.052202090359060094,0.009974753031992451,0.995093845457996,0.2804490327835083,0.06860533074802788
0,9,17,39,0.0019875589821864905,0.9990117051132983,0.17845487594604492,0.04382666839592275,0.005865826115251614,0.9970961909066036,0.17876684665679932,0.049910738087419304
0,10,0,40,3.603085444534437e-13,0.9999999999998201,2.6226043701171875e-06,5.89967385167256e-07,4.2137711798428316e-13,0.9999999999997894,7.152557373046875e-06,1.1296779121039435e-06
0,10,1,40,1.4908662172837413e-12,0.9999999999992548,5.304813385009766e-06,1.3622666301671416e-06,1.0902596426921325e-11,0.9999999999945487,1.9073486328125e-05,3.881451448251028e-06
0,10,2,40,9.129813690353664e-12,0.9999999999954968,1.4185905456542969e-05,3.2292009564116597e-06,2.0553066366997354e-11,0.9999999999897293,1.2025237083435059e-05,3.039079274458345e-06
0,10,3,40,1.4223968803435017e-05,0.9999931539864249,0.018437206745147705,0.004034783396491548,0.00011502158645762437,0.9999425074324094,0.019352853298187256,0.006129663754563808
0,10,4,40,0.00018826362845736588,0.9999058881257146,0.0821387767791748,0.016871793823156622,0.0009121627428391132,0.9995446460195118,0.05020943284034729,0.014483314435437933
0,10,5,40,0.0002550051281776731,0.9998724994935958,0.09022712707519531,0.01939907712949207,0.0014482350848805214,0.9992809508853603,0.07012878358364105,0.019636517301478307
0,10,6,40,0.0007444946183113152,0.9996400119975783,0.1710832118988037,0.025855865955236368,0.005504766535791189,0.9972841524144891,0.12919563055038452,0.03456375432870118
0,10,7,40,0.0013677510109085327,0.999316467749913,0.1967775672674179,0.03837933511749725,0.005658580033558634,0.9971996156136747,0.13866734504699707,0.030460830455922405
0,10,8,40,0.0017550593775825921,0.9991280710920074,0.2468860149383545,0.04692430725117447,0.005932975455616878,0.9970608473768355,0.13637731969356537,0.03398446037317626
0,10,9,40,0.0015386423653664268,0.9992506861007299,0.2280409336090088,0.05012986149813514,0.008553049095986762,0.9957490389239202,0.1463417410850525,0.04005150264367785
0,10,10,40,0.0015452388425203473,0.9992291208648981,0.2629672735929489,0.04793027249615989,0.005376729118639526,0.9973398329323357,0.1588473916053772,0.03727763714141474
0,10,11,40,0.0011649884389347321,0.9994229504074841,0.18311595916748047,0.04040065398294246,0.0052932949713121145,0.9973724094030741,0.18358658254146576,0.04564393166037917
0,10,12,40,0.0015647712451831016,0.9992175304772986,0.1814618706703186,0.04495776462863432,0.010732563589957266,0.9946284277928565,0.17940297722816467,0.04866503895755159
0,10,13,40,0.0013770605523988656,0.9993242963792508,0.1796783208847046,0.045583252220239956,0.007093994984962845,0.9964558054498036,0.17210310697555542,0.050912765769680846
0,10,14,40,0.0011294732404795898,0.999444534683245,0.17858099937438965,0.036758431768248556,0.004947649894254227,0.9975245085651919,0.2362656146287918,0.05506373370553774
0,10,15,40,0.0011063987689510933,0.9994467427243833,0.1312328577041626,0.029990360621923173,0.0020936690380049514,0.99895304436925,0.277945339679718,0.07812024339727941
0,10,16,40,0.0020056076357652377,0.9990141429497377,0.24278366565704346,0.04489344882313162,0.006362916751932791,0.9969436173571686,0.18540149927139282,0.05416424829400057
0,10,17,40,0.0018389800999284753,0.9990803124652256,0.1913478747010231,0.04694325604577898,0.004797780978940513,0.9976028594763897,0.15775763988494873,0.04724462131707696
0,11,0,41,6.058863741178995e-13,0.9999999999997201,1.049041748046875e-05,7.244234438985586e-07,6.892488696345498e-13,0.9999999999996618,1.049041748046875e-05,1.4405959518626332e-06
0,11,1,41,1.0634576879515845e-12,0.999999999999478,7.62939453125e-06,1.2612581485882401e-06,2.5036354169310803e-12,0.9999999999987488,1.1563301086425781e-05,2.7948760816798313e-06
0,11,2,41,3.092209925979512e-12,0.9999999999984539,1.0967254638671875e-05,2.4289183784276247e-06,4.5071438760590924e-12,0.9999999999977899,9.179115295410156e-06,2.4305045371875167e-06
0,11,3,41,5.770195929742088e-06,0.9999971555712276,0.013383746147155762,0.003244568608351983,3.711156589572721e-05,0.9999814516256607,0.013375610113143921,0.004349267282123037
0,11,4,41,8.422060208771881e-05,0.9999590699200486,0.06926167011260986,0.012972208482096903,0.00043897589357097386,0.9997807670593125,0.0480685830116272,0.013073173346583644
0,11,5,41,0.00019416936847005758,0.9999032906291317,0.10480976104736328,0.020662499988247873,0.0014428400779990809,0.9992857549361259,0.06923989206552505,0.02100514561880118
0,11,6,41,0.0007922646780482231,0.9996152956268399,0.15937507152557373,0.02987431502151594,0.00362114498729047,0.9982002886613973,0.11142832040786743,0.03540341685220483
0,11,7,41,0.0011019462250452092,0.999451088739613,0.18101680278778076,0.041726626332092565,0.003774471333156092,0.9981109877839018,0.11183393001556396,0.030179554642018047
0,11,8,41,0.0011789448439774944,0.9994149565099565,0.19343256950378418,0.04112759287090739,0.004801954316991925,0.9976083131027994,0.12332940101623535,0.03145577636701091
0,11,9,41,0.0015410829997132096,0.9992305938030492,0.2640998214483261,0.046663030592753785,0.00874107571909456,0.9956770790075563,0.12975537776947021,0.03623192919394569
0,11,10,41,0.0014874955092983415,0.999259642565796,0.30687451362609863,0.05022378471767297,0.005118028209322372,0.9974483100460589,0.17608940601348877,0.03658885887671204
0,11,11,41,0.0017065996408487073,0.9991487167309879,0.21280336380004883,0.04402213595403737,0.00505135944840189,0.9975219480100392,0.2620357275009155,0.04251813127848436
0,11,12,41,0.004139442130624226,0.9979809699714082,0.4924960136413574,0.06465699095861055,0.008549851960332727,0.995893933971992,0.2324976921081543,0.05419095317438405
0,11,13,41,0.00165558189914099,0.9991796138498135,0.3090904951095581,0.04950947375618853,0.007463421508196928,0.9962613361244085,0.16939306259155273,0.045207137448869616
0,11,14,41,0.0017785678194393725,0.999117171245184,0.26803577691316605,0.04231645900563308,0.002177873080293778,0.9989269188355875,0.2139425277709961,0.05806219680016511
0,11,15,41,0.002234472679090946,0.9988821472044292,0.18043255805969238,0.03679196982557187,0.002959850562570338,0.9985189835520782,0.40199512243270874,0.09954980555630755
0,11,16,41,0.0017618329357612665,0.9991188790520273,0.33829379081726074,0.04477578157457174,0.004616271997210956,0.9976994735939323,0.27762919664382935,0.057259887709165014
0,11,17,41,0.001907307057807572,0.9990474898719707,0.19835352897644043,0.04726933662459487,0.004510881664119332,0.9977601155192456,0.20234045386314392,0.04889771421221667
0,12,0,42,3.764943443638847e-13,0.9999999999998133,5.245208740234375e-06,6.753907655365765e-07,6.438101360793924e-13,0.9999999999996844,1.0013580322265625e-05,1.2782984413206577e-06
0,12,1,42,9.362637969056355e-13,0.9999999999995484,4.5299530029296875e-06,1.1868105502799153e-06,4.652067855662461e-12,0.999999999997686,1.811981201171875e-05,3.2936513889580965e-06
0,12,2,42,3.4150810480174155e-12,0.9999999999982947,9.059906005859375e-06,2.408865839242935e-06,4.037512760625721e-12,0.9999999999979817,9.417533874511719e-06,2.2775348043069243e-06
0,12,3,42,3.0837524668115077e-06,0.9999984819013419,0.010150790214538574,0.0023037863211357035,1.6975495256048326e-05,0.9999915696362365,0.014258354902267456,0.0028290138402553566
0,12,4,42,4.044196505787829e-05,0.999979800033746,0.040665507316589355,0.00872483631974319,0.0001959132447061296,0.999902208884381,0.04078221321105957,0.008036155835725367
0,12,5,42,0.00013603899573382593,0.9999326672395578,0.10194063186645508,0.01839707557519432,0.0008255693280565636,0.9995892750534302,0.05380132794380188,0.015953665733604794
0,12,6,42,0.0005413319055255807,0.9997299069536713,0.13602137565612793,0.023307263560127467,0.003963740897403669,0.9980207902688176,0.13391679525375366,0.03319916957741498
0,12,7,42,0.000760852565744234,0.9996204058609205,0.14791866019368172,0.03365710681100609,0.003581147376642335,0.9982494269758815,0.10272073745727539,0.027975934493497334
0,12,8,42,0.0011966402773075154,0.9994028588172632,0.2790367603302002,0.04394878425591742,0.003904620818188696,0.9980536286720841,0.09680817276239395,0.02947148338489569
0,12,9,42,0.0009588630532390571,0.9995221982653975,0.13911429047584534,0.039987112944800174,0.007606584104240735,0.9962015915221747,0.10827785730361938,0.03002647219955179
0,12,10,42,0.001108419870382359,0.9994482326751355,0.21611130237579346,0.043139633860846516,0.0033536067050433066,0.9983398478296485,0.11666011810302734,0.02815834167358844
0,12,11,42,0.0012504007687670043,0.9993793615429449,0.22405314445495605,0.03500261863518972,0.0036539978209203985,0.9981791547303724,0.13963258266448975,0.03772893427822055
0,12,12,42,0.00169163063601837,0.9991723233070965,0.2723884582519531,0.042809155810346056,0.005880884768891134,0.9970599552152455,0.1521596908569336,0.03733088360286274
0,12,13,42,0.0011222457633249068,0.9994404328023936,0.19038698077201843,0.03989224345059483,0.006065179797342791,0.9969863438314466,0.15651311725378036,0.04087261718245827
0,12,14,42,0.0012018152599767348,0.9994097567258348,0.1986476182937622,0.032544493398745544,0.001921366841968111,0.9990440535999214,0.18813258409500122,0.0524975507560157
0,12,15,42,0.0019060107543084125,0.9990741618526469,0.3094940185546875,0.03183656122928369,0.002667818751659735,0.9986740789955382,0.2922002226114273,0.08896381354315963
0,12,16,42,0.0027327123728676374,0.998638913705521,0.26520657539367676,0.054914934159569384,0.0074093507005777316,0.9962912704065703,0.3127065598964691,0.0689071407659867
0,12,17,42,0.0027125929547639626,0.9986439133772431,0.22201967239379883,0.05481525389404851,0.009171372272970019,0.9954038152581307,0.2802565395832062,0.06194736737779749
0,13,0,43,5.219442518266627e-13,0.9999999999997409,6.198883056640625e-06,7.351263775490224e-07,4.3397571909619633e-13,0.999999999999784,5.9604644775390625e-06,1.1195807019248605e-06
0,13,1,43,1.517481419897443e-12,0.9999999999992447,5.3942203521728516e-06,1.5584446373395622e-06,4.6092930221197036e-12,0.999999999997705,1.33514404296875e-05,3.677996573969722e-06
0,13,2,43,3.980210934051771e-12,0.9999999999980165,1.0371208190917969e-05,2.452768967486918e-06,4.844356527292964e-12,0.9999999999975839,9.119510650634766e-06,2.33555692830123e-06
0,13,3,43,1.0439776619252138e-10,0.9999999999484267,6.175041198730469e-05,1.3870107068214566e-05,5.830473942712057e-10,0.99999999970882,6.851553916931152e-05,1.60158087965101e-05
0,13,4,43,2.172060327075587e-05,0.9999894803736366,0.028290987014770508,0.006224066746653989,9.094709899916957e-05,0.9999548698761888,0.019789069890975952,0.005885530567184105
0,13,5,43,0.00015392446577449674,0.9999264647914895,0.09477758407592773,0.018674253369681537,0.0008355042383401887,0.9995910299354799,0.055544495582580566,0.016284514482322265
0,13,6,43,0.0010181740664874212,0.9994982993621221,0.2043953537940979,0.030717318615643308,0.005607433168403543,0.9972465814291801,0.21132711321115494,0.04505874483993466
0,13,7,43,0.0009895274733517584,0.9995052723057886,0.19078493118286133,0.036167567577649606,0.0026537321237034943,0.9986807173114124,0.1328015923500061,0.029358034533288446
0,13,8,43,0.0011350295828792267,0.9994346533464102,0.2008073329925537,0.039099448266824766,0.004469180970832546,0.9977629382609166,0.108059823513031,0.035449191689394866
0,13,9,43,0.0018364445006893528,0.9991581882998144,0.2471168041229248,0.04813776873925235,0.007419633423511647,0.9963459268541696,0.19172120094299316,0.039192882724819356
0,13,10,43,0.0015614531323173517,0.9992214187620262,0.2295159101486206,0.052269073588831816,0.0053353764096017355,0.9973306363724094,0.1545841172337532,0.03960713847163788
0,13,11,43,0.0015675659044360245,0.9992174460026748,0.1809908151626587,0.04381135253061075,0.004587314586169109,0.9977253765170153,0.2054615616798401,0.052172871278344246
0,13,12,43,0.0019357111355799692,0.9990349253299611,0.24605679512023926,0.04783565273100976,0.007696480213313461,0.9962319399099465,0.19133812189102173,0.052841853582322074
0,13,13,43,0.0012505696500377521,0.9993903943199607,0.19501209259033203,0.04225167940603569,0.005204514083552636,0.9973960531600583,0.196863055229187,0.04564881820442679
0,13,14,43,0.0018503885957613367,0.9991546530088584,0.21747398376464844,0.042342322260083165,0.004187744295319439,0.9979292647832244,0.24935054779052734,0.07304715584541555
0,13,15,43,0.0016446306016257226,0.9991802508080554,0.16377830505371094,0.03364355863595847,0.005360655310838465,0.9973614837694326,0.3342794179916382,0.09001961629383004
0,13,16,43,0.002013660343106009,0.9990527565624566,0.22715872526168823,0.04315624066293822,0.007777291171228732,0.9961710773603655,0.19656819105148315,0.05414289754116908
0,13,17,43,0.001440419654418517,0.9992822445931648,0.17266058921813965,0.039427120811978966,0.006468009405630424,0.9968225780700276,0.17008650302886963,0.04355637333719642
0,14,0,44,6.750629331262981e-13,0.9999999999997131,1.430511474609375e-05,7.014587026787922e-07,4.502388072247448e-13,0.9999999999997767,6.198883056640625e-06,1.1002193787135184e-06
0,14,1,44,1.217549797665587e-12,0.9999999999994631,1.049041748046875e-05,1.160653482656926e-06,3.8039681593752826e-12,0.999999999998105,1.049041748046875e-05,2.6091947802342474e-06
0,14,2,44,2.3067068451612335e-12,0.9999999999988469,1.1444091796875e-05,1.9259750843048096e-06,5.018257216963138e-12,0.9999999999975075,7.3015689849853516e-06,2.120366843882948e-06
0,14,3,44,2.3770503392091765e-06,0.9999988527706372,0.009637892246246338,0.0021887324764975347,2.4928777485373587e-05,0.9999875932882573,0.010552510619163513,0.0026647907770893653
0,14,4,44,7.127153778377567e-05,0.999964404275949,0.05269432067871094,0.01235983200785995,0.0003353612883132531,0.9998327572300654,0.036996424198150635,0.011001829942870245
0,14,5,44,0.00017316052617957067,0.9999135276710568,0.11893177032470703,0.018374471022980288,0.0009865628549729213,0.9995158393400825,0.0640186071395874,0.016197280781852896
0,14,6,44,0.0002784085495757949,0.9998618222817187,0.10505843162536621,0.016582641808781773,0.003874489372602134,0.9980898330864948,0.10919433832168579,0.023912724164802057
0,14,7,44,0.0006996792881779075,0.9996549355655174,0.13140344619750977,0.030959223069658037,0.004222819881758888,0.997916895825703,0.1077977642416954,0.02585848019725745
0,14,8,44,0.001647146858547432,0.9991763927480818,0.3004797101020813,0.04506045073867426,0.007541633824684511,0.9962314721651299,0.15054799616336823,0.03103544458468832
0,14,9,44,0.00137255580357842,0.9993394766362622,0.2168341875076294,0.045267984867678024,0.012697478661666227,0.9936357646037826,0.16910672932863235,0.03688173974546771
0,14,10,44,0.0013568676434118564,0.9993215867294878,0.22033512592315674,0.043636623115162365,0.0036518969005294053,0.9981751021011446,0.11685919761657715,0.03290365996872424
0,14,11,44,0.0009319477404182751,0.9995455952885574,0.1601545847952366,0.03388256432663184,0.003921002429503808,0.9980498997140544,0.12980449199676514,0.03236070350118325
0,14,12,44,0.0011522108700436642,0.9994309178230817,0.1735626459121704,0.03680747137332219,0.009976035429098654,0.9951599779818641,0.18077102303504944,0.03818710122050106
0,14,13,44,0.0007280919351810178,0.9996501751102064,0.19427287578582764,0.029212455527158454,0.00363848424681099,0.9981918143324157,0.09456378221511841,0.029862937044526916
0,14,14,44,0.0009105417345266566,0.9995451860679841,0.1747443675994873,0.0268882169839344,0.001782979301024637,0.9991083305248958,0.17322301864624023,0.04693150060302287
0,14,15,44,0.0015511644292540861,0.9992304701455695,0.14114326238632202,0.02829112161998637,0.0017305769165010703,0.9991539541230989,0.2473791241645813,0.07064341065415647
0,14,16,44,0.002006127700560722,0.9990009213193793,0.2308483123779297,0.04338786967127817,0.008091615994411014,0.9959628937971188,0.21139803528785706,0.05356133748080083
0,14,17,44,0.0024277291671764567,0.9987854148128729,0.21528315544128418,0.051532378027332015,0.003966665258848502,0.9980219555970713,0.22843271493911743,0.047507624411991856
0,15,0,45,3.915894850304951e-13,0.9999999999998053,4.76837158203125e-06,7.22655386198312e-07,5.069928518767935e-13,0.99999999999975,9.059906005859375e-06,1.1338888725731522e-06
0,15,1,45,6.884985724604241e-13,0.9999999999996595,5.0067901611328125e-06,1.0431904229335487e-06,2.6345332127974953e-12,0.99999999999869,1.3738870620727539e-05,2.7376372599974275e-06
0,15,2,45,2.0427560960135757e-12,0.9999999999989788,8.940696716308594e-06,1.965701812878251e-06,2.4520227775310574e-12,0.9999999999987794,8.58306884765625e-06,2.003856934607029e-06
0,15,3,45,1.1624468109904217e-06,0.9999994224698746,0.006563723087310791,0.001454192868550308,9.549261471775254e-06,0.999995244338219,0.007839500904083252,0.0021634748118231073
0,15,4,45,4.061071606196996e-05,0.9999800957720598,0.03347855806350708,0.00947234455452417,0.0002629097545180832,0.9998685801829799,0.031597018241882324,0.009376414207508788
0,15,5,45,8.108644444099962e-05,0.999959455957964,0.08601653575897217,0.014124193730822299,0.0005619202982914212,0.9997191983914471,0.03961986303329468,0.012053998239025532
0,15,6,45,0.0007148650043412562,0.9996459694601638,0.1335597038269043,0.02938569007528713,0.004948737751846037,0.9976014121236555,0.12376552820205688,0.03771328095581339
0,15,7,45,0.0006980686338695686,0.9996603948325596,0.13964343070983887,0.030332460923091276,0.0035321631253602964,0.9982390570790487,0.08314713835716248,0.02527830619510496
0,15,8,45,0.0011453637607011912,0.9994470691979422,0.20278453826904297,0.041119027857348556,0.006032774268561935,0.9969979014197453,0.11380159854888916,0.02871674278867431
0,15,9,45,0.0011252395883455271,0.9994421244743061,0.17340946197509766,0.04332885229086969,0.010273682509597707,0.9948540500392684,0.14754293859004974,0.0316822264367147
0,15,10,45,0.0012759590197196262,0.9993722285087936,0.180999755859375,0.0456845716398675,0.003950474376877522,0.998070149831907,0.14579728245735168,0.030559157987909202
0,15,11,45,0.000971836426481047,0.9995213136309808,0.1670289933681488,0.030944072619604412,0.0031812828569738826,0.9985362961551675,0.14074206352233887,0.030503752712775167
0,15,12,45,0.0010963295430693155,0.9994517610121373,0.16503265965729952,0.037240283523715334,0.0064897131927827215,0.9967520207234903,0.15630024671554565,0.03795140650436224
0,15,13,45,0.004526948921277245,0.9980545791123273,0.35150623321533203,0.08070648594548402,0.028711039931358373,0.9862379032485638,0.293670654296875,0.08275241896241425
0,15,14,45,0.0037489134141751967,0.998125037511724,0.31807613372802734,0.058907758473651484,0.007658971254725356,0.9964972459778224,0.40596187114715576,0.11818593346470152
0,15,15,45,0.005062807982335686,0.9974654153406369,0.22560715675354004,0.04948652814709931,0.006200080423329428,0.9968975884696308,0.5678184628486633,0.1506864262628369
0,15,16,45,0.005331867004790064,0.9973383620032101,0.4246821403503418,0.06831558136400417,0.011803603881961536,0.994098430545166,0.4088813215494156,0.09538907645583095
0,15,17,45,0.006044569816160512,0.9972771655571719,0.43978023529052734,0.07582120127335656,0.01434785540070086,0.9928439354119462,0.3392767906188965,0.07713398767191393
1,0,0,598,0.0,1.0,0.0,0.0,0.0,1.0,0.0,0.0
1,0,1,598,0.0,1.0,0.0,0.0,0.0,1.0,0.0,0.0
1,0,2,598,0.0,1.0,0.0,0.0,0.0,1.0,0.0,0.0
1,0,3,598,0.0,1.0,0.0,0.0,0.0,1.0,0.0,0.0
1,0,4,598,0.0,1.0,0.0,0.0,0.0,1.0,0.0,0.0
1,0,5,598,0.0,1.0,0.0,0.0,0.0,1.0,0.0,0.0
1,0,6,598,0.0,1.0,0.0,0.0,0.0,1.0,0.0,0.0
1,0,7,598,0.0,1.0,0.0,0.0,0.0,1.0,0.0,0.0
1,0,8,598,0.0,1.0,0.0,0.0,0.0,1.0,0.0,0.0
1,0,9,598,0.0,1.0,0.0,0.0,0.0,1.0,0.0,0.0
1,0,10,598,0.0,1.0,0.0,0.0,0.0,1.0,0.0,0.0
1,0,11,598,0.0,1.0,0.0,0.0,0.0,1.0,0.0,0.0
1,0,12,598,0.0,1.0,0.0,0.0,0.0,1.0,0.0,0.0
1,0,13,598,0.0,1.0,0.0,0.0,0.0,1.0,0.0,0.0
1,0,14,598,0.0,1.0,0.0,0.0,0.0,1.0,0.0,0.0
1,0,15,598,0.0,1.0,0.0,0.0,0.0,1.0,0.0,0.0
1,0,16,598,0.0,1.0,0.0,0.0,0.0,1.0,0.0,0.0
1,0,17,598,0.0,1.0,0.0,0.0,0.0,1.0,0.0,0.0
1,1,0,599,3.866163903654307e-13,0.9999999999998206,6.67572021484375e-06,6.965274224057794e-07,7.55718467293605e-13,0.999999999999623,1.0967254638671875e-05,1.3149547157809138e-06
1,1,1,599,8.063507635106326e-13,0.9999999999996321,5.7220458984375e-06,1.0697258403524756e-06,2.9802809886300108e-12,0.9999999999985129,9.775161743164062e-06,2.5764302336028777e-06
1,1,2,599,1.921162795656622e-12,0.9999999999990395,1.1682510375976562e-05,1.962289388757199e-06,2.624528766507049e-12,0.9999999999986886,8.106231689453125e-06,1.8807586457114667e-06
1,1,3,599,2.8408973009748277e-12,0.999999999998629,2.288818359375e-05,2.442895493004471e-06,3.2157915639639355e-11,0.9999999999839575,1.245737075805664e-05,3.0646911000076216e-06
1,1,4,599,3.9100088778223115e-12,0.9999999999980517,1.52587890625e-05,2.862841938622296e-06,2.7446483668651754e-11,0.9999999999863131,1.0848045349121094e-05,2.6885898023465415e-06
1,1,5,599,4.724778475201755e-12,0.9999999999976942,1.5459954738616943e-05,3.3187679946422577e-06,3.394418970347035e-11,0.9999999999830601,1.3679265975952148e-05,2.7410210350353736e-06
1,1,6,599,1.2171805994283719e-06,0.9999994188869764,0.00579524040222168,0.001285776001168415,1.7426128428726098e-05,0.9999913246190426,0.0058614760637283325,0.0014549026732311177
1,1,7,599,1.9247156944355617e-05,0.9999913259676689,0.029540061950683594,0.0057010228629224,9.31691333383834e-05,0.9999534162949918,0.016280829906463623,0.004485220575588755
1,1,8,599,0.00020042863229309332,0.9999011100969905,0.0814167857170105,0.01829085562076216,0.0014667809082929268,0.9992702199305171,0.074085533618927,0.015916526681394316
1,1,9,599,0.0005399962239840175,0.9997435439714542,0.13185539841651917,0.03156500941258855,0.0035141002217242813,0.9982466304774661,0.1208375096321106,0.028025302779951744
1,1,10,599,0.0005451843891078349,0.9997318192219609,0.20332813262939453,0.03355282291886397,0.0019532391007981726,0.9990238285091788,0.09510548412799835,0.022735749553248752
1,1,11,599,0.0005538988361234172,0.9997246496996991,0.12156224250793457,0.027192334775463678,0.002383792136560596,0.9988137618415676,0.11282116174697876,0.03055870899152069
1,1,12,599,0.000817333807855942,0.9996299213795249,0.2013951539993286,0.030821393469523173,0.0035609481190366156,0.9982307737194179,0.10530984401702881,0.02919137157550722
1,1,13,599,0.000685221815482294,0.9996607386104476,0.13841533660888672,0.032670311571564525,0.002307755661243129,0.9988472840716782,0.10963030159473419,0.028264160886465106
1,1,14,599,0.0009387880121092507,0.9995335551671417,0.1652928590774536,0.031748604858876206,0.00129060954121093,0.9993546408913021,0.17632031440734863,0.04590726583342075
1,1,15,599,0.000813187210852637,0.9995991820041201,0.16374659538269043,0.024186249873309862,0.0013973268120279017,0.9993015589423687,0.2336214780807495,0.06622400742344325
1,1,16,599,0.0012668863618223879,0.9993666954234455,0.1313292384147644,0.037066068849526346,0.0032507230804824394,0.9983733210105744,0.2385978102684021,0.05717176558391657
1,1,17,599,0.0024589239756448163,0.9987713857442849,0.18188202381134033,0.04526711720973253,0.003226303810317758,0.998386042082584,0.167949840426445,0.042966878350398474
1,2,0,600,4.5441672324972346e-13,0.9999999999997861,4.76837158203125e-06,6.756235961802304e-07,5.322997065200803e-13,0.9999999999997454,8.106231689453125e-06,1.2573873391374946e-06
1,2,1,600,6.168515296618318e-13,0.9999999999996917,5.7220458984375e-06,1.1350784916430712e-06,2.579112797753099e-12,0.9999999999987231,1.3709068298339844e-05,2.810851583490148e-06
1,2,2,600,2.3482186138196526e-12,0.9999999999988675,8.463859558105469e-06,2.082557330140844e-06,3.5251303112392294e-12,0.9999999999982377,7.62939453125e-06,1.9199833332095295e-06
1,2,3,600,2.158535662135696e-12,0.9999999999989213,7.867813110351562e-06,2.2173535398906097e-06,1.3516297945354401e-11,0.999999999993277,8.404254913330078e-06,2.470079436989181e-06
1,2,4,600,1.179715053583257e-06,0.9999994101577978,0.008929431438446045,0.0014958488172851503,7.698767262708991e-06,0.9999961522045548,0.005737364292144775,0.0014625356848227966
1,2,5,600,7.323042898862053e-05,0.9999634421902589,0.04875999689102173,0.012997338373679668,0.0005577556982066395,0.9997252654081824,0.04697154462337494,0.011556290694443305
1,2,6,600,0.000452892124950968,0.9997750718634565,0.09863033890724182,0.022635495217400603,0.00295965558539295,0.9985192802867281,0.13685302436351776,0.032553495801948884
1,2,7,600,0.0003691092194928783,0.9998247170191498,0.11071091890335083,0.027005214884411544,0.0013892758940106558,0.9993051798739788,0.06460493803024292,0.02199097193920352
1,2,8,600,0.0008799559000694618,0.9995628529263916,0.20558375120162964,0.03779567402671091,0.0039879706620413475,0.998018156011173,0.1356845200061798,0.03228975960405478
1,2,9,600,0.0006183380825812661,0.9997035345739759,0.14784348011016846,0.037236323216347955,0.0045574019368599525,0.9977425308361251,0.13497000932693481,0.03319654447204812
1,2,10,600,0.0008088218864637346,0.9995955905900449,0.2057342529296875,0.042404201898534666,0.004865589171769671,0.9975643636430418,0.11546220816671848,0.035752169354054786
1,2,11,600,0.0007398413251065195,0.9996300719205942,0.139998197555542,0.03264992895856267,0.0031126830713742613,0.9984432703633048,0.1416727602481842,0.037742132424682495
1,2,12,600,0.0009727134442214847,0.999515408915532,0.16791092604398727,0.038080022583017126,0.0039460238246135735,0.9980281031039174,0.1338794231414795,0.035056376340435236
1,2,13,600,0.0008674368657197073,0.9995667061379926,0.1364978551864624,0.03775344594032504,0.0032265580556880766,0.9983932300672472,0.1680901199579239,0.03474305646159337
1,2,14,600,0.0011804395335632966,0.9994135428041059,0.2498321533203125,0.037405317241791636,0.00214418389476284,0.998934833797294,0.22820305824279785,0.056237866071796816
1,2,15,600,0.0016167643967081404,0.9991977795146197,0.21013616025447845,0.03958545326895546,0.0030959559513055,0.9984509574090062,0.2689824104309082,0.08148738132513245
1,2,16,600,0.0025433812224673674,0.9987286722751295,0.21485209465026855,0.05357029245351441,0.0116809772134017,0.9944047811081631,0.32834523916244507,0.0722194547233812
1,2,17,600,0.00339496514075063,0.9983274668992385,0.2685450315475464,0.058667481258453336,0.005983241012224004,0.9970455572062743,0.2503727078437805,0.05921112098666015
1,3,0,601,5.581143969346324e-13,0.9999999999997226,3.814697265625e-06,4.296016413718462e-07,4.848453388100928e-13,0.9999999999997631,1.33514404296875e-05,1.0075345926452428e-06
1,3,1,601,1.3228316978149938e-12,0.9999999999993685,5.245208740234375e-06,1.2652526493184268e-06,1.1559274224182473e-11,0.9999999999942725,1.3470649719238281e-05,3.848322194244247e-06
1,3,2,601,7.8587921824372e-12,0.9999999999960936,1.4960765838623047e-05,3.1704548746347427e-06,2.2271889501479474e-11,0.9999999999888658,1.0520219802856445e-05,3.034769179066643e-06
1,3,3,601,4.4115208928036174e-12,0.999999999997813,1.2814998626708984e-05,2.499145921319723e-06,3.63984334135002e-11,0.999999999981802,1.1920928955078125e-05,3.891424057655968e-06
1,3,4,601,8.082395538939923e-12,0.999999999995959,1.8894672393798828e-05,3.6928977351635695e-06,3.7252158349462476e-11,0.9999999999813902,1.0848045349121094e-05,3.47246623277897e-06
1,3,5,601,2.8970151783266466e-05,0.9999856470557532,0.037689924240112305,0.007125068266759627,0.00012954838556866966,0.9999352996844777,0.02108287811279297,0.00564394130446999
1,3,6,601,0.00014741054238359957,0.9999263055016595,0.08649921417236328,0.011991059276624583,0.0012979431896929148,0.99935127610647,0.0607837438583374,0.018188043348345673
1,3,7,601,0.0005053482613157297,0.999747511683828,0.12538492679595947,0.029278183850692585,0.002556132065115587,0.9987722253838704,0.11235570907592773,0.02659122130353353
1,3,8,601,0.001198930083539013,0.9994039994677518,0.2153564691543579,0.04053806969932339,0.003664118702169008,0.9981701787036701,0.09574617445468903,0.031219759822306514
1,3,9,601,0.0008870615032700737,0.9995567302778028,0.1598445177078247,0.04229223260335857,0.00511474745608793,0.9974393512072804,0.1425769031047821,0.034936154911520134
1,3,10,601,0.001083793525004685,0.9994640119441214,0.24410498142242432,0.04681363641793723,0.003595253983629996,0.9982015559157115,0.12346053123474121,0.030637457734655982
1,3,11,601,0.0007735768756337783,0.9996136362631621,0.14928007125854492,0.03619674450601451,0.0036721941816993645,0.9981622189503381,0.1407831311225891,0.040541760563883145
1,3,12,601,0.0007752252271275266,0.9996123163396426,0.1708376407623291,0.03553614838392605,0.005654085140767653,0.9971701474001772,0.145626962184906,0.04257928655761134
1,3,13,601,0.0008044518282232137,0.9995977265535754,0.16883444786071777,0.035190160322599695,0.0023451635494321854,0.9988331233976483,0.13105642795562744,0.033372214871519645
1,3,14,601,0.001171816729261375,0.9994386160194637,0.16003860533237457,0.03451396355012548,0.004751439429491664,0.997653077159714,0.19759082794189453,0.05336597298241941
1,3,15,601,0.0014192620752964708,0.9992972525240948,0.2156367301940918,0.0276701880939072,0.0072881487057699585,0.9963620411904474,0.2624935507774353,0.07533975687260863
1,3,16,601,0.0023632315460729264,0.9988220872880467,0.23010654747486115,0.04609104244445916,0.008710575782566878,0.9956368056865829,0.3140779733657837,0.06620768600623705
1,3,17,601,0.0020883816850258683,0.9989633675349165,0.17672252655029297,0.05379814090701984,0.005176480125065391,0.9974156022733867,0.2149152159690857,0.055632195031648735
1,4,0,602,4.3541500046133537e-13,0.9999999999997915,4.291534423828125e-06,7.001362973824143e-07,6.022890537614508e-13,0.9999999999996991,1.049041748046875e-05,1.2616437743417919e-06
1,4,1,602,1.2761907133688947e-12,0.9999999999993623,7.68899917602539e-06,1.3771714293397963e-06,5.26629897431038e-12,0.9999999999973674,1.621246337890625e-05,3.1372246667160653e-06
1,4,2,602,3.994326172803268e-12,0.9999999999980271,1.049041748046875e-05,2.549524651840329e-06,1.2567395411229788e-11,0.9999999999937258,1.430511474609375e-05,2.8934127840329893e-06
1,4,3,602,3.575754517730457e-12,0.9999999999982137,9.238719940185547e-06,2.5451736291870475e-06,5.2314674089987727e-11,0.9999999999738731,1.4901161193847656e-05,3.4835295537050115e-06
1,4,4,602,7.637965596190532e-12,0.9999999999961956,1.5735626220703125e-05,3.5561679396778345e-06,3.977862817610314e-11,0.9999999999801154,1.4066696166992188e-05,3.5439838939055335e-06
1,4,5,602,6.969173329853898e-06,0.999996558233361,0.0202246755361557,0.00386084352794569,4.2997549807921076e-05,0.9999785862296489,0.013467520475387573,0.003540091101967846
1,4,6,602,0.00024371818532747656,0.999880094535798,0.06965911388397217,0.01670555325836176,0.0017533647538599693,0.9991401164213862,0.10270899534225464,0.022551232191290183
1,4,7,602,0.00024751483883686987,0.9998762422003034,0.08224594593048096,0.022523195279063657,0.001332839501941263,0.9993390451951993,0.0796746239066124,0.01704287261782156
1,4,8,602,0.0005791348324468775,0.999710552224529,0.15632915496826172,0.029711803581449203,0.002682648770905228,0.9986733231749618,0.08370722830295563,0.024747692655637366
1,4,9,602,0.0005649806112480781,0.9997219892208545,0.16111814975738525,0.036715700931381434,0.0035009484915386048,0.9982512348031087,0.11643785238265991,0.03146099692924054
1,4,10,602,0.0007022354331700643,0.9996498105878278,0.2240283116698265,0.03859118930995464,0.002769087562846824,0.9986222650425507,0.12440228462219238,0.030475637276708767
1,4,11,602,0.0013005847171761453,0.999364694492172,0.291156530380249,0.04828438989716233,0.007326735673111161,0.9963654348597127,0.23112326860427856,0.061291316908864246
1,4,12,602,0.0008967159840588964,0.9995581924228246,0.17974472045898438,0.035599648661445826,0.004930879147103459,0.9975561088779844,0.12369608879089355,0.04052768986457522
1,4,13,602,0.0011127877442496782,0.999448982671766,0.20468884706497192,0.04386206410708837,0.0039129657515886715,0.9980425450055209,0.1501903533935547,0.0400781358966924
1,4,14,602,0.0015982265249438908,0.9992011768141952,0.2356431484222412,0.03952714586193906,0.002006484526906288,0.9990113012740074,0.1789153814315796,0.05104583080174052
1,4,15,602,0.0015663373247389104,0.9992459631305133,0.1761821210384369,0.03226834685483482,0.0027338431934827126,0.9986547723673278,0.3181271553039551,0.08110944375948748
1,4,16,602,0.002446982747493549,0.9987843184586428,0.20876824855804443,0.05319539219090075,0.005697844796531054,0.9971501913282257,0.2544713020324707,0.07227920790319331
1,4,17,602,0.002362647746365138,0.9988185665367766,0.21567225456237793,0.05273238051813678,0.004582296688937534,0.9977264932231188,0.24032843112945557,0.054923090291433496
1,5,0,603,4.568953518406588e-13,0.9999999999997854,4.76837158203125e-06,6.70450390316546e-07,5.322997065200803e-13,0.9999999999997454,8.106231689453125e-06,1.2573873391374946e-06
1,5,1,603,8.939720449510878e-13,0.9999999999995551,8.821487426757812e-06,1.4006654964759946e-06,2.978810410619015e-12,0.9999999999985199,2.193450927734375e-05,2.962806320283562e-06
1,5,2,603,2.5797013704927627e-12,0.9999999999987788,1.049041748046875e-05,2.2615859052166343e-06,4.2463390724851946e-12,0.9999999999978771,9.357929229736328e-06,2.1627420210279524e-06
1,5,3,603,1.5640740385736827e-06,0.9999992364310673,0.008173525333404541,0.0017932635673787445,9.979041050873317e-06,0.9999950523887182,0.007111579179763794,0.001946529250290041
1,5,4,603,6.665999123200673e-05,0.9999669197343429,0.06208086013793945,0.010870219863136299,0.0002592665377116182,0.9998718103906334,0.03506577014923096,0.009845642111031339
1,5,5,603,8.492888848246753e-05,0.9999575600345055,0.05744361877441406,0.014985841087764129,0.000524017674130441,0.9997390529691753,0.043650396168231964,0.01240328435869742
1,5,6,603,0.0003159998962045885,0.9998421299626847,0.09397125244140625,0.018666209107323084,0.0036818551491909334,0.9981639967066808,0.08437907695770264,0.027899397511646384
1,5,7,603,0.000813831671396401,0.9995931739161106,0.2049802541732788,0.03847421315003885,0.0023680143717177064,0.9988286534533556,0.10279429703950882,0.030948461485650114
1,5,8,603,0.001013979161815339,0.999492899802837,0.1942387819290161,0.04214951930043753,0.003519920918836341,0.9982384942339678,0.10842132568359375,0.030015815009846847
1,5,9,603,0.001086864705484458,0.9994565276381391,0.24017155170440674,0.047796822065720335,0.006768190685443921,0.99661015941271,0.14068233966827393,0.04139073426495088
1,5,10,603,0.0010091469666575917,0.9995075140627753,0.2138078212738037,0.044784958965465194,0.0035346557955037413,0.9982311173330718,0.12818440236151218,0.03133718140907149
1,5,11,603,0.0012818255066310656,0.9993618146818735,0.17167305946350098,0.04567421033698338,0.004329978441135288,0.9978771915742435,0.19975650310516357,0.04739757513652876
1,5,12,603,0.0016367107674034747,0.9991822098805794,0.25623711943626404,0.048144903979846276,0.006054461407349859,0.9969846105604462,0.15073955059051514,0.04238030956730654
1,5,13,603,0.00097203143135805,0.9995181854079314,0.17550110816955566,0.03781658288789913,0.0024915218545804056,0.998753737305191,0.11642307043075562,0.036398933438249514
1,5,14,603,0.0010620383245868502,0.999478202917982,0.14730173349380493,0.03165911506221164,0.0025988690633825407,0.9987051887982866,0.20098042488098145,0.05308579676056979
1,5,15,603,0.0011145923805356542,0.9994428014698369,0.15306484699249268,0.028312441645539366,0.00397598163396141,0.9980120437851526,0.3631112575531006,0.07572647889173822
1,5,16,603,0.0012259063369678457,0.9993893984199949,0.23557806015014648,0.03451191542444576,0.004107881273353051,0.9979493688241909,0.18350853770971298,0.048721231436729795
1,5,17,603,0.0019115197811058067,0.9990475297276292,0.25228404998779297,0.045677910624362994,0.003226715553099629,0.9983995997814192,0.16727139055728912,0.04768069584423529
1,6,0,604,4.783810912921201e-13,0.9999999999997778,3.2782554626464844e-06,6.152231435407884e-07,4.961369522112855e-13,0.9999999999997592,1.2874603271484375e-05,1.3692042557522655e-06
1,6,1,604,1.0537237745832729e-12,0.999999999999477,4.76837158203125e-06,1.2630553101189435e-06,7.729717507468359e-12,0.9999999999962242,1.3589859008789062e-05,3.708604708663188e-06
1,6,2,604,8.126677831049123e-12,0.9999999999959518,1.33514404296875e-05,3.1260897230822593e-06,2.7411327578434406e-11,0.9999999999863086,1.2278556823730469e-05,3.418634605623083e-06
1,6,3,604,5.899458572027653e-12,0.9999999999970686,1.6629695892333984e-05,3.041939635295421e-06,5.843961531270105e-11,0.9999999999708324,1.5795230865478516e-05,4.07073594033136e-06
1,6,4,604,1.744434609548121e-05,0.9999920812098215,0.02638530731201172,0.005052896616689395,7.303207101896438e-05,0.9999636064774018,0.02110886573791504,0.004553650104753615
1,6,5,604,0.00014512262875513465,0.9999276662576586,0.07171773910522461,0.015770397083542775,0.000934472580623828,0.9995352394884809,0.055300578474998474,0.012908169517686474
1,6,6,604,0.0005945924780631585,0.9997104084006583,0.12781423330307007,0.024078982787614223,0.009407176700559992,0.9952949647415663,0.12170227989554405,0.03452002702704249
1,6,7,604,0.001155566437131827,0.9994224346439585,0.14609074592590332,0.03276901613571681,0.004416726212412679,0.9977998618913215,0.1095212996006012,0.027434036501972514
1,6,8,604,0.002575070388452808,0.9987127009971805,0.25038349628448486,0.047394486455232254,0.006937466959243804,0.9965607308455138,0.12367570400238037,0.03506866577845358
1,6,9,604,0.00277720621852017,0.9986128545863963,0.33368122577667236,0.056315386449568905,0.01061669830158428,0.9947373198249406,0.17807136476039886,0.04448454692828818
1,6,10,604,0.0023149773243197626,0.9988497811120646,0.2535730004310608,0.0567253074987093,0.007585683583423049,0.9962012600263281,0.1589775113388896,0.044704578474011214
1,6,11,604,0.0029891993976479733,0.9985170055696103,0.3313617706298828,0.060993411530944286,0.01329744337682898,0.9933290532037045,0.256966233253479,0.06375674315859214
1,6,12,604,0.003420674037429833,0.9983376691917129,0.2812577486038208,0.04964097410265822,0.010982337132949715,0.9945220421754457,0.21397405862808228,0.056503716157749295
1,6,13,604,0.0022322473334374406,0.9989017316284374,0.29803210496902466,0.05033150032249978,0.005654341913347367,0.997185456476159,0.18909943103790283,0.04377685432882572
1,6,14,604,0.0019073506102165703,0.9990922936873257,0.22323846817016602,0.044752057452569716,0.006929570692032324,0.9965617976825748,0.2886784076690674,0.07580539249829599
1,6,15,604,0.002696998156103739,0.9987466191266897,0.19100630283355713,0.042398899531690404,0.009335815909597416,0.9953306154219401,0.3739035129547119,0.10186674672513618
1,6,16,604,0.003760185339612795,0.9981264797472007,0.2240694761276245,0.05878175384714268,0.011178028374271023,0.9945000280794303,0.4121031314134598,0.07820834849155744
1,6,17,604,0.0031226756017830467,0.9984396522029267,0.28198832273483276,0.05871869670954766,0.011071084764750709,0.9945099409906459,0.2671555280685425,0.06196665295419734
1,7,0,605,4.833431134229649e-13,0.9999999999997843,4.76837158203125e-06,6.589798431377858e-07,4.492370502695513e-13,0.999999999999777,1.33514404296875e-05,1.4219585864339024e-06
1,7,1,605,2.0790744879450976e-12,0.9999999999991389,1.33514404296875e-05,1.579144736751914e-06,1.1403470455044688e-11,0.9999999999943334,1.5974044799804688e-05,4.217073183099274e-06
1,7,2,605,7.339279390928856e-12,0.9999999999963893,1.3947486877441406e-05,3.217552148271352e-06,1.789465015044084e-11,0.9999999999910705,1.1563301086425781e-05,3.0909150154911913e-06
1,7,3,605,5.023238464540056e-12,0.9999999999975008,1.4662742614746094e-05,2.9251823434606194e-06,3.613956075096056e-11,0.9999999999819745,1.4543533325195312e-05,3.948724042857066e-06
1,7,4,605,8.792297615836592e-06,0.9999956661718424,0.014735698699951172,0.003762352978810668,4.339074717270767e-05,0.9999789716209067,0.012968778610229492,0.00385091301131979
1,7,5,605,5.759786219505656e-05,0.9999713793946582,0.05805373191833496,0.01134391956293257,0.000299677124414818,0.9998505619426532,0.03193220496177673,0.009237394914634933
1,7,6,605,0.0002963758021556432,0.9998520651549202,0.07071280479431152,0.018252891596375775,0.0031781854630309725,0.9984271233362375,0.06950099021196365,0.02336631940670486
1,7,7,605,0.0004899593673897226,0.9997565248946932,0.12653064727783203,0.029510847227356862,0.0017158184900418377,0.9991451197569146,0.08217334747314453,0.024747768227825873
1,7,8,605,0.0008050925710449289,0.999597548767129,0.17566677927970886,0.034791479465638986,0.002500144088067757,0.9987502771910122,0.09478676319122314,0.02564254025764967
1,7,9,605,0.0007712915625702169,0.9996142804861314,0.17467927932739258,0.04234657564666122,0.005836167341048777,0.9971143150525524,0.143059641122818,0.039604766544471204
1,7,10,605,0.0008127392464152628,0.9996108550128481,0.27023279666900635,0.039876539856777526,0.0038847651667870183,0.9980560020491535,0.1341426968574524,0.030966110720328288
1,7,11,605,0.0007243833052299822,0.999639169838628,0.15062665939331055,0.03389446785877226,0.004517172271607867,0.9977610267223218,0.20037907361984253,0.04417886636338153
1,7,12,605,0.001031616144926261,0.9995010773097711,0.24080193042755127,0.04089359680074267,0.0051901505750958,0.9974319910736215,0.14033031463623047,0.03842349514434318
1,7,13,605,0.0010028869758284618,0.99949958140446,0.1970893144607544,0.039600838306796504,0.0026306703296923185,0.9987469143704332,0.14252477884292603,0.03745103367009506
1,7,14,605,0.0014940021059415439,0.9992582897716314,0.20504403114318848,0.036261302630009595,0.004049242279967017,0.9979860998302359,0.22487258911132812,0.059156340237677796
1,7,15,605,0.0014793023651194386,0.9992841976020728,0.17981037497520447,0.03744147199722647,0.01041085003406822,0.994808614180907,0.4115760773420334,0.09681365594087765
1,7,16,605,0.0024479120371260882,0.9987837663835627,0.29733848571777344,0.05497297743204399,0.008049593386259985,0.9959864288509968,0.26731276512145996,0.07776062039556564
1,7,17,605,0.0021969258694773193,0.9989075460623278,0.2907872200012207,0.05199147391249426,0.0063769210158380624,0.9968117698830988,0.18297946453094482,0.058838085287789
1,8,0,606,6.175822813683214e-13,0.9999999999997001,9.5367431640625e-06,7.709641067776829e-07,4.734749155534206e-13,0.9999999999997637,7.152557373046875e-06,1.1535207704582717e-06
1,8,1,606,2.2820989072217616e-12,0.9999999999991349,3.0517578125e-05,1.4738106983713806e-06,5.714017922064731e-12,0.9999999999971436,1.0728836059570312e-05,3.20677827403415e-06
1,8,2,606,4.172706897592952e-12,0.9999999999979222,1.2636184692382812e-05,2.6423949748277664e-06,8.34160346720361e-12,0.9999999999958559,1.1682510375976562e-05,2.703486188693205e-06
1,8,3,606,5.208599025680586e-12,0.9999999999974963,1.3828277587890625e-05,3.247696440666914e-06,8.051626846205715e-11,0.9999999999599104,1.8715858459472656e-05,4.454472218640149e-06
1,8,4,606,5.607639372207527e-06,0.9999973189989431,0.01432645320892334,0.0034468472949811257,3.3377097666191645e-05,0.9999833441825673,0.012070491909980774,0.0032571185429333127
1,8,5,606,5.429156050454618e-05,0.9999730688753857,0.08658885955810547,0.01249233027920127,0.0003672425296993821,0.9998168867445907,0.03812384605407715,0.011987657627287263
1,8,6,606,0.0002813908702681003,0.9998724742913582,0.08423197269439697,0.019890543408109806,0.0040062828829804525,0.9980386150755461,0.09085604548454285,0.02984599817364142
1,8,7,606,0.0004564027144047177,0.9997727227854686,0.10482984036207199,0.028027519685565494,0.003528676484053598,0.9982351862891377,0.08303897082805634,0.023751931279775818
1,8,8,606,0.0006986165273916643,0.9996506440369267,0.16602694988250732,0.03573958402557764,0.003163183510244813,0.9984171856703725,0.10358583927154541,0.02730243246332975
1,8,9,606,0.000922649900519169,0.999545690682587,0.18959851562976837,0.040840443019988015,0.007031985497125137,0.9964789403626905,0.1452312469482422,0.03501669716365541
1,8,10,606,0.0008041027536520856,0.9995991118094784,0.15367421507835388,0.03909870619827416,0.0035139488404898416,0.9982415632339512,0.1409398317337036,0.030094769751713102
1,8,11,606,0.0012315017403223823,0.99938621038152,0.1726088523864746,0.03994034217248554,0.004004964635621851,0.998026750570239,0.17378200590610504,0.04097226665726339
1,8,12,606,0.001673874509740015,0.9991724074501586,0.2154238522052765,0.04866048124677036,0.00870638876603422,0.9956372902710894,0.18475258350372314,0.04423414964003314
1,8,13,606,0.0014760317252312581,0.9992617586396896,0.22393274307250977,0.046423873980529606,0.004284324320826104,0.9978698195886924,0.15715622901916504,0.04420145084441174
1,8,14,606,0.001724198484689204,0.9991377219368047,0.2641812562942505,0.040694106748560444,0.0034713975786473325,0.998394642629912,0.1899619698524475,0.056520850859669736
1,8,15,606,0.0016898849794468086,0.999272380402338,0.15272307395935059,0.033674156868073624,0.0021147861076585756,0.998943668750415,0.30017951130867004,0.07842707474264898
1,8,16,606,0.0021081417083953394,0.998945417468924,0.25264883041381836,0.043748751806560904,0.004457611815791821,0.9977693459377905,0.193094402551651,0.06187787573435344
1,8,17,606,0.0031596134665185277,0.9984297859104736,0.3415491580963135,0.054476942255860195,0.0041744852612520655,0.9979106353896836,0.2229325771331787,0.052352593858813634
1,9,0,607,4.55291747015665e-13,0.9999999999997777,4.76837158203125e-06,7.125345291569829e-07,6.142913020810243e-13,0.9999999999996934,1.0013580322265625e-05,1.246823558176402e-06
1,9,1,607,6.278917490474458e-13,0.9999999999996911,5.0067901611328125e-06,1.0576768545433879e-06,2.3971303817225373e-12,0.9999999999988034,1.5497207641601562e-05,3.07859227177687e-06
1,9,2,607,2.246703152050431e-12,0.9999999999988838,8.404254913330078e-06,2.008062438108027e-06,4.024821521388351e-12,0.9999999999979896,8.58306884765625e-06,2.208500518463552e-06
1,9,3,607,3.3870198393149645e-12,0.9999999999983243,1.3828277587890625e-05,2.412343746982515e-06,1.7913015602839868e-11,0.9999999999910513,1.0728836059570312e-05,2.908273017965257e-06
1,9,4,607,6.7872554953470915e-06,0.9999969085695039,0.014431953430175781,0.003588824489270337,3.341016665872841e-05,0.999983352331387,0.011812269687652588,0.0033479132116553956
1,9,5,607,3.735404121616547e-05,0.9999840317817746,0.04959392547607422,0.00917561721871607,0.0001995382254800698,0.9999038414960161,0.028975605964660645,0.006563397653735592
1,9,6,607,0.00015777884614899147,0.99992231154504,0.07917499542236328,0.013106290687574074,0.002520591027111687,0.9987425272312168,0.0627368688583374,0.017619672709770384
1,9,7,607,0.00029825657074708577,0.9998515976446316,0.09100675582885742,0.018671239755349234,0.0016644379114165273,0.9991736214020162,0.05836515128612518,0.014859561870252946
1,9,8,607,0.000583414101383241,0.9997095409850913,0.13125014305114746,0.030623466991528403,0.002691172018459713,0.9986616083425272,0.10155966132879257,0.023402997574976325
1,9,9,607,0.0007666433189409371,0.9996167136382265,0.22776687145233154,0.03925137466285378,0.005336809329538886,0.9973280587500877,0.13383355736732483,0.03128152317731292
1,9,10,607,0.0006651297776293804,0.9996677896259742,0.2326822280883789,0.03413423926758696,0.002532607096122593,0.9987398539472575,0.08279669284820557,0.02447935658710776
1,9,11,607,0.0010037806650521665,0.9995226104224264,0.23177433013916016,0.036693107802420855,0.002629272324097128,0.9986929372369968,0.14402031898498535,0.03417760104912304
1,9,12,607,0.0011371059884207541,0.9994651922763675,0.20104527473449707,0.03890623229381163,0.006616458762139379,0.9967428194889694,0.17179268598556519,0.037785710346724954
1,9,13,607,0.0007730529011165707,0.9996303290344181,0.1342768669128418,0.03477068633947056,0.00244436839332268,0.9987775638873465,0.1272796392440796,0.034401340885779064
1,9,14,607,0.001231323893507546,0.9994020504254133,0.19870710372924805,0.03831275178526994,0.0035803439796095746,0.9982157819665659,0.15917706489562988,0.050202366831854306
1,9,15,607,0.0010852879935448548,0.9994707897482751,0.1581626534461975,0.030039319608476944,0.004573288624049129,0.9977111494783155,0.2954116463661194,0.0652102182739327
1,9,16,607,0.0015976798922241278,0.9992042855742224,0.20732426643371582,0.040066922942060046,0.002981205562708521,0.9985089398523429,0.16148602962493896,0.04779398821301584
1,9,17,607,0.001312721917506968,0.9993441657496567,0.13827890157699585,0.038766711615608074,0.003915005459534582,0.9980783916957507,0.1611924171447754,0.04034321944709518
1,10,0,608,4.0700043761198663e-13,0.9999999999997966,4.172325134277344e-06,7.307389751076698e-07,5.481996069749253e-13,0.9999999999997262,1.1444091796875e-05,1.2549571692943573e-06
1,10,1,608,7.290824192400129e-13,0.9999999999996408,4.172325134277344e-06,1.0699695849325508e-06,4.387383825501702e-12,0.999999999997818,1.1920928955078125e-05,3.035049303434789e-06
1,10,2,608,2.653929828893855e-12,0.9999999999986744,9.775161743164062e-06,2.2712229110766202e-06,5.4257845043669576e-12,0.9999999999973227,8.396804332733154e-06,2.3299799067899585e-06
1,10,3,608,2.2711185041113212e-06,0.9999988946084866,0.008976370096206665,0.0020475032870308496,2.0144145247671474e-05,0.999989997697994,0.012147903442382812,0.0027781354319813545
1,10,4,608,2.7440212359489976e-05,0.9999866216003649,0.028576195240020752,0.007461683177098166,0.00016906135555352502,0.9999156058687341,0.027016401290893555,0.006886213107918593
1,10,5,608,0.00010492372390673554,0.9999482062637968,0.0709693431854248,0.016031645121984184,0.0006800821034587786,0.9996612576019409,0.047000765800476074,0.013133297158447022
1,10,6,608,0.00030772309970306794,0.9998463590240614,0.1013035774230957,0.02139617946522776,0.004470214048233462,0.9977851398831186,0.10398519039154053,0.02699116059602602
1,10,7,608,0.0002779876911339839,0.9998653361892073,0.08194994926452637,0.02292416463023983,0.0018243806762373767,0.9991098622556973,0.05813115835189819,0.017945960706526876
1,10,8,608,0.0005646284745014409,0.9997207055864294,0.1707315444946289,0.032287653084495105,0.003521957748192616,0.9982534430332136,0.08358164504170418,0.02439234045448302
1,10,9,608,0.0006397829501770993,0.9996841545443818,0.1430339217185974,0.03678548997595499,0.007675830077429821,0.9962044590271852,0.1708441898226738,0.029756398507743143
1,10,10,608,0.0008105308675070941,0.9995972192622293,0.21362924575805664,0.03948035048233578,0.0034113294798781835,0.9982943854217695,0.13015778921544552,0.028809580235247267
1,10,11,608,0.0009257791201883895,0.9995507201319047,0.17026281356811523,0.03467413307225797,0.003424550287988166,0.9983118775959121,0.1403599977493286,0.035253501776423946
1,10,12,608,0.0008636532285500341,0.9995685526603226,0.18788361549377441,0.03554002756936825,0.006410595121931556,0.9969375206717588,0.11543123424053192,0.03805642124279984
1,10,13,608,0.0011949167284943365,0.9994055516185409,0.17942416667938232,0.044680463019176386,0.005420643208914483,0.9973250451551394,0.14328384399414062,0.038802399236374185
1,10,14,608,0.0015618622184460813,0.9992188234314933,0.23864984512329102,0.04062024349696003,0.0017182911159983692,0.9991418196126852,0.23116958141326904,0.05967390412661189
1,10,15,608,0.008040998706313847,0.9971853969490206,0.3056521415710449,0.07252915204298915,0.01309657452338475,0.994679471957663,0.9666582345962524,0.2527188772974114
1,10,16,608,0.013239079752529971,0.9938927148428536,0.7155632972717285,0.10847590727462375,0.031333818941257634,0.9843449384077122,0.6087624430656433,0.15167745927465148
1,10,17,608,0.01158538260655758,0.9942517979724103,0.6019444465637207,0.11099261122581083,0.035780065631138204,0.9824705178888749,0.5175870656967163,0.1215769645519913
1,11,0,609,7.020980396381937e-13,0.9999999999996548,8.106231689453125e-06,8.191855158656836e-07,5.6992715987154e-13,0.9999999999997153,8.58306884765625e-06,1.1147858458571136e-06
1,11,1,609,1.0330114671317973e-12,0.9999999999995004,7.62939453125e-06,1.2117525329813361e-06,3.1302275268892836e-12,0.9999999999984355,9.894371032714844e-06,2.8177346393931657e-06
1,11,2,609,2.1132882622344653e-12,0.9999999999989515,9.5367431640625e-06,2.0936349756084383e-06,4.197568537715691e-12,0.9999999999979091,8.463859558105469e-06,2.3237844288814813e-06
1,11,3,609,2.499731797790639e-12,0.9999999999987563,1.0967254638671875e-05,2.2029562387615442e-06,1.4963413605317523e-11,0.9999999999925402,1.1205673217773438e-05,2.6225252440781333e-06
1,11,4,609,6.27049238416636e-09,0.9999999968671116,0.0005056858062744141,9.899644646793604e-05,2.3845445498739778e-08,0.9999999880795495,0.0003026127815246582,7.854032446630299e-05
1,11,5,609,2.5782777921808847e-05,0.999988958801914,0.04120492935180664,0.007779819097777363,0.0001848389140244469,0.9999113670632986,0.02416020631790161,0.006149624485260574
1,11,6,609,0.00012189125123376055,0.9999429105004044,0.05860567092895508,0.010830452403752133,0.0006118048256498394,0.9996943584113659,0.045572951436042786,0.013388075242360742
1,11,7,609,0.00021596460631843884,0.9998923309336187,0.08261251449584961,0.018821078265318647,0.000930383375393424,0.9995349543035008,0.06735523045063019,0.013723708045517924
1,11,8,609,0.00043659612119937403,0.9997821256206233,0.12686967849731445,0.02659797486558091,0.0029640596037794524,0.9985668187330224,0.09118711948394775,0.022364367128830054
1,11,9,609,0.0005983342628205296,0.9997009801177908,0.12556898593902588,0.030917289112039725,0.004858374680823099,0.9976026540991106,0.08540037274360657,0.02433719578129967
1,11,10,609,0.0007219891278977081,0.9996389523826947,0.15680798888206482,0.0327159809821751,0.002443677698344548,0.9987802870163492,0.09885865449905396,0.024175367553652904
1,11,11,609,0.0006708212673538426,0.99966505066469,0.12444210052490234,0.028350163371214876,0.002314560480385973,0.9988748853069918,0.13590484857559204,0.028106261870902927
1,11,12,609,0.0009275366186073031,0.9995371767458348,0.196576327085495,0.032561777537921444,0.003489898157273759,0.9982598615549962,0.15828633308410645,0.03633628327588667
1,11,13,609,0.0005726673289271355,0.9997230542706129,0.2073802947998047,0.02962755348198698,0.003923095896684945,0.9980392097747307,0.11788958311080933,0.03124706679227529
1,11,14,609,0.0013118699456812824,0.9993455099711018,0.24725481867790222,0.035581340111093596,0.000919948019823645,0.9995426373081134,0.14936596155166626,0.043731722133088624
1,11,15,609,0.0015695156966289705,0.9992168569579868,0.16261276602745056,0.030366038881766144,0.001289661790768289,0.999356248368189,0.27292487770318985,0.07409680555429077
1,11,16,609,0.0012746219216275105,0.9993676284811007,0.19483089447021484,0.03874936357169645,0.005192144809691922,0.9974007322361935,0.23909425735473633,0.056652384793778765
1,11,17,609,0.0025946425565462495,0.9987020481310304,0.19355785846710205,0.04861154013633495,0.004611303719763177,0.9976949765498835,0.16176843643188477,0.05020836220410274
1,12,0,610,4.882673123722854e-13,0.9999999999997636,6.67572021484375e-06,6.893860700074583e-07,6.783656787013451e-13,0.9999999999996664,1.0967254638671875e-05,1.2237724149599671e-06
1,12,1,610,9.344991667643938e-13,0.9999999999995903,1.1444091796875e-05,1.1728989193215966e-06,4.8452511593444405e-12,0.9999999999975855,1.33514404296875e-05,3.3757605706341565e-06
1,12,2,610,4.021303651992593e-12,0.9999999999980278,1.233816146850586e-05,2.5176850613206625e-06,8.24785214129854e-12,0.9999999999959353,1.5020370483398438e-05,2.593871613498777e-06
1,12,3,610,3.044834623474059e-12,0.9999999999984803,1.239776611328125e-05,2.5844856281764805e-06,2.1716656924186405e-11,0.9999999999891773,1.2278556823730469e-05,3.200397259206511e-06
1,12,4,610,7.037932628162297e-10,0.99999999965205,0.0001906752586364746,3.375302185304463e-05,2.6661479036426438e-09,0.999999998670509,0.00012767314910888672,3.094454200436303e-05
1,12,5,610,1.4735780434778331e-05,0.9999927359993189,0.024604320526123047,0.0052987538947490975,8.482679315134437e-05,0.9999576405237022,0.01743215322494507,0.004476884736504871
1,12,6,610,0.00012275362364732077,0.9999388309386323,0.05360054969787598,0.011215345017262734,0.0005182083303211973,0.9997445437299306,0.06297430396080017,0.01463147739013948
1,12,7,610,0.0002844300515319342,0.9998619968243464,0.08700400590896606,0.020675732746894937,0.0007971285211768164,0.999605976748011,0.05547630786895752,0.016757155864979723
1,12,8,610,0.0003942947409464471,0.9998110813141371,0.13463878631591797,0.025662194482720224,0.0014789418767522464,0.9992607167075747,0.0970325767993927,0.021454457980269126
1,12,9,610,0.0008348328339228228,0.9995829686104654,0.18158888816833496,0.0377377507975325,0.005246417372524081,0.9973733418794494,0.13426706194877625,0.03459521340073479
1,12,10,610,0.0005005032757285767,0.9997510104362974,0.1716786026954651,0.030231786889999057,0.0016985044124711085,0.9991517819439153,0.09276634454727173,0.02343148946602014
1,12,11,610,0.0008350136446772299,0.9995845507940657,0.13072516024112701,0.03147528968474944,0.002716306563869504,0.9986414120573596,0.14842811226844788,0.03574951864720788
1,12,12,610,0.0009756709890354259,0.9995369936530223,0.19190406799316406,0.034003301145276055,0.002545737888574716,0.9987473156162258,0.13214588165283203,0.03979682509270788
1,12,13,610,0.000753138596121787,0.9996317965897432,0.15249338746070862,0.03752171828455175,0.002389035163099815,0.9988083266291309,0.12089323997497559,0.03147957634064369
1,12,14,610,0.0008911742544714733,0.9996083929950441,0.1272449493408203,0.030029450110305334,0.0015021250659012558,0.9992552708804812,0.152557373046875,0.042366578767541796
1,12,15,610,0.0011525738275887905,0.9994979531557378,0.15698963403701782,0.02806712236633757,0.0029989332951882008,0.9985024327935241,0.2629721164703369,0.06667441956142284
1,12,16,610,0.0009968395004344328,0.9995025878554861,0.1718153953552246,0.03490541726932861,0.0030005616863773275,0.9985065062293202,0.2416345477104187,0.055705775070236996
1,12,17,610,0.0018001814523963158,0.9991381504581424,0.226060152053833,0.0439872512833972,0.004792376397772224,0.9976019217284153,0.15382611751556396,0.039967117295418575
1,13,0,611,5.037603749802878e-13,0.9999999999997514,6.67572021484375e-06,7.907401595730335e-07,7.423076968995469e-13,0.9999999999996307,1.0967254638671875e-05,1.336738932877779e-06
1,13,1,611,1.478206975820759e-12,0.999999999999269,5.7220458984375e-06,1.5905534382909536e-06,7.288002862251274e-12,0.9999999999965324,1.6808509826660156e-05,4.018871095468057e-06
1,13,2,611,3.0079050349485115e-12,0.9999999999985038,8.195638656616211e-06,2.5699264369904995e-06,4.44115744362532e-12,0.9999999999977796,1.0013580322265625e-05,2.4756009224802256e-06
1,13,3,611,4.347074416805466e-12,0.9999999999979104,1.5616416931152344e-05,3.18945967592299e-06,4.4808386825781175e-11,0.9999999999776616,1.3172626495361328e-05,4.028184775961563e-06
1,13,4,611,1.779524559162635e-06,0.999999112019437,0.00894230604171753,0.0017589697672519833,1.430539001741656e-05,0.9999928509249907,0.00726713240146637,0.002059753454204838
1,13,5,611,2.8969791560787894e-05,0.9999855382276954,0.038381218910217285,0.00848234206205234,0.00016672101985974318,0.9999166365950181,0.02178538590669632,0.006370857628098747
1,13,6,611,0.00019024157348375548,0.9999062275842624,0.0727384090423584,0.01462103107769508,0.0014711384972449521,0.9992725526873847,0.07352311909198761,0.01988924432589556
1,13,7,611,0.0003126949361998305,0.99984485079959,0.12667202949523926,0.021228277459158562,0.0020439523834243807,0.9989865717253121,0.06724828481674194,0.018291397229404538
1,13,8,611,0.000599016460777173,0.9997009391381306,0.15739822387695312,0.028107418222134584,0.002045454891975967,0.9989778453493461,0.09859120845794678,0.02465262249791067
1,13,9,611,0.0008241352646736099,0.9995884489315028,0.19207239151000977,0.037783418367325794,0.005733563412027692,0.9971350886620677,0.14508056640625,0.03456810649004183
1,13,10,611,0.0007950734385003168,0.9996066016449546,0.24505162239074707,0.040655559196238755,0.002259247504292178,0.9988726534589872,0.1062856912612915,0.02789275259237911
1,13,11,611,0.0007579391696425346,0.9996280488090682,0.152881920337677,0.02870812654873589,0.0031711506619073555,0.9984158779415309,0.10969710350036621,0.03380410920681243
1,13,12,611,0.0008376561132925675,0.9995838467890481,0.192696213722229,0.0334364130103495,0.003514387886052097,0.9982412965622972,0.14350062608718872,0.03472587600299448
1,13,13,611,0.000707097488363201,0.9996506649699713,0.1430797576904297,0.034148762686527334,0.001911843459074569,0.9990477577589477,0.08937656879425049,0.02781633514314308
1,13,14,611,0.0009104570687038461,0.9995453833539316,0.16670572757720947,0.03152694235177478,0.0015982226462143152,0.9992009902091116,0.19267094135284424,0.04796498603332111
1,13,15,611,0.0012321258353170654,0.9993843087596033,0.15228354930877686,0.02795912403962575,0.0015293402809985082,0.9992351695121181,0.24433326721191406,0.0643362429748322
1,13,16,611,0.0013832111462707519,0.9993098493820283,0.17695730924606323,0.04270796064520255,0.003199377128419952,0.9983992378051225,0.2445124387741089,0.06031535459624138
1,13,17,611,0.002987335832074165,0.9985401750848186,0.2510089874267578,0.05200655102817109,0.006465297611246019,0.9967717650374442,0.18053552508354187,0.04874549098440184
1,14,0,612,6.972040825022943e-13,0.9999999999996907,1.1444091796875e-05,7.688686309847981e-07,5.123902535266627e-13,0.9999999999997439,9.059906005859375e-06,1.063192030414939e-06
1,14,1,612,1.0803239643090693e-12,0.9999999999995055,9.5367431640625e-06,1.3442913768813014e-06,4.728900085531217e-12,0.9999999999976407,1.1205673217773438e-05,3.575616574380547e-06
1,14,2,612,3.1042166985424484e-12,0.9999999999984479,1.1920928955078125e-05,2.2945605451241136e-06,4.29278967053278e-12,0.9999999999978549,7.748603820800781e-06,2.233085979241878e-06
1,14,3,612,2.8561138794343305e-12,0.999999999998572,1.2159347534179688e-05,2.3984903236851096e-06,1.5457922361398137e-11,0.9999999999922714,1.1354684829711914e-05,2.916717676271219e-06
1,14,4,612,3.978199380956872e-06,0.999998114465381,0.01050710678100586,0.0025934478453564225,3.914863956405904e-05,0.9999804289574404,0.016246378421783447,0.003500475562759675
1,14,5,612,2.666265981553203e-05,0.9999867488295126,0.03362157940864563,0.007086489626090042,0.00019930122886504287,0.9999007587347696,0.026040077209472656,0.007014892757581492
1,14,6,612,0.00022693012791855834,0.9998870306741072,0.06950092315673828,0.014423810691368999,0.0008141093608818754,0.9995951288319929,0.058577924966812134,0.02038058737434767
1,14,7,612,0.0003675512771651936,0.9998166835803567,0.09363627433776855,0.022581474309845362,0.0012507433105131158,0.99937444319937,0.06773924827575684,0.017951772297237767
1,14,8,612,0.0006965503212611258,0.999661236706183,0.15422534942626953,0.02984057461435441,0.0022887108820864033,0.9988598297839824,0.0958336591720581,0.027398380931117572
1,14,9,612,0.0011033084998617578,0.9994588750080017,0.16559290885925293,0.041265308202127926,0.005921982490751639,0.9970993057541123,0.1298713982105255,0.03432448310741165
1,14,10,612,0.0007377425194261307,0.9996390390593736,0.1963338851928711,0.03955353029232356,0.002325437296603768,0.9988380287039563,0.10384660959243774,0.028586863275450014
1,14,11,612,0.0008073572239657047,0.9995984745569376,0.2048993706703186,0.02931405254639685,0.002325515273158312,0.998841516755803,0.16136422008275986,0.03267346563643514
1,14,12,612,0.0007089730375794346,0.9996456570844124,0.1718153953552246,0.029061654975521378,0.00215880884174066,0.9989247291772531,0.12795442948117852,0.03345445089507848
1,14,13,612,0.0005478954763589848,0.9997265477813291,0.16196060180664062,0.029572846309747547,0.0016642846805734763,0.9991707827009476,0.13160783052444458,0.027125604397951975
1,14,14,612,0.0007065085807104762,0.9996477181867003,0.1403506100177765,0.02507550524751423,0.0014168803530904453,0.99929241246436,0.17319416999816895,0.04080041029442327
1,14,15,612,0.0007833228391149556,0.9996088838000631,0.12454557418823242,0.02357974928600015,0.0023424896331593554,0.9988410445746705,0.1879311054944992,0.05117748534121347
1,14,16,612,0.0010218591191449786,0.9994890516387693,0.1521604061126709,0.03458591351954965,0.004276317676114331,0.9978672202072582,0.13689637184143066,0.04850867477853171
1,14,17,612,0.0014670573305795647,0.9992681504875652,0.2668180465698242,0.04552800401143031,0.002922086555877286,0.9985415749662762,0.18833684921264648,0.04687897874828195
1,15,0,613,3.989822028533448e-13,0.9999999999998026,5.4836273193359375e-06,7.109629223123193e-07,5.871483437557919e-13,0.9999999999997147,9.059906005859375e-06,1.1017036740668118e-06
1,15,1,613,1.3258389684212187e-12,0.9999999999993558,1.1444091796875e-05,1.3876051525585353e-06,4.7092191368656214e-12,0.999999999997673,1.5020370483398438e-05,3.212076990166679e-06
1,15,2,613,1.2860986364676422e-06,0.9999993603506948,0.006203562021255493,0.001664558658376336,2.024013881588527e-06,0.9999989922278256,0.007192105054855347,0.0016168015622497478
1,15,3,613,1.5750199026397756e-05,0.999992350488449,0.027299880981445312,0.006234087828488555,0.00015791282185074286,0.9999210406591471,0.02371048927307129,0.007908433613920351
1,15,4,613,6.225401542812654e-05,0.999969441425353,0.052234649658203125,0.012672231867327355,0.0004589849810231382,0.9997707042634436,0.05129897594451904,0.012433066857511221
1,15,5,613,0.00016329381785177226,0.9999189231820731,0.0956120491027832,0.01997878546535503,0.0012864449307251533,0.9993568433665982,0.06522008776664734,0.016643357647808443
1,15,6,613,0.0004977413049952026,0.9997563695354961,0.13921856880187988,0.025495096138911322,0.00843326295229102,0.9958311947439075,0.14515623450279236,0.03814992796651495
1,15,7,613,0.000922871412219566,0.999551852028239,0.15721750259399414,0.03993343510228442,0.004950787145486127,0.9975374652543202,0.1316905915737152,0.029742039539087273
1,15,8,613,0.0014980325808975317,0.9992684150647662,0.2215026617050171,0.04650362016400322,0.0077517226305987745,0.9961217896231088,0.1336829662322998,0.03841803225259355
1,15,9,613,0.0011798907465438507,0.9994211844616309,0.2106831669807434,0.050439055514289066,0.010042565705531518,0.9953858055212422,0.13861039280891418,0.039447495433705626
1,15,10,613,0.0008742628761849513,0.9995706065392305,0.20041799545288086,0.04278168731252663,0.00423269107074113,0.9979292486335734,0.11510288715362549,0.0334154686314605
1,15,11,613,0.00119887497124623,0.9994004944612397,0.15287113189697266,0.036949848174117506,0.004899735149322277,0.9976470050024294,0.16238859295845032,0.04474870342437498
1,15,12,613,0.0016641818405511827,0.9991677323479871,0.23268795013427734,0.04941033251816407,0.008845237342995018,0.9956583383211929,0.1906844973564148,0.048135025150259025
1,15,13,613,0.0014266118656017465,0.9992871823161218,0.13669055700302124,0.04562489135423675,0.005863964006377677,0.9972114327072797,0.15814507007598877,0.04452440319801099
1,15,14,613,0.0013416882227620382,0.9993299405684621,0.18266898393630981,0.03531692226533778,0.0024228647555419236,0.9988177761525312,0.2399892695248127,0.06600858994352166
1,15,15,613,0.001496630329732366,0.9992647800320795,0.16035133600234985,0.027120860904688016,0.002437888427423925,0.998780656419757,0.3208596706390381,0.08092779375851933
1,15,16,613,0.001763782495442709,0.9991237863483925,0.18899023532867432,0.041655513683508616,0.0033635061101659515,0.9983475052506937,0.19933485984802246,0.05058530047608656
1,15,17,613,0.0025727165605241385,0.9987128491159438,0.23001104593276978,0.051703004544833675,0.004467028472941908,0.9977655921840595,0.2010962963104248,0.053705595590145094
2,0,0,64,0.0,1.0,0.0,0.0,0.0,1.0,0.0,0.0
2,0,1,64,0.0,1.0,0.0,0.0,0.0,1.0,0.0,0.0
2,0,2,64,0.0,1.0,0.0,0.0,0.0,1.0,0.0,0.0
2,0,3,64,0.0,1.0,0.0,0.0,0.0,1.0,0.0,0.0
2,0,4,64,0.0,1.0,0.0,0.0,0.0,1.0,0.0,0.0
2,0,5,64,0.0,1.0,0.0,0.0,0.0,1.0,0.0,0.0
2,0,6,64,0.0,1.0,0.0,0.0,0.0,1.0,0.0,0.0
2,0,7,64,0.0,1.0,0.0,0.0,0.0,1.0,0.0,0.0
2,0,8,64,0.0,1.0,0.0,0.0,0.0,1.0,0.0,0.0
2,0,9,64,0.0,1.0,0.0,0.0,0.0,1.0,0.0,0.0
2,0,10,64,0.0,1.0,0.0,0.0,0.0,1.0,0.0,0.0
2,0,11,64,0.0,1.0,0.0,0.0,0.0,1.0,0.0,0.0
2,0,12,64,0.0,1.0,0.0,0.0,0.0,1.0,0.0,0.0
2,0,13,64,0.0,1.0,0.0,0.0,0.0,1.0,0.0,0.0
2,0,14,64,0.0,1.0,0.0,0.0,0.0,1.0,0.0,0.0
2,0,15,64,0.0,1.0,0.0,0.0,0.0,1.0,0.0,0.0
2,0,16,64,0.0,1.0,0.0,0.0,0.0,1.0,0.0,0.0
2,0,17,64,0.0,1.0,0.0,0.0,0.0,1.0,0.0,0.0
2,1,0,65,3.24576083682943e-13,0.9999999999998437,4.76837158203125e-06,6.434311217162758e-07,5.026866251997215e-13,0.9999999999997488,7.62939453125e-06,1.0713411029428244e-06
2,1,1,65,1.355704260493751e-12,0.9999999999993368,5.7220458984375e-06,1.37049937620759e-06,4.098628828206102e-12,0.9999999999979606,2.0503997802734375e-05,2.714208676479757e-06
2,1,2,65,2.4747049173846356e-12,0.9999999999987674,1.0967254638671875e-05,2.2607237042393535e-06,2.980184469374521e-12,0.9999999999985193,8.93324613571167e-06,1.993859768845141e-06
2,1,3,65,2.7396094455901127e-12,0.9999999999987449,1.239776611328125e-05,2.351895091123879e-06,2.373063476486498e-11,0.9999999999881771,9.566545486450195e-06,2.845694325515069e-06
2,1,4,65,3.935710447026643e-12,0.9999999999980541,1.0371208190917969e-05,2.8432696126401424e-06,3.1478359986662056e-11,0.9999999999842649,1.3113021850585938e-05,2.9432283099595224e-06
2,1,5,65,5.0496939562504335e-12,0.9999999999974751,1.5020370483398438e-05,3.5830307751893997e-06,3.9405485906632694e-11,0.9999999999803056,9.715557098388672e-06,2.788508254525368e-06
2,1,6,65,1.37648625790555e-11,0.9999999999931378,2.1159648895263672e-05,3.9656079025007784e-06,2.003746675343134e-10,0.9999999999011705,1.846998929977417e-05,4.6352965910045896e-06
2,1,7,65,1.2280492711079782e-11,0.9999999999938972,2.0265579223632812e-05,4.258319677319378e-06,6.039622042593243e-11,0.9999999999698055,1.1324882507324219e-05,3.1156469049165025e-06
2,1,8,65,1.3782860900200149e-11,0.9999999999936193,2.9087066650390625e-05,4.6857639972586185e-06,6.357970368458892e-11,0.9999999999683167,1.0358169674873352e-05,3.1944862257660134e-06
2,1,9,65,1.1707701339846124e-11,0.9999999999945126,2.193450927734375e-05,4.379091478767805e-06,7.18833187624347e-11,0.9999999999642053,1.1175870895385742e-05,2.934151893896342e-06
2,1,10,65,1.50431841550547e-11,0.9999999999925635,2.753734588623047e-05,4.114903276786208e-06,3.779843605996018e-11,0.9999999999811675,9.201467037200928e-06,2.877116457966622e-06
2,1,11,65,1.54437840762207e-11,0.999999999992368,2.5331974029541016e-05,3.631794243119657e-06,4.5051966345998005e-11,0.9999999999774831,1.671910285949707e-05,3.241792001063004e-06
2,1,12,65,1.128560312456134e-11,0.9999999999948026,2.384185791015625e-05,3.493398253340274e-06,4.238624337084881e-11,0.9999999999788224,1.0944902896881104e-05,2.7736696210922673e-06
2,1,13,65,7.099654417296554e-12,0.9999999999967345,2.002716064453125e-05,2.96883808914572e-06,1.9038634157499033e-11,0.9999999999904937,1.0639429092407227e-05,2.2311555767373648e-06
2,1,14,65,7.039054512903599e-12,0.9999999999969187,1.3113021850585938e-05,2.3907050490379333e-06,4.036212341701648e-12,0.9999999999979964,8.463859558105469e-06,2.7883615985047072e-06
2,1,15,65,5.6981662699363186e-12,0.9999999999973025,7.987022399902344e-06,1.5884943422861397e-06,4.113507013632602e-12,0.9999999999979924,1.239776611328125e-05,3.6663986975327134e-06
2,1,16,65,3.887094245841101e-12,0.9999999999980589,8.106231689453125e-06,1.900880306493491e-06,8.055905125752991e-12,0.9999999999960931,8.106231689453125e-06,2.3758493625791743e-06
2,1,17,65,2.052380094723242e-05,0.999989846433412,0.022284984588623047,0.004170787729890435,2.1150333570587292e-05,0.9999894547701377,0.017505377531051636,0.003443183672061423
2,2,0,66,1.3837598998770323e-12,0.999999999999432,2.288818359375e-05,7.241360435727984e-07,5.848179708105441e-13,0.9999999999997179,1.0013580322265625e-05,1.1339107004459947e-06
2,2,1,66,9.470427867167599e-13,0.9999999999995672,5.245208740234375e-06,1.207663444802165e-06,3.3031063833552253e-12,0.9999999999983639,1.4707446098327637e-05,2.939996193163097e-06
2,2,2,66,2.599102381734812e-12,0.9999999999987268,1.049041748046875e-05,2.173233951907605e-06,3.653318760760713e-12,0.9999999999981887,7.3909759521484375e-06,2.098174263664987e-06
2,2,3,66,1.7428582303533785e-12,0.9999999999991704,1.2159347534179688e-05,1.627857272978872e-06,9.329155340781213e-12,0.999999999995341,8.046627044677734e-06,2.251581463497132e-06
2,2,4,66,2.628263934818573e-12,0.9999999999988088,1.52587890625e-05,2.176209818571806e-06,1.26928903065649e-11,0.9999999999936601,9.59634780883789e-06,2.095040215976951e-06
2,2,5,66,4.8382450743990285e-12,0.9999999999976453,2.1457672119140625e-05,2.816668711602688e-06,2.091479113912496e-11,0.9999999999895639,8.761882781982422e-06,2.260564315292868e-06
2,2,6,66,9.13423854082295e-12,0.9999999999955582,1.9073486328125e-05,2.6534980861470103e-06,2.0452375424609188e-11,0.9999999999898656,1.2516975402832031e-05,2.900620074797189e-06
2,2,7,66,4.3653717909224414e-12,0.9999999999978189,1.0848045349121094e-05,2.7334681362845004e-06,1.6838008429053912e-11,0.9999999999916989,8.821487426757812e-06,2.0541010599117726e-06
2,2,8,66,5.591839843089769e-12,0.9999999999972173,1.52587890625e-05,2.976928954012692e-06,2.2590167981623863e-11,0.9999999999887402,1.0967254638671875e-05,2.3582333597005345e-06
2,2,9,66,4.628063890817571e-12,0.999999999997689,1.2278556823730469e-05,2.6585530576994643e-06,2.926330127059841e-11,0.9999999999853795,8.046627044677734e-06,2.2874623937241267e-06
2,2,10,66,6.691804380929793e-12,0.9999999999966551,1.7255544662475586e-05,3.0422379495576024e-06,1.728920539083952e-11,0.9999999999913582,7.748603820800781e-06,2.09969948627986e-06
2,2,11,66,1.912030678065514e-06,0.9999990475972813,0.009390950202941895,0.001413004702044418,4.984152657270782e-06,0.9999975253087825,0.004053983837366104,0.001296604237950305
2,2,12,66,1.5288677106297504e-05,0.99999244199455,0.018240928649902344,0.0040019400184974074,6.571730920661065e-05,0.9999673675874827,0.01851990818977356,0.005551465214921336
2,2,13,66,5.349311804455678e-05,0.9999735701428829,0.03405410051345825,0.00907313817879185,0.00038290078310148593,0.9998128720676008,0.039148300886154175,0.010348711328560967
2,2,14,66,7.994259634189031e-05,0.9999610554473352,0.04415583610534668,0.00921101240965072,6.938549321898388e-05,0.9999661551254594,0.049100518226623535,0.012094550522078862
2,2,15,66,0.00025668747100938966,0.9998749015631524,0.07274472713470459,0.013197667978602112,0.00028563998268589627,0.9998576913267152,0.10421943664550781,0.031091389289940707
2,2,16,66,0.00037372692623030763,0.9998135581669833,0.10877549648284912,0.022775991463277023,0.0008449411194704622,0.9995833327662028,0.10499051213264465,0.031064247574249748
2,2,17,66,0.0006415971401093207,0.9996883034435136,0.1272439956665039,0.029218936128017958,0.0013929580557286937,0.9993109942377487,0.11862951517105103,0.027751119619097153
2,3,0,67,5.454286651257287e-13,0.9999999999997331,7.62939453125e-06,6.818881956860423e-07,4.725141142459819e-13,0.9999999999997653,1.1444091796875e-05,1.2110976967960596e-06
2,3,1,67,1.5126870719525418e-12,0.9999999999992599,7.3909759521484375e-06,1.501233782619238e-06,4.3308883386336225e-12,0.9999999999978362,1.1920928955078125e-05,3.39664620696567e-06
2,3,2,67,3.795683155445777e-12,0.9999999999981106,1.239776611328125e-05,2.2168533178046346e-06,5.851722116563046e-12,0.9999999999970746,7.838010787963867e-06,2.2184067347552627e-06
2,3,3,67,2.2909444666231133e-12,0.9999999999988844,9.5367431640625e-06,2.0841544028371572e-06,1.0315049630087787e-11,0.9999999999948481,9.655952453613281e-06,2.4006567400647327e-06
2,3,4,67,5.023605483091797e-12,0.9999999999975833,2.574920654296875e-05,2.898661477956921e-06,2.3954918671060538e-11,0.9999999999880611,1.1399388313293457e-05,2.7963706088485196e-06
2,3,5,67,8.146323098925141e-12,0.9999999999959355,1.811981201171875e-05,4.149260348640382e-06,4.416058433676838e-11,0.9999999999783231,1.1280179023742676e-05,3.2359475881094113e-06
2,3,6,67,1.3780614882211388e-11,0.99999999999311,1.52587890625e-05,3.506853317958303e-06,4.2574078915910904e-11,0.9999999999789072,1.2636184692382812e-05,3.8433090594480745e-06
2,3,7,67,8.773886854498157e-12,0.9999999999956949,2.193450927734375e-05,3.656967237475328e-06,5.139325620997064e-11,0.9999999999743154,1.1622905731201172e-05,3.0466480893664993e-06
2,3,8,67,1.3470944715422248e-11,0.9999999999933719,2.3603439331054688e-05,4.362169420346618e-06,5.018792534006615e-11,0.9999999999749487,1.138448715209961e-05,3.403214122954523e-06
2,3,9,67,8.503534458998217e-12,0.9999999999957806,1.4722347259521484e-05,3.765439032576978e-06,5.039753983710965e-11,0.9999999999748179,1.2665987014770508e-05,2.951680016849423e-06
2,3,10,67,9.07062256736285e-12,0.9999999999955065,1.919269561767578e-05,3.6883793654851615e-06,2.796285438577561e-11,0.9999999999860312,9.000301361083984e-06,2.7962971671513515e-06
2,3,11,67,1.0124988517715792e-11,0.9999999999949394,1.5735626220703125e-05,3.5659759305417538e-06,1.3461247990553148e-11,0.9999999999932719,9.298324584960938e-06,2.6600091587170027e-06
2,3,12,67,9.75911139816061e-06,0.9999951462655382,0.01489691436290741,0.003441599790676264,2.451806933906429e-05,0.9999877419957353,0.013976335525512695,0.003494379610174292
2,3,13,67,1.8623984000034396e-05,0.9999908363876583,0.022262513637542725,0.005560307872656267,7.461483157064741e-05,0.9999626989592464,0.02259230613708496,0.0058375453681946965
2,3,14,67,4.884389126516961e-05,0.9999756012321901,0.03650552034378052,0.006982014223467559,9.173482655970812e-05,0.9999542204106675,0.04327690601348877,0.011055603688873816
2,3,15,67,0.00012535873544710383,0.9999373283027234,0.06352865695953369,0.009819057602726389,0.0002753543290421547,0.9998625861255808,0.10237312316894531,0.02611161349250324
2,3,16,67,0.00015035262111150497,0.9999267281351164,0.07198113203048706,0.013910560504882596,0.000488158405906956,0.9997564112329338,0.09074652194976807,0.024953607373390696
2,3,17,67,0.0005156645517296022,0.9997422686034114,0.09157609939575195,0.02375356128322892,0.0018279765506222301,0.9990971717912195,0.10319778323173523,0.022589518141558074
2,4,0,68,5.350499894206045e-13,0.9999999999997522,1.049041748046875e-05,6.809896149206907e-07,4.842329726196219e-13,0.9999999999997589,7.152557373046875e-06,1.0694275260902941e-06
2,4,1,68,9.557502129800012e-13,0.9999999999995391,9.5367431640625e-06,1.2392920325510204e-06,4.1269006350538024e-12,0.9999999999979371,1.1920928955078125e-05,2.9400507628452033e-06
2,4,2,68,2.9497918881543685e-12,0.9999999999985303,7.569789886474609e-06,2.1809828467667103e-06,5.395717103625006e-12,0.9999999999973025,9.059906005859375e-06,2.24868199438788e-06
2,4,3,68,4.336398167842032e-12,0.9999999999978475,1.0371208190917969e-05,2.9482762329280376e-06,5.4029286884167096e-11,0.9999999999730047,1.2516975402832031e-05,3.7165718822507188e-06
2,4,4,68,6.642805663258771e-12,0.9999999999967136,1.4543533325195312e-05,3.636909241322428e-06,4.5491047727676174e-11,0.9999999999772822,1.5497207641601562e-05,3.55883071279095e-06
2,4,5,68,1.958966638596251e-06,0.9999990264364564,0.009016036987304688,0.0021611408737953752,1.4011170794431905e-05,0.9999929980817069,0.007690608501434326,0.0018747183204368412
2,4,6,68,0.0001565207852174389,0.9999225379391757,0.06522858142852783,0.01285998453204229,0.0017919537008468426,0.9991040785326664,0.07392430305480957,0.016374701631093558
2,4,7,68,0.00036799444135066875,0.999819466795287,0.10010004043579102,0.026179131338722073,0.0018555219369811706,0.9990730760287623,0.06954088807106018,0.02041227537119994
2,4,8,68,0.0006041155213430407,0.9997012148073299,0.16158711910247803,0.03590524629544234,0.0044779067292303,0.9977596719531914,0.10033231973648071,0.02831136846634763
2,4,9,68,0.0007346168424762529,0.9996595527216291,0.19637680053710938,0.03957233712935704,0.00506160546598779,0.9974719004441168,0.17497069388628006,0.034050116386424634
2,4,10,68,0.0006547842313977949,0.9996731798292976,0.19011735916137695,0.03402808087412268,0.0018733762557298123,0.9990644893223835,0.09733147919178009,0.027695699987816624
2,4,11,68,0.0008599965527864674,0.9995702141119744,0.13244688510894775,0.03215681797655634,0.0029550475582551835,0.9985278271856302,0.15671396255493164,0.03799282121462966
2,4,12,68,0.0008716307438412225,0.9995692573528544,0.19136905670166016,0.03110404706239933,0.004373063585050543,0.9978198617395917,0.13834330439567566,0.03580762273418259
2,4,13,68,0.0006487806527840662,0.9996757343545408,0.19145536422729492,0.03180666132539045,0.002996760213113174,0.9985006535267993,0.14496982097625732,0.0318170171070733
2,4,14,68,0.0012079506260454578,0.9994061651315745,0.17482757568359375,0.03604858787730336,0.0018182343718787521,0.9990987912490326,0.16956472396850586,0.044495155329059344
2,4,15,68,0.0012361969402518037,0.9993870207290093,0.20030022785067558,0.02743901638314128,0.001758307376401217,0.9991290903641694,0.24889874458312988,0.06116370344534516
2,4,16,68,0.0009388766838606001,0.9995319625632698,0.16859447956085205,0.034142724403409375,0.0016179748155555997,0.9991913654943918,0.2162957787513733,0.04832321605863399
2,4,17,68,0.0017415648498632047,0.9991771622010651,0.25972747802734375,0.040582290126621956,0.0037754398525406637,0.9981113503373213,0.16389502584934235,0.042192704539047554
2,5,0,69,5.696430916208968e-13,0.9999999999997293,1.1444091796875e-05,6.931513780727983e-07,4.314393852605911e-13,0.9999999999997845,7.62939453125e-06,1.228927430929616e-06
2,5,1,69,9.221055718479112e-13,0.9999999999996028,1.239776611328125e-05,1.2189921108074486e-06,3.795331019434152e-12,0.9999999999981376,1.2159347534179688e-05,3.2622374419588596e-06
2,5,2,69,2.326181124476021e-12,0.9999999999988798,1.71661376953125e-05,2.10155121749267e-06,3.37312130212196e-12,0.9999999999983213,1.1920928955078125e-05,2.219079306087224e-06
2,5,3,69,2.3377734148984518e-12,0.9999999999988727,8.58306884765625e-06,2.365937689319253e-06,1.7861179604308754e-11,0.999999999991089,1.0907649993896484e-05,2.827815478667617e-06
2,5,4,69,5.023575364856009e-12,0.9999999999974882,1.2576580047607422e-05,3.2897951314225793e-06,3.4893823176755913e-11,0.999999999982558,1.583993434906006e-05,3.12745140718107e-06
2,5,5,69,9.098455584419573e-12,0.9999999999954694,2.8133392333984375e-05,4.57693386124447e-06,4.3858866471519667e-11,0.9999999999780912,1.4659017324447632e-05,3.4949879363921355e-06
2,5,6,69,1.9088440636322596e-05,0.9999904868241615,0.021351754665374756,0.004387525713354989,9.262045096439528e-05,0.9999547984735933,0.01926571875810623,0.004804419791980763
2,5,7,69,6.927955164185867e-05,0.9999659377164519,0.03594714403152466,0.01057414933166001,0.00038106439999681195,0.9998103929341411,0.029598653316497803,0.008134228567541868
2,5,8,69,0.00040775998194939327,0.9998000500894352,0.2430248260498047,0.02670733685954474,0.001965661783918305,0.9990181743166023,0.08159416913986206,0.01977813072335266
2,5,9,69,0.000674946391455642,0.9996682870426864,0.16019025444984436,0.03599718799159746,0.005055759125384202,0.9974714940505519,0.1262950897216797,0.03409406399805448
2,5,10,69,0.0007709431923888095,0.9996149817283437,0.1636037826538086,0.035340286674909294,0.0022820855277922644,0.9988598650097019,0.10972797870635986,0.027362569808246917
2,5,11,69,0.0005565139757940785,0.9997238824555751,0.13132524490356445,0.02681463967746822,0.002252428156825802,0.9988762138667355,0.1218334436416626,0.028695709521343815
2,5,12,69,0.0006756244297899547,0.9996629458327618,0.13271915912628174,0.030722312221769243,0.0038290590889185645,0.998103196402202,0.11270363628864288,0.032898166677114205
2,5,13,69,0.0006754153386081858,0.9996632245045457,0.19849395751953125,0.0320306862849975,0.0043054361997664345,0.9979255917818629,0.1550886034965515,0.034035250600936706
2,5,14,69,0.000639817959722525,0.9996886764426819,0.16797059774398804,0.028538258629851043,0.0009975662419627583,0.999503202820863,0.16077923774719238,0.040857801082893275
2,5,15,69,0.0008552021016682071,0.9996097763395201,0.11252522468566895,0.0243519931514129,0.0008695295520120977,0.9995652049586632,0.18396949768066406,0.054549362197576556
2,5,16,69,0.0007828958291186999,0.9996143228947506,0.14376235008239746,0.032741657338192454,0.0020321741100224164,0.9990316663357819,0.17095446586608887,0.0481578540893679
2,5,17,69,0.0013530025375848062,0.9993263405673879,0.14269155263900757,0.03765556970756734,0.0035895373079364913,0.9982055418001633,0.1136404275894165,0.03556093696442986
2,6,0,70,5.417865696697068e-13,0.9999999999997294,6.67572021484375e-06,8.165952749550343e-07,5.564870933709819e-13,0.9999999999997219,6.67572021484375e-06,1.124637492466718e-06
2,6,1,70,1.5108769891387143e-12,0.9999999999992655,1.52587890625e-05,1.4032848412171006e-06,5.31345310099764e-12,0.9999999999973505,1.1801719665527344e-05,3.839812052319758e-06
2,6,2,70,3.290214187279198e-12,0.9999999999983552,9.357929229736328e-06,2.4250621208921075e-06,3.963111966372645e-12,0.9999999999980194,7.510185241699219e-06,2.3557749955216423e-06
2,6,3,70,2.0333163914115283e-12,0.9999999999990002,7.152557373046875e-06,1.9348663045093417e-06,1.066502564672095e-11,0.999999999994691,1.2159347534179688e-05,2.5303845632151933e-06
2,6,4,70,1.3925723973093552e-06,0.9999993087021004,0.00812503695487976,0.0016118771600304171,9.196112929500801e-06,0.9999954078887551,0.006338454782962799,0.0017880363284348277
2,6,5,70,1.8034229832073797e-05,0.99999144388406,0.024645090103149414,0.006659056401986163,0.00018133042263440623,0.9999093459944235,0.02363121509552002,0.006184183694131207
2,6,6,70,0.0001182584755949644,0.999941089287221,0.059574246406555176,0.01087760582959163,0.0006149789590637054,0.9996930143498205,0.0613592267036438,0.013874581763957394
2,6,7,70,0.0001079653483393103,0.9999479021544045,0.04721355438232422,0.013227700739662396,0.0004788297346020458,0.9997606429540858,0.04312396049499512,0.01154663096144759
2,6,8,70,0.0003289884943974158,0.9998359029222879,0.10205209255218506,0.02350551835843362,0.0012280965379059792,0.9993954055643269,0.0673530101776123,0.01708928795051179
2,6,9,70,0.0004550140683266286,0.999779159917163,0.12969720363616943,0.027605241470155306,0.0023329794698335625,0.9988348210237642,0.10900519788265228,0.023020171243842924
2,6,10,70,0.0004241263375338358,0.9997922888794063,0.13783228397369385,0.027395017503295094,0.0010387614119046985,0.9994822117820915,0.07409843802452087,0.01848857641380164
2,6,11,70,0.00039661003231744607,0.9998033093415701,0.12463784217834473,0.023014235179289244,0.0017460862512160098,0.9991367259214022,0.09610879421234131,0.02327024544865708
2,6,12,70,0.0007522433867282186,0.999624795815144,0.15012848377227783,0.02944507852953393,0.0016955745677653816,0.9991524069015709,0.09991014003753662,0.029706402083320427
2,6,13,70,0.00045085684007513236,0.999775139538457,0.11407536268234253,0.02832142644911073,0.001911535744371431,0.999044509465856,0.1069907546043396,0.024519320418448842
2,6,14,70,0.0004567996338358758,0.9997716217666245,0.12365657091140747,0.023326958682446275,0.0005239210051918164,0.9997394881318518,0.1267355978488922,0.03128351613122504
2,6,15,70,0.00047443080511011255,0.9997628092667091,0.10638946294784546,0.01821251075489272,0.0007903222116017539,0.9996061811049193,0.1684577465057373,0.04926687028910237
2,6,16,70,0.0003416949658780303,0.999830364575087,0.11887574195861816,0.023100015758245718,0.0011972803539044119,0.9994047788519068,0.12366618402302265,0.03669692379207845
2,6,17,70,0.0005342866794540848,0.999732987727157,0.09388458728790283,0.026540255319559947,0.0021330505615570613,0.9989370650364796,0.09840194880962372,0.027082784050435293
2,7,0,71,5.214519175624201e-13,0.9999999999997394,6.794929504394531e-06,7.168200681917369e-07,5.23750311998032e-13,0.99999999999974,9.059906005859375e-06,1.21218545245938e-06
2,7,1,71,1.299652031603007e-12,0.9999999999993517,5.125999450683594e-06,1.3853350537829101e-06,5.420245122127278e-12,0.999999999997353,1.2040138244628906e-05,3.4698132367338985e-06
2,7,2,71,3.847471856114517e-06,0.9999980768472777,0.010162353515625,0.0023926854846649803,6.124730666088506e-06,0.9999969523279632,0.0085296630859375,0.0021608970737361233
2,7,3,71,5.2540361911888785e-05,0.9999737319232259,0.04163555055856705,0.00918594813265372,0.0003437661695854771,0.9998281748309117,0.04778565466403961,0.01310217885838938
2,7,4,71,0.0002784514743593863,0.9998638735504471,0.07559069991111755,0.02341678562515881,0.0016727181628573401,0.9991635521972625,0.08750566840171814,0.023399595300361398
2,7,5,71,0.0001960519343008266,0.9999019694827127,0.09382446110248566,0.02104569267248735,0.001242828899347637,0.9993784165804488,0.060698628425598145,0.017698315130019182
2,7,6,71,0.0006278782224189901,0.9996892441141718,0.15837407112121582,0.02471375919503771,0.003879430856382414,0.998064250612197,0.10758078098297119,0.03196714159275871
2,7,7,71,0.0006017038767806117,0.9996997264227888,0.1161123774945736,0.029331089739571325,0.002297302321285541,0.998877468756053,0.09294748306274414,0.02328598663552839
2,7,8,71,0.000853354898463486,0.999573239914939,0.17659085988998413,0.03761221473541809,0.0030165620283433767,0.9985201790595166,0.11217355728149414,0.027017042041052264
2,7,9,71,0.00096681032385839,0.999525063028161,0.20471811294555664,0.040846757377494214,0.004477404571390126,0.9977817680650002,0.11720800399780273,0.03338325058643932
2,7,10,71,0.000966782575413561,0.9995205492229037,0.31676721572875977,0.04085612615745049,0.0033843725039593114,0.9983472203700058,0.12449169158935547,0.033172413702232006
2,7,11,71,0.0007310272879339851,0.9996349678168419,0.1288222074508667,0.0319928375974996,0.006042007591502121,0.9969754056446959,0.15481045842170715,0.04688658737723017
2,7,12,71,0.001075665988256393,0.9994628915884356,0.17132604122161865,0.03664496493865954,0.005815169090560489,0.9970977467707091,0.17341844737529755,0.04994970542338706
2,7,13,71,0.0013964005160201703,0.9993594779666698,0.2532310485839844,0.05115886215571663,0.007228386090898058,0.9964593768191715,0.18082398176193237,0.05465670481135021
2,7,14,71,0.001385383350243825,0.9993561316717638,0.1791367530822754,0.03819723697233712,0.003347912401440668,0.9983752220862283,0.20316654443740845,0.05973347082181135
2,7,15,71,0.0014967639106990807,0.9993191156658249,0.21071374416351318,0.03512387605587719,0.005905115883685165,0.9970439087060566,0.28288161754608154,0.0822182002630143
2,7,16,71,0.0018093956810330855,0.9991439908745555,0.19654250144958496,0.04633502662181854,0.003028991863125488,0.9985025912607389,0.1959230899810791,0.05732138936582487
2,7,17,71,0.0017855078923644304,0.9991198149310061,0.19631671905517578,0.043838445941219106,0.0044104714494406635,0.9978381154652951,0.1872723400592804,0.042531350494755316
2,8,0,72,5.842806372004311e-13,0.9999999999997231,8.58306884765625e-06,6.379777914844453e-07,5.31849597576849e-13,0.9999999999997494,1.0967254638671875e-05,1.1972006177529693e-06
2,8,1,72,1.409775727467669e-12,0.9999999999993208,7.62939453125e-06,1.2861928553320467e-06,6.794884211714378e-12,0.9999999999966394,1.2874603271484375e-05,3.283876139903441e-06
2,8,2,72,5.239242716685901e-12,0.9999999999974047,9.5367431640625e-06,2.6450579753145576e-06,1.1830755041791075e-11,0.9999999999941205,9.864568710327148e-06,2.6034758775494993e-06
2,8,3,72,7.3413537571016876e-06,0.9999963783125501,0.013891816139221191,0.0028874147647002246,3.300368033967587e-05,0.9999834985720665,0.011638760566711426,0.0034174222619185457
2,8,4,72,5.711680490909915e-05,0.9999715124349502,0.03912729024887085,0.008775465030339547,0.0002593411087087734,0.9998704606378203,0.02986818552017212,0.008009555291664583
2,8,5,72,0.00021735639650420814,0.9998915738265118,0.09344527125358582,0.018282559602084802,0.0008701331635362036,0.9995660372120123,0.062037140130996704,0.014579787217371631
2,8,6,72,0.00035458986203895876,0.999827093016372,0.09132766723632812,0.0169052192431991,0.0025992792864677912,0.9987000635494283,0.0813157856464386,0.0245916633737977
2,8,7,72,0.00046182990485210034,0.9997691833708193,0.11309695243835449,0.024750632379436865,0.0024141896739431723,0.998824708620456,0.07460036873817444,0.020489294551225612
2,8,8,72,0.0012564865763501764,0.999372681764158,0.2091975212097168,0.039145969927631086,0.004929648024950079,0.9975370567287445,0.10079090297222137,0.032522933284781175
2,8,9,72,0.0013985779799520006,0.9993005748381995,0.20838463306427002,0.048291619794326834,0.006799785707822397,0.9966365799850206,0.176558256149292,0.04062795579218914
2,8,10,72,0.0010632733141723316,0.9994710468803942,0.17202826589345932,0.04225112433778122,0.0027732671613430247,0.9986125291714174,0.12180066108703613,0.030021659144949808
2,8,11,72,0.00101052638029122,0.9994947400954952,0.18308424949645996,0.03505724801652832,0.0040864381374283495,0.9979547285492113,0.16169720888137817,0.040238635418063495
2,8,12,72,0.0016557583399303905,0.9991867351433251,0.25626884400844574,0.04881721019046381,0.004751398249936303,0.9976257194542688,0.1849653124809265,0.04829719638655661
2,8,13,72,0.0009162914494621653,0.9995462949447266,0.1895291805267334,0.03993906236064504,0.0032073136089636675,0.9984025383012158,0.15586870908737183,0.04181970517674927
2,8,14,72,0.0012650720149010425,0.9993687270466011,0.17174792289733887,0.032241783153949655,0.006392662045836731,0.9968997721112113,0.20868289470672607,0.05440219616411923
2,8,15,72,0.0012124937091779798,0.9993975767874266,0.12420618534088135,0.027679962331603747,0.0063362608473633624,0.9969497869522636,0.2501870393753052,0.06779759265555185
2,8,16,72,0.001534943110824899,0.9992362663329437,0.18800538778305054,0.03601134520613414,0.005908240996983359,0.9970467071656266,0.19588714838027954,0.049911709254956804
2,8,17,72,0.0008493199700346485,0.9995814013934986,0.14789333939552307,0.03306767650792608,0.002526710570728096,0.9987422635201678,0.13626599311828613,0.03655655491456855
2,9,0,73,5.820763573269842e-13,0.9999999999997092,5.0067901611328125e-06,6.906539056217298e-07,6.294436354308829e-13,0.9999999999997071,2.002716064453125e-05,1.1443626135587692e-06
2,9,1,73,9.447530723597689e-13,0.9999999999995701,7.867813110351562e-06,1.0867879609577358e-06,5.629185198224718e-12,0.9999999999971857,1.1682510375976562e-05,3.0719011192559265e-06
2,9,2,73,6.243199252374236e-12,0.99999999999696,1.52587890625e-05,2.8307003958616406e-06,7.835886898351543e-12,0.9999999999960824,9.953975677490234e-06,2.5703209303173935e-06
2,9,3,73,7.410349131789554e-06,0.9999963277002664,0.015232615172863007,0.0030703345182701014,4.047784721325292e-05,0.9999797621482936,0.017567813396453857,0.003966237942563566
2,9,4,73,0.0001673294941268283,0.9999183741119846,0.08581733703613281,0.015241715675074374,0.0008959507873328382,0.9995519578181853,0.057399094104766846,0.015769119307151414
2,9,5,73,0.0001525551170988445,0.999928014841957,0.08134043216705322,0.015450511520612054,0.0010042104344817687,0.9994984262921078,0.05431892350316048,0.013997916776133934
2,9,6,73,0.00043344510224391296,0.9997872746903143,0.13218477368354797,0.020021152962726774,0.0036558512616129382,0.9981726138580022,0.08846929669380188,0.026658388233045116
2,9,7,73,0.0009479635079600189,0.9995339892124678,0.13863420486450195,0.03621550214666058,0.0037552525711283327,0.9982189137768013,0.08419030904769897,0.02527171546057616
2,9,8,73,0.0011574517610782311,0.9994251717666668,0.16678953170776367,0.038207300824069534,0.005104595413803227,0.9974456065568869,0.10572654008865356,0.02942768956472719
2,9,9,73,0.0010134513250860176,0.9994970785266768,0.192707359790802,0.039881866880023153,0.00547751764949034,0.9972665327864073,0.12788712978363037,0.03242582561142626
2,9,10,73,0.0014110614373531631,0.9992952376021629,0.20609354972839355,0.04350481808069162,0.004663299278649004,0.997748978273074,0.12815234065055847,0.037009842278166616
2,9,11,73,0.0013578434974827148,0.9993374331903363,0.2123394012451172,0.041279121602201485,0.00821705796594272,0.995947431322697,0.20229601860046387,0.0518076035846633
2,9,12,73,0.0010995240113249247,0.9994529585512614,0.183197021484375,0.0398242827213835,0.005687482959365694,0.997174072505626,0.18576964735984802,0.04192296613473445
2,9,13,73,0.0008029888062233194,0.9996068244177145,0.14390456676483154,0.03281376056111185,0.0031172055305939,0.9984588714640551,0.11959201097488403,0.03446514927190947
2,9,14,73,0.000777525775967491,0.9996111764646893,0.1294609196484089,0.027363803186744917,0.004172203119523254,0.9979142661481863,0.17250698804855347,0.04489474775255076
2,9,15,73,0.0009557074878177049,0.9995281941109565,0.1075359582901001,0.02468972645874601,0.002928729675528846,0.998536060258136,0.214701846241951,0.06331388705427798
2,9,16,73,0.0011788859627254844,0.9994235640161635,0.15984970331192017,0.0308221988088917,0.0030522866824919336,0.9984972243185449,0.18263006210327148,0.04646779828090075
2,9,17,73,0.0009431908846391536,0.9995343143555357,0.13109683990478516,0.03196282108183368,0.004810699099694965,0.9975983275679778,0.17143155075609684,0.03515187983293799
2,10,0,74,6.041014094016516e-13,0.9999999999996987,5.245208740234375e-06,6.912323442520574e-07,6.294436354308829e-13,0.9999999999997071,2.002716064453125e-05,1.1443626135587692e-06
2,10,1,74,1.0318949429951591e-12,0.9999999999994864,5.9604644775390625e-06,1.2325435818638653e-06,5.582893333047365e-12,0.9999999999972271,1.5139579772949219e-05,3.248978828196414e-06
2,10,2,74,4.504660615247376e-12,0.999999999997766,1.239776611328125e-05,2.464628778398037e-06,8.914243848999395e-12,0.9999999999955458,9.179115295410156e-06,2.761600001122133e-06
2,10,3,74,2.375808348913962e-06,0.9999988290148353,0.010255098342895508,0.001988930096558761,1.7664760265470132e-05,0.9999913333038392,0.010175883769989014,0.0023649854989571395
2,10,4,74,4.314155815841023e-05,0.9999784640285736,0.045580387115478516,0.00942289409431396,0.00021643748808284813,0.9998946929390832,0.042252540588378906,0.00887926996074384
2,10,5,74,0.00011975977391921204,0.9999403020308635,0.07814407348632812,0.015432601954671554,0.0006764694170638343,0.9996627598847377,0.0477452278137207,0.013274541004193452
2,10,6,74,0.0003339443994706823,0.9998378963399904,0.13022547960281372,0.019294153491500765,0.003920525064130263,0.9980404362902736,0.1253392994403839,0.03356542364508641
2,10,7,74,0.0007615697095157319,0.9996210788468258,0.1268625259399414,0.0363644933586329,0.0034980904157293304,0.9982505652320066,0.08842241764068604,0.027074097956131027
2,10,8,74,0.0010877364608660523,0.9994596626842088,0.2800985053181648,0.04736115246669215,0.006705889049114787,0.9966416339454568,0.11678600311279297,0.032284002050801064
2,10,9,74,0.0010067948822710176,0.9995450552154647,0.21030044555664062,0.04037512721333769,0.01087902228794713,0.9945541944376295,0.13445883989334106,0.03320976737632009
2,10,10,74,0.0012483857609155572,0.9993872366744737,0.167099267244339,0.04240504892368335,0.004070517768950144,0.9979718711750831,0.15981271862983704,0.03155128059006529
2,10,11,74,0.001833885662804441,0.9990945785202314,0.24277371168136597,0.04089941548954812,0.006690897130112509,0.9966679515584302,0.19319722056388855,0.05153304734722042
2,10,12,74,0.0015127851295170434,0.9992449276458029,0.2264685295522213,0.041972746157625807,0.009718999730038666,0.9951543402826302,0.1934756636619568,0.04425036215070577
2,10,13,74,0.0008299421548488946,0.9995928689029562,0.19135475158691406,0.03251446680224035,0.003664128766473003,0.9981709156701501,0.15302768349647522,0.032400208497165295
2,10,14,74,0.0013046324547674017,0.9993495027685819,0.17031976580619812,0.03578641714557307,0.0016864205020336695,0.9991806873275524,0.18761023879051208,0.049207664357254544
2,10,15,74,0.001598907472547726,0.9992057210751606,0.14927935600280762,0.03055174685869133,0.0013805295617694976,0.9993125829483638,0.24488317966461182,0.06875669866712997
2,10,16,74,0.0019349293319786166,0.9990325824263442,0.21603775024414062,0.048105034496984445,0.004695504513934758,0.9976584808570695,0.2869091033935547,0.062051475722910254
2,10,17,74,0.002401401182636019,0.998827623203013,0.2533762454986572,0.05193111964399577,0.006339916657707415,0.9968733279889945,0.28147274255752563,0.045844031699061816
2,11,0,75,8.617415022847961e-13,0.9999999999996245,1.52587890625e-05,7.878988981246948e-07,4.687080045901629e-13,0.9999999999997659,6.198883056640625e-06,1.1186748452018946e-06
2,11,1,75,8.609607954358739e-13,0.9999999999995859,6.9141387939453125e-06,1.143686858995352e-06,2.4873002570846136e-12,0.9999999999987604,9.73045825958252e-06,2.673274138942361e-06
2,11,2,75,1.783285424175429e-12,0.9999999999991115,1.049041748046875e-05,1.9179497030563653e-06,2.8547621203391158e-12,0.9999999999985867,8.64267349243164e-06,1.9697981770150363e-06
2,11,3,75,4.15371022309419e-12,0.9999999999979257,1.239776611328125e-05,2.86869726551231e-06,2.16040953299558e-11,0.9999999999893445,1.2755393981933594e-05,3.314433342893608e-06
2,11,4,75,1.338503588327144e-05,0.9999934668991004,0.018384695053100586,0.004978613433195278,6.44498945212934e-05,0.9999678150602074,0.01651626080274582,0.004822447283004294
2,11,5,75,4.548311363463236e-05,0.9999772663790871,0.05024385452270508,0.010486255443538539,0.0004070786969477372,0.9997985494178867,0.03530225157737732,0.010384780425738427
2,11,6,75,0.0004188918728045696,0.9997906378819671,0.11411070823669434,0.017660246296145488,0.0010721938639872079,0.9994639813695739,0.07946145534515381,0.0224626986819203
2,11,7,75,0.00047348337749148715,0.9997657515982891,0.1152908205986023,0.029259847433422692,0.0020705218677542626,0.9989655280151956,0.07499435544013977,0.02055909675436851
2,11,8,75,0.0004814890257717991,0.9997592606655167,0.11888885498046875,0.027684624379617162,0.002329104604916105,0.9988349517862762,0.08296221494674683,0.022182860069960952
2,11,9,75,0.001406190551712502,0.999323907181255,0.19286346435546875,0.04436712399547105,0.006466001074326143,0.9967676022330497,0.13452202081680298,0.031669782492826926
2,11,10,75,0.0006279182686799805,0.9996860691365935,0.14256787300109863,0.03312099853064865,0.0022786884724876728,0.9988602732779078,0.10017246007919312,0.026251461198171455
2,11,11,75,0.0005730758784198431,0.9997252772493752,0.11507773399353027,0.02667639528226573,0.002198140155979863,0.9989228636760219,0.16306233406066895,0.030294784150100895
2,11,12,75,0.0014388533086847988,0.9992985279999429,0.18854013830423355,0.03589669040593435,0.0030850932571817725,0.9984886562783324,0.13156414031982422,0.03751944918258232
2,11,13,75,0.0009455076062605436,0.9995440853650971,0.14560794830322266,0.036655827785580186,0.00272070306899256,0.9986619828129515,0.11851966381072998,0.03168383810248088
2,11,14,75,0.0009446807731512168,0.9995293246780936,0.23896336555480957,0.03076533867715625,0.0008717736553798739,0.999564258984924,0.14757013320922852,0.039533449717964686
2,11,15,75,0.0009884250221867687,0.9995059699569657,0.2067570686340332,0.023713122103799833,0.0011322500609830038,0.9994355927954387,0.2633497714996338,0.05684109660523973
2,11,16,75,0.0009544816105329484,0.9995233443335652,0.1601719856262207,0.033230661909328774,0.0015139192675506805,0.9992473699608619,0.15270736813545227,0.042707318902103
2,11,17,75,0.0011392992097545018,0.999432098964124,0.1050877571105957,0.03257881747413194,0.0025067333591420864,0.998745873182483,0.12966418266296387,0.03087967346118603
2,12,0,76,5.689524707730337e-13,0.9999999999997309,1.1444091796875e-05,6.939299055375159e-07,4.314393852605911e-13,0.9999999999997845,7.62939453125e-06,1.228927430929616e-06
2,12,1,76,1.2452006038008577e-12,0.999999999999414,1.1444091796875e-05,1.392032572766766e-06,4.420685418792517e-12,0.9999999999977954,1.3872981071472168e-05,3.3084870665334165e-06
2,12,2,76,3.1592323601578096e-12,0.9999999999984271,1.33514404296875e-05,2.237010448880028e-06,5.479758162385703e-12,0.9999999999972685,7.987022399902344e-06,2.4061082513071597e-06
2,12,3,76,3.3188937226881427e-06,0.9999983416213449,0.012298583984375,0.002371847440372221,1.865638966289962e-05,0.9999906721891116,0.013569772243499756,0.0028514723521766427
2,12,4,76,0.0062195551778858075,0.9969224314332611,0.5398271083831787,0.10407923834281974,0.024190071611078837,0.9879147765135844,0.34575045108795166,0.09756544769697939
2,12,5,76,0.0032621139753262547,0.9984790858831291,0.3994131088256836,0.08005727065028623,0.015910147921335403,0.9921093041576263,0.26562049984931946,0.06581706564452361
2,12,6,76,0.0069122681205612095,0.9965603117889882,0.47583603858947754,0.07894790342834312,0.027801962034931002,0.9867115593254278,0.6681260466575623,0.1214240901310859
2,12,7,76,0.005625597700600143,0.99720393568273,0.5243189334869385,0.09747873566084309,0.024113463139477414,0.9879135841145384,0.310573935508728,0.06845033339232032
2,12,8,76,0.005422346134148783,0.9972856820235076,0.5243735015392303,0.09250184160919162,0.01877242010763992,0.991074154445079,0.2318253517150879,0.07619297190467478
2,12,9,76,0.0052309633297719935,0.997387145606642,0.3996662497520447,0.0903598375916772,0.0226733310914598,0.9886255039778727,0.2464468628168106,0.06445358561785497
2,12,10,76,0.0037757022333777296,0.9981180706036141,0.33241701126098633,0.07901593812857755,0.010567208982408554,0.9947417089275168,0.21169334650039673,0.0520910590839776
2,12,11,76,0.002614013770221513,0.9987060092009031,0.2798358201980591,0.059201179348747246,0.015190945929899677,0.9929893040447586,0.3176969885826111,0.07451882886198291
2,12,12,76,0.00444749707325533,0.9977866443238061,0.3696301579475403,0.06318633813498309,0.014626109952339936,0.992712460341705,0.34130755066871643,0.094010227976014
2,12,13,76,0.0034030374017022832,0.9983714227327503,0.35532093048095703,0.07074884353642119,0.010179047003434425,0.9949088564970763,0.24062210321426392,0.06106089282684479
2,12,14,76,0.002310617496648118,0.9988555030638784,0.3513302803039551,0.04954987195378635,0.009932239828886694,0.9950289720062254,0.4056077003479004,0.10364835003929329
2,12,15,76,0.002736183239201926,0.9987370861450824,0.2137364149093628,0.04280592725626775,0.006528903327897342,0.9968279974976478,0.45713376998901367,0.11980757340643322
2,12,16,76,0.0025178642105728533,0.9987659765376778,0.28016674518585205,0.05316826172929723,0.003436374486114802,0.9982803614391056,0.29935669898986816,0.07007144652743591
2,12,17,76,0.002465246507955499,0.998768022699796,0.23817741870880127,0.05342883633056772,0.006009171643654128,0.9969947834965873,0.1940518021583557,0.045804889158262085
2,13,0,77,6.536033604659756e-13,0.9999999999996992,1.239776611328125e-05,7.078779162839055e-07,6.090400035020496e-13,0.9999999999996981,7.62939453125e-06,1.1390281144940673e-06
2,13,1,77,8.209592717746554e-13,0.9999999999995896,5.4836273193359375e-06,1.1479060049168766e-06,2.9696618154529757e-12,0.9999999999985167,1.0251998901367188e-05,2.8630490760406246e-06
2,13,2,77,3.4340774354293145e-12,0.9999999999983599,2.002716064453125e-05,2.1756859496235847e-06,4.439377705789875e-12,0.9999999999977806,8.821487426757812e-06,2.1949254005448893e-06
2,13,3,77,3.546816553945857e-10,0.9999999998308542,0.00012874603271484375,2.3642845917493105e-05,1.4408930855114093e-09,0.9999999992818959,8.934736251831055e-05,2.5138275304925628e-05
2,13,4,77,9.532643686318568e-06,0.9999953257349362,0.01894819736480713,0.0040809418860590085,5.317750564797897e-05,0.9999734950928999,0.013789486605674028,0.0039843088757152145
2,13,5,77,0.00011414902932710113,0.9999431680480034,0.06630170345306396,0.015292639756808057,0.0005081362000829382,0.9997503919747297,0.04576843976974487,0.011942889325837314
2,13,6,77,0.0008675979276354323,0.9995691724092307,0.15637663006782532,0.026506674570555333,0.0035859822522050196,0.9982313796461998,0.16076332330703735,0.03881897442261106
2,13,7,77,0.0006205896181810183,0.9996903137635882,0.13564038276672363,0.030670001477119513,0.0025132571680676515,0.9987426004572525,0.1081497073173523,0.022463162033091066
2,13,8,77,0.0009978851624486062,0.999532064192324,0.2941112518310547,0.03899933665525168,0.003444730248618399,0.9982761755604265,0.13348910212516785,0.028890877962112427
2,13,9,77,0.001040085991296103,0.9994798230475408,0.1889190673828125,0.039335590321570635,0.005588021820532272,0.9972026157566949,0.1437811553478241,0.0314867425340708
2,13,10,77,0.001363745796138247,0.9993199906997626,0.24372851848602295,0.04792244068812579,0.005442807974850007,0.9972765775362961,0.1621411070227623,0.036758477664989186
2,13,11,77,0.0013319764398558535,0.9993339937315701,0.301069974899292,0.03926454974680382,0.003288153621274244,0.9984308423030036,0.15041831135749817,0.04033154687931528
2,13,12,77,0.0016395356005648493,0.9991800205714154,0.1978602409362793,0.04178890383923317,0.00324214312807908,0.9983794660568583,0.1798114776611328,0.04168944103116701
2,13,13,77,0.0008316757802484655,0.999584568668312,0.1523435041308403,0.03505324023717549,0.002601670453967281,0.9987060320408364,0.1332654058933258,0.03361459987490889
2,13,14,77,0.0008082758222143226,0.9995959026669489,0.1744142472743988,0.028337665113213006,0.0024602759098138805,0.9987758956536417,0.18386006355285645,0.04600167669559596
2,13,15,77,0.0009875146843883037,0.9995068992134788,0.12854266166687012,0.02407533974474063,0.003930011271929561,0.9980386197527678,0.2390364408493042,0.06569695921280072
2,13,16,77,0.0009649342031504393,0.9995195067767736,0.13828736543655396,0.0317512972469558,0.0022595044128727133,0.9988697275943339,0.15506136417388916,0.04631002893438563
2,13,17,77,0.0008883364474459533,0.999580967149568,0.1988668441772461,0.031407157075591385,0.003202548077492835,0.9984095308923441,0.10614937543869019,0.030332209273183253
2,14,0,78,5.276788410761471e-13,0.9999999999997716,1.239776611328125e-05,6.544032657984644e-07,4.776123795258374e-13,0.9999999999997626,7.62939453125e-06,1.0581270544207655e-06
2,14,1,78,1.3762916041245276e-12,0.9999999999993122,6.139278411865234e-06,1.4068646123632789e-06,6.929930401358028e-12,0.9999999999965591,1.3560056686401367e-05,3.7374447856564075e-06
2,14,2,78,2.4059946308816077e-12,0.9999999999988087,1.049041748046875e-05,2.1448213374242187e-06,3.6236712072455475e-12,0.9999999999981881,1.0251998901367188e-05,2.0654970285249874e-06
2,14,3,78,2.3428133824261002e-06,0.9999988777713305,0.008453607559204102,0.0020707384537672624,1.7004764587994756e-05,0.9999915045018691,0.007342875003814697,0.0023228498866956215
2,14,4,78,2.988743769476042e-05,0.9999853343651419,0.031856656074523926,0.007089450169587508,0.0001362547813231865,0.9999319117988857,0.02187371253967285,0.006294055235287033
2,14,5,78,8.506992320503672e-05,0.9999583978406997,0.0896451473236084,0.013669272884726524,0.0005318639152508635,0.9997372833830126,0.05447971820831299,0.012375525135212229
2,14,6,78,0.000558634486960249,0.999734686331305,0.1160573959350586,0.022210371811524965,0.0033277448368180793,0.9984414980223462,0.11063188314437866,0.027042133405700497
2,14,7,78,0.0006914607669378362,0.9996775816630487,0.18506819009780884,0.03175724602624541,0.003337998441298432,0.9983309049379079,0.11109459400177002,0.025309561804533587
2,14,8,78,0.001282234744090833,0.9993594005510098,0.22091257572174072,0.04120053721271688,0.004506913366103277,0.997863125239778,0.1109887957572937,0.02701924982966375
2,14,9,78,0.0012346286755785393,0.9993915238589728,0.19639480113983154,0.041696936124935746,0.011774979480986597,0.994144112634538,0.17626890540122986,0.045113628133549355
2,14,10,78,0.0012940873177607378,0.9993912060272747,0.20137697458267212,0.045052898618450854,0.004443958577181586,0.9978622246020368,0.1638193130493164,0.03603993810520478
2,14,11,78,0.0014855544066987164,0.9992598375780211,0.21634432673454285,0.03903116346737079,0.007080085623486257,0.996453802354171,0.2378096580505371,0.0480299238297448
2,14,12,78,0.0030005615944614485,0.9985227620098954,0.27786731719970703,0.056431366563629126,0.014655175080594947,0.9926488439810156,0.23183879628777504,0.058436828541744035
2,14,13,78,0.0017666535687778694,0.9991263490244287,0.22006672620773315,0.05051194751649746,0.00692930713514016,0.9965366431967375,0.18954071402549744,0.05151400098839076
2,14,14,78,0.0033353580187277902,0.9984082475512513,0.4161778688430786,0.05220292042213259,0.003164568094405628,0.998416585523655,0.2230370044708252,0.06179993842670228
2,14,15,78,0.002822101258921233,0.9986646336429248,0.19851303100585938,0.04007529001682997,0.0022780973138560043,0.998900374094433,0.26734480261802673,0.08226826937607257
2,14,16,78,0.0019163307585467586,0.9990497978179343,0.185882568359375,0.0468598087245482,0.0033042668013372567,0.9983600098029289,0.257330060005188,0.06086617085748003
2,14,17,78,0.0020558640908056656,0.9989722913947645,0.16277629137039185,0.0457142055975055,0.004473573761078026,0.9977765323853522,0.1724645011126995,0.047312080998381134
2,15,0,79,5.292862661358719e-13,0.9999999999997353,6.67572021484375e-06,8.059832907747477e-07,5.564870933709819e-13,0.9999999999997219,6.67572021484375e-06,1.124637492466718e-06
2,15,1,79,1.1890805993507118e-12,0.9999999999994195,1.430511474609375e-05,1.215797965414822e-06,3.128303823733141e-12,0.9999999999984361,1.2040138244628906e-05,3.0398582566704135e-06
2,15,2,79,2.542552527616406e-12,0.9999999999987335,8.463859558105469e-06,2.3692118702456355e-06,3.4078247962437662e-12,0.9999999999983009,9.298324584960938e-06,2.267610398121178e-06
2,15,3,79,9.150838931250318e-12,0.9999999999954247,1.7583370208740234e-05,4.130051820538938e-06,3.5811001172218654e-11,0.9999999999821741,1.9490718841552734e-05,4.634053652807779e-06
2,15,4,79,2.8649656081880186e-05,0.9999858793145137,0.035178184509277344,0.006842882470664335,0.00011826939574171944,0.9999409471388172,0.020113348960876465,0.006646384066698374
2,15,5,79,0.00012203387570920849,0.999939002471676,0.0903780460357666,0.016556994785787538,0.0010004916987344647,0.9995045288087753,0.07515096664428711,0.016855342602411838
2,15,6,79,0.0006605834168904117,0.9996786712088281,0.12069112062454224,0.024028237128732144,0.002600129209046072,0.9987025585459826,0.1442033052444458,0.03114373360949685
2,15,7,79,0.0005865321895862447,0.9997067797526454,0.17646294832229614,0.03127391063753748,0.0029328209814878767,0.9985326633156497,0.102866530418396,0.026155484759271985
2,15,8,79,0.0009708981958633812,0.9995257372383209,0.2400035858154297,0.03804013912304072,0.003371000414910954,0.9983341414557145,0.11844503879547119,0.026672376135365994
2,15,9,79,0.0008602510767237617,0.9995710706576962,0.15251439809799194,0.03558647037061746,0.004730588580912758,0.9976690239362025,0.1174163818359375,0.029393602172149258
2,15,10,79,0.001051163604169016,0.9994743257139043,0.25740575790405273,0.03960086481674807,0.002324436214035376,0.9988446910211082,0.09140414996363688,0.02728810296213169
2,15,11,79,0.0012529904676704924,0.9994250137807755,0.322420597076416,0.03561865099618444,0.0031889935144104277,0.9984145955399604,0.14315003156661987,0.03536983254889492
2,15,12,79,0.0014652945354076002,0.9992860850850704,0.23033642768859863,0.03645722787587147,0.0031517201277957044,0.9984621833618644,0.12713158130645752,0.03728118288643145
2,15,13,79,0.0009128316456084509,0.9995470534063399,0.16000986099243164,0.03619728208286688,0.0035329146275312707,0.9982462016989434,0.1246500015258789,0.035717759526960435
2,15,14,79,0.0011064310948447262,0.9994510426677222,0.21427202224731445,0.03413509144593263,0.001428798837784313,0.9992857157777261,0.20169580727815628,0.04515618769801222
2,15,15,79,0.0010490506865349716,0.9994908044914147,0.14035141468048096,0.02421487483115925,0.0012136553073552648,0.9993949358328755,0.2782438099384308,0.061057992083078716
2,15,16,79,0.0008626518300038009,0.9995846398215532,0.14759761095046997,0.03038439267402282,0.0018589006584860447,0.9990825212478346,0.22203457355499268,0.04608852491128346
2,15,17,79,0.0011038415411716042,0.9994482480291943,0.15530991554260254,0.03207451522575866,0.003694833728133459,0.9981639993520338,0.1360408067703247,0.03727206985877274
3,0,0,23,0.0,1.0,0.0,0.0,0.0,1.0,0.0,0.0
3,0,1,23,0.0,1.0,0.0,0.0,0.0,1.0,0.0,0.0
3,0,2,23,0.0,1.0,0.0,0.0,0.0,1.0,0.0,0.0
3,0,3,23,0.0,1.0,0.0,0.0,0.0,1.0,0.0,0.0
3,0,4,23,0.0,1.0,0.0,0.0,0.0,1.0,0.0,0.0
3,0,5,23,0.0,1.0,0.0,0.0,0.0,1.0,0.0,0.0
3,0,6,23,0.0,1.0,0.0,0.0,0.0,1.0,0.0,0.0
3,0,7,23,0.0,1.0,0.0,0.0,0.0,1.0,0.0,0.0
3,0,8,23,0.0,1.0,0.0,0.0,0.0,1.0,0.0,0.0
3,0,9,23,0.0,1.0,0.0,0.0,0.0,1.0,0.0,0.0
3,0,10,23,0.0,1.0,0.0,0.0,0.0,1.0,0.0,0.0
3,0,11,23,0.0,1.0,0.0,0.0,0.0,1.0,0.0,0.0
3,0,12,23,0.0,1.0,0.0,0.0,0.0,1.0,0.0,0.0
3,0,13,23,0.0,1.0,0.0,0.0,0.0,1.0,0.0,0.0
3,0,14,23,0.0,1.0,0.0,0.0,0.0,1.0,0.0,0.0
3,0,15,23,0.0,1.0,0.0,0.0,0.0,1.0,0.0,0.0
3,0,16,23,0.0,1.0,0.0,0.0,0.0,1.0,0.0,0.0
3,0,17,23,0.0,1.0,0.0,0.0,0.0,1.0,0.0,0.0
3,1,0,24,4.45473266523208e-13,0.9999999999997775,7.62939453125e-06,6.494810804724693e-07,5.698796656608254e-13,0.9999999999997151,9.5367431640625e-06,1.2109012459404767e-06
3,1,1,24,9.959851061577777e-13,0.9999999999995304,1.1444091796875e-05,1.1204683687537909e-06,4.0208716405030895e-12,0.9999999999980108,9.655952453613281e-06,2.938420948339626e-06
3,1,2,24,3.5534296017455606e-12,0.9999999999982561,9.775161743164062e-06,2.212153049185872e-06,6.621261845378683e-12,0.9999999999967262,8.106231689453125e-06,2.28510953093064e-06
3,1,3,24,3.616299693034664e-12,0.9999999999982306,8.58306884765625e-06,2.263750502606854e-06,3.4936283214778775e-11,0.9999999999825429,1.0728836059570312e-05,3.08942162519088e-06
3,1,4,24,5.54924320011184e-12,0.9999999999973268,1.2636184692382812e-05,3.027947968803346e-06,3.905586489011553e-11,0.999999999980519,1.0624527931213379e-05,3.0390856409212574e-06
3,1,5,24,8.249714421097578e-12,0.99999999999593,2.199411392211914e-05,3.450546500971541e-06,5.943852970988131e-11,0.9999999999703758,1.506507396697998e-05,3.18148795486195e-06
3,1,6,24,1.531448612437246e-11,0.9999999999925192,1.9147992134094238e-05,3.5075045161647722e-06,1.6849505401832778e-10,0.9999999999162166,2.0325183868408203e-05,4.445905528172034e-06
3,1,7,24,1.1410862993501517e-11,0.9999999999943053,1.6450881958007812e-05,3.6288765841163695e-06,5.024325628596902e-11,0.9999999999749059,9.894371032714844e-06,2.951009832941054e-06
3,1,8,24,1.2429569788875357e-05,0.9999938072288285,0.018703937530517578,0.003339173531458073,5.1939540178118265e-05,0.999974336837777,0.00940563902258873,0.002516448934784421
3,1,9,24,0.00019887245312669367,0.999900560764918,0.07211354374885559,0.017091265068302164,0.0011107680522267267,0.9994445473621844,0.044413864612579346,0.013996912569382403
3,1,10,24,0.000395401776802575,0.9998027876758152,0.08058011531829834,0.021918914084380958,0.001286544031346708,0.9993565214931959,0.07221218943595886,0.015840183461477864
3,1,11,24,0.0010622249649297523,0.9995048488242761,0.1425323486328125,0.035181892115360824,0.00564191175836085,0.997223393123224,0.16520079970359802,0.04494936393120952
3,1,12,24,0.001442708653047036,0.9992908488494204,0.16987371444702148,0.036993986104789656,0.005443924489704542,0.9972748138982405,0.11855918169021606,0.035508903121808544
3,1,13,24,0.0012440955360787142,0.9993781538526338,0.158097505569458,0.03899840739177307,0.003218256108083168,0.998389857824091,0.12849778588861227,0.03414757759310305
3,1,14,24,0.0010345025403349767,0.999513197165263,0.1673717498779297,0.03491257353380206,0.0035315848087249264,0.998235556043789,0.18220654129981995,0.046605743310465186
3,1,15,24,0.0013783607040151573,0.9993144320945625,0.1703159213066101,0.032907409135077614,0.0022049066419740668,0.9989152406485926,0.2868938446044922,0.06666737490013475
3,1,16,24,0.0021356819091289466,0.9989357212215417,0.2103593349456787,0.04219731868215604,0.00472845677006312,0.9979941629800628,0.22429722547531128,0.05699363401345181
3,1,17,24,0.0017935202858352524,0.9991033863446726,0.1651926338672638,0.04138633777620271,0.005494214322683908,0.9972518853402009,0.1930835247039795,0.04308396419037308
3,2,0,25,4.265303125431631e-13,0.99999999999979,5.7220458984375e-06,7.485250534955412e-07,5.807992186722433e-13,0.9999999999997121,1.0013580322265625e-05,1.252410584129393e-06
3,2,1,25,1.1567790592127908e-12,0.9999999999994869,1.1444091796875e-05,1.158907252829522e-06,3.1448943238075723e-12,0.9999999999984311,1.2218952178955078e-05,2.617047357489355e-06
3,2,2,25,1.983219046142096e-12,0.999999999999011,7.331371307373047e-06,2.048764145001769e-06,3.9337971150369795e-12,0.9999999999980548,8.225440979003906e-06,2.1916521291132085e-06
3,2,3,25,3.1569426690570478e-12,0.9999999999984467,1.1682510375976562e-05,2.475411747582257e-06,1.8841627741774206e-11,0.9999999999906742,1.5020370483398438e-05,2.6873749447986484e-06
3,2,4,25,5.334115288198417e-12,0.9999999999973455,1.5735626220703125e-05,3.136672603432089e-06,3.560019727926421e-11,0.9999999999822,1.3113021850585938e-05,3.058075890294276e-06
3,2,5,25,6.803041661980469e-12,0.9999999999965999,1.621246337890625e-05,3.984900104114786e-06,3.498958097497322e-11,0.9999999999826227,1.093745231628418e-05,3.000780907314038e-06
3,2,6,25,6.026440892442587e-06,0.9999969979849697,0.008989602327346802,0.002303163261785812,3.379768971264328e-05,0.9999831254388996,0.007967129349708557,0.002227080660873071
3,2,7,25,6.26465353827413e-05,0.9999699603211617,0.05085277557373047,0.009183382418996189,0.000352151290756409,0.9998239221856564,0.02427041158080101,0.00677818526264673
3,2,8,25,0.00028548488313731417,0.9998746774071283,0.11437225341796875,0.021299244559486397,0.001875256362200957,0.99906210436358,0.05442166328430176,0.016752138219317203
3,2,9,25,0.000900984360821188,0.9995605718124557,0.16412067413330078,0.03707957179722143,0.00513309453011591,0.9974306058375889,0.12233695387840271,0.027347131373971933
3,2,10,25,0.0007313771872607036,0.9996358259533029,0.16539299488067627,0.03249497928482015,0.0018196948628725759,0.999093375947637,0.08409309387207031,0.021069314061776367
3,2,11,25,0.000702470225440168,0.9996493471405601,0.1655423641204834,0.026194683410722064,0.003963296530750617,0.9980223968452849,0.13515836000442505,0.030133906687751733
3,2,12,25,0.001227277478569274,0.9993911172205022,0.17246857285499573,0.03392037116282154,0.006231978609651486,0.996911014457718,0.15758253633975983,0.03668581577767327
3,2,13,25,0.0023177679377141417,0.9988405452684761,0.22616124153137207,0.050270984866074286,0.00927824697580698,0.9954057461852253,0.17428410053253174,0.046810866590931255
3,2,14,25,0.001851794425551066,0.9990786611774061,0.31353211402893066,0.04139447298075538,0.0017725753424005894,0.9991724329442089,0.24646174907684326,0.06140069661705638
3,2,15,25,0.0024587820240914637,0.9987698615711178,0.1951650083065033,0.035904829877836164,0.002320462729132633,0.9988482562188337,0.30247557163238525,0.09310778278450016
3,2,16,25,0.003106426394805756,0.9984488098112166,0.2762524485588074,0.052232330624974566,0.006404244823784433,0.9967927535143289,0.22825801372528076,0.06598020322371667
3,2,17,25,0.004486827078200528,0.997763094626856,0.2772349715232849,0.057644451215310255,0.005754240858210442,0.9971207033190652,0.21783441305160522,0.05796619646810086
3,3,0,26,4.102316462973999e-13,0.999999999999808,4.291534423828125e-06,6.889677024446428e-07,6.492660652284728e-13,0.9999999999996756,1.0013580322265625e-05,1.0978910722769797e-06
3,3,1,26,1.4622084538014903e-12,0.9999999999992691,8.344650268554688e-06,1.390129909850657e-06,5.8664912960538415e-12,0.9999999999970712,1.7642974853515625e-05,3.942579496651888e-06
3,3,2,26,3.00039316834043e-12,0.9999999999986244,1.33514404296875e-05,2.304388544871472e-06,4.382122610074673e-12,0.999999999997821,1.0013580322265625e-05,2.2467636426881654e-06
3,3,3,26,2.6191235245911852e-12,0.9999999999988141,7.62939453125e-06,1.9729486666619778e-06,9.369570772459485e-12,0.9999999999953154,8.64267349243164e-06,2.219927409896627e-06
3,3,4,26,2.693035326739338e-12,0.9999999999987645,8.58306884765625e-06,2.2829262888990343e-06,9.641582510365335e-12,0.9999999999951903,8.821487426757812e-06,2.0531315385596827e-06
3,3,5,26,6.3646383072238685e-12,0.9999999999969679,2.47955322265625e-05,3.303463017800823e-06,1.714100226432897e-11,0.9999999999914647,7.62939453125e-06,2.079829755530227e-06
3,3,6,26,1.0099703675520366e-11,0.9999999999951685,1.3828277587890625e-05,2.8686990845017135e-06,1.9089435925545663e-11,0.9999999999906111,1.2561678886413574e-05,2.8778704290743917e-06
3,3,7,26,3.5920012565274614e-06,0.9999982056957826,0.010337352752685547,0.0023432504931406584,8.738795415679447e-06,0.9999956375296142,0.00631946325302124,0.0018574135795006441
3,3,8,26,6.305867863590442e-05,0.99996848974047,0.058826446533203125,0.01004382146493299,0.00019554943474566497,0.9999023126537855,0.027847349643707275,0.007584945085909567
3,3,9,26,0.00031893480237616594,0.9998409507049602,0.08357006311416626,0.02209346198651474,0.0014625518288638542,0.9992720863569623,0.07693226635456085,0.01658310536481622
3,3,10,26,0.0004396982197024779,0.9997999565942354,0.1351858377456665,0.026337630981288385,0.0012730073201482803,0.9993646138148137,0.08240830898284912,0.01910338540756129
3,3,11,26,0.0006607944509335144,0.9996730167852077,0.11840319633483887,0.026820110469998326,0.0014380227018970023,0.9992809595890039,0.15312671661376953,0.0311073828543158
3,3,12,26,0.0009675391212124627,0.9995196179778617,0.15815091133117676,0.029557293972175103,0.0017407988245102617,0.9991293473972975,0.11731401085853577,0.03435569622888579
3,3,13,26,0.0005020892349417758,0.9997494784040307,0.13937807083129883,0.02578187630570028,0.001464349905532806,0.9992726618477772,0.115447998046875,0.02454365131598024
3,3,14,26,0.0009559868878091874,0.9995268763479139,0.14786136150360107,0.02833616462885402,0.0008631953181266662,0.9995691938888441,0.16186654567718506,0.0371856165029385
3,3,15,26,0.0007502729796289991,0.999645959583964,0.11374980211257935,0.02291377094661584,0.0017473789807451838,0.9991262799429294,0.28914690017700195,0.06838507712382125
3,3,16,26,0.0015620834372565638,0.9992629257139775,0.17744851112365723,0.0428477041386941,0.004674542418538895,0.9976715388332619,0.240695022046566,0.05562138172354025
3,3,17,26,0.0020703439820209564,0.9989645090724052,0.17622169852256775,0.04159200642607175,0.006537398926303403,0.9967263969135127,0.19601787626743317,0.04614362898792024
3,4,0,27,4.860562376146488e-13,0.9999999999997579,9.059906005859375e-06,7.633861969225109e-07,5.431560388375032e-13,0.9999999999997286,7.62939453125e-06,1.14328577183187e-06
3,4,1,27,9.670112401796577e-13,0.9999999999995497,7.62939453125e-06,1.087784767150879e-06,3.739175517840657e-12,0.9999999999981357,1.0967254638671875e-05,2.888378730858676e-06
3,4,2,27,2.388096312892139e-12,0.9999999999988156,9.059906005859375e-06,2.045700966846198e-06,3.7339097960841e-12,0.9999999999981483,7.927417755126953e-06,1.982159574254183e-06
3,4,3,27,2.857093466738922e-12,0.9999999999985796,1.1146068572998047e-05,2.313372533535585e-06,2.350714393846913e-11,0.9999999999887613,1.189112663269043e-05,2.8061476768925786e-06
3,4,4,27,4.580588128162911e-12,0.9999999999977712,1.33514404296875e-05,3.103064955212176e-06,3.798943209944487e-11,0.9999999999810055,1.1622905731201172e-05,3.2327552617061883e-06
3,4,5,27,6.027543175099093e-12,0.9999999999969861,2.288818359375e-05,3.868415660690516e-06,2.969164254675751e-11,0.999999999985416,1.4781951904296875e-05,3.1262416086974554e-06
3,4,6,27,1.5825518927044357e-11,0.9999999999921343,1.7464160919189453e-05,3.7982536014169455e-06,9.2127462732732e-11,0.9999999999540522,1.7583370208740234e-05,4.341736712376587e-06
3,4,7,27,7.171939813059198e-06,0.9999964140505722,0.01502177119255066,0.003372955397935584,4.79435341534795e-05,0.99997624276176,0.01071319729089737,0.0026583384114928776
3,4,8,27,0.00017302208180476047,0.9999139944150713,0.06640151143074036,0.015493602018977981,0.000987820345705338,0.9995060454043324,0.04213738441467285,0.011838891077786684
3,4,9,27,0.0004991065462127528,0.9997504455441044,0.13130462169647217,0.028354651811241638,0.003908064794404919,0.9980541882266258,0.08843444287776947,0.021878045697121706
3,4,10,27,0.0006290715261352879,0.9996945014233313,0.1193610429763794,0.02773187340790173,0.0020903510410388636,0.99896852776305,0.07313938438892365,0.022281287969065033
3,4,11,27,0.0005701721052266419,0.9997217517621413,0.1179918646812439,0.027220879688684363,0.0026146649412371174,0.998692675207208,0.11438735574483871,0.030434824140684213
3,4,12,27,0.0008942032359170601,0.9995603072696699,0.16475383937358856,0.02653952909167856,0.005894849422307439,0.9970499697583942,0.15569159388542175,0.03455735227191781
3,4,13,27,0.0006256126368262009,0.9996871631672237,0.14213240146636963,0.030323472465170198,0.0028343193494382085,0.9985830157561559,0.10843625664710999,0.027245368557032634
3,4,14,27,0.0009669995902897754,0.9995190759155054,0.13782542943954468,0.027247555950452806,0.0016087124095184575,0.9992220044039269,0.17284977436065674,0.04573419523148914
3,4,15,27,0.0020371276450220493,0.9989817268217742,0.16363787651062012,0.027467332358355634,0.0014603409511312233,0.9992701888029252,0.2250814437866211,0.07878498751051666
3,4,16,27,0.001886082356148117,0.9990657607153266,0.19751930236816406,0.04153375329769915,0.006910641447440024,0.9965598332459389,0.19389402866363525,0.058914327295724433
3,4,17,27,0.003673536599399048,0.9981615503701649,0.23081350326538086,0.05395005839818623,0.004454155647085686,0.9978143074912655,0.22456097602844238,0.05538873910700204
3,5,0,28,9.545482163815854e-13,0.9999999999996085,1.71661376953125e-05,7.531416486017406e-07,6.153784717179853e-13,0.9999999999997028,6.67572021484375e-06,1.1668321349134203e-06
3,5,1,28,7.512109361492494e-13,0.9999999999996282,5.0067901611328125e-06,1.0054063750430942e-06,2.26557815765093e-12,0.9999999999988687,1.430511474609375e-05,2.573797246441245e-06
3,5,2,28,2.0690136129352484e-12,0.9999999999989677,8.58306884765625e-06,2.1501618903130293e-06,2.514994520821088e-12,0.9999999999987491,8.58306884765625e-06,1.963078830158338e-06
3,5,3,28,2.542302043849903e-12,0.9999999999987292,9.5367431640625e-06,2.3101383703760803e-06,1.479441386532389e-11,0.9999999999926213,9.417533874511719e-06,2.6579382392810658e-06
3,5,4,28,4.225638477189589e-12,0.9999999999978874,1.2636184692382812e-05,2.898632374126464e-06,3.1631166274731464e-11,0.9999999999841895,1.1622905731201172e-05,3.1012277759145945e-06
3,5,5,28,6.585795882782345e-12,0.9999999999967393,2.6106834411621094e-05,3.758803359232843e-06,2.366753062645455e-11,0.9999999999881858,1.064687967300415e-05,2.8607882995856926e-06
3,5,6,28,1.5691521169880262e-11,0.999999999992607,2.47955322265625e-05,3.5960038076154888e-06,3.331816869157617e-11,0.9999999999834492,1.3709068298339844e-05,4.0776346281745646e-06
3,5,7,28,7.189744996377468e-06,0.9999964170780337,0.012358307838439941,0.0035351963524590246,1.8843772578555623e-05,0.9999905975402184,0.010428905487060547,0.0028463398302847054
3,5,8,28,0.00018272017368438243,0.9999104471823799,0.09517717361450195,0.016688487095962046,0.00040217160776584427,0.9998018103424811,0.05814945697784424,0.012743396194821344
3,5,9,28,0.0005389566851109688,0.9997546586345009,0.18874168395996094,0.027482686211442342,0.0019010558603708815,0.9990499991769931,0.07997700572013855,0.022279097159469075
3,5,10,28,0.0003966133954300119,0.9998028966865283,0.10695028305053711,0.025754433809197508,0.0011276850478312034,0.9994403419757139,0.08933860063552856,0.020715435268357396
3,5,11,28,0.0004023039777548464,0.9997988301568936,0.09085577726364136,0.022689291035931092,0.0013716249225044087,0.999315785581422,0.0976371169090271,0.026586918047478036
3,5,12,28,0.0006920626235794717,0.9996543821987114,0.11962592601776123,0.02535807774256682,0.00131090440882047,0.9993535238671697,0.09083294868469238,0.02627827994092513
3,5,13,28,0.0007238614154113373,0.9996497591361642,0.16223222017288208,0.03203522736293962,0.0016591198042720204,0.9991733589332048,0.12073445320129395,0.028376036298595864
3,5,14,28,0.0009866133957198533,0.9995097511938554,0.1498279571533203,0.025349228075356223,0.0011703550554435236,0.9994335234048217,0.14666998386383057,0.041610648651840165
3,5,15,28,0.0011717045260624726,0.9994208677573804,0.1546628475189209,0.024755224396358244,0.002283360197454388,0.99887537641529,0.3428803086280823,0.07091854327882174
3,5,16,28,0.0023500671237081687,0.9988250519424328,0.2441009283065796,0.041110572274192236,0.004764508510111583,0.9976549162673909,0.1813623309135437,0.050079843764251564
3,5,17,28,0.0020023816927740874,0.9989983507565112,0.1896212100982666,0.0464866753663955,0.003956513161555239,0.9980276850795863,0.17684495449066162,0.048635429273417685
3,6,0,29,6.164366506156715e-13,0.9999999999996924,7.867813110351562e-06,5.518850230146199e-07,6.256348068071976e-13,0.9999999999996935,1.239776611328125e-05,1.2097116268705577e-06
3,6,1,29,1.6873642602837917e-12,0.9999999999991602,6.198883056640625e-06,1.4650358934886754e-06,1.3778911166308378e-11,0.9999999999931699,1.4781951904296875e-05,4.218574758851901e-06
3,6,2,29,9.229646571078203e-12,0.9999999999954923,1.1980533599853516e-05,3.2416501198895276e-06,3.66092550807247e-11,0.9999999999817377,1.3589859008789062e-05,3.294963789812755e-06
3,6,3,29,1.0117094798846424e-11,0.9999999999949609,2.193450927734375e-05,3.5055600164923817e-06,5.203915170457532e-11,0.9999999999740428,1.2934207916259766e-05,4.011469627585029e-06
3,6,4,29,1.1960341924818356e-11,0.9999999999940231,2.0887702703475952e-05,4.166267899563536e-06,7.913751203388187e-11,0.9999999999615782,1.4603137969970703e-05,4.201728188490961e-06
3,6,5,29,1.609209269184602e-11,0.9999999999920128,3.0279159545898438e-05,5.421832611318678e-06,7.945050356459964e-11,0.9999999999606296,1.6897916793823242e-05,4.448251274880022e-06
3,6,6,29,2.1868928290397228e-11,0.9999999999890657,2.384185791015625e-05,3.9484330045524985e-06,9.188637088918702e-11,0.9999999999542385,1.811981201171875e-05,5.081307563159498e-06
3,6,7,29,3.3868505759986513e-09,0.9999999983241198,0.0005043856799602509,6.46785119897686e-05,3.177395241833155e-09,0.9999999984478622,0.00012615323066711426,3.495529017527588e-05
3,6,8,29,0.00016397401339842587,0.9999180252471059,0.07814407348632812,0.0144744024873944,0.0003882355163255537,0.9998122470573229,0.03886079788208008,0.011943767494813073
3,6,9,29,0.0004988176454340681,0.999751982110969,0.10800305008888245,0.02707214781548828,0.0022975895250871674,0.9988555000160398,0.08303365111351013,0.02359093033192039
3,6,10,29,0.0007725213261077024,0.9996137878282599,0.19922399520874023,0.035102507388728554,0.0024247731243064044,0.9987958554109222,0.10283789038658142,0.027262891024292912
3,6,11,29,0.0006640769146006846,0.9996686703011197,0.12473464012145996,0.028639686919632368,0.003958532907178908,0.9980191473699752,0.16898970559122972,0.04076060720569785
3,6,12,29,0.0013186886525010353,0.9993413422921001,0.22640109062194824,0.0344777402933687,0.003929641862039795,0.9980349280367273,0.16800280380994081,0.0400878563398237
3,6,13,29,0.0010127384185520784,0.9994950446804161,0.13856029510498047,0.03987400214464287,0.0024239350369914463,0.9987875260718592,0.1216883659362793,0.03345530867954949
3,6,14,29,0.001068820163509204,0.9994654530276078,0.19414913654327393,0.028572902629093733,0.002480810576556424,0.9987591471486655,0.19596797227859497,0.04409902367490304
3,6,15,29,0.0009958054575020451,0.999503595498532,0.11553627252578735,0.02315692094998667,0.0028297678120072656,0.9986285065960973,0.1945943832397461,0.05571449523449701
3,6,16,29,0.0016214110714182844,0.9992066594955445,0.184160053730011,0.036049706133781,0.00258824683170303,0.9988394992871797,0.19443047046661377,0.05142825679286034
3,6,17,29,0.001869477775077305,0.9990734433282776,0.15482664108276367,0.03998126548140135,0.004375900343162757,0.9978175603660343,0.15713584423065186,0.0389236319988413
3,7,0,30,1.1096650307328199e-12,0.9999999999995296,2.002716064453125e-05,7.827184163033962e-07,4.463697089357531e-13,0.9999999999997772,6.67572021484375e-06,1.0663591751836066e-06
3,7,1,30,1.0850055164870793e-12,0.9999999999994578,4.887580871582031e-06,1.3013777788728476e-06,5.955069833044115e-12,0.9999999999971009,1.704692840576172e-05,3.3073338272515684e-06
3,7,2,30,4.175777635495839e-12,0.9999999999979127,8.821487426757812e-06,2.533997985665337e-06,6.050403307036567e-12,0.9999999999970005,7.867813110351562e-06,2.390823283349164e-06
3,7,3,30,5.911326719249178e-12,0.9999999999970681,1.329183578491211e-05,3.0662849894724786e-06,4.3265199433629613e-11,0.9999999999784431,1.519918441772461e-05,3.976947482442483e-06
3,7,4,30,1.2958024241442182e-06,0.9999993528150749,0.0066700950264930725,0.0015495556508540176,5.696104515964134e-06,0.9999971519467101,0.0046942830085754395,0.0013368614411319868
3,7,5,30,3.2330638214375815e-05,0.9999838474026678,0.040911197662353516,0.007722028152784333,0.00013064120973986423,0.9999348255474896,0.02571547031402588,0.007205891506600892
3,7,6,30,0.00016716775630777776,0.9999174549990465,0.06001418083906174,0.013916115309257293,0.001564308753104977,0.9992189345539138,0.06701123714447021,0.019353375871617118
3,7,7,30,0.0005295233065955246,0.9997368361635872,0.12329015135765076,0.030386924550839467,0.002154695306690765,0.9989239550812367,0.10026323795318604,0.022746923069746572
3,7,8,30,0.0012467477829275367,0.9994447407847827,0.18802094459533691,0.03987060618237592,0.003883155552945335,0.9981057383327332,0.09396586194634438,0.02794067021113733
3,7,9,30,0.0009759186467979099,0.9995308860926074,0.20030343532562256,0.039773412281647325,0.005564865165592228,0.997289734539036,0.13859432935714722,0.03501500287655546
3,7,10,30,0.0015335359923484445,0.9992387936742992,0.24465680122375488,0.04691168908175314,0.003462650556484586,0.9982675878559574,0.12498003244400024,0.03384684362390544
3,7,11,30,0.0016697849317118055,0.9991665326047846,0.16782265901565552,0.04256587618874619,0.0048069326337027984,0.9976526331289081,0.16905707120895386,0.04466289027186576
3,7,12,30,0.0024200549568132506,0.998895151328338,0.30961915105581284,0.04459710232549696,0.007905620625121347,0.996236975554655,0.1908394992351532,0.04583801681474142
3,7,13,30,0.0013623945676138908,0.9993200151936401,0.1838979423046112,0.04081864541512914,0.004014693441958277,0.997993706632942,0.13377511501312256,0.036173467918843016
3,7,14,30,0.0014989933923779204,0.999255676298297,0.18954050540924072,0.03654465240833815,0.002404117127194653,0.9988202367151693,0.18323073163628578,0.0568477237272873
3,7,15,30,0.001870459010875954,0.9990875460405038,0.20402956008911133,0.03244765690033091,0.001449394604864869,0.9992750419623837,0.2730579376220703,0.07106318065780215
3,7,16,30,0.0011065169141339709,0.9994467907468655,0.15602684020996094,0.036285859598137904,0.0021662555158001658,0.998927142396581,0.29288601875305176,0.04710619007551031
3,7,17,30,0.002616868546661289,0.9986918059187957,0.16694092750549316,0.046700879746822466,0.004896357933054863,0.9976104357635269,0.182061105966568,0.05013943155586276
3,8,0,31,4.92682819578652e-13,0.9999999999997617,5.245208740234375e-06,7.7096774475649e-07,8.939916706278718e-13,0.9999999999995576,1.1444091796875e-05,1.2134405551478267e-06
3,8,1,31,7.969653897486993e-13,0.9999999999996081,5.602836608886719e-06,1.0560033842921257e-06,3.4051505945068065e-12,0.9999999999983279,1.0848045349121094e-05,2.8886934160254896e-06
3,8,2,31,2.2382636360906146e-12,0.9999999999988849,8.106231689453125e-06,2.014643541770056e-06,2.095982834120359e-12,0.9999999999989527,7.510185241699219e-06,1.9154849724145606e-06
3,8,3,31,2.705903743631101e-12,0.9999999999986509,1.1920928955078125e-05,2.243017661385238e-06,1.9066324231034475e-11,0.9999999999904795,1.2964010238647461e-05,2.8834028853452764e-06
3,8,4,31,4.490858839733597e-12,0.9999999999978654,1.52587890625e-05,3.0036899261176586e-06,2.3497489905033134e-11,0.9999999999883236,9.417533874511719e-06,2.7631358534563333e-06
3,8,5,31,2.7781423806781597e-06,0.999998622663941,0.013184547424316406,0.0024366070720134303,1.2991678946793431e-05,0.9999935290379766,0.0071974992752075195,0.002122613948813523
3,8,6,31,0.00011758874065836132,0.9999412338416261,0.05161142349243164,0.010692422743431962,0.001055519826339129,0.9994743299683571,0.06512331962585449,0.016012018963920127
3,8,7,31,0.0002118715592786357,0.9998942202785719,0.06849002838134766,0.019458535292869783,0.0008696974000179103,0.9995650630018007,0.05937504768371582,0.015463720227671729
3,8,8,31,0.0004719149135050068,0.999765938006884,0.1269649863243103,0.02716678517026594,0.0016035154482023082,0.9992348738620204,0.07006175071001053,0.01935045139362046
3,8,9,31,0.0008969573540493046,0.9995514577138312,0.13583886623382568,0.03625413757254137,0.004518481709331159,0.9977442019781549,0.13070634007453918,0.030434347016125685
3,8,10,31,0.0011442437663204913,0.9994333023496406,0.20222938060760498,0.041220358851205674,0.002658386110082341,0.9986733611277849,0.10577571392059326,0.02793991206726787
3,8,11,31,0.0008417199797246977,0.9995791875296709,0.13718855381011963,0.033944467511901166,0.002709401585349332,0.9986760460887761,0.13684120774269104,0.034396838695101906
3,8,12,31,0.0013135944117988563,0.9993432143706809,0.21795505285263062,0.030721687959157862,0.003032217384699589,0.9984837845065007,0.15377461910247803,0.03784550859381852
3,8,13,31,0.001199563999614801,0.9994029392129015,0.1674717366695404,0.04027077480350272,0.003962270689966673,0.9980262249967707,0.12848736345767975,0.036314955967100104
3,8,14,31,0.001797452879241806,0.999161979474483,0.361072301864624,0.04017641396421823,0.0019673721375378884,0.9990275295559538,0.21191611886024475,0.05775792936401558
3,8,15,31,0.002434709884316739,0.9989117185312775,0.21757709234952927,0.03488078658483573,0.00172543643372289,0.9991407505929417,0.306241512298584,0.07809641808125889
3,8,16,31,0.001333697735769391,0.9993508327727535,0.1808173656463623,0.039420696717570536,0.0033300860121510912,0.9983513473951706,0.22755193710327148,0.057981651203590445
3,8,17,31,0.003199613153499336,0.998411613759653,0.27463626861572266,0.050315866018536326,0.00457441170468914,0.9977259545014798,0.19126439094543457,0.04363080746907144
3,9,0,32,6.687244349914566e-13,0.9999999999997021,7.62939453125e-06,7.507151167374104e-07,6.118774718957927e-13,0.9999999999996944,7.152557373046875e-06,1.1357151379343122e-06
3,9,1,32,2.2229254199473133e-12,0.9999999999988896,8.58306884765625e-06,1.803266059141606e-06,1.0848214492862893e-11,0.9999999999947112,3.24249267578125e-05,4.6140448830556124e-06
3,9,2,32,2.863605040382691e-06,0.9999985691795286,0.009459137916564941,0.002220915939687984,3.7106458150109313e-06,0.9999981529031691,0.008143573999404907,0.0021996399482304696
3,9,3,32,5.090230843219155e-05,0.9999753952706566,0.03801834583282471,0.008902670771931298,0.00022850583942315788,0.9998857422514196,0.04023459553718567,0.012185223585817084
3,9,4,32,0.0002828624400751805,0.9998630753536784,0.11407765746116638,0.021584199350400013,0.0010876306954874955,0.9994561068331816,0.0675579309463501,0.0188585766795768
3,9,5,32,0.00024249356688249538,0.9998797278799747,0.10151422023773193,0.02109079935326008,0.0013702426197689367,0.9993180651533262,0.08185243606567383,0.018040425042272545
3,9,6,32,0.0006881520218858763,0.9996621153319857,0.1432483196258545,0.02446703487657942,0.0033194604833925055,0.9983391118137789,0.1204536184668541,0.03301697411347959
3,9,7,32,0.0011440172034437566,0.9994283103735923,0.16411566734313965,0.04509867186243355,0.002753653670328382,0.9986347808716707,0.14187055826187134,0.03139766259209864
3,9,8,32,0.0009937812927191482,0.9995030145860908,0.18962055444717407,0.03947640396654606,0.003260758827872481,0.9983748532137393,0.10712617635726929,0.030421791571370704
3,9,9,32,0.0013798314050794708,0.9993099925313491,0.1778092086315155,0.045713031100603985,0.0060310660327085736,0.9971141484528969,0.14069843292236328,0.03782255165151582
3,9,10,32,0.0012501896556258976,0.9993919856456235,0.19550296664237976,0.04572283664583665,0.003732909880226514,0.9981384469979022,0.1489540934562683,0.03412025140369224
3,9,11,32,0.0011378794910257332,0.9994580273872467,0.18013286590576172,0.03911531326593831,0.0056166684291963495,0.9971882061097551,0.15349245071411133,0.04280182998809323
3,9,12,32,0.0016491373893223868,0.9991750910701768,0.19329118728637695,0.037902849768215674,0.004060185273246437,0.9980052535265714,0.14846354722976685,0.04562244131375337
3,9,13,32,0.0013644811606972204,0.9993195231460014,0.22271055728197098,0.04322468749523978,0.004263691132579937,0.9978756512092627,0.1400509476661682,0.0373009958784678
3,9,14,32,0.0017281381782082346,0.9991524726344528,0.28893613815307617,0.04244852828560397,0.001468047662809826,0.9992670991023824,0.17955422401428223,0.05154938820487587
3,9,15,32,0.0022293884226923205,0.9989798298849591,0.20228862762451172,0.03424085006918176,0.0013608181068178336,0.9993340337005789,0.3082091808319092,0.07485447928218036
3,9,16,32,0.0012807521247113326,0.999373893902594,0.19800043106079102,0.04147468791961728,0.0026419759797654163,0.9986799934807142,0.20643985271453857,0.05026722958973551
3,9,17,32,0.0022804113023133323,0.9988591474754899,0.27351903915405273,0.04367659258059575,0.003799571122737878,0.9981041844230243,0.16505932807922363,0.04133288590855955
3,10,0,33,8.084155845091107e-13,0.9999999999996302,1.33514404296875e-05,7.378766895271838e-07,4.808611570991181e-13,0.9999999999997609,6.198883056640625e-06,1.1137599358335137e-06
3,10,1,33,1.4948972014018747e-12,0.9999999999992705,5.9604644775390625e-06,1.492669980507344e-06,7.700395638979743e-12,0.9999999999961519,2.288818359375e-05,4.437487405084539e-06
3,10,2,33,4.588344888612462e-12,0.9999999999977064,1.1742115020751953e-05,2.788907295325771e-06,5.220376946923486e-12,0.9999999999974132,1.2278556823730469e-05,2.6235575205646455e-06
3,10,3,33,5.047677704914019e-06,0.9999975626840377,0.015299558639526367,0.002828913347912021,1.867497558753242e-05,0.9999906642765075,0.014441728591918945,0.003595572961785365
3,10,4,33,7.01170768054983e-05,0.999965070850189,0.0418621301651001,0.011250191048020497,0.0003080411443556598,0.9998462318744148,0.04192614555358887,0.01173714717015173
3,10,5,33,0.00021790843824997562,0.9998939288645432,0.10024070739746094,0.020075673868632293,0.0010508285238776801,0.9994837468742312,0.06059622764587402,0.0175885320195448
3,10,6,33,0.0007041543548344339,0.9996598459812823,0.1455247402191162,0.02560516529774759,0.00201459699696606,0.9989921936813447,0.1376449018716812,0.035247434699158475
3,10,7,33,0.0006469333201469053,0.9996791734088106,0.14447379112243652,0.0317652990543138,0.0015562610989338166,0.9992280485004906,0.09061139822006226,0.026236233281565546
3,10,8,33,0.0008121453364001466,0.999599157634115,0.19256889820098877,0.0360612156582647,0.002343610677543905,0.9988499733598283,0.09948396682739258,0.02692658411535831
3,10,9,33,0.001031355061522964,0.9994898220648901,0.1616230010986328,0.037897104644798674,0.0029180023119371786,0.9985461779163223,0.10894711315631866,0.028205574653838994
3,10,10,33,0.0007322385634227505,0.9996338357752864,0.17402946949005127,0.033769093424780294,0.0019324317238829595,0.999040151950395,0.09235906600952148,0.024373133956487436
3,10,11,33,0.0007633595213444359,0.9996194191153952,0.17644557356834412,0.029594524319691118,0.0025972815281724397,0.9987783845528233,0.10611584782600403,0.02829424964329519
3,10,12,33,0.000835351902492442,0.9995887604704452,0.15223348140716553,0.02812075261681457,0.0019450722843976944,0.9990269928750729,0.15986096858978271,0.03525247544666854
3,10,13,33,0.000571609692282762,0.9997141956487097,0.17683696746826172,0.02754597285093041,0.0019033319976529438,0.9990547743104221,0.10030587762594223,0.026422876846481813
3,10,14,33,0.0004202826556960959,0.9997898978609875,0.1183164045214653,0.0203553232968261,0.0015717158838394099,0.9992218423044247,0.20764833688735962,0.045713114801856136
3,10,15,33,0.00046083645614382595,0.999771978895828,0.0892069935798645,0.019744656805414706,0.0015130041016355041,0.9992465999955927,0.18164345994591713,0.04774846133659594
3,10,16,33,0.0017543421197307415,0.9991638733846017,0.1695399284362793,0.0458695269189775,0.003531929421245547,0.9984108237535014,0.21973717212677002,0.06359639753645752
3,10,17,33,0.0031674207636601297,0.9984165078416366,0.2828174829483032,0.06102913220092887,0.00897283226902063,0.9955660337766871,0.1877627968788147,0.05567031487601071
3,11,0,34,5.886335987004602e-13,0.999999999999712,8.58306884765625e-06,7.586022547911853e-07,4.734749155534206e-13,0.9999999999997637,7.152557373046875e-06,1.1535207704582717e-06
3,11,1,34,1.7959926844116532e-12,0.9999999999991132,5.7220458984375e-06,1.6669437172822654e-06,8.905476102370461e-12,0.9999999999955477,1.9073486328125e-05,3.990789991803467e-06
3,11,2,34,4.567121156869606e-12,0.9999999999977174,9.5367431640625e-06,2.7094429242424667e-06,9.177468721087996e-12,0.9999999999954113,1.0967254638671875e-05,2.889948518713936e-06
3,11,3,34,6.3301927896911e-06,0.9999968736460356,0.014213085174560547,0.0033361527403030777,8.381792177586516e-05,0.9999581081944237,0.015207216143608093,0.004707155661890283
3,11,4,34,9.184907231068102e-05,0.9999541998031106,0.07400226593017578,0.012709658200037666,0.0003766775121264205,0.999811712616898,0.03767624497413635,0.010678832899429835
3,11,5,34,0.00017998593547705904,0.9999100559274062,0.11042147874832153,0.019031313044251874,0.001834310044090899,0.9990901509724601,0.0740213394165039,0.022265608327870723
3,11,6,34,0.001162893447544862,0.9994257369224707,0.21290874481201172,0.0312267418630654,0.00630029305076508,0.9968660879387717,0.12167023122310638,0.03505327236780431
3,11,7,34,0.0008582169998541816,0.9995782871000529,0.16043353080749512,0.03419530221435707,0.0033242106942350845,0.9983370496003882,0.12438064813613892,0.025648131651905715
3,11,8,34,0.0026654516087250358,0.9986780383396507,0.2610747814178467,0.05796290771831991,0.009832132550248467,0.9950726011981624,0.16979345679283142,0.04089754115511823
3,11,9,34,0.0030263773913997605,0.9985358790164126,0.34937524795532227,0.060935786554182414,0.012115792940145415,0.9940593912373588,0.21931609511375427,0.05022201312294783
3,11,10,34,0.0019847193316956738,0.999011492105452,0.33640336990356445,0.05357477459619986,0.004534636006521026,0.9977305171461729,0.11856687068939209,0.03770966962088096
3,11,11,34,0.0014019515689110119,0.9993180752551373,0.16595745086669922,0.04478610835940344,0.005503635479513621,0.9972477364937825,0.17609041929244995,0.045913302267592826
3,11,12,34,0.003115086552807473,0.9984422248511243,0.23008966445922852,0.05235102736696717,0.00853186662505001,0.9957250627794674,0.22074000537395477,0.04898311712258874
3,11,13,34,0.001772720078158647,0.9991503311341025,0.2524985671043396,0.05204646701895399,0.00450467562340122,0.9977471780802684,0.13855504989624023,0.04204774083154916
3,11,14,34,0.0015428467411431725,0.9992290263284914,0.23754596710205078,0.037504060648643645,0.0025138852210913475,0.9987422675133951,0.18562042713165283,0.05322131373122829
3,11,15,34,0.001480178406067666,0.9992615443113888,0.14964210242033005,0.02842720886110328,0.0017931715733099424,0.9991070366833744,0.27803051471710205,0.07039391040234477
3,11,16,34,0.0016776494197043748,0.99916926391409,0.34301817417144775,0.041498852895529126,0.002354634036783121,0.9988221743216098,0.1881420612335205,0.052529475338815246
3,11,17,34,0.009731783683903206,0.9953345585301437,0.3705401122570038,0.09847615500802931,0.016395514098134327,0.9918185382694776,0.36134982109069824,0.09032847012713319
3,12,0,35,4.4895122251461596e-13,0.9999999999997903,7.152557373046875e-06,7.310809451155365e-07,4.375516593357114e-13,0.9999999999997815,6.67572021484375e-06,1.0562762327026576e-06
3,12,1,35,1.0003771112011994e-12,0.9999999999995054,5.245208740234375e-06,1.1605443432927132e-06,4.010381255552452e-12,0.999999999997999,1.621246337890625e-05,3.1499248507316224e-06
3,12,2,35,2.205792841372441e-12,0.9999999999989004,7.525086402893066e-06,2.135142494807951e-06,3.0034078522526636e-12,0.999999999998499,1.0251998901367188e-05,2.0606348698493093e-06
3,12,3,35,2.0184509132060797e-06,0.9999989961771497,0.009220659732818604,0.001899783150292933,1.2646596987856457e-05,0.999993759981531,0.011228114366531372,0.0024553112998546567
3,12,4,35,0.00010462267257450236,0.9999484854461622,0.06326007843017578,0.014034687859748374,0.0006897235582589535,0.9996564013569955,0.04811558127403259,0.01468245115938771
3,12,5,35,0.0001461198338793462,0.9999274222033679,0.08043873310089111,0.017189486541610677,0.0008794241885904319,0.9995612426126379,0.05723559856414795,0.01527841678034747
3,12,6,35,0.0005448806290937363,0.9997290298107342,0.11529600620269775,0.023846650816267356,0.0025350600997773166,0.9987426596878661,0.13663572072982788,0.031581428716890514
3,12,7,35,0.0004444764201834231,0.9997827948353671,0.10761022567749023,0.02688870074780425,0.0014060339535400398,0.9992983877787659,0.07593584060668945,0.020329679545255885
3,12,8,35,0.0007979222633180048,0.9996044252668134,0.13668859004974365,0.0335339230223326,0.002336344890380055,0.9988371457681449,0.1014857292175293,0.0303076625691574
3,12,9,35,0.0011915426314972376,0.9994042843622704,0.19447743892669678,0.03895943734823959,0.003979850775098022,0.9980145294524617,0.12595462799072266,0.03480701588910051
3,12,10,35,0.0009162592390352349,0.999545804660979,0.24792134761810303,0.038754649595830415,0.002413298966092243,0.9987948169440944,0.12852931022644043,0.029787755659526738
3,12,11,35,0.0010410585581541627,0.9994935568952564,0.18549251556396484,0.034789717610692605,0.003964648030130752,0.9980403143087085,0.13746976852416992,0.038488414978473884
3,12,12,35,0.0011519046126393813,0.9994243211681232,0.18241262435913086,0.03137122491534683,0.0016149886538901353,0.9991944641270477,0.12003040313720703,0.033908550154592376
3,12,13,35,0.0006607341815971922,0.9996722804114292,0.12293219566345215,0.03196954770828597,0.0017454901977965718,0.9991269029082254,0.09716945886611938,0.02738026408769656
3,12,14,35,0.0006636767335855839,0.9996770601244701,0.13195276260375977,0.026479190099053085,0.0013082048914052115,0.999347163972004,0.15356987714767456,0.041518456061112374
3,12,15,35,0.0007640379727749565,0.9996206731377644,0.11298835277557373,0.02378942392533645,0.0024940376073704145,0.9987535847789967,0.24334335327148438,0.06989505889032444
3,12,16,35,0.001019217476570332,0.9994903078694355,0.1991887092590332,0.03533940215129405,0.002098791170325103,0.9989501742467934,0.2095355987548828,0.05056929373586172
3,12,17,35,0.0023555546181291344,0.9988246615501685,0.2939797639846802,0.051509890079614706,0.004912023023115738,0.9975544190119668,0.23107194900512695,0.05331598986231256
3,13,0,36,4.733407786204774e-13,0.9999999999997726,7.62939453125e-06,7.246198947541416e-07,5.922378762852213e-13,0.9999999999997065,6.67572021484375e-06,1.1432734936533961e-06
3,13,1,36,9.634725784499892e-13,0.9999999999995244,7.867813110351562e-06,1.2075779523001984e-06,4.60639268159504e-12,0.9999999999977143,1.3828277587890625e-05,2.967171894852072e-06
3,13,2,36,2.980291190653711e-12,0.9999999999985103,8.225440979003906e-06,2.258791937492788e-06,6.7774674753264956e-12,0.9999999999966218,8.58306884765625e-06,2.644732376211323e-06
3,13,3,36,3.485266817793262e-06,0.9999983099389381,0.009067535400390625,0.0025263596417062217,3.053221992710636e-05,0.9999847437565127,0.01300191879272461,0.003141315689390467
3,13,4,36,4.8447026580162895e-05,0.9999757952652004,0.04941987991333008,0.009605886443750933,0.000318532057631135,0.9998408324715111,0.039049744606018066,0.010189012144110166
3,13,5,36,0.00014219060897092422,0.9999307770319477,0.06685018539428711,0.017302415428275708,0.000787346052321656,0.9996065432924641,0.054537296295166016,0.01640528593293311
3,13,6,36,0.0011546800981158852,0.9994407796500216,0.18650102615356445,0.03503308939980343,0.008254001121662469,0.9959365830286875,0.16941452026367188,0.046005053692852016
3,13,7,36,0.0012349810203744376,0.9993905211190057,0.19592726230621338,0.04177651928330306,0.004919779853726128,0.997584219064551,0.15650486946105957,0.028641007251280826
3,13,8,36,0.0012065869939005477,0.9993968058848715,0.22500284016132355,0.042050344265589956,0.005270514201498539,0.9973697697894853,0.1241762638092041,0.030972248081070575
3,13,9,36,0.0021125312693119173,0.9989845406404936,0.30593204498291016,0.05831573224349995,0.009174868355967288,0.9954039431132902,0.15970700979232788,0.047316977061200305
3,13,10,36,0.002383427819481275,0.9988220611976576,0.3285036087036133,0.05983792604820337,0.004462882266113979,0.9977819712894024,0.14977896213531494,0.040890117204980925
3,13,11,36,0.0016353881613159864,0.9991917265919752,0.2089977264404297,0.04480297741974937,0.004927650560602796,0.9975378734101171,0.1625705063343048,0.04319684554502601
3,13,12,36,0.0020580829208002296,0.9989841117381524,0.2016836404800415,0.04281602045375621,0.007990478122246982,0.9959974179391757,0.15063893795013428,0.047540668081637705
3,13,13,36,0.0014043664454354812,0.9993060502360291,0.23253750801086426,0.0452531768278277,0.004335302219264908,0.9978301038055823,0.16724946349859238,0.03479532879919134
3,13,14,36,0.0016975335768120408,0.9991568317119672,0.20131516456604004,0.03888430996084935,0.0024485782060715737,0.9987844578980996,0.24400484561920166,0.05897564421502466
3,13,15,36,0.0018771731037170356,0.9990632204173433,0.14815735816955566,0.031660457058023894,0.001827995808934198,0.9990894154458865,0.3063688278198242,0.0800065165021806
3,13,16,36,0.002070458614790975,0.9989717029908046,0.24236726760864258,0.0445736213332566,0.003744911387061466,0.9981678074124231,0.21166735887527466,0.058058714123035315
3,13,17,36,0.00815748981247524,0.9959204965854542,0.3376561105251312,0.08910889587968995,0.009866966125688215,0.9950705537611989,0.3238645941019058,0.08886106189015663
3,14,0,37,3.8827886574989023e-13,0.9999999999998084,4.291534423828125e-06,7.22651748219505e-07,6.878259045618181e-13,0.9999999999996825,8.58306884765625e-06,1.1607698979787529e-06
3,14,1,37,9.970977503265772e-13,0.9999999999995268,6.198883056640625e-06,1.2234868336236104e-06,3.267001950111341e-12,0.9999999999983692,1.6689300537109375e-05,2.8937574825249612e-06
3,14,2,37,1.8867665939269653e-12,0.9999999999990656,8.58306884765625e-06,1.8839200492948294e-06,2.7105415531615925e-12,0.9999999999986455,7.68899917602539e-06,2.101154677802697e-06
3,14,3,37,6.1337706910866965e-06,0.9999969387285772,0.014645066112279892,0.0031220787795973592,2.8759510563177535e-05,0.9999857793960373,0.014751791954040527,0.004434517664549276
3,14,4,37,0.00010938105966663764,0.9999479009367558,0.06924991123378277,0.013484397990396246,0.0004423217465710349,0.999778976705541,0.053155481815338135,0.012053111573550268
3,14,5,37,0.0010765611291827944,0.9994621550805486,0.19957953691482544,0.04231912119576009,0.00697747650275237,0.9965057627152497,0.18309511989355087,0.040600146877523
3,14,6,37,0.0020842168558840475,0.998960575277343,0.23987901210784912,0.04196220955782337,0.015433906426455375,0.9924055566603182,0.23690670728683472,0.07204651318988908
3,14,7,37,0.0016592001446816011,0.9991707136696597,0.22897672653198242,0.049587175708438735,0.003600140579514758,0.998223484010168,0.15839719772338867,0.039225796399477986
3,14,8,37,0.0022409864245918967,0.9988804580590115,0.26625728607177734,0.054837317031342536,0.006341895423711945,0.9968296299841543,0.15844827890396118,0.042661873736506095
3,14,9,37,0.0023364605011332255,0.9988441583237241,0.26366281509399414,0.058291993493185146,0.00631007167994521,0.9968404188422582,0.1657124161720276,0.04470855472936819
3,14,10,37,0.0015700896091276203,0.9992236746984379,0.25534045696258545,0.048725125943747116,0.003747411220614761,0.9981327507703242,0.13788139075040817,0.03400211300800038
3,14,11,37,0.0013636157404858377,0.9993216653252402,0.24325251579284668,0.04329598145704949,0.004577562480805958,0.9977249172823296,0.18157100677490234,0.043379729056141514
3,14,12,37,0.0019567027743546965,0.9990212645901023,0.22748565673828125,0.04464986320817843,0.006123011676242424,0.9969582198935149,0.21871089935302734,0.05163155684203957
3,14,13,37,0.0010803066067492768,0.9994748365273668,0.2214992642402649,0.04117446958844084,0.003922795668564557,0.9980474079099343,0.16613882780075073,0.04124884824432229
3,14,14,37,0.0010967420366241867,0.9994754985981651,0.2085263431072235,0.034387117986625526,0.005398439515805577,0.9974174452502783,0.2602541446685791,0.06577715739967971
3,14,15,37,0.0015332238542445724,0.9992909842691343,0.18536686897277832,0.03486435118520603,0.005046512657005196,0.997503805072279,0.3423435091972351,0.08574032468459336
3,14,16,37,0.001482064181943463,0.9992688369413978,0.1641259789466858,0.041640394694695715,0.0026569769894081593,0.9987063694336917,0.1796187162399292,0.051668833735675435
3,14,17,37,0.0016031751093827486,0.9992263909579847,0.1547856330871582,0.04531796000082977,0.004113223156229313,0.9979414422291386,0.17319440841674805,0.04586732852988007
3,15,0,38,3.58810375819858e-13,0.9999999999998209,3.337860107421875e-06,5.888068699277937e-07,4.2137711798428316e-13,0.9999999999997894,7.152557373046875e-06,1.1296779121039435e-06
3,15,1,38,1.3097480966149015e-12,0.9999999999993548,4.798173904418945e-06,1.3843409760738723e-06,1.2626390646609724e-11,0.9999999999937264,1.7762184143066406e-05,3.868924977723509e-06
3,15,2,38,7.284178014523813e-12,0.9999999999964314,1.239776611328125e-05,3.1218960430123843e-06,2.7606009858200928e-11,0.9999999999862036,1.52587890625e-05,3.4669064916670322e-06
3,15,3,38,5.418826924877119e-06,0.9999973319490246,0.012711524963378906,0.002752729953499511,3.268054575426118e-05,0.9999837604043433,0.011806413531303406,0.003457294466215899
3,15,4,38,8.842000468268433e-05,0.9999557984211477,0.041075944900512695,0.011636392875516322,0.00034747472204452157,0.99982893651725,0.044474899768829346,0.011660084196591924
3,15,5,38,0.0002305496284622371,0.9998859372299467,0.07144922018051147,0.019632979936432093,0.001025764209697347,0.9994884985331808,0.06544068455696106,0.015966914699674817
3,15,6,38,0.0005964135449564608,0.999702065366701,0.10975256189703941,0.02299768904049415,0.004105009053488703,0.9979615979298055,0.11954665184020996,0.031242967822777246
3,15,7,38,0.0006491819387749057,0.9996776918058002,0.1620391309261322,0.027107747380796354,0.0017130232014004273,0.9991431590167862,0.07927755173295736,0.021963836422401073
3,15,8,38,0.0011339537381943527,0.9994328623108841,0.14650261402130127,0.03450711372715887,0.004625690906791133,0.9977413497071448,0.12247061729431152,0.02771752901912805
3,15,9,38,0.001137402156577308,0.9994313299477496,0.18147647380828857,0.04033418602193706,0.004502030121018879,0.9977509668644574,0.10622578859329224,0.031559213337134295
3,15,10,38,0.0010363282751276205,0.9994829170878098,0.16125333309173584,0.03708066878243699,0.0036011364099736635,0.9981982937242675,0.11174581944942474,0.028670057030467433
3,15,11,38,0.0010899515976817429,0.9994567297682826,0.22426891326904297,0.03718943281637621,0.003466575767605754,0.9982655301352232,0.12307584285736084,0.034409263741963514
3,15,12,38,0.0013215790643759902,0.9993524686277588,0.166649729013443,0.034837335915653966,0.0044135455472955895,0.9978149534557827,0.12175220251083374,0.03496588541338497
3,15,13,38,0.0005839284880471985,0.9997203229460683,0.12780380249023438,0.029275445667735767,0.001976747332908309,0.9990145903605034,0.15567775070667267,0.027765917651777272
3,15,14,38,0.0007659739717639696,0.9996384566308034,0.1549530029296875,0.028369133011437953,0.0039835026598959876,0.998006984854361,0.15411624312400818,0.04016858141335433
3,15,15,38,0.0007216561237238927,0.9996620420752206,0.11071443557739258,0.020412817306350917,0.003360243862645061,0.9983233294335334,0.1854161024093628,0.04957563921243491
3,15,16,38,0.0008749903128238876,0.9995646316830562,0.1273665428161621,0.028528540084153065,0.0008380070449604301,0.999614459126691,0.14946269989013672,0.03826459030187834
3,15,17,38,0.0006409300931117266,0.9996794945660551,0.10597801208496094,0.02926308393216459,0.0033575183581413914,0.9983337554181874,0.1335180103778839,0.030964363944804063
