policy,threshold,s_X,s_10,input_clipping_fraction,zero_after_quant_fraction,int10_clip_rate,ratio_max_relative_error,bad_ratio_channels,input_only_mse,input_only_mae,input_only_nmse,input_only_max_absolute_error,input_only_reference_energy,int8_pair_mse,int8_pair_mae,int8_pair_nmse,int8_pair_max_absolute_error,int8_pair_reference_energy,final_local_total_mse,final_local_total_mae,final_local_total_nmse,final_local_total_max_absolute_error,final_local_total_reference_energy,requantization_only_mse,requantization_only_mae,requantization_only_nmse,requantization_only_max_absolute_error,requantization_only_reference_energy,layer,module,module_name,split
absmax,237.61618041992188,1.870993546613558,0.028220451285919337,0.0,0.8815282058793851,3.638459388971684e-06,1.3313339938230949e-05,0,0.09394317187133427,0.22808375824643437,0.03932986727198409,5.867819848329045,2.3885962091271273,0.0941332595791665,0.22835076891625272,0.039409448620688355,5.804390671551021,2.3885962091271273,0.09427629373636412,0.2284585142117458,0.03946933072074824,18.029615970962304,2.3885962091271273,9.828622933047615e-05,0.007062495543316459,4.558839529845405e-05,14.392430155818861,2.155948431328293,0,down_proj,model.layers.0.mlp.down_proj,calibration
percentile_99,6.274074554443359,0.049402161846010706,0.028220451285919337,0.009999997074964021,0.3481513266079765,1.4696522237807195e-06,1.3546768819599874e-05,0,0.4418508425474042,0.4904345886093461,0.18498348145200785,11.06016439487025,2.3885962091271273,0.441969879794479,0.49053593124670025,0.18503331710301488,11.08364394091419,2.3885962091271273,0.4420628425635666,0.490592085820285,0.18507223651883425,18.029615970962304,2.3885962091271273,7.093024975535115e-05,0.007057313817539167,5.511104609662738e-05,7.101037267005044,1.2870423404953633,0,down_proj,model.layers.0.mlp.down_proj,calibration
percentile_99.5,8.096605954170172,0.06375280278874151,0.028220451285919337,0.005000001212819796,0.3840871646881438,2.0831963560386896e-06,1.3715017163605511e-05,0,0.3618636035036058,0.43826011086953476,0.15149634840785534,9.852830603486693,2.3885962091271273,0.362000902892738,0.43838859109151246,0.15155382961317904,9.908562833620213,2.3885962091271273,0.36210781635651296,0.4384551783129164,0.15159858957024772,18.029615970962304,2.3885962091271273,7.503626043819147e-05,0.0070581803311885625,5.1344148095754256e-05,8.121053137342091,1.4614374416779223,0,down_proj,model.layers.0.mlp.down_proj,calibration
percentile_99.9,13.370501440049338,0.10527953889802628,0.028220451285919337,0.0010000002425639592,0.4646799033961922,3.2246738114023553e-06,1.3136993065461382e-05,0,0.2519767705717373,0.35327571748030967,0.1054915726688765,8.690495346495933,2.3885962091271273,0.2521377849322096,0.35347034579890474,0.1055589822879059,8.756345378731183,2.3885962091271273,0.2522660222489752,0.3535646183599252,0.10561266960277126,18.029615970962304,2.3885962091271273,8.445957135722649e-05,0.007061545634624847,4.9396619757936844e-05,9.273270592231121,1.709824918610061,0,down_proj,model.layers.0.mlp.down_proj,calibration
percentile_99.95,16.78148785686517,0.13213769966035566,0.028220451285919337,0.0005000010130612417,0.5052541975407782,3.7240701981239588e-06,1.36562336008077e-05,0,0.2134022985428967,0.3191721865519395,0.08934214067972628,8.218020325124506,2.3885962091271273,0.21357155134500713,0.3194110974506115,0.08941299937131413,8.284079715853888,2.3885962091271273,0.21370816845673382,0.31951603614206425,0.08947019493714675,18.029615970962304,2.3885962091271273,8.863468380119643e-05,0.007061333153549852,4.956250468213614e-05,9.745536255108416,1.7883414966544882,0,down_proj,model.layers.0.mlp.down_proj,calibration
percentile_99.99,41.68604060208963,0.3282365401739341,0.028220451285919337,0.00010000055932395312,0.6783935514770947,6.135441322579703e-06,1.4202424246796938e-05,0,0.08482664938234305,0.17980062479388909,0.03551318094628541,6.139335714685306,2.3885962091271273,0.08501770237903834,0.18037125693681494,0.03559316641890956,6.203585942969493,2.3885962091271273,0.0851811214434825,0.18058637788360274,0.03566158278154956,18.029615970962304,2.3885962091271273,0.00010835603115103224,0.007067633002091196,5.250413439300821e-05,11.826030027992811,2.063761880920784,0,down_proj,model.layers.0.mlp.down_proj,calibration
activation_mse_search_64_rows,237.61618041992188,1.870993546613558,0.028220451285919337,0.0,0.8815282058793851,3.638459388971684e-06,1.3313339938230949e-05,0,0.09394317187133427,0.22808375824643437,0.03932986727198409,5.867819848329045,2.3885962091271273,0.0941332595791665,0.22835076891625272,0.039409448620688355,5.804390671551021,2.3885962091271273,0.09427629373636412,0.2284585142117458,0.03946933072074824,18.029615970962304,2.3885962091271273,9.828622933047615e-05,0.007062495543316459,4.558839529845405e-05,14.392430155818861,2.155948431328293,0,down_proj,model.layers.0.mlp.down_proj,calibration
absmax,237.61618041992188,1.870993546613558,0.028220451285919337,0.0,0.8820337104251923,6.981637042697959e-06,1.3313339938230949e-05,0,0.09316445129290521,0.22699386040486735,0.03902123337710743,5.903328587079358,2.387532203109755,0.09335245064567148,0.22725952470812272,0.03909997549942159,5.882386487023453,2.387532203109755,0.09355180737408884,0.22737403231368297,0.039183474573552486,11.425936297637868,2.387532203109755,0.00011919853048129548,0.007068122950145627,5.526598485266805e-05,7.504892974266827,2.1568154588950743,0,down_proj,model.layers.0.mlp.down_proj,validation
percentile_99,6.274074554443359,0.049402161846010706,0.028220451285919337,0.010061730671747116,0.35212668247822887,2.311162607237945e-06,1.3546768819599874e-05,0,0.44410481042331373,0.49038680959053194,0.18600997709889242,11.031471257253525,2.387532203109755,0.44421828601487806,0.4904840592144848,0.18605750550140635,11.059591222933998,2.387532203109755,0.4443294733492819,0.490542212654394,0.1861040754845291,11.425936297637868,2.387532203109755,7.347289403226471e-05,0.007058551692170843,5.72495628468879e-05,4.328082562563758,1.2833791277806887,0,down_proj,model.layers.0.mlp.down_proj,validation
percentile_99.5,8.096605954170172,0.06375280278874151,0.028220451285919337,0.005045334176779287,0.3880088903203117,3.225997805936298e-06,1.3715017163605511e-05,0,0.3633090787880303,0.438156036176695,0.15216928940888047,9.830060354223765,2.387532203109755,0.36344233966316086,0.43828187546686864,0.1522251047293846,9.827882298937547,2.387532203109755,0.3635745668995679,0.4383499939224514,0.152280487118043,11.425936297637868,2.387532203109755,8.013349387694836e-05,0.007060909570872797,5.492862111702573e-05,5.1315525923659315,1.4588659290431396,0,down_proj,model.layers.0.mlp.down_proj,validation
percentile_99.9,13.370501440049338,0.10527953889802628,0.028220451285919337,0.0010113563308136524,0.4683259859227086,5.151966645301252e-06,1.3136993065461382e-05,0,0.2524057062379725,0.35301822770826047,0.10571824158401492,6.6334133189916535,2.387532203109755,0.252565218628145,0.3532102905550054,0.10578505215518325,6.701638708674608,2.387532203109755,0.2527301507835412,0.3533030003844059,0.10585413275446537,11.425936297637868,2.387532203109755,9.623147668408032e-05,0.007066003048361088,5.631272321230015e-05,6.287954555036347,1.7088762751054611,0,down_proj,model.layers.0.mlp.down_proj,validation
percentile_99.95,16.78148785686517,0.13213769966035566,0.028220451285919337,0.0005061205363746179,0.508649574206809,6.0186526230154815e-06,1.36562336008077e-05,0,0.2134607203000629,0.31874120144149143,0.08940642560633562,5.906045779313846,2.387532203109755,0.2136281054130944,0.3189783436215097,0.08947653360857051,5.981775994030777,2.387532203109755,0.21380685738969735,0.31908795252056626,0.0895514025365666,11.425936297637868,2.387532203109755,0.00010311078484137064,0.007064978526494008,5.766550762420431e-05,6.647762937167887,1.7880842307558442,0,down_proj,model.layers.0.mlp.down_proj,validation
percentile_99.99,41.68604060208963,0.3282365401739341,0.028220451285919337,9.880220145942215e-05,0.6806000360733964,1.025578406961838e-05,1.4202424246796938e-05,0,0.08433877553038717,0.17927925226095828,0.03532466511678297,5.170197787456825,2.387532203109755,0.0845293028513155,0.17984800095830045,0.03540446605964782,5.1651130136448495,2.387532203109755,0.08475189871808284,0.18007116183631974,0.03549769867300374,11.425936297637868,2.387532203109755,0.00013221606086079497,0.007075041344805965,6.407084239113523e-05,8.201281130514705,2.063591735748557,0,down_proj,model.layers.0.mlp.down_proj,validation
activation_mse_search_64_rows,237.61618041992188,1.870993546613558,0.028220451285919337,0.0,0.8820337104251923,6.981637042697959e-06,1.3313339938230949e-05,0,0.09316445129290521,0.22699386040486735,0.03902123337710743,5.903328587079358,2.387532203109755,0.09335245064567148,0.22725952470812272,0.03909997549942159,5.882386487023453,2.387532203109755,0.09355180737408884,0.22737403231368297,0.039183474573552486,11.425936297637868,2.387532203109755,0.00011919853048129548,0.007068122950145627,5.526598485266805e-05,7.504892974266827,2.1568154588950743,0,down_proj,model.layers.0.mlp.down_proj,validation
absmax,82.98802185058594,0.6534489909494956,0.00936830448450864,0.0,0.8915688342010845,4.737131439759212e-06,1.3747750896399255e-05,0,0.016522807670643673,0.09944153378389851,0.03969237748348632,2.001339803894341,0.41627155434359775,0.016608365599239228,0.09970190976070724,0.03989791141368837,1.9945406645137027,0.41627155434359775,0.016623543112751316,0.09972932011732673,0.03993437202060162,5.464604987546587,0.41627155434359775,1.2402881020774272e-05,0.0023446107724269414,3.361597646473981e-05,4.787203591583915,0.3689579279002589,1,down_proj,model.layers.1.mlp.down_proj,calibration
percentile_99,4.144743618965151,0.03263577652728465,0.00936830448450864,0.010000000642081069,0.23393686171434389,9.987927734432075e-07,1.4156715520736461e-05,0,0.04599122328708169,0.13814720726544205,0.1104837042242856,6.281321548740079,0.41627155434359775,0.04604657455494387,0.13832082384170938,0.11061667335773856,6.279688460101774,0.41627155434359775,0.04605438787796897,0.13836635175053064,0.11063544313180447,6.281320487836199,0.41627155434359775,7.36294209267744e-06,0.0023423832597598117,2.5272896660558792e-05,0.7652994493598344,0.29133748266252923,1,down_proj,model.layers.1.mlp.down_proj,calibration
percentile_99.5,5.257313807010405,0.041396171708743344,0.00936830448450864,0.005000001212819796,0.2749212441196789,4.523104416878525e-06,1.4998485355611929e-05,0,0.031204349221807433,0.10934278001210572,0.07496152186284345,5.572485833192266,0.41627155434359775,0.03126807925949349,0.10961142581396639,0.07511461913077126,5.568938897838635,0.41627155434359775,0.03127776693005634,0.1096707991601475,0.07513789160870485,5.569329347013542,0.41627155434359775,7.890126414156865e-06,0.0023429019364745196,2.375215584876244e-05,1.4570908924780186,0.3321856956646723,1,down_proj,model.layers.1.mlp.down_proj,calibration
percentile_99.9,7.812349103927772,0.061514559873447026,0.00936830448450864,0.0010000002425639592,0.3563895727290078,1.1985513281318488e-05,1.3607230575530622e-05,0,0.01686092087155415,0.07435868538684841,0.04050461938995921,4.244317830768326,0.41627155434359775,0.016932177997366786,0.07484957752042946,0.040675798816151326,4.240615832893876,0.41627155434359775,0.016946240408938405,0.07493398045237819,0.04070958063819726,5.464604987546587,0.41627155434359775,1.049529299873477e-05,0.002347098790591943,2.7955853112246915e-05,2.4815186500134603,0.3754238139896717,1,down_proj,model.layers.1.mlp.down_proj,calibration
percentile_99.95,9.017458504200022,0.07100361026929151,0.00936830448450864,0.0005000010130612417,0.39002450973257924,1.4282736660237866e-05,1.3808269426734809e-05,0,0.013719553777076123,0.06565369737770126,0.032958182306523316,3.737944063369743,0.41627155434359775,0.013791640235043716,0.06620729960752103,0.0331313540191119,3.7860054823933442,0.41627155434359775,0.013806763886694438,0.06629576136231463,0.03316768523486017,5.464604987546587,0.41627155434359775,1.1609282248803326e-05,0.0023481330423040683,3.0254682626077e-05,2.875236327960658,0.38371852689001923,1,down_proj,model.layers.1.mlp.down_proj,calibration
percentile_99.99,13.18571696481581,0.10382454303004575,0.00936830448450864,0.00010000055932395312,0.48889559316647674,1.7521678939832266e-05,1.3931808422260396e-05,0,0.007905120294848592,0.04955317411908939,0.018990296628156263,2.5942284925576553,0.41627155434359775,0.007977217661534516,0.05018646720051305,0.019163494546518983,2.639393511911484,0.41627155434359775,0.00799479675810827,0.050273211358588706,0.019205724423603604,5.464604987546587,0.41627155434359775,1.3911672897245155e-05,0.0023495707294327963,3.515023362304136e-05,3.591088875100664,0.3957775372544296,1,down_proj,model.layers.1.mlp.down_proj,calibration
activation_mse_search_64_rows,13.18571696481581,0.10382454303004575,0.00936830448450864,0.00010000055932395312,0.48889559316647674,1.7521678939832266e-05,1.3931808422260396e-05,0,0.007905120294848592,0.04955317411908939,0.018990296628156263,2.5942284925576553,0.41627155434359775,0.007977217661534516,0.05018646720051305,0.019163494546518983,2.639393511911484,0.41627155434359775,0.00799479675810827,0.050273211358588706,0.019205724423603604,5.464604987546587,0.41627155434359775,1.3911672897245155e-05,0.0023495707294327963,3.515023362304136e-05,3.591088875100664,0.3957775372544296,1,down_proj,model.layers.1.mlp.down_proj,calibration
absmax,82.98802185058594,0.6534489909494956,0.00936830448450864,6.018652623015482e-09,0.8920540628601562,7.944621462380437e-06,1.3747750896399255e-05,0,0.016452517120717235,0.09920414454981875,0.03968695960074187,1.9680058080170564,0.4145572572510616,0.016538165866857094,0.09946280229829833,0.03989356253590165,1.963774510555144,0.4145572572510616,0.016558035649335327,0.09949235477378374,0.039941492664082236,3.633865885939641,0.4145572572510616,1.5215858564406441e-05,0.0023471162683480875,4.143667099175465e-05,3.1189681999893484,0.367207553122069,1,down_proj,model.layers.1.mlp.down_proj,validation
percentile_99,4.144743618965151,0.03263577652728465,0.00936830448450864,0.010031872136084335,0.23602336450578099,1.348178187555468e-06,1.4156715520736461e-05,0,0.045081402018013875,0.13607934150459097,0.10874589994383324,5.619847072656561,0.4145572572510616,0.045137126315441777,0.1362596556076655,0.10888031876404014,5.638119024522789,0.4145572572510616,0.04514503072293737,0.1363091611072111,0.10889938587083262,5.640982367267329,0.4145572572510616,7.369398466731128e-06,0.0023422811132629536,2.5371574416227337e-05,0.5038906323583481,0.2904588554826836,1,down_proj,model.layers.1.mlp.down_proj,validation
percentile_99.5,5.257313807010405,0.041396171708743344,0.00936830448450864,0.00503518070980426,0.27718833033331586,5.6816080761266145e-06,1.4998485355611929e-05,0,0.030303765474031227,0.10724835847821367,0.0730991074067215,5.113786133955374,0.4145572572510616,0.030367835858197592,0.10752447099809496,0.07325365875770065,5.131541850278479,0.4145572572510616,0.03037809212237285,0.10758712285336587,0.07327839904145125,5.135093925103862,0.4145572572510616,8.041385895462477e-06,0.0023442140431734404,2.4261189822866644e-05,1.1675257769830703,0.33145059884422134,1,down_proj,model.layers.1.mlp.down_proj,validation
percentile_99.9,7.812349103927772,0.061514559873447026,0.00936830448450864,0.001012012363949561,0.3589013139826108,1.4107721748348289e-05,1.3607230575530622e-05,0,0.01606439377858143,0.07240275333683471,0.03875072380858747,3.7477123744227634,0.4145572572510616,0.01613580578321335,0.07289818612295461,0.038922984704719055,3.7613442133103034,0.4145572572510616,0.01615207641210777,0.07298512009361277,0.03896223291135355,3.7594118066131545,0.4145572572510616,1.171158854386529e-05,0.002348234922568686,3.122707053851151e-05,1.9471309158287298,0.3750460207089135,1,down_proj,model.layers.1.mlp.down_proj,validation
percentile_99.95,9.017458504200022,0.07100361026929151,0.00936830448450864,0.0005084316989818558,0.39262433019618687,1.637073513460211e-05,1.3808269426734809e-05,0,0.012997685931822366,0.06383833049838572,0.031353174270811975,3.2519489448676815,0.4145572572510616,0.013070235279026971,0.06439722209644244,0.03152817867837122,3.2826570840401104,0.4145572572510616,0.013088280953072079,0.06448901961585554,0.03157170867025887,3.633865885939641,0.4145572572510616,1.3328216534109577e-05,0.002350294669711993,3.476323389066023e-05,2.086656354666414,0.38339978886977033,1,down_proj,model.layers.1.mlp.down_proj,validation
percentile_99.99,13.18571696481581,0.10382454303004575,0.00936830448450864,9.767671341891825e-05,0.49154802417745724,1.950043449857016e-05,1.3931808422260396e-05,0,0.007430785188896253,0.04820947656033087,0.017924629370065684,2.302478224087487,0.4145572572510616,0.007503337905596637,0.048848763306247926,0.018099641905563152,2.3008142741833737,0.4145572572510616,0.007525468026180534,0.04893979291376748,0.018153024448497368,3.633865885939641,0.4145572572510616,1.6646374744822047e-05,0.0023519587846526635,4.2117407683198964e-05,2.7802585391869226,0.39523740088738757,1,down_proj,model.layers.1.mlp.down_proj,validation
activation_mse_search_64_rows,13.18571696481581,0.10382454303004575,0.00936830448450864,9.767671341891825e-05,0.49154802417745724,1.950043449857016e-05,1.3931808422260396e-05,0,0.007430785188896253,0.04820947656033087,0.017924629370065684,2.302478224087487,0.4145572572510616,0.007503337905596637,0.048848763306247926,0.018099641905563152,2.3008142741833737,0.4145572572510616,0.007525468026180534,0.04893979291376748,0.018153024448497368,3.633865885939641,0.4145572572510616,1.6646374744822047e-05,0.0023519587846526635,4.2117407683198964e-05,2.7802585391869226,0.39523740088738757,1,down_proj,model.layers.1.mlp.down_proj,validation
absmax,25.221599578857422,0.19859527227446788,0.0047048408855794675,0.0,0.7679790208001164,6.135441322579703e-07,1.3254927098079669e-05,0,0.0014752867530918089,0.030497084586402882,0.09784762514234097,0.47710414153702796,0.015077389471085055,0.0014779061778912046,0.030523445814454306,0.09802135712720605,0.47310680173522934,0.015077389471085055,0.0014797942038638284,0.030542910501035653,0.09814657946600977,1.0211473332362897,0.015077389471085055,1.9086407260137215e-06,0.0011762554426268446,0.00012116894235160791,1.025655313056324,0.015751897218638997,10,down_proj,model.layers.10.mlp.down_proj,calibration
percentile_99,0.6429571133852008,0.0050626544361039435,0.0047048408855794675,0.010000000642081069,0.049038477892321235,4.280540457613746e-08,1.4316144712185292e-05,0,0.0032970155838027973,0.0422381430496551,0.21867284055543637,1.7699273630668544,0.015077389471085055,0.0032976847417648387,0.04224957877015354,0.21871722210857758,1.761873639646516,0.015077389471085055,0.00329953752418332,0.04226550937045515,0.21884010693701783,1.7615463733361303,0.015077389471085055,1.8450394003687146e-06,0.0011762926223100045,0.0002017173560391314,0.09880389474705087,0.00914665667148043,10,down_proj,model.layers.10.mlp.down_proj,calibration
percentile_99.5,0.9047232490777901,0.007123805110848741,0.0047048408855794675,0.005000001212819796,0.06557826862640082,7.13423409602291e-08,1.4634435667937379e-05,0,0.0022556696846051474,0.0343647753815031,0.14960611642559213,1.463113270882247,0.015077389471085055,0.0022567614942286037,0.03438175137159129,0.1496785301299373,1.4517334442424827,0.015077389471085055,0.002258599424542027,0.03440247517326139,0.14980042990024886,1.450368531992504,0.015077389471085055,1.8455411906946702e-06,0.0011760735644808372,0.00017574312666570601,0.19255611476581347,0.010501356301718761,10,down_proj,model.layers.10.mlp.down_proj,calibration
percentile_99.9,1.7007639702561619,0.013391842285481589,0.0047048408855794675,0.0010000002425639592,0.11142090393086025,1.7122161830454984e-07,1.2530696162820792e-05,0,0.0009317632170271346,0.02052984011022009,0.06179870983727262,0.9088557237533808,0.015077389471085055,0.000933639525700231,0.020571161766589408,0.061923155032290934,0.9086288388368733,0.015077389471085055,0.0009355069131104776,0.020614475674175934,0.06204700852919953,1.0211473332362897,0.015077389471085055,1.8590180890163657e-06,0.0011763242130563615,0.00014572244945852821,0.8139681419477158,0.012757252543613273,10,down_proj,model.layers.10.mlp.down_proj,calibration
percentile_99.95,2.150182606458884,0.01693057170440066,0.0047048408855794675,0.0005000010130612417,0.1352655939090078,2.0831963560386896e-06,1.4363753151132653e-05,0,0.0006323366069051439,0.016102384758428713,0.041939395949001604,0.6904916029599468,0.015077389471085055,0.0006343871465743845,0.01616230389781491,0.04207539692404924,0.6889683656031986,0.015077389471085055,0.0006362752578268571,0.01622250512103751,0.04220062491899449,1.0211473332362897,0.015077389471085055,1.8670431772358416e-06,0.0011761863509209278,0.00013938408971549035,0.8860525329790967,0.013394951899078545,10,down_proj,model.layers.10.mlp.down_proj,calibration
percentile_99.99,3.564663354015238,0.028068215385946754,0.0047048408855794675,0.00010000055932395312,0.2039562809568686,2.297223378919377e-06,1.4285919533806965e-05,0,0.00025572245938088224,0.009599741374199586,0.01696065886414215,0.5658449784119329,0.015077389471085055,0.00025795426359577077,0.00969660016901174,0.017108682115724833,0.5632555804382774,0.015077389471085055,0.0002598964613636986,0.009783071962038162,0.017237497370623734,1.0211473332362897,0.015077389471085055,1.935937725124638e-06,0.0011766545394590623,0.0001347139590917467,0.9238899606489732,0.014370728454399972,10,down_proj,model.layers.10.mlp.down_proj,calibration
activation_mse_search_64_rows,3.564663354015238,0.028068215385946754,0.0047048408855794675,0.00010000055932395312,0.2039562809568686,2.297223378919377e-06,1.4285919533806965e-05,0,0.00025572245938088224,0.009599741374199586,0.01696065886414215,0.5658449784119329,0.015077389471085055,0.00025795426359577077,0.00969660016901174,0.017108682115724833,0.5632555804382774,0.015077389471085055,0.0002598964613636986,0.009783071962038162,0.017237497370623734,1.0211473332362897,0.015077389471085055,1.935937725124638e-06,0.0011766545394590623,0.0001347139590917467,0.9238899606489732,0.014370728454399972,10,down_proj,model.layers.10.mlp.down_proj,calibration
absmax,25.221599578857422,0.19859527227446788,0.0047048408855794675,0.0,0.7679599543410567,9.148351986983533e-07,1.3254927098079669e-05,0,0.0014755011920302122,0.030497984079431342,0.09759993150365535,0.4249733400242492,0.01511785069208733,0.001478075695144669,0.03052387356835439,0.09777022708117447,0.42766788935882977,0.01511785069208733,0.0014800511848408343,0.030543439156840997,0.09790089973672592,1.0157562655106576,0.01511785069208733,1.9709145599889855e-06,0.0011764568591222028,0.00012491469701083498,1.012672271374639,0.015778083821618123,10,down_proj,model.layers.10.mlp.down_proj,validation
percentile_99,0.6429571133852008,0.0050626544361039435,0.0047048408855794675,0.01003216103141024,0.049073415187650994,0.0,1.4316144712185292e-05,0,0.003299578241275244,0.042246779684997904,0.21825709940383525,2.0465529294730214,0.01511785069208733,0.0033002542133711617,0.04225820193830492,0.21830181290906067,2.0453129765269513,0.01511785069208733,0.003302091788897139,0.042274167256878846,0.21842336296028184,2.046116419452561,0.01511785069208733,1.844609669286536e-06,0.0011761940964802571,0.00020059006097319102,0.0023619924919497937,0.009195917586031688,10,down_proj,model.layers.10.mlp.down_proj,validation
percentile_99.5,0.9047232490777901,0.007123805110848741,0.0047048408855794675,0.005025069373397594,0.06560721969642108,0.0,1.4634435667937379e-05,0,0.002259094344997807,0.03435848980137132,0.14943224344583683,1.6620102826559005,0.01511785069208733,0.002260179846533656,0.0343756739486548,0.14950404608220083,1.6559405574124422,0.01511785069208733,0.0022620427445080764,0.03439645442484677,0.14962727113663235,1.6552627711747436,0.01511785069208733,1.8443827102251588e-06,0.0011760987601147194,0.0001748282527682238,0.0023599083577664492,0.01054968336651127,10,down_proj,model.layers.10.mlp.down_proj,validation
percentile_99.9,1.7007639702561619,0.013391842285481589,0.0047048408855794675,0.0010074863371770536,0.1114875892012468,2.407461049206193e-07,1.2530696162820792e-05,0,0.0009396100042853045,0.020518966644171414,0.06215235375866594,1.0055341089546332,0.01511785069208733,0.0009414552057457054,0.02056052686409094,0.06227440824233449,0.9975285117132198,0.01511785069208733,0.0009433057523811749,0.02060339951767523,0.062396816293132214,1.0157562655106576,0.01511785069208733,1.8485713339431359e-06,0.0011760336511193157,0.00014437246649325088,0.17181864274737402,0.01280418198043013,10,down_proj,model.layers.10.mlp.down_proj,validation
percentile_99.95,2.150182606458884,0.01693057170440066,0.0047048408855794675,0.0005037732618516418,0.13533039128753327,2.1185657233014495e-06,1.4363753151132653e-05,0,0.0006415083019573395,0.01609015967833617,0.04243382971715049,0.7963215691315922,0.01511785069208733,0.0006435236697326698,0.016150331233043647,0.042567140186765405,0.8012771836742097,0.01511785069208733,0.00064545216663385,0.01621057103232327,0.04269470441136709,1.0157562655106576,0.01511785069208733,1.8659568811746122e-06,0.0011762395851502856,0.00013880161790883987,0.4179538784636563,0.013443336679260528,10,down_proj,model.layers.10.mlp.down_proj,validation
percentile_99.99,3.564663354015238,0.028068215385946754,0.0047048408855794675,9.941610402696972e-05,0.20405866756275576,2.359311828222069e-06,1.4285919533806965e-05,0,0.00026770373627397885,0.009615649305039848,0.017707790725443182,0.6401899692332921,0.01511785069208733,0.0002699048791221302,0.009712586905368425,0.01785338965302774,0.6456527562528837,0.01511785069208733,0.0002719083268144518,0.009799598122557571,0.017985911645282248,1.0157562655106576,0.01511785069208733,1.9610224173414846e-06,0.0011767390104002167,0.00013606309362280817,0.8232250413719662,0.014412596135567798,10,down_proj,model.layers.10.mlp.down_proj,validation
activation_mse_search_64_rows,3.564663354015238,0.028068215385946754,0.0047048408855794675,9.941610402696972e-05,0.20405866756275576,2.359311828222069e-06,1.4285919533806965e-05,0,0.00026770373627397885,0.009615649305039848,0.017707790725443182,0.6401899692332921,0.01511785069208733,0.0002699048791221302,0.009712586905368425,0.01785338965302774,0.6456527562528837,0.01511785069208733,0.0002719083268144518,0.009799598122557571,0.017985911645282248,1.0157562655106576,0.01511785069208733,1.9610224173414846e-06,0.0011767390104002167,0.00013606309362280817,0.8232250413719662,0.014412596135567798,10,down_proj,model.layers.10.mlp.down_proj,validation
absmax,32.973670959472656,0.2596352044052965,0.007084301397567825,0.0,0.8085044115535326,1.5409945647409486e-06,1.4246463757171881e-05,0,0.0024146907381800064,0.038969814957926986,0.09323930530443725,0.739142063579223,0.025897777018991708,0.0024183601787993066,0.03900069071973298,0.09338099470953982,0.7472630862692773,0.025897777018991708,0.0024239853449974473,0.03903544816560239,0.09359820123634001,3.84750593110705,0.025897777018991708,5.445709384291468e-06,0.0017721652176876377,0.0002057404722977343,3.6129937127595912,0.02646882902266691,11,down_proj,model.layers.11.mlp.down_proj,calibration
percentile_99,0.8360835909843445,0.0065833353620814525,0.007084301397567825,0.009999998858522544,0.055858786068975375,7.13423409602291e-08,1.462935948120822e-05,0,0.006343411361485422,0.060049312970783954,0.24494038066794635,3.837842142792358,0.025897777018991708,0.006346492633354635,0.06006622455330609,0.24505935890561337,3.836455510170925,0.025897777018991708,0.006350781704104951,0.06009141218692901,0.245224974307552,3.84750593110705,0.025897777018991708,4.196282542091871e-06,0.0017710952123459152,0.0002920570850616479,0.841023647396216,0.014368021721527874,11,down_proj,model.layers.11.mlp.down_proj,calibration
percentile_99.5,1.142408013343811,0.008995338687746544,0.007084301397567825,0.004999999429261272,0.07281245690922605,2.5683242745682474e-07,1.419124542200419e-05,0,0.004717492779260807,0.051185775097927426,0.1821582128767775,2.9789989659583114,0.025897777018991708,0.004720639106793737,0.05120754899893748,0.18227970313173728,2.9764738824532797,0.025897777018991708,0.004725303594133619,0.05123925271381614,0.1824598146268846,3.84750593110705,0.025897777018991708,4.268487445542267e-06,0.0017712925493379038,0.0002574442430096881,1.272853568088221,0.016580240426590686,11,down_proj,model.layers.11.mlp.down_proj,calibration
percentile_99.9,2.145795172214548,0.016896024978067307,0.007084301397567825,0.0010000002425639592,0.12339139251517252,9.131819642909324e-07,1.446661642057833e-05,0,0.002231532917075867,0.03346551948901997,0.08616696774550994,1.417443483370116,0.025897777018991708,0.0022349171437774235,0.03350747527936061,0.08629764408499169,1.4145584303379657,0.025897777018991708,0.0022402350573311088,0.03356170340932988,0.08650298655704192,3.84750593110705,0.025897777018991708,4.775112897194867e-06,0.0017714649484257292,0.00023286935590451324,2.4329475007690844,0.02050554431538375,11,down_proj,model.layers.11.mlp.down_proj,calibration
percentile_99.95,2.809885361433089,0.022125081586087315,0.007084301397567825,0.0005000010130612417,0.1540113058776044,1.2413567327079864e-06,1.3198432942784416e-05,0,0.0014906096530663338,0.02623064222001709,0.05755743637661332,1.0442851246942522,0.025897777018991708,0.0014941544175929025,0.026291850759060195,0.057694311619765244,1.0482796890264512,0.025897777018991708,0.0014996466805717987,0.026368097590220445,0.05790638630767643,3.84750593110705,0.025897777018991708,5.033647174055405e-06,0.001771905467392434,0.0002299605370850533,2.9867954972463213,0.021889178194925064,11,down_proj,model.layers.11.mlp.down_proj,calibration
percentile_99.99,5.092239909787281,0.04009637724241954,0.007084301397567825,0.00010000055932395312,0.24801447130873586,1.6266053738932235e-06,1.3666398424413835e-05,0,0.0005026461173557048,0.01394965652699354,0.01940885184806007,0.9152638535927574,0.025897777018991708,0.0005064924569562413,0.014066251753141159,0.019557371915929826,0.9118949098232796,0.025897777018991708,0.0005121506015722697,0.014197621759845425,0.01977585185001371,3.84750593110705,0.025897777018991708,5.374235543054499e-06,0.0017720547933518466,0.00022058658447023476,3.6396486567201958,0.024363383457617665,11,down_proj,model.layers.11.mlp.down_proj,calibration
activation_mse_search_64_rows,5.092239909787281,0.04009637724241954,0.007084301397567825,0.00010000055932395312,0.24801447130873586,1.6266053738932235e-06,1.3666398424413835e-05,0,0.0005026461173557048,0.01394965652699354,0.01940885184806007,0.9152638535927574,0.025897777018991708,0.0005064924569562413,0.014066251753141159,0.019557371915929826,0.9118949098232796,0.025897777018991708,0.0005121506015722697,0.014197621759845425,0.01977585185001371,3.84750593110705,0.025897777018991708,5.374235543054499e-06,0.0017720547933518466,0.00022058658447023476,3.6396486567201958,0.024363383457617665,11,down_proj,model.layers.11.mlp.down_proj,calibration
absmax,32.973670959472656,0.2596352044052965,0.007084301397567825,0.0,0.8082557063567757,1.4444766295237155e-06,1.4246463757171881e-05,0,0.0024163639479094327,0.03897550231523096,0.09272909097873973,0.7999632872923704,0.026058315922275567,0.0024200046870855763,0.03900656449169431,0.09286880603887648,0.7838146095220344,0.026058315922275567,0.00242554852226883,0.03904129819735968,0.09308155329390976,2.4435946439463723,0.026058315922275567,5.303228330035926e-06,0.0017720736200401823,0.00019945013324721212,2.274929872974313,0.026589244357449197,11,down_proj,model.layers.11.mlp.down_proj,validation
percentile_99,0.8360835909843445,0.0065833353620814525,0.007084301397567825,0.010111191959003056,0.0559422506428884,1.9259688393649542e-07,1.462935948120822e-05,0,0.006286037791336565,0.05971279558926802,0.24122962550941518,2.4397377311151205,0.026058315922275567,0.006289241617996092,0.05973074573384733,0.24135257384840542,2.441061442818968,0.026058315922275567,0.006293725795296357,0.05975656216746474,0.2415246562390572,2.4435946439463723,0.026058315922275567,4.260111712718686e-06,0.0017710229641569963,0.00029274527373778403,0.8834861215558232,0.014552281778371345,11,down_proj,model.layers.11.mlp.down_proj,validation
percentile_99.5,1.142408013343811,0.008995338687746544,0.007084301397567825,0.0050557765390802185,0.07290099610145387,3.8519376787299083e-07,1.419124542200419e-05,0,0.004661712102882717,0.05079175129098222,0.17889537131974523,1.882905612087792,0.026058315922275567,0.004664993532842537,0.05081478612800592,0.17902129772149766,1.8965623881861897,0.026058315922275567,0.004669872353492017,0.05084647190058051,0.17920852473432658,2.4435946439463723,0.026058315922275567,4.367171388183878e-06,0.001771606204505547,0.00026012417901872143,1.1362377110517943,0.016788794508293552,11,down_proj,model.layers.11.mlp.down_proj,validation
percentile_99.9,2.145795172214548,0.016896024978067307,0.007084301397567825,0.0009998125550827088,0.12348180089449697,9.148351986983533e-07,1.446661642057833e-05,0,0.0021977252388217755,0.03307778403584782,0.08433872877191892,1.088253388702874,0.026058315922275567,0.0022012240088982765,0.033121358881289746,0.08447299570179026,1.0994228598660305,0.026058315922275567,0.0022065561382763944,0.03317697248340481,0.08467761864803214,2.4435946439463723,0.026058315922275567,4.744573927290676e-06,0.001771543553606539,0.00022881956417820752,1.6708872095431313,0.020735001153990233,11,down_proj,model.layers.11.mlp.down_proj,validation
percentile_99.95,2.809885361433089,0.022125081586087315,0.007084301397567825,0.0004986995376904398,0.1541085092288575,1.1555813036189725e-06,1.3198432942784416e-05,0,0.0014698167999624397,0.025911769418412563,0.05640490369164603,1.0023821978267704,0.026058315922275567,0.0014734666940160383,0.02597539037775672,0.05654497007446544,1.0145405207085405,0.026058315922275567,0.001478960477845,0.026054293269961944,0.05675579658548588,2.4435946439463723,0.026058315922275567,4.980322298101075e-06,0.0017723415653816373,0.00022524352814260726,1.894157135521549,0.02211083416766545,11,down_proj,model.layers.11.mlp.down_proj,validation
percentile_99.99,5.092239909787281,0.04009637724241954,0.007084301397567825,9.711697872497781e-05,0.24809349548321788,1.5407750714919633e-06,1.3666398424413835e-05,0,0.0005045040341421826,0.013955111725809764,0.01936057708590887,0.8411405376287395,0.026058315922275567,0.0005084149736020916,0.01407309495593146,0.019510661207675382,0.8391151075295324,0.026058315922275567,0.0005140398357623512,0.014205661628687433,0.019726517910657913,2.4435946439463723,0.026058315922275567,5.371803395792975e-06,0.0017723878599433963,0.00021889693077229547,2.3436956066520875,0.024540332186662406,11,down_proj,model.layers.11.mlp.down_proj,validation
activation_mse_search_64_rows,5.092239909787281,0.04009637724241954,0.007084301397567825,9.711697872497781e-05,0.24809349548321788,1.5407750714919633e-06,1.3666398424413835e-05,0,0.0005045040341421826,0.013955111725809764,0.01936057708590887,0.8411405376287395,0.026058315922275567,0.0005084149736020916,0.01407309495593146,0.019510661207675382,0.8391151075295324,0.026058315922275567,0.0005140398357623512,0.014205661628687433,0.019726517910657913,2.4435946439463723,0.026058315922275567,5.371803395792975e-06,0.0017723878599433963,0.00021889693077229547,2.3436956066520875,0.024540332186662406,11,down_proj,model.layers.11.mlp.down_proj,validation
absmax,44.315826416015625,0.3489435150867372,0.007809064325257302,0.0,0.8798710267452734,1.9975855468864147e-07,1.3846742105315966e-05,0,0.0037531128564324795,0.04844787996342946,0.11792106626156236,0.843840223740551,0.03182733141258787,0.003757882403893952,0.0484781085585624,0.11807092323196441,0.8471270766711092,0.03182733141258787,0.0037630682983036557,0.048512075508061074,0.11823386163048981,1.9391726646380074,0.03182733141258787,5.180176338943859e-06,0.0019525060050357159,0.000164908186072501,1.7023760229060918,0.031412487532101185,12,down_proj,model.layers.12.mlp.down_proj,calibration
percentile_99,0.894768200516701,0.007045418901706307,0.007809064325257302,0.010000000642081069,0.05868022226791937,0.0,1.3626718587235878e-05,0,0.010390313331047115,0.07608980953448014,0.32645882861978476,3.0830578750413067,0.03182733141258787,0.010392931187745813,0.07610286791412424,0.32654108046379776,3.079896856286733,0.03182733141258787,0.010398018623444248,0.07612843443268606,0.3267009253352538,3.0792960561255733,0.03182733141258787,5.083199231765802e-06,0.0019525874655231426,0.00033827520852207734,0.0039159863413837925,0.015026815751512719,12,down_proj,model.layers.12.mlp.down_proj,calibration
percentile_99.5,1.2577074766159058,0.009903208477290596,0.007809064325257302,0.004999999429261272,0.07837195508035089,0.0,1.4519137335244801e-05,0,0.008120545224838956,0.06602817379906363,0.25514376683265505,2.4619964787631945,0.03182733141258787,0.008123557615225761,0.06604558170818202,0.25523841474226944,2.463267281875299,0.03182733141258787,0.008128721714088682,0.06607701016544408,0.2554006683348178,2.4623799744302466,0.03182733141258787,5.0807509152342966e-06,0.0019519947202058616,0.0002860277063256285,0.003911711696704012,0.017763142530850175,12,down_proj,model.layers.12.mlp.down_proj,calibration
percentile_99.9,2.461046685934207,0.019378320361686668,0.007809064325257302,0.0010000002425639592,0.13741923725962768,5.7073872768183276e-08,1.4028608151842668e-05,0,0.004449637467968769,0.04545137252174357,0.13980554669465362,1.511754385614013,0.03182733141258787,0.004453364734393021,0.04548703415865131,0.1399226556779967,1.5017619055499982,0.03182733141258787,0.004458558010209833,0.04553919899152091,0.1400858259969119,1.9391726646380074,0.03182733141258787,5.090295451506838e-06,0.001952341235100214,0.0002227317129790995,0.6953234390086434,0.022853932129478557,12,down_proj,model.layers.12.mlp.down_proj,calibration
percentile_99.95,3.249339634538387,0.025585351453058167,0.007809064325257302,0.0005000010130612417,0.17253066108324383,1.1414774553636655e-07,1.3797359879670882e-05,0,0.0032865061954139765,0.037038535484383676,0.10326050125943473,1.3518104410901872,0.03182733141258787,0.0032904631867318648,0.037092080325839036,0.10338482809245107,1.3514216530653949,0.03182733141258787,0.0032956071270870595,0.037164613422043725,0.10354644831403083,1.9391726646380074,0.03182733141258787,5.10726495366519e-06,0.0019523408562038104,0.00020679822739196198,1.0997717613886127,0.02469685073259822,12,down_proj,model.layers.12.mlp.down_proj,calibration
percentile_99.99,6.063840866088867,0.04774677847314069,0.007809064325257302,9.999877576542912e-05,0.28294986504026676,1.9975855468864147e-07,1.1859761928777503e-05,0,0.0014485559653010702,0.021643544587621324,0.045512956977855804,1.2341595453730254,0.03182733141258787,0.0014528614363656614,0.021746690322714524,0.04564823288298206,1.233829864330672,0.03182733141258787,0.0014580814480544514,0.021869390402188854,0.04581224323060189,1.9391726646380074,0.03182733141258787,5.200045462892366e-06,0.0019520605948188023,0.0001842800623413386,1.8573733134894463,0.0282181663975152,12,down_proj,model.layers.12.mlp.down_proj,calibration
activation_mse_search_64_rows,6.063840866088867,0.04774677847314069,0.007809064325257302,9.999877576542912e-05,0.28294986504026676,1.9975855468864147e-07,1.1859761928777503e-05,0,0.0014485559653010702,0.021643544587621324,0.045512956977855804,1.2341595453730254,0.03182733141258787,0.0014528614363656614,0.021746690322714524,0.04564823288298206,1.233829864330672,0.03182733141258787,0.0014580814480544514,0.021869390402188854,0.04581224323060189,1.9391726646380074,0.03182733141258787,5.200045462892366e-06,0.0019520605948188023,0.0001842800623413386,1.8573733134894463,0.0282181663975152,12,down_proj,model.layers.12.mlp.down_proj,calibration
absmax,44.315826416015625,0.3489435150867372,0.007809064325257302,1.2037305246030963e-08,0.8800275791515414,1.9259688393649542e-07,1.3846742105315966e-05,0,0.0037461989201204205,0.048391729326257744,0.11698571576545866,0.7140483861954702,0.032022703760098956,0.003751034179138794,0.04842264154321132,0.11713671048016475,0.73019180526918,0.032022703760098956,0.0037561153033830396,0.048456346662506415,0.11729538303580873,0.7328156768774793,0.032022703760098956,5.106410922590889e-06,0.0019526171757564186,0.00016170730790303044,0.5127954948066127,0.03157810855185966,12,down_proj,model.layers.12.mlp.down_proj,validation
percentile_99,0.894768200516701,0.007045418901706307,0.007809064325257302,0.010032786971283035,0.058995621454291367,0.0,1.3626718587235878e-05,0,0.010545722156166202,0.07641509321976896,0.3293201671904551,3.008411874763662,0.032022703760098956,0.01054835086924548,0.07642811892854195,0.3294022562326225,3.009466668360905,0.032022703760098956,0.010553512632322326,0.07645357209063913,0.32956344696515766,3.009438968847355,0.032022703760098956,5.082223469740889e-06,0.0019524244480905505,0.00033751584821121013,0.003909256193066479,0.01505773283440173,12,down_proj,model.layers.12.mlp.down_proj,validation
percentile_99.5,1.2577074766159058,0.009903208477290596,0.007809064325257302,0.005027350442741716,0.07874943520963786,0.0,1.4519137335244801e-05,0,0.008278924304519888,0.06635862960155862,0.2585329573212248,2.5879013247584144,0.032022703760098956,0.008281933866703752,0.06637639345384286,0.25862693945984777,2.5915068431084367,0.032022703760098956,0.008287001724742518,0.06640674176648027,0.2587851977404956,2.5877494952834605,0.032022703760098956,5.0814617914041215e-06,0.0019521498554144776,0.0002853663843055018,0.003908946550405246,0.017806798806281655,12,down_proj,model.layers.12.mlp.down_proj,validation
percentile_99.9,2.461046685934207,0.019378320361686668,0.007809064325257302,0.0009976939893594074,0.1379996998377564,0.0,1.4028608151842668e-05,0,0.004619311575591509,0.04588336488670685,0.14425114163368305,1.8314703536901613,0.032022703760098956,0.004623085195854833,0.04591941017099632,0.1443689836588785,1.8289480800990834,0.032022703760098956,0.004628334308800949,0.045973135488720084,0.1445329021395115,1.8264883023230516,0.032022703760098956,5.08169460240909e-06,0.0019521979804879438,0.00022192914039872815,0.003930346164186638,0.02289782492411354,12,down_proj,model.layers.12.mlp.down_proj,validation
percentile_99.95,3.249339634538387,0.025585351453058167,0.007809064325257302,0.0004940411005602258,0.17320402683490904,4.8149220984123854e-08,1.3797359879670882e-05,0,0.0034578969686944834,0.03756129924864487,0.10798266737873348,1.827861144273345,0.032022703760098956,0.003461917054632302,0.03761549533609789,0.10810820599558281,1.8250708076387459,0.032022703760098956,0.0034670616744075368,0.037689270685255516,0.10826886137976824,1.8264883023230516,0.032022703760098956,5.082363777820281e-06,0.0019523530462422468,0.00020559665250680046,0.034166244324276285,0.024720070661910086,12,down_proj,model.layers.12.mlp.down_proj,validation
percentile_99.99,6.063840866088867,0.04774677847314069,0.007809064325257302,9.898877969073562e-05,0.2837554206392984,1.4444766295237157e-07,1.1859761928777503e-05,0,0.001593206052341375,0.02231040890938299,0.04975239018781879,1.7426142923501176,0.032022703760098956,0.0015975701506545537,0.022412127119523874,0.049888671569487016,1.739437548857655,0.032022703760098956,0.0016026885318220219,0.022533536468466526,0.050048507578520265,1.7405885947452213,0.032022703760098956,5.098220157922193e-06,0.0019525750105560248,0.0001808384409953873,0.508693023921793,0.028192126241854933,12,down_proj,model.layers.12.mlp.down_proj,validation
activation_mse_search_64_rows,6.063840866088867,0.04774677847314069,0.007809064325257302,9.898877969073562e-05,0.2837554206392984,1.4444766295237157e-07,1.1859761928777503e-05,0,0.001593206052341375,0.02231040890938299,0.04975239018781879,1.7426142923501176,0.032022703760098956,0.0015975701506545537,0.022412127119523874,0.049888671569487016,1.739437548857655,0.032022703760098956,0.0016026885318220219,0.022533536468466526,0.050048507578520265,1.7405885947452213,0.032022703760098956,5.098220157922193e-06,0.0019525750105560248,0.0001808384409953873,0.508693023921793,0.028192126241854933,12,down_proj,model.layers.12.mlp.down_proj,validation
absmax,74.75613403320312,0.5886309766393947,0.00924775857367402,0.0,0.9240213040072935,9.845243052511616e-07,1.4003756319179624e-05,0,0.009384682688113427,0.07230688608528707,0.15003287986194871,2.680408503926288,0.06255084016749296,0.009404130122633065,0.07235593196681314,0.150343785910014,2.680590385293427,0.06255084016749296,0.009413496401416798,0.07238895777992196,0.15049352456673948,3.7356672142127394,0.06255084016749296,7.760613707812453e-06,0.0023125751934914463,0.00013068681522923555,2.0160113690609363,0.05938329504931076,13,down_proj,model.layers.13.mlp.down_proj,calibration
percentile_99,1.2046933615207678,0.009485774500163526,0.00924775857367402,0.010000000642081069,0.07813620788176485,3.4244323660909967e-07,1.4730007556427517e-05,0,0.022841993187072297,0.11313964967243369,0.3651748421908975,3.4170810111370047,0.06255084016749296,0.02284670815420549,0.11315518753233497,0.3652502203492175,3.4295835487605304,0.06255084016749296,0.02285399688889241,0.11317825676684592,0.3653667453178255,3.7356672142127394,0.06255084016749296,7.146790958925457e-06,0.00231197024490342,0.0002631173561959636,0.656598964019774,0.027161989852173395,13,down_proj,model.layers.13.mlp.down_proj,calibration
percentile_99.5,1.6880658113956315,0.013291856782642768,0.00924775857367402,0.005000001212819796,0.10188794770743385,1.4411152873966278e-06,1.4709068520209847e-05,0,0.0183677934231453,0.09970619810054471,0.2936458307188471,2.95259491744503,0.06255084016749296,0.0183734779888882,0.0997284414951923,0.29373670984577294,2.9499925476829834,0.06255084016749296,0.018382336886021887,0.0997571515794,0.2938783369943447,3.7356672142127394,0.06255084016749296,7.451116400655418e-06,0.002312518152028681,0.00023188924124217138,1.1892454895514062,0.032132221230884585,13,down_proj,model.layers.13.mlp.down_proj,calibration
percentile_99.9,3.3488288481237305,0.02636873108758843,0.00924775857367402,0.0010000002425639592,0.17295593812838334,5.5647025948978695e-06,1.3404672127353857e-05,0,0.010661514166165014,0.07133746509134707,0.17044557895012408,2.6679966687104173,0.06255084016749296,0.010668675714978091,0.07138385289758717,0.17056007059873984,2.6616728205114226,0.06255084016749296,0.010681147261851749,0.07143251708741731,0.17075945316243143,3.7356672142127394,0.06255084016749296,1.0541897420494382e-05,0.002315104190377785,0.00025145306687367615,2.6630239509425806,0.04192391666390123,13,down_proj,model.layers.13.mlp.down_proj,calibration
percentile_99.95,4.504071627617122,0.035465130926119075,0.00924775857367402,0.0005000010130612417,0.2161709797249633,6.506421495572894e-06,1.4909696059423215e-05,0,0.007952335130363839,0.05892670063263134,0.12713394590815724,2.533989913089414,0.06255084016749296,0.007959952495906687,0.058995529495935145,0.12725572469677862,2.5375085258392605,0.06255084016749296,0.007972842161765302,0.05906104026672914,0.12746179172679933,3.7356672142127394,0.06255084016749296,1.1942025280665492e-05,0.0023157650380836005,0.000260742241407474,3.234799495813963,0.04580011745010329,13,down_proj,model.layers.13.mlp.down_proj,calibration
percentile_99.99,8.979518828000892,0.07070487266142435,0.00924775857367402,0.00010000055932395312,0.35508449480091264,6.7061800502615355e-06,1.3117158601301385e-05,0,0.0033025501513639457,0.03375929170752982,0.05279785439365285,2.287691328345445,0.06255084016749296,0.0033112000629021182,0.03389378030773801,0.052936140490450444,2.292559336401156,0.06255084016749296,0.0033244298256780097,0.034006476882429644,0.053147644648355696,3.7356672142127394,0.06255084016749296,1.311065625089987e-05,0.002316625239392353,0.00024244195869638476,3.7091074520243055,0.05407750507130089,13,down_proj,model.layers.13.mlp.down_proj,calibration
activation_mse_search_64_rows,8.979518828000892,0.07070487266142435,0.00924775857367402,0.00010000055932395312,0.35508449480091264,6.7061800502615355e-06,1.3117158601301385e-05,0,0.0033025501513639457,0.03375929170752982,0.05279785439365285,2.287691328345445,0.06255084016749296,0.0033112000629021182,0.03389378030773801,0.052936140490450444,2.292559336401156,0.06255084016749296,0.0033244298256780097,0.034006476882429644,0.053147644648355696,3.7356672142127394,0.06255084016749296,1.311065625089987e-05,0.002316625239392353,0.00024244195869638476,3.7091074520243055,0.05407750507130089,13,down_proj,model.layers.13.mlp.down_proj,calibration
absmax,74.75613403320312,0.5886309766393947,0.00924775857367402,0.0,0.9244656267044824,8.185367567301056e-07,1.4003756319179624e-05,0,0.009230013581191734,0.07187263202457728,0.15063799646320838,2.4584303226628927,0.061272811627218246,0.00924865712311746,0.07192067043321233,0.1509422675000779,2.4584306735142922,0.061272811627218246,0.00925731596129612,0.07195380215607024,0.15108358365562402,4.989811180082572,0.061272811627218246,7.789936042548442e-06,0.0023125946744901524,0.0001336398085704249,3.1960509427243347,0.05829053577582265,13,down_proj,model.layers.13.mlp.down_proj,validation
percentile_99,1.2046933615207678,0.009485774500163526,0.00924775857367402,0.009986401215517453,0.07897922134813197,2.407461049206193e-07,1.4730007556427517e-05,0,0.02197664515930829,0.11098767893372279,0.35866878923417894,4.263057316586034,0.061272811627218246,0.021980367753644856,0.11100058833223657,0.3587295436575146,4.26514357718492,0.061272811627218246,0.021987700165489298,0.111023747094836,0.3588492119353317,4.989811180082572,0.061272811627218246,7.161151640025999e-06,0.002312071822353364,0.0002668883265827183,0.724667602897652,0.02683201521669589,13,down_proj,model.layers.13.mlp.down_proj,validation
percentile_99.5,1.6880658113956315,0.013291856782642768,0.00924775857367402,0.00498809679033441,0.10289354308353774,1.2518797455872201e-06,1.4709068520209847e-05,0,0.01757128649962256,0.09752802127948357,0.28677134332476345,3.4950348747164126,0.061272811627218246,0.017576162012553142,0.09754810716301952,0.2868509139010289,3.4930482624750825,0.061272811627218246,0.0175846818975485,0.09757684401050999,0.28698996227777374,4.989811180082572,0.061272811627218246,7.3878915797598505e-06,0.002312061531402206,0.00023230662020753105,1.49676291760749,0.031802329064750195,13,down_proj,model.layers.13.mlp.down_proj,validation
percentile_99.9,3.3488288481237305,0.02636873108758843,0.00924775857367402,0.0009928369366926338,0.17438609021006926,4.766772877428261e-06,1.3404672127353857e-05,0,0.01007478205565992,0.06926176235354808,0.16442500006290817,2.4704409121890936,0.061272811627218246,0.010081440698280732,0.06930715915140531,0.1645336721222438,2.4636705679223923,0.061272811627218246,0.010092892575561865,0.06935640998452257,0.16472057193925893,4.989811180082572,0.061272811627218246,9.696106265480476e-06,0.002314147326969987,0.00023331382001293545,2.979808026924263,0.0415582165897541,13,down_proj,model.layers.13.mlp.down_proj,validation
percentile_99.95,4.504071627617122,0.035465130926119075,0.00924775857367402,0.0004918503110054482,0.21777355185439984,5.2482650872695e-06,1.4909696059423215e-05,0,0.007472915856333058,0.05699305621344157,0.12196136684241016,2.342973367581199,0.061272811627218246,0.007480074430610749,0.05706201622468214,0.12207819801250959,2.335059868470134,0.061272811627218246,0.00749189312314548,0.05712976511580208,0.12227108442037733,4.989811180082572,0.061272811627218246,1.1002152397500373e-05,0.0023155118536308614,0.00024242271738982387,3.5470560497015295,0.045384164140890075,13,down_proj,model.layers.13.mlp.down_proj,validation
percentile_99.99,8.979518828000892,0.07070487266142435,0.00924775857367402,9.52090658434819e-05,0.35710514942436644,5.633458855142491e-06,1.3117158601301385e-05,0,0.0030676817774411115,0.0326207366625354,0.05006595414789818,1.8540581164795091,0.061272811627218246,0.0030760629639946715,0.03275645060595141,0.050202738903338345,1.8543858361090786,0.061272811627218246,0.003088309600567857,0.03287135171726735,0.05040260955147661,4.989811180082572,0.061272811627218246,1.2035419000598195e-05,0.002316116181846937,0.00022549347338988448,4.767873433460139,0.05337369113024669,13,down_proj,model.layers.13.mlp.down_proj,validation
activation_mse_search_64_rows,8.979518828000892,0.07070487266142435,0.00924775857367402,9.52090658434819e-05,0.35710514942436644,5.633458855142491e-06,1.3117158601301385e-05,0,0.0030676817774411115,0.0326207366625354,0.05006595414789818,1.8540581164795091,0.061272811627218246,0.0030760629639946715,0.03275645060595141,0.050202738903338345,1.8543858361090786,0.061272811627218246,0.003088309600567857,0.03287135171726735,0.05040260955147661,4.989811180082572,0.061272811627218246,1.2035419000598195e-05,0.002316116181846937,0.00022549347338988448,4.767873433460139,0.05337369113024669,13,down_proj,model.layers.13.mlp.down_proj,validation
absmax,102.763427734375,0.8091608483021654,0.00703072449753549,0.0,0.9582062387364713,1.098672050787528e-06,1.440590380752762e-05,0,0.01190400926710358,0.08116528295750255,0.10765775107146626,2.8662891395358323,0.11057270980146486,0.011916108849495243,0.0812178251455651,0.10776717755123136,2.857919204911583,0.11057270980146486,0.01192029607337118,0.08123435320729035,0.10780504606221797,2.8588893431916995,0.11057270980146486,4.2913266660879236e-06,0.0017579066969866867,4.012196865229387e-05,1.5326979404627372,0.1069570315274791,14,down_proj,model.layers.14.mlp.down_proj,calibration
percentile_99,1.2463765144348145,0.009813988302636334,0.00703072449753549,0.009999998858522544,0.12314080967678381,1.1272089871716198e-06,1.2850594887103264e-05,0,0.06266716486740789,0.1840346408987234,0.5667507378622432,3.8395441018149272,0.11057270980146486,0.06267024076407726,0.18404071225845156,0.5667785557268401,3.838853506485628,0.11057270980146486,0.06267446013685886,0.18404968123496948,0.5668167149868345,3.841557201019449,0.11057270980146486,4.173554453579793e-06,0.0017578723481371978,0.0001583025223341191,0.5957646639112566,0.026364421691089268,14,down_proj,model.layers.14.mlp.down_proj,calibration
percentile_99.5,1.9363520717620304,0.01524686670678764,0.00703072449753549,0.005000001212819796,0.16258553518627086,1.7264846512375443e-06,1.3670195265191756e-05,0,0.05233664185171087,0.16518132601235982,0.47332331771268144,3.7698494230149775,0.11057270980146486,0.052340940063780754,0.16519209865228537,0.473362189981233,3.7690359258599244,0.11057270980146486,0.05234542731278059,0.16520269199460855,0.47340277186629215,3.771249956044094,0.11057270980146486,4.2906580735020145e-06,0.0017581519447941738,0.00012462504239304587,0.7925852247824663,0.03442853852735327,14,down_proj,model.layers.14.mlp.down_proj,calibration
percentile_99.9,4.505870668888292,0.035479296605419625,0.00703072449753549,0.0010000002425639592,0.27374661744558804,2.7252774246807517e-06,1.2807999719191907e-05,0,0.03238918741288382,0.12240243792590758,0.29292207336728154,3.5395551688279174,0.11057270980146486,0.03239642018266186,0.12243410933198502,0.2929874852559024,3.538298212978056,0.11057270980146486,0.03240113949584025,0.12245430329257768,0.2930301658882833,3.539236047625423,0.11057270980146486,4.616887396431673e-06,0.001758638765557746,8.521251447879081e-05,1.0763725386291974,0.05418086092953876,14,down_proj,model.layers.14.mlp.down_proj,calibration
percentile_99.95,6.341708781004172,0.04993471481105647,0.00703072449753549,0.0005000010130612417,0.335374881814278,3.2960161523625843e-06,1.3909926378690131e-05,0,0.024951054446501933,0.10344414420134337,0.22565291645019794,3.4412635988572817,0.11057270980146486,0.02495943023813928,0.10349520573148104,0.22572866562603333,3.4399764712895027,0.11057270980146486,0.024964362341338503,0.1035239207423778,0.22577327069366782,3.440805904659926,0.11057270980146486,4.712017179205809e-06,0.0017586950457855965,7.47309905068869e-05,1.12594282192509,0.06305305399065422,14,down_proj,model.layers.14.mlp.down_proj,calibration
percentile_99.99,13.785691167258392,0.10854874934849128,0.00703072449753549,0.00010000055932395312,0.5160890426896587,3.6527278571637297e-06,1.2674934671532185e-05,0,0.011032533703368238,0.0631228417356837,0.09977628045091176,3.1720195747927615,0.11057270980146486,0.011042898676216835,0.06321710303964495,0.09987001942924743,3.169842882387665,0.11057270980146486,0.01104785625081396,0.06325808592282654,0.09991485485569242,3.166607649256042,0.11057270980146486,4.8239965367473304e-06,0.0017590342996256457,5.7880696351679886e-05,1.2421898526723494,0.08334378887629472,14,down_proj,model.layers.14.mlp.down_proj,calibration
activation_mse_search_64_rows,102.763427734375,0.8091608483021654,0.00703072449753549,0.0,0.9582062387364713,1.098672050787528e-06,1.440590380752762e-05,0,0.01190400926710358,0.08116528295750255,0.10765775107146626,2.8662891395358323,0.11057270980146486,0.011916108849495243,0.0812178251455651,0.10776717755123136,2.857919204911583,0.11057270980146486,0.01192029607337118,0.08123435320729035,0.10780504606221797,2.8588893431916995,0.11057270980146486,4.2913266660879236e-06,0.0017579066969866867,4.012196865229387e-05,1.5326979404627372,0.1069570315274791,14,down_proj,model.layers.14.mlp.down_proj,calibration
absmax,102.763427734375,0.8091608483021654,0.00703072449753549,0.0,0.9583030454671168,9.629844196824772e-07,1.440590380752762e-05,0,0.011709322589934287,0.08068270015890945,0.10796423533547202,2.6638782967010224,0.10845556913871042,0.011720919427498042,0.08073236530493706,0.10807116241774035,2.652758639629126,0.10845556913871042,0.011725181330230854,0.08074953274326076,0.10811045871913508,2.6518904978778584,0.10845556913871042,4.182785399212108e-06,0.0017577666836596957,3.991338845159862e-05,0.8373924574587406,0.10479654976636237,14,down_proj,model.layers.14.mlp.down_proj,validation
percentile_99,1.2463765144348145,0.009813988302636334,0.00703072449753549,0.009941592346739104,0.12225536199354724,1.0592828616507247e-06,1.2850594887103264e-05,0,0.061150729189333786,0.1819460108917724,0.5638320805003973,2.8768086302661287,0.10845556913871042,0.06115393290637992,0.18195302484734704,0.5638616199428766,2.880392278627822,0.10845556913871042,0.06115828184089732,0.18196239259757596,0.5639017187091451,2.8836167795719643,0.10845556913871042,4.165477921576742e-06,0.0017579167899416802,0.00015926613194984079,0.5695503967143445,0.02615419782335529,14,down_proj,model.layers.14.mlp.down_proj,validation
percentile_99.5,1.9363520717620304,0.01524686670678764,0.00703072449753549,0.004951076058050241,0.16161023008201544,1.8778196183808303e-06,1.3670195265191756e-05,0,0.05104965996210393,0.16328976068908424,0.4706965291640618,2.7321007275470803,0.10845556913871042,0.05105413160628036,0.16330144218172077,0.4707377593582505,2.7308632635370422,0.10845556913871042,0.051058717091400904,0.16331238476240786,0.47078003920756534,2.7341959547351737,0.10845556913871042,4.271286638798803e-06,0.0017580787766130308,0.00012510209136767892,0.7805688818911003,0.034142407949403174,14,down_proj,model.layers.14.mlp.down_proj,validation
percentile_99.9,4.505870668888292,0.035479296605419625,0.00703072449753549,0.0009849103711881224,0.2727486290953801,3.033400921999803e-06,1.2807999719191907e-05,0,0.03158645702891359,0.12093420770324172,0.29123868216039467,2.60552133671665,0.10845556913871042,0.03159397898671774,0.12096690646385617,0.2913080373614588,2.6076185237803897,0.10845556913871042,0.03159885539723761,0.1209868967260201,0.29135299964932104,2.6054340925323376,0.10845556913871042,4.600066005818904e-06,0.001758695998935008,8.593217372435497e-05,1.068690076649471,0.053531358587233666,14,down_proj,model.layers.14.mlp.down_proj,validation
percentile_99.95,6.341708781004172,0.04993471481105647,0.00703072449753549,0.0004912424270905237,0.3344727344924841,3.225997805936298e-06,1.3909926378690131e-05,0,0.024349569583927144,0.10215780416640569,0.22451193403249767,2.5652572583855706,0.10845556913871042,0.02435816289671897,0.1022100435623554,0.22459116751824734,2.5668022531559007,0.10845556913871042,0.024362887819650333,0.10223835906196743,0.224634733035158,2.57028047004466,0.10845556913871042,4.6927560341420565e-06,0.0017584282235452503,7.544939858709425e-05,1.1827881956124502,0.06219739483708437,14,down_proj,model.layers.14.mlp.down_proj,validation
percentile_99.99,13.785691167258392,0.10854874934849128,0.00703072449753549,9.641881502070801e-05,0.5158061855185633,3.5148931318410412e-06,1.2674934671532185e-05,0,0.010842159769753335,0.062433952833061294,0.09996867708920174,2.389566229368352,0.10845556913871042,0.010852507806013252,0.06253034788478831,0.1000640897668733,2.3913647044195865,0.10845556913871042,0.010857426832917258,0.0625721485429809,0.1001094449933782,2.394512357606273,0.10845556913871042,4.806910944660516e-06,0.0017589474303388467,5.869605743919668e-05,1.4204636702895517,0.08189495435259858,14,down_proj,model.layers.14.mlp.down_proj,validation
activation_mse_search_64_rows,102.763427734375,0.8091608483021654,0.00703072449753549,0.0,0.9583030454671168,9.629844196824772e-07,1.440590380752762e-05,0,0.011709322589934287,0.08068270015890945,0.10796423533547202,2.6638782967010224,0.10845556913871042,0.011720919427498042,0.08073236530493706,0.10807116241774035,2.652758639629126,0.10845556913871042,0.011725181330230854,0.08074953274326076,0.10811045871913508,2.6518904978778584,0.10845556913871042,4.182785399212108e-06,0.0017577666836596957,3.991338845159862e-05,0.8373924574587406,0.10479654976636237,14,down_proj,model.layers.14.mlp.down_proj,validation
absmax,92.846435546875,0.7310742956446851,0.018481999366045256,0.0,0.9406653062823723,4.7085945033751207e-07,1.5051500014542814e-05,0,0.012388278291776352,0.08079367089313536,0.07837179591479923,2.240567879607966,0.1580706189921192,0.012408054890006995,0.08085965313100138,0.07849690833832702,2.2222888608758327,0.1580706189921192,0.012436824648966322,0.08097729786523405,0.07867891407185781,2.386053542227547,0.1580706189921192,2.877352597075995e-05,0.0046208762937440875,0.0001916110952999926,2.342593419646235,0.150166283041758,15,down_proj,model.layers.15.mlp.down_proj,calibration
percentile_99,1.662428617477417,0.01308998911399541,0.018481999366045256,0.009999998858522544,0.14318550872111604,0.0,1.3854929069239219e-05,0,0.07504891613995633,0.200165194761573,0.47478093410703975,11.435954900154046,0.1580706189921192,0.07505497141585496,0.20017511488904613,0.4748192415163309,11.426492534363009,0.1580706189921192,0.07508349259361514,0.20022790859899733,0.4749996746540135,11.423751232223676,0.1580706189921192,2.8459249976543476e-05,0.004619888735567562,0.0006208661207018051,0.009267141462693473,0.04583798185730306,15,down_proj,model.layers.15.mlp.down_proj,calibration
percentile_99.5,2.591081093549633,0.02040221333503648,0.018481999366045256,0.005000001212819796,0.18816357651597337,0.0,1.3781610214215452e-05,0,0.05846800606748389,0.17297519400030748,0.3698853489679754,11.210042118295396,0.1580706189921192,0.058475787571326696,0.1729913500138717,0.3699345769895548,11.198258666881927,0.1580706189921192,0.05850373073208114,0.17305554911154428,0.37011135342614127,11.201967239831134,0.1580706189921192,2.8462990986743088e-05,0.004620048125394225,0.00046265721424753947,0.009269011393621351,0.06152068985465834,15,down_proj,model.layers.15.mlp.down_proj,calibration
percentile_99.9,5.873928096295003,0.04625140233303152,0.018481999366045256,0.0010000002425639592,0.30720150064904406,0.0,1.4254529331652454e-05,0,0.03050366294191812,0.11531626862837051,0.1929749066361214,10.614683036060615,0.1580706189921192,0.030515569633181108,0.11536248295467882,0.1930502317745874,10.599081784573373,0.1580706189921192,0.03054408138095066,0.1154880705364268,0.193230605255449,10.59206126075164,0.1580706189921192,2.8467046826986154e-05,0.004620656262624062,0.00029698411914633275,0.009275860485228549,0.09585376790117052,15,down_proj,model.layers.15.mlp.down_proj,calibration
percentile_99.95,8.051994585037392,0.06340153216564876,0.018481999366045256,0.0005000010130612417,0.36822543474881103,0.0,1.3904086178920202e-05,0,0.02181974097320108,0.09223576843532202,0.1380379295806321,10.296953935630897,0.1580706189921192,0.021833523465329494,0.09231263600146693,0.1381251215725171,10.278784050795068,0.1580706189921192,0.021861912565546565,0.09249330891974276,0.138304719149841,10.277867271528871,0.1580706189921192,2.8466490804439223e-05,0.004620531405098075,0.0002608907325096607,0.009267244282284537,0.10911269453921718,15,down_proj,model.layers.15.mlp.down_proj,calibration
percentile_99.99,15.743809286018177,0.12396700225211163,0.018481999366045256,0.00010000055932395312,0.5284104945696493,0.0,1.4612163448268138e-05,0,0.008834806283039233,0.05200941521095329,0.05589151443431561,9.13847691295133,0.1580706189921192,0.008852253869581553,0.05216970599059897,0.05600189286297976,9.121825743924816,0.1580706189921192,0.008880853674708124,0.052452703015105476,0.056182823419897464,9.11350131146802,0.1580706189921192,2.8465780767122134e-05,0.004620501972178775,0.0002120593082962344,0.009281706564554959,0.13423499772694303,15,down_proj,model.layers.15.mlp.down_proj,calibration
activation_mse_search_64_rows,92.846435546875,0.7310742956446851,0.018481999366045256,0.0,0.9406653062823723,4.7085945033751207e-07,1.5051500014542814e-05,0,0.012388278291776352,0.08079367089313536,0.07837179591479923,2.240567879607966,0.1580706189921192,0.012408054890006995,0.08085965313100138,0.07849690833832702,2.2222888608758327,0.1580706189921192,0.012436824648966322,0.08097729786523405,0.07867891407185781,2.386053542227547,0.1580706189921192,2.877352597075995e-05,0.0046208762937440875,0.0001916110952999926,2.342593419646235,0.150166283041758,15,down_proj,model.layers.15.mlp.down_proj,calibration
absmax,92.846435546875,0.7310742956446851,0.018481999366045256,6.018652623015482e-09,0.941106135905606,1.4444766295237157e-07,1.5051500014542814e-05,0,0.012389228507740293,0.08078130354209324,0.08121916897450546,2.2739883406637134,0.15254069530838524,0.012409851075161805,0.08084559176123636,0.08135436284771956,2.290739300013089,0.15254069530838524,0.012438746590539182,0.08096225379447644,0.0815437910873048,2.2969668805820755,0.15254069530838524,2.848676913340597e-05,0.004620664405476202,0.00019690064614446884,0.5225034932510582,0.14467585399646082,15,down_proj,model.layers.15.mlp.down_proj,validation
percentile_99,1.662428617477417,0.01308998911399541,0.018481999366045256,0.00988372300176881,0.14156059353159514,0.0,1.3854929069239219e-05,0,0.07085401166144337,0.19473049766434214,0.46449251800118474,9.6204777190481,0.15254069530838524,0.0708601019610373,0.19474149370733582,0.46453244373760294,9.622112499305496,0.15254069530838524,0.0708895702570096,0.19479889587761676,0.464725626913494,9.628500800486938,0.15254069530838524,2.846572731520681e-05,0.0046208308713552,0.0006271479895762994,0.009249901740681299,0.04538917095857746,15,down_proj,model.layers.15.mlp.down_proj,validation
percentile_99.5,2.591081093549633,0.02040221333503648,0.018481999366045256,0.004925472709791934,0.18635143644533947,0.0,1.3781610214215452e-05,0,0.05475629451457641,0.16761959129921214,0.3589618783622159,9.394877865991083,0.15254069530838524,0.054764127438003185,0.16763675172293435,0.3590132280916172,9.400450946354097,0.15254069530838524,0.05479260912471004,0.16770416121905637,0.3591999434245274,9.406716808094394,0.15254069530838524,2.8463663590611997e-05,0.00462037002691355,0.00046765485646861794,0.009260106718427474,0.06086468085790542,15,down_proj,model.layers.15.mlp.down_proj,validation
percentile_99.9,5.873928096295003,0.04625140233303152,0.018481999366045256,0.00097618332488475,0.30535566072094406,0.0,1.4254529331652454e-05,0,0.027933105559410944,0.11043962916735738,0.18311903917141414,8.75894398720799,0.15254069530838524,0.027944919021877786,0.11048696885850373,0.18319648383261067,8.773059693765157,0.15254069530838524,0.02797329470717572,0.11061682891425077,0.18338250425975353,8.778328829648856,0.15254069530838524,2.8469888700494083e-05,0.004620790686933852,0.00030115613420109773,0.009276189953830283,0.09453531064880534,15,down_proj,model.layers.15.mlp.down_proj,validation
percentile_99.95,8.051994585037392,0.06340153216564876,0.018481999366045256,0.00048293668647076223,0.36654632089876493,0.0,1.3904086178920202e-05,0,0.019739804930289033,0.08775058013600687,0.12940681101775423,8.388239912404302,0.15254069530838524,0.01975350120492212,0.0878293056246548,0.1294965986944486,8.407987427142082,0.15254069530838524,0.01978227473769516,0.08801833904272059,0.12968522726149997,8.408688842327951,0.15254069530838524,2.8465897206602635e-05,0.0046205928937937775,0.00026509369879971996,0.009258555245442501,0.10738051238293976,15,down_proj,model.layers.15.mlp.down_proj,validation
percentile_99.99,15.743809286018177,0.12396700225211163,0.018481999366045256,9.327105969887092e-05,0.5274939815881231,0.0,1.4612163448268138e-05,0,0.007735189308529994,0.04915878052442721,0.0507090209133509,7.130607097258311,0.15254069530838524,0.007752544669584833,0.04932214272516379,0.050822796198167534,7.16043769459211,0.15254069530838524,0.007781006397430314,0.04961442117235158,0.051009380688214215,7.151912885436873,0.15254069530838524,2.8462123766334126e-05,0.004620010601676214,0.000216835699058203,0.009264621965855202,0.13126124475792303,15,down_proj,model.layers.15.mlp.down_proj,validation
activation_mse_search_64_rows,92.846435546875,0.7310742956446851,0.018481999366045256,6.018652623015482e-09,0.941106135905606,1.4444766295237157e-07,1.5051500014542814e-05,0,0.012389228507740293,0.08078130354209324,0.08121916897450546,2.2739883406637134,0.15254069530838524,0.012409851075161805,0.08084559176123636,0.08135436284771956,2.290739300013089,0.15254069530838524,0.012438746590539182,0.08096225379447644,0.0815437910873048,2.2969668805820755,0.15254069530838524,2.848676913340597e-05,0.004620664405476202,0.00019690064614446884,0.5225034932510582,0.14467585399646082,15,down_proj,model.layers.15.mlp.down_proj,validation
absmax,145.3391876220703,1.1444030521422859,0.018145165785509298,0.0,0.9364558780866692,2.4841403122351772e-05,1.4005118370982601e-05,0,0.03533192507017587,0.11898093576522335,0.11268110227678732,6.010539368267733,0.3135567930759794,0.03532801794726616,0.11908521631175518,0.1126686416221436,5.988300090887084,0.3135567930759794,0.03573385620579873,0.11921094825001845,0.11396294704780928,11.056618464730116,0.3135567930759794,0.00022818866082321195,0.004582406529906517,0.0008177901067788969,9.272179716395252,0.2790308404707891,16,down_proj,model.layers.16.mlp.down_proj,calibration
percentile_99,2.7053944706916866,0.021302318666863673,0.018145165785509298,0.010000000642081069,0.13970693643602886,4.446054688641477e-05,1.3964256022581587e-05,0,0.09147800806052701,0.21490053864514777,0.29174302735760077,15.463185742065829,0.3135567930759794,0.09150047696155618,0.21493466794440344,0.2918146855118023,15.48560983677751,0.3135567930759794,0.09192433907502473,0.2150280542847815,0.2931664728843879,15.481599453790427,0.3135567930759794,0.00010083743692900818,0.004580776852107002,0.0007274420528252784,4.740385042852145,0.13861920208952777,16,down_proj,model.layers.16.mlp.down_proj,calibration
percentile_99.5,3.8832952225208146,0.030577127736384366,0.018145165785509298,0.005000001212819796,0.17953343978181344,6.992976260921657e-05,1.4126044765626048e-05,0,0.06813089213876547,0.18056142683941961,0.217284057125359,14.997676727561227,0.3135567930759794,0.06815832887773361,0.18061263424922447,0.21737155878239214,15.022238569511236,0.3135567930759794,0.06891654375474571,0.18078047388936214,0.2197896689740867,15.027970309152694,0.3135567930759794,0.00027195648735018707,0.004640351127440984,0.0015676026661123389,6.405303020670356,0.17348559888880535,16,down_proj,model.layers.16.mlp.down_proj,calibration
percentile_99.9,7.621488571166992,0.06001172103281096,0.018145165785509298,0.0009999984590054352,0.28276213123714694,0.00010114917101341281,1.3697177289450674e-05,0,0.035746612239419086,0.1182226650776283,0.11400362878043967,13.59399750546486,0.3135567930759794,0.035784276824704815,0.11835002776924279,0.11412374923745876,13.628918594241483,0.3135567930759794,0.03686536853544884,0.1186912137065891,0.1175715830417867,13.630792543668479,0.3135567930759794,0.0007715256826648741,0.004753511742394507,0.0033080762829128378,9.096438363439459,0.23322487653928217,16,down_proj,model.layers.16.mlp.down_proj,calibration
percentile_99.95,9.943547621250673,0.07829565056102893,0.018145165785509298,0.0005000010130612417,0.3358008526636833,0.00010697070603576752,1.4298722559488065e-05,0,0.026883222921539624,0.09616732019757607,0.08573637540369099,12.811063325945234,0.3135567930759794,0.02692406477872925,0.09635921630956396,0.08586662886364307,12.852136932492078,0.3135567930759794,0.028040032741610165,0.0967796844616298,0.08942569053133433,12.850550414891579,0.3135567930759794,0.000937805953725691,0.004782528384971199,0.0037247432472291915,10.028738654622066,0.2517773418136452,16,down_proj,model.layers.16.mlp.down_proj,calibration
percentile_99.99,17.098230469314785,0.13463173597885658,0.018145165785509298,0.00010000055932395312,0.4673763121426034,0.00011100868253411648,1.4636470533010059e-05,0,0.014277286411461539,0.06326901381171351,0.04553333471554528,10.991626443045146,0.3135567930759794,0.014321488253552513,0.06357757156221944,0.0456743038894463,10.987917621996447,0.3135567930759794,0.015451860630580988,0.06408427198943736,0.04927930432952469,11.056618464730116,0.3135567930759794,0.0010922203454677326,0.004804049249367848,0.003916349030215757,11.362732189313514,0.278887386451243,16,down_proj,model.layers.16.mlp.down_proj,calibration
activation_mse_search_64_rows,145.3391876220703,1.1444030521422859,0.018145165785509298,0.0,0.9364558780866692,2.4841403122351772e-05,1.4005118370982601e-05,0,0.03533192507017587,0.11898093576522335,0.11268110227678732,6.010539368267733,0.3135567930759794,0.03532801794726616,0.11908521631175518,0.1126686416221436,5.988300090887084,0.3135567930759794,0.03573385620579873,0.11921094825001845,0.11396294704780928,11.056618464730116,0.3135567930759794,0.00022818866082321195,0.004582406529906517,0.0008177901067788969,9.272179716395252,0.2790308404707891,16,down_proj,model.layers.16.mlp.down_proj,calibration
absmax,145.3391876220703,1.1444030521422859,0.018145165785509298,0.0,0.9373669275905051,2.2822730746474706e-05,1.4005118370982601e-05,0,0.035393201204644606,0.11868714740774444,0.11696870696304389,5.867328043599248,0.302586923661788,0.035388677025633745,0.11878942237488418,0.11695375529574739,5.855823110910198,0.302586923661788,0.03573246627328192,0.11891005074051525,0.11808992219776605,10.78470113885711,0.302586923661788,0.00019072844545276786,0.004576903215850622,0.0007092351229524785,7.966377027431362,0.26892131999721536,16,down_proj,model.layers.16.mlp.down_proj,validation
percentile_99,2.7053944706916866,0.021302318666863673,0.018145165785509298,0.009777897032698329,0.1399176036826065,3.4282245340696186e-05,1.3964256022581587e-05,0,0.0869038423866315,0.20924998993508132,0.28720290135130544,14.335210094562605,0.302586923661788,0.08692654788683557,0.2092848879840904,0.2872779392938884,14.316885737456305,0.302586923661788,0.08728186741774399,0.2093730258789767,0.288452211885078,14.313733277401054,0.302586923661788,9.117176538496935e-05,0.004574112621327986,0.000672242578128654,4.8438014721158655,0.13562331270174452,16,down_proj,model.layers.16.mlp.down_proj,validation
percentile_99.5,3.8832952225208146,0.030577127736384366,0.018145165785509298,0.004872358100393822,0.17980901659645868,5.7393871413075634e-05,1.4126044765626048e-05,0,0.06447703986241048,0.1753935439872732,0.21308600874794814,13.917246070885371,0.302586923661788,0.06450444417910862,0.175445306413364,0.21317657550597757,13.900367967012746,0.302586923661788,0.06512636976089345,0.17559330077590898,0.21523193723231568,13.89639446433434,0.302586923661788,0.0002318274473919568,0.004620115327540973,0.001368526602005817,6.890142413005675,0.16939929925525218,16,down_proj,model.layers.16.mlp.down_proj,validation
percentile_99.9,7.621488571166992,0.06001172103281096,0.018145165785509298,0.0009653978993843063,0.28331702198223796,8.70056423183118e-05,1.3697177289450674e-05,0,0.03357902013950476,0.11410234153606104,0.11097313701842983,12.913567023501852,0.302586923661788,0.033615777363092826,0.11422775995829458,0.11109461359495613,12.902676880298024,0.302586923661788,0.034500733783376425,0.1145330428492394,0.11401924896774158,12.89841034613133,0.302586923661788,0.0006412529449254007,0.004714179836661774,0.002827167311625871,9.726874348259448,0.22681818026419648,16,down_proj,model.layers.16.mlp.down_proj,validation
percentile_99.95,9.943547621250673,0.07829565056102893,0.018145165785509298,0.0004808060834422148,0.33654453528490474,9.278354883640667e-05,1.4298722559488065e-05,0,0.025190692889451128,0.09249189055123683,0.08325109553513835,12.363547770356401,0.302586923661788,0.025230344362185412,0.09268255528222162,0.08338213712892052,12.35201075120447,0.302586923661788,0.026143127079377732,0.09306495080567191,0.08639873383490564,12.354055372566052,0.302586923661788,0.000773777089977429,0.00473800271443177,0.0031645394087029153,10.39775742863254,0.2445149167204037,16,down_proj,model.layers.16.mlp.down_proj,validation
percentile_99.99,17.098230469314785,0.13463173597885658,0.018145165785509298,9.499239434905335e-05,0.4686088385213798,9.817626158662854e-05,1.4636470533010059e-05,0,0.013376822777751115,0.06076148134645952,0.04420819847688745,11.39195337597559,0.302586923661788,0.013419788416553122,0.06106799240667187,0.04435019284426477,11.383775459948904,0.302586923661788,0.014344753782993474,0.061534191089206214,0.04740705120168084,11.392361585934058,0.302586923661788,0.0008942651159438163,0.00475693970325073,0.00330970895040621,10.65599216293988,0.27019448819935077,16,down_proj,model.layers.16.mlp.down_proj,validation
activation_mse_search_64_rows,145.3391876220703,1.1444030521422859,0.018145165785509298,0.0,0.9373669275905051,2.2822730746474706e-05,1.4005118370982601e-05,0,0.035393201204644606,0.11868714740774444,0.11696870696304389,5.867328043599248,0.302586923661788,0.035388677025633745,0.11878942237488418,0.11695375529574739,5.855823110910198,0.302586923661788,0.03573246627328192,0.11891005074051525,0.11808992219776605,10.78470113885711,0.302586923661788,0.00019072844545276786,0.004576903215850622,0.0007092351229524785,7.966377027431362,0.26892131999721536,16,down_proj,model.layers.16.mlp.down_proj,validation
absmax,2347.782958984375,18.486479992002952,0.41800357495886586,0.0,0.9990858656154572,1.2784547500073054e-05,1.3676356142586726e-05,0,0.22810190122965948,0.3336890989632238,0.11840975456605866,20.932171552802828,1.9263776203708414,0.22824469639833708,0.3337395131776128,0.11848388082623092,21.41347387060037,1.9263776203708414,0.3627300932802612,0.344993627104274,0.1882964634994218,224.3889332861905,1.9263776203708414,0.11867199947868866,0.08743463635717268,0.07394659302761669,213.59982680398045,1.604833902683907,17,down_proj,model.layers.17.mlp.down_proj,calibration
percentile_99,3.1338761734962475,0.024676190342490138,0.41800357495886586,0.010000000642081069,0.1736228124440676,0.0,2.340065015029265e-05,0,1.438966670280003,0.20391294075832636,0.7469805790221918,417.29984474767156,1.9263776203708414,1.4389672805243452,0.20394517498250872,0.7469808958055346,417.28037036277374,1.9263776203708414,1.4527936542857645,0.2410416490887813,0.7541582911485918,417.08858134222766,1.9263776203708414,0.014349960443441062,0.10349184488889947,0.08479424873515999,0.2090276364946564,0.1692327092638164,17,down_proj,model.layers.17.mlp.down_proj,calibration
percentile_99.5,4.4801600861549105,0.03527685107208591,0.41800357495886586,0.005000001212819796,0.21700612743671194,0.0,1.763694114627736e-05,0,1.3402825131775031,0.17100218436966752,0.6957527428705744,410.2124665455039,1.9263776203708414,1.3402839108301032,0.1710676004126239,0.6957534684046469,410.1865616387374,1.9263776203708414,1.3545557427112596,0.21475742225952152,0.7031621050760016,409.98252056792694,1.9263776203708414,0.01439214872522581,0.1036970326261586,0.06615155860775586,0.20902730553217364,0.2175632597043363,17,down_proj,model.layers.17.mlp.down_proj,calibration
percentile_99.9,8.920668732643207,0.07024148608380479,0.41800357495886586,0.0010000002425639592,0.3291441645789044,0.0,1.4406546505308002e-05,0,1.1335965095103928,0.11434636683981426,0.5884601739155211,391.9067015680408,1.9263776203708414,1.1336046514318217,0.11454382732342705,0.5884644004603805,391.86958235338125,1.9263776203708414,1.148369022928877,0.173551079270881,0.5961287188893981,392.00836684469573,1.9263776203708414,0.01443532322951097,0.10390331900998973,0.04516397005731597,0.20904989592364398,0.31962033477552176,17,down_proj,model.layers.17.mlp.down_proj,calibration
percentile_99.95,11.68070656633381,0.09197406745144733,0.41800357495886586,0.0005000010130612417,0.3846217328489588,0.0,1.319278128995225e-05,0,1.0510690360169075,0.09707483787669086,0.5456194179698626,383.06906408748307,1.9263776203708414,1.0510633974173362,0.0973463150180102,0.5456164909219611,383.0193530866779,1.9263776203708414,1.0652682989666495,0.16191689394663883,0.552990383454298,382.8122881956007,1.9263776203708414,0.014439470786164572,0.10392060069531335,0.0400217148524087,0.2090357164125738,0.3607909066219219,17,down_proj,model.layers.17.mlp.down_proj,calibration
percentile_99.99,20.834787026778486,0.1640534411557361,0.41800357495886586,0.00010000055932395312,0.5252758423076291,0.0,1.3550987136138455e-05,0,0.8822026330880124,0.07460406812674021,0.4579593449171103,361.90401135844087,1.9263776203708414,0.8821709723929382,0.07498622472148303,0.4579429095646958,361.8398872561736,1.9263776203708414,0.896612848316477,0.14558702750277852,0.4654398176323667,361.9121094476574,1.9263776203708414,0.014444531866214649,0.10394443913340054,0.03211854513406727,0.2090199512707902,0.44972559640921367,17,down_proj,model.layers.17.mlp.down_proj,calibration
activation_mse_search_64_rows,20.834787026778486,0.1640534411557361,0.41800357495886586,0.00010000055932395312,0.5252758423076291,0.0,1.3550987136138455e-05,0,0.8822026330880124,0.07460406812674021,0.4579593449171103,361.90401135844087,1.9263776203708414,0.8821709723929382,0.07498622472148303,0.4579429095646958,361.8398872561736,1.9263776203708414,0.896612848316477,0.14558702750277852,0.4654398176323667,361.9121094476574,1.9263776203708414,0.014444531866214649,0.10394443913340054,0.03211854513406727,0.2090199512707902,0.44972559640921367,17,down_proj,model.layers.17.mlp.down_proj,calibration
absmax,2347.782958984375,18.486479992002952,0.41800357495886586,0.0,0.9991399285215185,1.0785425500443743e-05,1.3676356142586726e-05,0,0.21965241734008992,0.3274675318047846,0.13192174114701113,20.932171552802828,1.6650206056279484,0.2197739794801295,0.3275104109788798,0.13199475053778303,21.41347387060037,1.6650206056279484,0.3346651530784977,0.338494765655342,0.20099760444242765,224.3889332861905,1.6650206056279484,0.10170329786280713,0.0862448434411532,0.0741766332356181,213.59982680398045,1.3710961717519863,17,down_proj,model.layers.17.mlp.down_proj,validation
percentile_99,3.1338761734962475,0.024676190342490138,0.41800357495886586,0.009673738230404422,0.1755324027886488,0.0,2.340065015029265e-05,0,1.2240672347965806,0.195021627125852,0.7351664181566894,417.29984474767156,1.6650206056279484,1.2240678862862708,0.19505206310988915,0.7351668094369462,417.28037036277374,1.6650206056279484,1.2379932858166416,0.23313919847773956,0.7435303092538863,417.08858134222766,1.6650206056279484,0.014340923771029732,0.10344753525479812,0.08818396857103024,0.20902149414398563,0.16262506670334795,17,down_proj,model.layers.17.mlp.down_proj,validation
percentile_99.5,4.4801600861549105,0.03527685107208591,0.41800357495886586,0.004805557074930973,0.21897245541959928,0.0,1.763694114627736e-05,0,1.1380606149115318,0.16274390671596387,0.6835114298674531,410.2124665455039,1.6650206056279484,1.1380631413922588,0.1628090764695056,0.6835129472545164,410.1865616387374,1.6650206056279484,1.1523458482700522,0.20768288677484467,0.6920910434231261,409.98252056792694,1.6650206056279484,0.014384357138670653,0.10366114312683593,0.06925731290136032,0.20901158401834796,0.20769441573855982,17,down_proj,model.layers.17.mlp.down_proj,validation
percentile_99.9,8.920668732643207,0.07024148608380479,0.41800357495886586,0.0009418890422388078,0.3311542901822583,0.0,1.4406546505308002e-05,0,0.9600704635356687,0.10754555085607694,0.5766117610139643,391.9067015680408,1.6650206056279484,0.9600815350458316,0.1077492553617529,0.5766184104873254,391.86958235338125,1.6650206056279484,0.9747806341072399,0.1680388630389744,0.585446588956543,392.00836684469573,1.6650206056279484,0.014429443557680974,0.10387230648465352,0.04793856940729493,0.20903122707252875,0.3009986267025568,17,down_proj,model.layers.17.mlp.down_proj,validation
percentile_99.95,11.68070656633381,0.09197406745144733,0.41800357495886586,0.00046524184775909673,0.38660674287468566,0.0,1.319278128995225e-05,0,0.8895793216763549,0.09101044918395393,0.5342752628222625,383.06906408748307,1.6650206056279484,0.8895795993611149,0.09128547208512981,0.5342754295978321,383.0193530866779,1.6650206056279484,0.9037969791219881,0.15693137867639892,0.542814290746347,382.8122881956007,1.6650206056279484,0.014432001777486408,0.10388711169675201,0.042720678660574704,0.20901382357691833,0.33782239023288635,17,down_proj,model.layers.17.mlp.down_proj,validation
percentile_99.99,20.834787026778486,0.1640534411557361,0.41800357495886586,9.133305355425993e-05,0.5270847071911055,0.0,1.3550987136138455e-05,0,0.7459844951151497,0.06997900935129484,0.44803319105700073,361.90401135844087,1.6650206056279484,0.7459640353928176,0.07035554344652203,0.4480209030875529,361.8398872561736,1.6650206056279484,0.760397865670042,0.14158176392546265,0.45668976293735675,361.9121094476574,1.6650206056279484,0.014438594552519158,0.10391488293522516,0.03473282645317413,0.2090208268359952,0.41570456616840223,17,down_proj,model.layers.17.mlp.down_proj,validation
activation_mse_search_64_rows,20.834787026778486,0.1640534411557361,0.41800357495886586,9.133305355425993e-05,0.5270847071911055,0.0,1.3550987136138455e-05,0,0.7459844951151497,0.06997900935129484,0.44803319105700073,361.90401135844087,1.6650206056279484,0.7459640353928176,0.07035554344652203,0.4480209030875529,361.8398872561736,1.6650206056279484,0.760397865670042,0.14158176392546265,0.45668976293735675,361.9121094476574,1.6650206056279484,0.014438594552519158,0.10391488293522516,0.03473282645317413,0.2090208268359952,0.41570456616840223,17,down_proj,model.layers.17.mlp.down_proj,validation
absmax,110.20211791992188,0.8677332119678888,0.007314705481437474,0.0,0.941978782987557,2.454176529031881e-06,1.3719632172612972e-05,0,0.02859866465298247,0.13005954484924848,0.16280182652173866,2.4103071866977768,0.17566550243319132,0.02861501907753143,0.13009730856303692,0.16289492632973984,2.42563349468015,0.17566550243319132,0.028621529041926913,0.13010957786942184,0.16293198519619517,2.4267246844371657,0.17566550243319132,5.140730276896339e-06,0.0018297079649707395,3.8631626583375324e-05,1.6019205004348067,0.1330705106553446,2,down_proj,model.layers.2.mlp.down_proj,calibration
percentile_99,2.1944010257720947,0.017278748234425944,0.007314705481437474,0.009999998858522544,0.17476252060937544,4.851279185295579e-06,1.4406571570168725e-05,0,0.041043333506956575,0.12358983657853505,0.23364481322999706,3.596662935452629,0.17566550243319132,0.04105743247520268,0.12364750774716082,0.23372507354321062,3.599336728870217,0.17566550243319132,0.041063063152666814,0.12368199455806843,0.23375712694804046,3.599999514764923,0.17566550243319132,4.789042638158893e-06,0.001829770945286863,4.8087056011499125e-05,0.9318069385165306,0.09959109655233797,2,down_proj,model.layers.2.mlp.down_proj,calibration
percentile_99.5,2.981706155538518,0.02347800122471274,0.007314705481437474,0.005000001212819796,0.20848602734569052,1.4140051978317407e-05,1.4639228150430653e-05,0,0.031827231490859385,0.10432052467583283,0.18118088668527188,3.2413323026612453,0.17566550243319132,0.031843854672563995,0.10441398993891969,0.181275516430295,3.2434996985608273,0.17566550243319132,0.031853286630589804,0.10446730824495647,0.1813292091468225,3.241578946174487,0.17566550243319132,6.321660449494598e-06,0.0018322703916492955,5.439540348046222e-05,1.4566704317790404,0.11621681327844578,2,down_proj,model.layers.2.mlp.down_proj,calibration
percentile_99.9,5.002252193451568,0.03938781254686274,0.007314705481437474,0.0010000002425639592,0.2813500397976115,2.8451325574939366e-05,1.3238594284806879e-05,0,0.020027239643293407,0.07701039937254751,0.11400781238143283,3.006293881785618,0.17566550243319132,0.020046851045738622,0.07717121117482241,0.11411945298344958,3.0055192170420506,0.17566550243319132,0.02006036634346729,0.07724916178003931,0.11419639067207633,3.0072667680206715,0.17566550243319132,1.1118542339422572e-05,0.001838934418775235,8.062856116188505e-05,2.2726534699840886,0.1378983102166352,2,down_proj,model.layers.2.mlp.down_proj,calibration
percentile_99.95,6.150887339115343,0.048432183772561754,0.007314705481437474,0.0005000010130612417,0.31710702976322563,3.034903184448146e-05,1.3172523317625543e-05,0,0.01639158547150351,0.06816476995782365,0.09331135165675185,2.882015768412809,0.17566550243319132,0.01641173752145532,0.06834270144587148,0.09342606996895701,2.8809466771560572,0.17566550243319132,0.016425931196254993,0.0684216473545528,0.09350686941223456,2.8829167748362345,0.17566550243319132,1.2275228551468543e-05,0.0018400980643966433,8.538346232255312e-05,2.326094201578353,0.14376587945211697,2,down_proj,model.layers.2.mlp.down_proj,calibration
percentile_99.99,11.279328735728086,0.08881361209234713,0.007314705481437474,0.00010000055932395312,0.44778669875702237,3.228954351859969e-05,1.458108317473436e-05,0,0.008210058279689816,0.04788401106710341,0.04673688439659486,2.673169477818029,0.17566550243319132,0.008231418049914419,0.048083712881628306,0.046858477822331525,2.6712255980204525,0.17566550243319132,0.008246298436331774,0.04815345082195561,0.04694318646581156,2.6707903158745476,0.17566550243319132,1.3621030575985944e-05,0.0018411425684062399,8.687959853732178e-05,2.3454373437054516,0.15678054232875646,2,down_proj,model.layers.2.mlp.down_proj,calibration
activation_mse_search_64_rows,11.279328735728086,0.08881361209234713,0.007314705481437474,0.00010000055932395312,0.44778669875702237,3.228954351859969e-05,1.458108317473436e-05,0,0.008210058279689816,0.04788401106710341,0.04673688439659486,2.673169477818029,0.17566550243319132,0.008231418049914419,0.048083712881628306,0.046858477822331525,2.6712255980204525,0.17566550243319132,0.008246298436331774,0.04815345082195561,0.04694318646581156,2.6707903158745476,0.17566550243319132,1.3621030575985944e-05,0.0018411425684062399,8.687959853732178e-05,2.3454373437054516,0.15678054232875646,2,down_proj,model.layers.2.mlp.down_proj,calibration
absmax,110.20211791992188,0.8677332119678888,0.007314705481437474,0.0,0.94258780780834,2.0704165023173257e-06,1.3719632172612972e-05,0,0.02841767106026906,0.12960955295980217,0.16565788151475366,2.2548535249395556,0.17154433462761717,0.02843418097112073,0.12964829440006437,0.16575412433668948,2.266017642812443,0.17154433462761717,0.0284408600437682,0.1296601419359049,0.16579305930158922,2.632811057219534,0.17154433462761717,5.3818720004180575e-06,0.0018293805604792138,4.166361279785441e-05,1.824535657897386,0.1291743955698247,2,down_proj,model.layers.2.mlp.down_proj,validation
percentile_99,2.1944010257720947,0.017278748234425944,0.007314705481437474,0.009770758910687433,0.1748886296481332,2.888953259047431e-06,1.4406571570168725e-05,0,0.03923557709498923,0.12001442270721598,0.2287197486303499,3.414304946004609,0.17154433462761717,0.03924905670436976,0.12007152834134227,0.22879832662250446,3.40989447073101,0.17154433462761717,0.03925447030045084,0.1201065124877478,0.22882988462232318,3.4117858216880013,0.17154433462761717,4.670774610724092e-06,0.001829293722866569,4.750238439691424e-05,0.7199811313646527,0.09832716125777269,2,down_proj,model.layers.2.mlp.down_proj,validation
percentile_99.5,2.981706155538518,0.02347800122471274,0.007314705481437474,0.0048734294205607185,0.2087514591621419,1.064097783749137e-05,1.4639228150430653e-05,0,0.030329330096868685,0.10096443720234151,0.17680170063736936,3.2799713457752535,0.17154433462761717,0.030345351193804142,0.10105775369595364,0.17689509396901293,3.275033498834531,0.17154433462761717,0.03035339947133705,0.10111052527049741,0.1769420105725276,3.2728064175406897,0.17154433462761717,5.8061674592632276e-06,0.0018313896608339153,5.069718580264551e-05,1.471052436065491,0.11452642523128466,2,down_proj,model.layers.2.mlp.down_proj,validation
percentile_99.9,5.002252193451568,0.03938781254686274,0.007314705481437474,0.0009706642204294449,0.28198478720548087,2.1907895547776353e-05,1.3238594284806879e-05,0,0.018994905037966213,0.07415225382729419,0.11072883916102347,3.00177900884184,0.17154433462761717,0.019014149101932425,0.07431607856318165,0.11084102044645029,2.9965494842002265,0.17154433462761717,0.019026214666601555,0.07439251631220031,0.11091135541085072,2.994847609246065,0.17154433462761717,9.587574600197165e-06,0.0018363301936503715,7.072170813015425e-05,2.41130317088307,0.1355676333856708,2,down_proj,model.layers.2.mlp.down_proj,validation
percentile_99.95,6.150887339115343,0.048432183772561754,0.007314705481437474,0.00048281631341830195,0.3179410545680899,2.4267207375998423e-05,1.3172523317625543e-05,0,0.015528586853111401,0.06561219355860433,0.09052229493221299,2.8606635633844695,0.17154433462761717,0.015548349457696143,0.06579207897356125,0.09063749899667622,2.855128757222968,0.17154433462761717,0.01556087432014574,0.06586971360293223,0.09071051139010085,2.855868205098753,0.17154433462761717,1.0631334094705245e-05,0.0018373703594531483,7.52761330834676e-05,2.5402805755119533,0.14123114006025017,2,down_proj,model.layers.2.mlp.down_proj,validation
percentile_99.99,11.279328735728086,0.08881361209234713,0.007314705481437474,9.410765241347008e-05,0.4493044134827834,2.6530220762252244e-05,1.458108317473436e-05,0,0.00774915564543026,0.04651672735712845,0.04517290333284321,2.410545936535378,0.17154433462761717,0.007770011605265572,0.04671686276155356,0.045294480998935106,2.4025510621407173,0.17154433462761717,0.007783356792423906,0.046785704800634605,0.04537227539061411,2.632811057219534,0.17154433462761717,1.1983148608810643e-05,0.0018380170484884706,7.800175867269379e-05,2.7126508195041983,0.15362664653618388,2,down_proj,model.layers.2.mlp.down_proj,validation
activation_mse_search_64_rows,11.279328735728086,0.08881361209234713,0.007314705481437474,9.410765241347008e-05,0.4493044134827834,2.6530220762252244e-05,1.458108317473436e-05,0,0.00774915564543026,0.04651672735712845,0.04517290333284321,2.410545936535378,0.17154433462761717,0.007770011605265572,0.04671686276155356,0.045294480998935106,2.4025510621407173,0.17154433462761717,0.007783356792423906,0.046785704800634605,0.04537227539061411,2.632811057219534,0.17154433462761717,1.1983148608810643e-05,0.0018380170484884706,7.800175867269379e-05,2.7126508195041983,0.15362664653618388,2,down_proj,model.layers.2.mlp.down_proj,validation
absmax,86.29258728027344,0.6794691911832554,0.005114523464045695,0.0,0.9592100664956277,6.848864732181993e-07,1.3433470396298926e-05,0,0.022038019341011374,0.11663636238547592,0.34139640144558264,1.6187109360335976,0.06455258241649672,0.0220455221581423,0.11665537723241431,0.3415126294391045,1.6069416540880452,0.06455258241649672,0.022048100024243164,0.11666209502563606,0.34155256379965776,1.654716641593748,0.06455258241649672,2.3048531848944564e-06,0.0012787567156893973,5.222742707534993e-05,1.1200806386260074,0.04413108808843258,3,down_proj,model.layers.3.mlp.down_proj,calibration
percentile_99,1.0058367252349854,0.007919974214448703,0.005114523464045695,0.009999998858522544,0.049823373842656005,0.0,1.3937177470292182e-05,0,0.021603058607380005,0.09589139866433112,0.3346583172768506,2.6460887453910553,0.06455258241649672,0.021606545583175818,0.0959039162463941,0.33471233488025665,2.647201691610973,0.06455258241649672,0.021608709806263927,0.09591663917878564,0.3347458613947212,2.6470106966794185,0.06455258241649672,2.180278389759916e-06,0.0012787955081766567,5.6885543205189815e-05,0.0025676316475858885,0.03832746014036486,3,down_proj,model.layers.3.mlp.down_proj,calibration
percentile_99.5,1.4764569622278145,0.011625645371872556,0.005114523464045695,0.005000001212819796,0.07005697313738275,1.2841621372841237e-07,1.3424313755905645e-05,0,0.018263140680236104,0.08499644574790599,0.28291882364056853,2.6141184462834905,0.06455258241649672,0.01826761169115646,0.08501704801498743,0.28298808517516544,2.6151304561819324,0.06455258241649672,0.018269747555335232,0.08503410226089905,0.2830211723747602,2.6163235558951445,0.06455258241649672,2.1801212435790658e-06,0.0012785192829749908,5.159098200435817e-05,0.11990170078427731,0.04225779698077658,3,down_proj,model.layers.3.mlp.down_proj,calibration
percentile_99.9,2.707823103427927,0.021321441759275014,0.005114523464045695,0.0010000002425639592,0.1196018318316056,1.1414774553636656e-06,1.3808329570149775e-05,0,0.013757575305638974,0.06797445771190334,0.2131219974574272,2.5328958703835536,0.06455258241649672,0.013763483427940112,0.06801938939413157,0.21321352163941915,2.5331920080145927,0.06455258241649672,0.013765976553945139,0.06804780462822553,0.21325214327021527,2.5344911804704133,0.06455258241649672,2.354810080517519e-06,0.0012788579652413176,4.9444911933651866e-05,1.0799995828820088,0.04762492212904219,3,down_proj,model.layers.3.mlp.down_proj,calibration
percentile_99.95,3.384392018199037,0.026648756048811315,0.005114523464045695,0.0005000010130612417,0.14527303020657545,1.5267260965489027e-06,1.4678471828923133e-05,0,0.012312473685043668,0.06197566774071839,0.19073557128362312,2.5107037271824155,0.06455258241649672,0.01231883218378397,0.062034252698748085,0.1908340723582862,2.5108668341491716,0.06455258241649672,0.01232137069419611,0.062066876525088424,0.1908733970501438,2.5089185631501847,0.06455258241649672,2.4816199911822195e-06,0.001279125318130384,5.066559239127835e-05,1.3988452764003863,0.04898038045262072,3,down_proj,model.layers.3.mlp.down_proj,calibration
percentile_99.99,6.441557621047764,0.050720926149982394,0.005114523464045695,0.00010000055932395312,0.25148694917434655,1.8406323967739107e-06,1.2910648840706388e-05,0,0.008444511050544282,0.046672185141031934,0.1308160066480353,2.4054051384740474,0.06455258241649672,0.008451673872992551,0.046762710308438926,0.13092696769994264,2.4051094480791693,0.06455258241649672,0.008454320693336298,0.046802350209679794,0.13096797024770546,2.406628093869271,0.06455258241649672,2.64704614114712e-06,0.0012793597109528188,5.082265305207482e-05,1.6263535362314232,0.05208398188962815,3,down_proj,model.layers.3.mlp.down_proj,calibration
activation_mse_search_64_rows,6.441557621047764,0.050720926149982394,0.005114523464045695,0.00010000055932395312,0.25148694917434655,1.8406323967739107e-06,1.2910648840706388e-05,0,0.008444511050544282,0.046672185141031934,0.1308160066480353,2.4054051384740474,0.06455258241649672,0.008451673872992551,0.046762710308438926,0.13092696769994264,2.4051094480791693,0.06455258241649672,0.008454320693336298,0.046802350209679794,0.13096797024770546,2.406628093869271,0.06455258241649672,2.64704614114712e-06,0.0012793597109528188,5.082265305207482e-05,1.6263535362314232,0.05208398188962815,3,down_proj,model.layers.3.mlp.down_proj,calibration
absmax,86.29258728027344,0.6794691911832554,0.005114523464045695,0.0,0.9601087074592003,3.8519376787299083e-07,1.3433470396298926e-05,0,0.021819979026562727,0.11602286333976111,0.3468484893025911,1.6382475841885176,0.06290925202077773,0.02182725117197484,0.11604139304218526,0.34696408669373013,1.6404936470557918,0.06290925202077773,0.02182938029398615,0.11604706179896503,0.34699793103208926,1.6427767636549333,0.06290925202077773,2.2393210646020702e-06,0.0012787875673855326,5.259893599114365e-05,0.7323738758651155,0.04257350500358251,3,down_proj,model.layers.3.mlp.down_proj,validation
percentile_99,1.0058367252349854,0.007919974214448703,0.005114523464045695,0.009766919010313948,0.05027780776404262,0.0,1.3937177470292182e-05,0,0.020686382522537242,0.09338249001401723,0.32882893784375195,2.3514661979135187,0.06290925202077773,0.020689899822731662,0.09339549729993947,0.32888484854180405,2.352690226750027,0.06290925202077773,0.020691949839653112,0.09340843970363395,0.32891743543253316,2.354883330483409,0.06290925202077773,2.1803696904889005e-06,0.0012787901906828052,5.778274954158136e-05,0.0025661554631115635,0.03773392072524816,3,down_proj,model.layers.3.mlp.down_proj,validation
percentile_99.5,1.4764569622278145,0.011625645371872556,0.005114523464045695,0.00485025760796211,0.07069744700311545,1.4444766295237157e-07,1.3424313755905645e-05,0,0.017476759328676286,0.08262314360060849,0.2778090466391819,2.323247289784476,0.06290925202077773,0.017481313159005515,0.08264467173903416,0.277881433930128,2.324767955483529,0.06290925202077773,0.017483573684631822,0.08266246646535662,0.27791736704892517,2.324196189699135,0.06290925202077773,2.1820312223347025e-06,0.0012785958825490855,5.249305216454642e-05,0.15372838004222622,0.04156800057072004,3,down_proj,model.layers.3.mlp.down_proj,validation
percentile_99.9,2.707823103427927,0.021321441759275014,0.005114523464045695,0.0009658854102467706,0.12073029560540134,1.2037305246030963e-06,1.3808329570149775e-05,0,0.013168639745000259,0.06583042128346143,0.20932755233921568,2.2673109680531884,0.06290925202077773,0.013174659235818162,0.06587554793627608,0.20942323764184675,2.2655022628200734,0.06290925202077773,0.01317709316447117,0.06590431066747232,0.2094619271600786,2.2665100826914983,0.06290925202077773,2.3139925788563094e-06,0.0012790874763556487,4.9495969602849426e-05,0.90047324497933,0.04675113140369909,3,down_proj,model.layers.3.mlp.down_proj,validation
percentile_99.95,3.384392018199037,0.026648756048811315,0.005114523464045695,0.0004812334077784489,0.14665802516547924,2.022267281333202e-06,1.4678471828923133e-05,0,0.011790733506116098,0.05991299484472946,0.1874244745784268,2.2439280611989787,0.06290925202077773,0.011797205956141732,0.05997257366365549,0.18752736008123796,2.2422817016927543,0.06290925202077773,0.011799785781231632,0.0600061421836488,0.18756836875654456,2.2409374653712697,0.06290925202077773,2.4065346158991022e-06,0.0012792890104039948,5.008053170376961e-05,1.061846431387064,0.04805329604194198,3,down_proj,model.layers.3.mlp.down_proj,validation
percentile_99.99,6.441557621047764,0.050720926149982394,0.005114523464045695,9.554009173774775e-05,0.25396665921637723,2.5037594911744403e-06,1.2910648840706388e-05,0,0.00812502686935254,0.04499617404144132,0.12915472062311278,2.163806716456108,0.06290925202077773,0.008132187226972898,0.04508822237393573,0.12926854104523436,2.1617502553179015,0.06290925202077773,0.008134835651948015,0.0451288998815063,0.12931064017835142,2.164219613410584,0.06290925202077773,2.5435557265507834e-06,0.0012791511136755957,4.985058714552265e-05,1.224098266357562,0.05102358612398478,3,down_proj,model.layers.3.mlp.down_proj,validation
activation_mse_search_64_rows,6.441557621047764,0.050720926149982394,0.005114523464045695,9.554009173774775e-05,0.25396665921637723,2.5037594911744403e-06,1.2910648840706388e-05,0,0.00812502686935254,0.04499617404144132,0.12915472062311278,2.163806716456108,0.06290925202077773,0.008132187226972898,0.04508822237393573,0.12926854104523436,2.1617502553179015,0.06290925202077773,0.008134835651948015,0.0451288998815063,0.12931064017835142,2.164219613410584,0.06290925202077773,2.5435557265507834e-06,0.0012791511136755957,4.985058714552265e-05,1.224098266357562,0.05102358612398478,3,down_proj,model.layers.3.mlp.down_proj,validation
absmax,69.78166961669922,0.5494619654858206,0.0033289869740030973,0.0,0.9591389595843927,4.523104416878525e-06,1.3988283039528412e-05,0,0.01112775667437548,0.08254856327821797,0.38313204863537137,1.6614091689615809,0.02904418127903944,0.011130652357768405,0.08256133375584115,0.3832317478957879,1.659602128186303,0.02904418127903944,0.011132440136993327,0.08256556846846033,0.3832933016785489,2.491250735665214,0.02904418127903944,1.3912763026906632e-06,0.0008333855087409975,6.819409561525157e-05,1.7011123437155826,0.02040171205642479,4,down_proj,model.layers.4.mlp.down_proj,calibration
percentile_99,0.7269369804859167,0.005723913232172573,0.0033289869740030973,0.010000000642081069,0.04467225349965573,7.876194442009293e-06,1.4042176526284942e-05,0,0.008262668260702996,0.06237518422099504,0.284486182664959,1.8617530932346513,0.02904418127903944,0.008264023678938956,0.06238458978226091,0.28453285012729634,1.8573884129483886,0.02904418127903944,0.008266127737125867,0.06239230975799781,0.28460529349096697,2.491250735665214,0.02904418127903944,1.5413647135242498e-06,0.0008338684648207167,8.271213122505405e-05,1.0382762890378847,0.0186352919540944,4,down_proj,model.layers.4.mlp.down_proj,calibration
percentile_99.5,1.0796931982040405,0.008501521245701107,0.0033289869740030973,0.004999999429261272,0.0632500594852439,1.003073313900821e-05,1.5085034586527604e-05,0,0.006438531411265096,0.05322472095456282,0.22168059582769667,1.700375775963079,0.02904418127903944,0.006440423906218907,0.0532397674094328,0.22174575500486984,1.7007159895211064,0.02904418127903944,0.006442980765496179,0.05325039382620994,0.22183378844787544,2.491250735665214,0.02904418127903944,2.0661825348204757e-06,0.0008348372195281223,0.00010062120387466339,1.3722894109894128,0.02053426569407946,4,down_proj,model.layers.4.mlp.down_proj,calibration
percentile_99.9,2.108530825138132,0.016602604922347497,0.0033289869740030973,0.0010000002425639592,0.11341381655441378,1.1371969149060518e-05,1.4552623130410651e-05,0,0.003932387279966399,0.03738459151003206,0.1353932907313286,1.6699062063646568,0.02904418127903944,0.003934985618229421,0.03741955227219643,0.13548275230843623,1.6704142056904123,0.02904418127903944,0.003938078736979137,0.03743898806090232,0.13558924932826955,2.491250735665214,0.02904418127903944,2.680806333351385e-06,0.0008357227172671646,0.0001138625419945708,1.4521955398588096,0.023544234006994257,4,down_proj,model.layers.4.mlp.down_proj,calibration
percentile_99.95,2.6923927183152045,0.021199942663899247,0.0033289869740030973,0.0005000010130612417,0.14002411913326246,1.1899902472166214e-05,1.4811585109848565e-05,0,0.0032429814711270755,0.032014729764698775,0.11165683893687392,1.6659059654391626,0.02904418127903944,0.003245752133937585,0.03206230383775179,0.11175223370059237,1.6663188011127175,0.02904418127903944,0.003248962402715878,0.03208569632645286,0.11186276423156002,2.491250735665214,0.02904418127903944,2.797943623321642e-06,0.0008357455896487279,0.00011477095795459053,1.450988443358087,0.024378498473704966,4,down_proj,model.layers.4.mlp.down_proj,calibration
percentile_99.99,4.854371274754612,0.038223395864209544,0.0033289869740030973,0.00010000055932395312,0.23048623065709378,1.2741742095496917e-05,1.3354939314820674e-05,0,0.0019826090135402915,0.021779434908264048,0.06826183167266958,1.5947722101957196,0.02904418127903944,0.001985695456980591,0.02185896041269408,0.06836809885956828,1.5949054993869443,0.02904418127903944,0.001989006671604701,0.02188903518298944,0.0684821049867267,2.491250735665214,0.02904418127903944,2.9930822769952987e-06,0.0008360949980618276,0.0001154877739039136,1.454474027019384,0.025916875664133573,4,down_proj,model.layers.4.mlp.down_proj,calibration
activation_mse_search_64_rows,4.854371274754612,0.038223395864209544,0.0033289869740030973,0.00010000055932395312,0.23048623065709378,1.2741742095496917e-05,1.3354939314820674e-05,0,0.0019826090135402915,0.021779434908264048,0.06826183167266958,1.5947722101957196,0.02904418127903944,0.001985695456980591,0.02185896041269408,0.06836809885956828,1.5949054993869443,0.02904418127903944,0.001989006671604701,0.02188903518298944,0.0684821049867267,2.491250735665214,0.02904418127903944,2.9930822769952987e-06,0.0008360949980618276,0.0001154877739039136,1.454474027019384,0.025916875664133573,4,down_proj,model.layers.4.mlp.down_proj,calibration
absmax,69.78166961669922,0.5494619654858206,0.0033289869740030973,0.0,0.9604359054903979,3.7556392367616606e-06,1.3988283039528412e-05,0,0.011038931509968255,0.08212327105984293,0.39758846152892324,1.6410456263094177,0.027764717988842367,0.011041956647465049,0.08213649051390351,0.39769741770481554,1.6413805327717923,0.027764717988842367,0.011043766032898781,0.08214042949603367,0.3977625862195637,2.385416036505175,0.027764717988842367,1.3875113455787768e-06,0.0008329979600698328,7.22699832202807e-05,1.531764562456259,0.019198999138405885,4,down_proj,model.layers.4.mlp.down_proj,validation
percentile_99,0.7269369804859167,0.005723913232172573,0.0033289869740030973,0.009549278512813085,0.04484191719990324,6.6927417167932155e-06,1.4042176526284942e-05,0,0.00754088898968372,0.059757121871896315,0.27159969687839547,1.9321210127870145,0.027764717988842367,0.007542343897983596,0.059767685433859005,0.2716520982138047,1.9309810206022688,0.027764717988842367,0.00754411853042733,0.05977567575610347,0.27171601503242493,2.385416036505175,0.027764717988842367,1.2643326745940073e-06,0.0008333453609791697,6.938114954267886e-05,0.7456495114241026,0.018222999805102256,4,down_proj,model.layers.4.mlp.down_proj,validation
percentile_99.5,1.0796931982040405,0.008501521245701107,0.0033289869740030973,0.004718112070971181,0.06353896389039543,8.715008998126417e-06,1.5085034586527604e-05,0,0.0058192246093271656,0.05075273830379264,0.209590625471712,1.6501738226913494,0.027764717988842367,0.005821195133767817,0.05076910714134403,0.20966159771934814,1.6489105231350112,0.027764717988842367,0.005823350429936466,0.05077936103264721,0.2097392248780146,2.385416036505175,0.027764717988842367,1.5925598239554577e-06,0.0008344608745204967,7.952436300804262e-05,0.8989522796623712,0.0200260619980621,4,down_proj,model.layers.4.mlp.down_proj,validation
percentile_99.9,2.108530825138132,0.016602604922347497,0.0033289869740030973,0.0009278475256693126,0.11405002453684301,1.088172394241199e-05,1.4552623130410651e-05,0,0.003479635490409339,0.035240948638078716,0.12532579988054185,1.4190042793497732,0.027764717988842367,0.0034822336261390013,0.035277719056857886,0.12541937676220535,1.4199861845649948,0.027764717988842367,0.0034850008607143147,0.03529710155381654,0.12551904406573877,2.385416036505175,0.027764717988842367,2.1888383324615684e-06,0.000834907074715273,9.580614176801219e-05,1.0344723875311572,0.0228465345965156,4,down_proj,model.layers.4.mlp.down_proj,validation
percentile_99.95,2.6923927183152045,0.021199942663899247,0.0033289869740030973,0.0004658497316740213,0.14087160827257544,1.1170619268316734e-05,1.4811585109848565e-05,0,0.0028420994846749432,0.03001881306081549,0.10236370799145447,1.4272801103338044,0.027764717988842367,0.002844830276040305,0.030068471035861924,0.10246206272232045,1.425974293066587,0.027764717988842367,0.0028477884183681222,0.030092538735282014,0.10256860593767043,2.385416036505175,0.027764717988842367,2.3377634667666725e-06,0.0008353617325695396,9.896384109843846e-05,1.0549433851692533,0.023622400270835484,4,down_proj,model.layers.4.mlp.down_proj,validation
percentile_99.99,4.854371274754612,0.038223395864209544,0.0033289869740030973,9.35358804142836e-05,0.2320914329150386,1.2229902129967458e-05,1.3354939314820674e-05,0,0.0016931628011808322,0.020262059272335292,0.060982531926355346,1.3533624792970267,0.027764717988842367,0.0016961702429043742,0.020341651179522243,0.06109085075476019,1.3539206858817252,0.027764717988842367,0.0016992402755157089,0.020372117788247383,0.061201423915005077,2.385416036505175,0.027764717988842367,2.596548779493652e-06,0.000835739007050941,0.00010360629208463447,1.1917442978587258,0.02506169005037425,4,down_proj,model.layers.4.mlp.down_proj,validation
activation_mse_search_64_rows,4.854371274754612,0.038223395864209544,0.0033289869740030973,9.35358804142836e-05,0.2320914329150386,1.2229902129967458e-05,1.3354939314820674e-05,0,0.0016931628011808322,0.020262059272335292,0.060982531926355346,1.3533624792970267,0.027764717988842367,0.0016961702429043742,0.020341651179522243,0.06109085075476019,1.3539206858817252,0.027764717988842367,0.0016992402755157089,0.020372117788247383,0.061201423915005077,2.385416036505175,0.027764717988842367,2.596548779493652e-06,0.000835739007050941,0.00010360629208463447,1.1917442978587258,0.02506169005037425,4,down_proj,model.layers.4.mlp.down_proj,validation
absmax,50.25899124145508,0.39574008851539433,0.005974751188610353,0.0,0.9371224438467288,4.394688203150112e-06,1.3876983389274573e-05,0,0.005724860297560058,0.0596349183508589,0.2804661371516565,1.5856728638580628,0.020411948321819876,0.005728740083221221,0.05965339463035282,0.28065621139640734,1.5763466612153112,0.020411948321819876,0.005735337521943484,0.059671792820345376,0.2809794259479164,3.483675020663634,0.020411948321819876,5.463576128205109e-06,0.001495967548962794,0.0003258100373272933,3.04712310619128,0.016769207520505765,5,down_proj,model.layers.5.mlp.down_proj,calibration
percentile_99,0.5352994799613953,0.004214956535129096,0.005974751188610353,0.009999997074964021,0.03905811422958947,1.4268468192045819e-08,1.377760620078255e-05,0,0.006373766407232699,0.05542573002782198,0.3122566404118953,3.855130067590346,0.020411948321819876,0.006374122371798238,0.055431615004749475,0.3122740794412289,3.8493477075577016,0.020411948321819876,0.006377177437114191,0.05545461022613614,0.3124237498826677,3.8474654638273353,0.020411948321819876,2.9747663985934437e-06,0.0014936800361466565,0.00024034257276404658,0.06538887131994997,0.01237719295579766,5,down_proj,model.layers.5.mlp.down_proj,calibration
percentile_99.5,0.8144014102220467,0.006412609529307454,0.005974751188610353,0.005000001212819796,0.05604416914196053,2.140270228806873e-07,1.4613694871680138e-05,0,0.00493306579645989,0.047405462928686574,0.24167540102904156,3.305633515184044,0.020411948321819876,0.004933997577439236,0.047416210313197295,0.24172104983064813,3.308701903796737,0.020411948321819876,0.0049373319658737045,0.04744596399788689,0.24188440456689855,3.483675020663634,0.020411948321819876,3.0179400786284894e-06,0.0014936015775797312,0.0002223271674394538,0.769898268409761,0.01357431983408129,5,down_proj,model.layers.5.mlp.down_proj,calibration
percentile_99.9,1.7361233022213582,0.013670262222215419,0.005974751188610353,0.0010000002425639592,0.1068622906473273,2.7395458928727974e-06,1.4079331420110367e-05,0,0.002748673401267166,0.032072065829640575,0.13466002156829396,2.4574102881152715,0.020411948321819876,0.0027506503414939454,0.03210433080220111,0.13475687367646172,2.4571580209617387,0.020411948321819876,0.0027559091414989093,0.03216725805428008,0.13501450709400972,3.483675020663634,0.020411948321819876,3.8518094207159e-06,0.001494903945560465,0.00024039985933957487,2.1267796211371017,0.016022511124996367,5,down_proj,model.layers.5.mlp.down_proj,calibration
percentile_99.95,2.288743219971707,0.018021600157257536,0.005974751188610353,0.0005000010130612417,0.13484269256382228,3.909560284620554e-06,1.3373469543356372e-05,0,0.0021358760625185234,0.026747400227685826,0.10463851999053535,2.156239944004117,0.020411948321819876,0.0021381184561435436,0.026795403347414027,0.10474837690324482,2.154356660010724,0.020411948321819876,0.002144154274115282,0.02688052723214881,0.10504407714099655,3.483675020663634,0.020411948321819876,4.586271775571774e-06,0.0014957805865619372,0.00027250814880878596,2.414102428521799,0.016829851861750664,5,down_proj,model.layers.5.mlp.down_proj,calibration
percentile_99.99,4.26616748132642,0.03359186993170409,0.005974751188610353,0.00010000055932395312,0.22538328958050247,5.907145831506969e-06,1.3972439212965252e-05,0,0.0011140244406436487,0.017517170551494314,0.054577075303134284,1.5181374113602275,0.020411948321819876,0.0011166459097639069,0.01759167082696415,0.054705503470741185,1.5164899472716686,0.020411948321819876,0.0011235016275320418,0.017697464144926688,0.05504137134871373,3.483675020663634,0.020411948321819876,6.308384226632614e-06,0.0014969636311111592,0.00034448426302984713,3.3093721838455092,0.018312546910411516,5,down_proj,model.layers.5.mlp.down_proj,calibration
activation_mse_search_64_rows,4.26616748132642,0.03359186993170409,0.005974751188610353,0.00010000055932395312,0.22538328958050247,5.907145831506969e-06,1.3972439212965252e-05,0,0.0011140244406436487,0.017517170551494314,0.054577075303134284,1.5181374113602275,0.020411948321819876,0.0011166459097639069,0.01759167082696415,0.054705503470741185,1.5164899472716686,0.020411948321819876,0.0011235016275320418,0.017697464144926688,0.05504137134871373,3.483675020663634,0.020411948321819876,6.308384226632614e-06,0.0014969636311111592,0.00034448426302984713,3.3093721838455092,0.018312546910411516,5,down_proj,model.layers.5.mlp.down_proj,calibration
absmax,50.25899124145508,0.39574008851539433,0.005974751188610353,6.018652623015482e-09,0.9392157734151587,3.851937678729909e-06,1.3876983389274573e-05,0,0.005725195270946901,0.059526868672153746,0.28979851592403755,1.4292979250819422,0.019755778433481,0.0057287582631236,0.05954471586809898,0.28997886782404975,1.4243815363813923,0.019755778433481,0.0057344384024134885,0.05956295483646962,0.29026638569174673,2.333196909730866,0.019755778433481,4.871999381312949e-06,0.0014958629741422382,0.0003033277096381428,1.8781300967666743,0.016061834202767165,5,down_proj,model.layers.5.mlp.down_proj,validation
percentile_99,0.5352994799613953,0.004214956535129096,0.005974751188610353,0.00964862239300858,0.03923721546699352,0.0,1.377760620078255e-05,0,0.006072079498779966,0.05390732808782421,0.3073571370131051,3.124849159016967,0.019755778433481,0.006072440921147678,0.053913278348586766,0.3073754315272357,3.1298425738589413,0.019755778433481,0.006075371918948881,0.05393631933420424,0.3075237930717363,3.127838817816043,0.019755778433481,2.9748745768299942e-06,0.001493699543359647,0.0002454093827730178,0.0029941778835125277,0.012122089804453373,5,down_proj,model.layers.5.mlp.down_proj,validation
percentile_99.5,0.8144014102220467,0.006412609529307454,0.005974751188610353,0.004801103271989942,0.056325392050216944,1.9259688393649542e-07,1.4613694871680138e-05,0,0.004695068248153345,0.04600386287207715,0.2376554416198758,2.574955743477147,0.019755778433481,0.004695953075604128,0.0460146804092156,0.237700229905681,2.5773213463481435,0.019755778433481,0.004699080720860493,0.04604514943994674,0.2378585453710471,2.5797694409799172,0.019755778433481,2.99286653559771e-06,0.0014936345860540217,0.0002256865138988317,0.5587551788085978,0.013261166934145297,5,down_proj,model.layers.5.mlp.down_proj,validation
percentile_99.9,1.7361233022213582,0.013670262222215419,0.005974751188610353,0.00094935819014397,0.10751459836231017,2.1667149442855733e-06,1.4079331420110367e-05,0,0.0026214362117227595,0.030942951466676773,0.13269212451178813,1.3658843516974026,0.019755778433481,0.00262328071046992,0.03097594082375737,0.13278548953677924,1.3667445005416932,0.019755778433481,0.002627954015246764,0.031040388428530165,0.13302204335279713,2.333196909730866,0.019755778433481,3.6569162041654484e-06,0.0014945314705798994,0.00023463533024561467,1.4716770053275257,0.015585530961332264,5,down_proj,model.layers.5.mlp.down_proj,validation
percentile_99.95,2.288743219971707,0.018021600157257536,0.005974751188610353,0.00047403509924132234,0.13571848604597056,3.37044546888867e-06,1.3373469543356372e-05,0,0.0020426293299254015,0.02575451241806654,0.10339401896022819,1.1844584638992033,0.019755778433481,0.0020447306347910446,0.02580313068627969,0.103500383023417,1.1871528759552255,0.019755778433481,0.0020500406464877313,0.025891392642101337,0.10376916573499509,2.333196909730866,0.019755778433481,4.243866487108474e-06,0.001494908507266439,0.0002596148203167606,1.580359163339402,0.016346780518656286,5,down_proj,model.layers.5.mlp.down_proj,validation
percentile_99.99,4.26616748132642,0.03359186993170409,0.005974751188610353,9.510674874889064e-05,0.22710136802529646,4.911220540380633e-06,1.3972439212965252e-05,0,0.0010802827043568297,0.016885263168014027,0.054681859689518816,1.1430306082329986,0.019755778433481,0.001082760206856858,0.016959284177810816,0.05480726616278789,1.142395067927251,0.019755778433481,0.0010886635732113086,0.017067409465081035,0.0551060833607195,2.333196909730866,0.019755778433481,5.430088390777148e-06,0.001496411135146657,0.00030588779735574525,1.9718659253757629,0.017751896079927616,5,down_proj,model.layers.5.mlp.down_proj,validation
activation_mse_search_64_rows,4.26616748132642,0.03359186993170409,0.005974751188610353,9.510674874889064e-05,0.22710136802529646,4.911220540380633e-06,1.3972439212965252e-05,0,0.0010802827043568297,0.016885263168014027,0.054681859689518816,1.1430306082329986,0.019755778433481,0.001082760206856858,0.016959284177810816,0.05480726616278789,1.142395067927251,0.019755778433481,0.0010886635732113086,0.017067409465081035,0.0551060833607195,2.333196909730866,0.019755778433481,5.430088390777148e-06,0.001496411135146657,0.00030588779735574525,1.9718659253757629,0.017751896079927616,5,down_proj,model.layers.5.mlp.down_proj,validation
absmax,43.47627639770508,0.3423328850212998,0.005328721116110415,0.0,0.9207158510467804,1.0216223225504807e-05,1.2221860967288733e-05,0,0.004044080791282242,0.049615228997574326,0.26211982596462985,1.6305862940396987,0.015428366688401302,0.004046516221109353,0.04963159652208984,0.26227767999262247,1.6372476711701833,0.015428366688401302,0.004049271063257687,0.04964671407420766,0.2624562369457966,2.6616938358633564,0.015428366688401302,4.807807599063823e-06,0.0013357973769542954,0.00033537707587064065,2.717647769216312,0.01433552840957519,6,down_proj,model.layers.6.mlp.down_proj,calibration
percentile_99,0.5099449598789221,0.004015314644715922,0.005328721116110415,0.010000000642081069,0.04306608592288909,0.0,1.4102608482770575e-05,0,0.005451956410964781,0.050764745294035366,0.353372234474012,3.600546344034596,0.015428366688401302,0.00545289641675425,0.05077234956790615,0.353433161583696,3.5949546486918216,0.015428366688401302,0.005455289807731469,0.050790513501419755,0.3535882908352595,3.5976159191827985,0.015428366688401302,2.3662069249293853e-06,0.001332178499507946,0.00025921515188663936,0.002677419956072624,0.009128351131125935,6,down_proj,model.layers.6.mlp.down_proj,calibration
percentile_99.5,0.7688728603720563,0.006054117010803593,0.005328721116110415,0.005000001212819796,0.06090520795949947,2.8536936384091638e-08,1.346103743397221e-05,0,0.0040895684744363565,0.043411360891618546,0.2650681408493358,3.1081530147493983,0.015428366688401302,0.004090941361362203,0.04342299466051568,0.2651571254420392,3.1025668193509075,0.015428366688401302,0.0040933303605883995,0.04344528163451495,0.2653119700392961,3.1020448553845297,0.015428366688401302,2.3660497778134294e-06,0.0013320671267999641,0.00023713064220418122,0.06586202336971603,0.00997783228612076,6,down_proj,model.layers.6.mlp.down_proj,calibration
percentile_99.9,1.6533192347288832,0.013018261690778608,0.005328721116110415,0.0010000002425639592,0.11514565544834038,1.1414774553636655e-07,1.4814314177096573e-05,0,0.002004451774216559,0.02852670228293106,0.12991989461356662,2.0114102918300367,0.015428366688401302,0.0020064749101493585,0.02855550095941868,0.13005102553452927,2.0067348879949862,0.015428366688401302,0.002008958400867676,0.028598359871606235,0.13021199466162323,2.6616938358633564,0.015428366688401302,2.38197462359071e-06,0.0013321885664158719,0.0002001812559013836,0.8925723358803666,0.011899089217244972,6,down_proj,model.layers.6.mlp.down_proj,calibration
percentile_99.95,2.214364574432693,0.017435941530966087,0.005328721116110415,0.0005000010130612417,0.14618873412261935,3.9951710937728294e-07,1.4734381109997935e-05,0,0.0014342181594239616,0.022933426653435316,0.09295981800213333,1.5758577565274565,0.015428366688401302,0.0014363711253585281,0.022976330253955946,0.09309936394228688,1.5975605506887065,0.015428366688401302,0.0014390293453736083,0.023036699039581363,0.09327165826668082,2.6616938358633564,0.015428366688401302,2.424999999477903e-06,0.001332284805400061,0.00019196819354140235,1.305817882900747,0.012632300980395984,6,down_proj,model.layers.6.mlp.down_proj,calibration
percentile_99.99,4.129003571175986,0.032511839143118,0.005328721116110415,0.00010000055932395312,0.24014222566529872,2.4256395926477894e-06,1.4777712489604402e-05,0,0.0006391386986885353,0.013713118757250162,0.04142620613036281,1.2572521932646146,0.015428366688401302,0.0006414398892606832,0.013790491835139316,0.04157535935044267,1.2537618809435818,0.015428366688401302,0.0006446831081549977,0.013881063027778801,0.04178557077202838,2.6616938358633564,0.015428366688401302,2.8214747779590343e-06,0.0013330635743245257,0.00020111886535505519,2.002070553055392,0.014028891685412026,6,down_proj,model.layers.6.mlp.down_proj,calibration
activation_mse_search_64_rows,4.129003571175986,0.032511839143118,0.005328721116110415,0.00010000055932395312,0.24014222566529872,2.4256395926477894e-06,1.4777712489604402e-05,0,0.0006391386986885353,0.013713118757250162,0.04142620613036281,1.2572521932646146,0.015428366688401302,0.0006414398892606832,0.013790491835139316,0.04157535935044267,1.2537618809435818,0.015428366688401302,0.0006446831081549977,0.013881063027778801,0.04178557077202838,2.6616938358633564,0.015428366688401302,2.8214747779590343e-06,0.0013330635743245257,0.00020111886535505519,2.002070553055392,0.014028891685412026,6,down_proj,model.layers.6.mlp.down_proj,calibration
absmax,43.47627639770508,0.3423328850212998,0.005328721116110415,0.0,0.9226719297938135,6.403846390888473e-06,1.2221860967288733e-05,0,0.004019290429488661,0.04939395639272876,0.26824226049056915,1.7930967332770478,0.014983807630229728,0.004021755264587289,0.0494107855635216,0.268406760406709,1.7894645606191002,0.014983807630229728,0.004024073611564602,0.04942600291534687,0.268561483894525,1.788460350946056,0.014983807630229728,3.573125467694828e-06,0.0013340123164712208,0.00025706241201972006,1.270842297551542,0.013899836384561437,6,down_proj,model.layers.6.mlp.down_proj,validation
percentile_99,0.5099449598789221,0.004015314644715922,0.005328721116110415,0.009868628220990288,0.043630922161584165,2.8889532590474314e-07,1.4102608482770575e-05,0,0.005226448970115235,0.0499275594459611,0.3488064648915347,3.211664838411696,0.014983807630229728,0.005227396003011202,0.04993531632442757,0.3488696686458365,3.2129852848085987,0.014983807630229728,0.005229749453514566,0.049953558306810274,0.349026734897716,3.2122119154895916,0.014983807630229728,2.4260193358513563e-06,0.0013325968657888693,0.00027177351277727973,0.7343020572528318,0.008926621697087515,6,down_proj,model.layers.6.mlp.down_proj,validation
percentile_99.5,0.7688728603720563,0.006054117010803593,0.005328721116110415,0.004937883171500592,0.061691400038750496,3.37044546888867e-07,1.346103743397221e-05,0,0.0038921791734614977,0.042544282997245865,0.2597590191700708,2.708461768354517,0.014983807630229728,0.0038935477477760445,0.04255615157590961,0.25985035605508167,2.7093087788311463,0.014983807630229728,0.0038958882207892954,0.042578584361345206,0.2600065562060052,2.710270292917629,0.014983807630229728,2.4246442371604885e-06,0.0013323112968724625,0.00024847391193863694,0.741870865268484,0.009758144097474821,6,down_proj,model.layers.6.mlp.down_proj,validation
percentile_99.9,1.6533192347288832,0.013018261690778608,0.005328721116110415,0.0009850728748089438,0.11659707017768219,3.8519376787299083e-07,1.4814314177096573e-05,0,0.0018622152175532347,0.027616882713315194,0.12428184234000898,1.9454502527838635,0.014983807630229728,0.0018641764191233434,0.02764640628621322,0.12441273040387815,1.9498087854852661,0.014983807630229728,0.0018664972586409307,0.027690964609993967,0.12456762024061797,1.9482631733138396,0.014983807630229728,2.4039479113438164e-06,0.001332148438431184,0.0002064417063789406,0.6513465707575379,0.011644681462432662,6,down_proj,model.layers.6.mlp.down_proj,validation
percentile_99.95,2.214364574432693,0.017435941530966087,0.005328721116110415,0.0004893947007352579,0.14797282390558747,6.259398727936101e-07,1.4734381109997935e-05,0,0.0013141093793813759,0.02205120736809626,0.08770196546905536,1.6132117974040443,0.014983807630229728,0.0013161924717411148,0.022095479135638335,0.08784098836704934,1.617554370743886,0.014983807630229728,0.001318623399283576,0.022158789793586195,0.08800322533661352,1.617882464114994,0.014983807630229728,2.3996528064294743e-06,0.0013321716735104914,0.00019408380877718577,0.5606808007727673,0.012364003064183216,6,down_proj,model.layers.6.mlp.down_proj,validation
percentile_99.99,4.129003571175986,0.032511839143118,0.005328721116110415,9.48178534229859e-05,0.24281643716179988,1.9259688393649543e-06,1.4777712489604402e-05,0,0.0005653922915186253,0.013153507845887018,0.03773355247687179,1.047901728820148,0.014983807630229728,0.000567607491246392,0.013230356373264333,0.03788139205025883,1.0422128697137656,0.014983807630229728,0.0005703365305511055,0.013322506791115012,0.03806352461442815,1.0871446567896426,0.014983807630229728,2.5610427503872423e-06,0.001332443895080718,0.0001867757918856844,0.9088729222531446,0.013711855934492416,6,down_proj,model.layers.6.mlp.down_proj,validation
activation_mse_search_64_rows,4.129003571175986,0.032511839143118,0.005328721116110415,9.48178534229859e-05,0.24281643716179988,1.9259688393649543e-06,1.4777712489604402e-05,0,0.0005653922915186253,0.013153507845887018,0.03773355247687179,1.047901728820148,0.014983807630229728,0.000567607491246392,0.013230356373264333,0.03788139205025883,1.0422128697137656,0.014983807630229728,0.0005703365305511055,0.013322506791115012,0.03806352461442815,1.0871446567896426,0.014983807630229728,2.5610427503872423e-06,0.001332443895080718,0.0001867757918856844,0.9088729222531446,0.013711855934492416,6,down_proj,model.layers.6.mlp.down_proj,validation
absmax,39.70822525024414,0.3126631909468043,0.00876180009154544,0.0,0.9070214372177127,5.479091785745595e-06,1.3886153761232554e-05,0,0.003369133717069901,0.0451581681365784,0.25125748201648646,1.3731539001528514,0.013409088119608049,0.0033706997594804633,0.04517051291857168,0.2513742716442816,1.363822951974372,0.013409088119608049,0.00341143449426301,0.04522413672866264,0.2544121169040932,4.341480645990782,0.013409088119608049,4.321539911790267e-05,0.0021992956511178415,0.003361596768930405,4.468518046688174,0.012855616568090932,7,down_proj,model.layers.7.mlp.down_proj,calibration
percentile_99,0.5383747220039368,0.004239171039401077,0.00876180009154544,0.009999998858522544,0.04337625210088926,0.0,1.4983455651757135e-05,0,0.003962787643542281,0.04380753098745913,0.29552998743796116,8.383353493888851,0.013409088119608049,0.003962800212618193,0.04381398676986539,0.29553092479296994,8.381308599645507,0.013409088119608049,0.003969201032132414,0.04386851377213828,0.2960082741441806,8.38067048819323,0.013409088119608049,6.398125472639797e-06,0.002190565358180275,0.0007915665150024288,0.004385786172903083,0.008082865244268406,7,down_proj,model.layers.7.mlp.down_proj,calibration
percentile_99.5,0.7877256274223328,0.0062025639954514395,0.00876180009154544,0.004999999429261272,0.059927190075743875,0.0,1.3231501263209432e-05,0,0.0028117242547262633,0.036226973850064084,0.20968795414318234,8.234712480116174,0.013409088119608049,0.0028122895830747004,0.036237561260989176,0.20973011423217527,8.232662927885308,0.013409088119608049,0.0028187197618693947,0.036305896592637416,0.21020965308950382,8.231719886636958,0.013409088119608049,6.397843311565159e-06,0.002190607369300973,0.0007117110199839539,0.004390212190970022,0.008989383516514054,7,down_proj,model.layers.7.mlp.down_proj,calibration
percentile_99.9,1.5887968866825304,0.012510211706161657,0.00876180009154544,0.0010000002425639592,0.10807699566501107,0.0,1.4270306064023417e-05,0,0.001295942092974772,0.022214196819865157,0.09664654907291732,7.851333748483534,0.013409088119608049,0.0012972960019255748,0.02224292509676374,0.09674751857499876,7.850245768535366,0.013409088119608049,0.0013035593026263475,0.022379071785292748,0.09721461228375095,7.846200682608958,0.013409088119608049,6.396774642410702e-06,0.0021902175344199436,0.0005908367203367444,0.004389387628732644,0.010826636907003499,7,down_proj,model.layers.7.mlp.down_proj,calibration
percentile_99.95,2.064243550181459,0.01625388622190125,0.00876180009154544,0.0005000010130612417,0.13428455646067108,0.0,1.398521236776951e-05,0,0.0009390886015895036,0.017485576178091777,0.07003374078929936,7.6443377387002105,0.013409088119608049,0.0009405997268677488,0.017529834364901402,0.07014643490129012,7.6433814437296155,0.013409088119608049,0.000946909670602731,0.017721308839019272,0.0706170070743341,7.644679280503413,0.013409088119608049,6.399391383807242e-06,0.0021909446444532757,0.0005599123693316047,0.004395596302552818,0.011429273104729788,7,down_proj,model.layers.7.mlp.down_proj,calibration
percentile_99.99,3.577202352141285,0.028166947654655786,0.00876180009154544,0.00010000055932395312,0.21011242582679496,0.0,1.3231321139874725e-05,0,0.0004811297446293326,0.01043165794155729,0.03588086977560978,7.1059848256153755,0.013409088119608049,0.0004828915463611054,0.010509529325900704,0.036012258406667885,7.105775363396486,0.013409088119608049,0.0004890265198677821,0.010795607893078048,0.03646978194980171,7.101447674827596,0.013409088119608049,6.39707677156537e-06,0.002190406846497773,0.000515729021648437,0.0043864909023021426,0.01240394956079501,7,down_proj,model.layers.7.mlp.down_proj,calibration
activation_mse_search_64_rows,3.577202352141285,0.028166947654655786,0.00876180009154544,0.00010000055932395312,0.21011242582679496,0.0,1.3231321139874725e-05,0,0.0004811297446293326,0.01043165794155729,0.03588086977560978,7.1059848256153755,0.013409088119608049,0.0004828915463611054,0.010509529325900704,0.036012258406667885,7.105775363396486,0.013409088119608049,0.0004890265198677821,0.010795607893078048,0.03646978194980171,7.101447674827596,0.013409088119608049,6.39707677156537e-06,0.002190406846497773,0.000515729021648437,0.0043864909023021426,0.01240394956079501,7,down_proj,model.layers.7.mlp.down_proj,calibration
absmax,39.70822525024414,0.3126631909468043,0.00876180009154544,0.0,0.9086089446904121,4.62232521447589e-06,1.3886153761232554e-05,0,0.0033495574770956655,0.045012713530685734,0.2565808062742549,1.4749026187295224,0.013054590971685466,0.0033509949773107943,0.045024686351570094,0.25669092080930594,1.4792772379819945,0.013054590971685466,0.0033863661555091473,0.04507717471453596,0.25940040272835424,4.341480645990782,0.013054590971685466,3.745864426644034e-05,0.0021980953648221054,0.003021358601465571,4.468518046688174,0.012397947151414027,7,down_proj,model.layers.7.mlp.down_proj,validation
percentile_99,0.5383747220039368,0.004239171039401077,0.00876180009154544,0.009904216513950178,0.04370313997440772,0.0,1.4983455651757135e-05,0,0.0037289251322787527,0.04283774947757158,0.28564090137841486,8.383353493888851,0.013054590971685466,0.0037290764254294434,0.042844404527489395,0.2856524906462072,8.381308599645507,0.013054590971685466,0.0037354027283618132,0.042900051731951355,0.2861370943343726,8.38067048819323,0.013054590971685466,6.396433746748122e-06,0.002190080300357689,0.0007967489770527573,0.004388535369959978,0.008028166876861366,7,down_proj,model.layers.7.mlp.down_proj,validation
percentile_99.5,0.7877256274223328,0.0062025639954514395,0.00876180009154544,0.004934163644179568,0.06039914115271546,0.0,1.3231501263209432e-05,0,0.0026231132671276592,0.03527011807025313,0.20093415970037026,8.234712480116174,0.013054590971685466,0.0026237827914431734,0.03528094415630521,0.20098544620310071,8.232662927885308,0.013054590971685466,0.0026301469030001077,0.03535074024076152,0.20147294608499955,8.231719886636958,0.013054590971685466,6.398576695907821e-06,0.00219076383275347,0.0007182437067881816,0.004387263308572753,0.008908642895766903,7,down_proj,model.layers.7.mlp.down_proj,validation
percentile_99.9,1.5887968866825304,0.012510211706161657,0.00876180009154544,0.0009738841995827581,0.1089517803848548,0.0,1.4270306064023417e-05,0,0.0011787690163144783,0.021349226048186776,0.09029536190533655,7.851333748483534,0.013054590971685466,0.0011801331817867635,0.021378833407755225,0.09039985889610737,7.850245768535366,0.013054590971685466,0.0011863977462800224,0.021519234929375443,0.09087973333314232,7.846200682608958,0.013054590971685466,6.399041060547556e-06,0.002190796260693852,0.0005991309649531758,0.004387301084906259,0.01068053803736828,7,down_proj,model.layers.7.mlp.down_proj,validation
percentile_99.95,2.064243550181459,0.01625388622190125,0.00876180009154544,0.00048122738912582583,0.13536095400555295,0.0,1.398521236776951e-05,0,0.0008442136925497233,0.016703407891436314,0.0646679543143685,7.6443377387002105,0.013054590971685466,0.0008457217578738377,0.016749111499804903,0.06478347423585706,7.6433814437296155,0.013054590971685466,0.0008520248113293792,0.016948695720242195,0.06526629698144998,7.644679280503413,0.013054590971685466,6.398394086994853e-06,0.0021906542730698586,0.0005684274548417553,0.004392569288651282,0.011256307260486044,7,down_proj,model.layers.7.mlp.down_proj,validation
percentile_99.99,3.577202352141285,0.028166947654655786,0.00876180009154544,9.41196897187161e-05,0.21172409576725976,0.0,1.3231321139874725e-05,0,0.00042325748868651846,0.009943555186439775,0.03242211798167676,7.1059848256153755,0.013054590971685466,0.0004249915937800961,0.010022033889486977,0.03255495286691666,7.105775363396486,0.013054590971685466,0.00043119447584108364,0.010315056516888773,0.03303010234302366,7.101447674827596,0.013054590971685466,6.396318773101496e-06,0.002190416945765952,0.0005255928232106563,0.004387439022517259,0.01216972243652168,7,down_proj,model.layers.7.mlp.down_proj,validation
activation_mse_search_64_rows,3.577202352141285,0.028166947654655786,0.00876180009154544,9.41196897187161e-05,0.21172409576725976,0.0,1.3231321139874725e-05,0,0.00042325748868651846,0.009943555186439775,0.03242211798167676,7.1059848256153755,0.013054590971685466,0.0004249915937800961,0.010022033889486977,0.03255495286691666,7.105775363396486,0.013054590971685466,0.00043119447584108364,0.010315056516888773,0.03303010234302366,7.101447674827596,0.013054590971685466,6.396318773101496e-06,0.002190416945765952,0.0005255928232106563,0.004387439022517259,0.01216972243652168,7,down_proj,model.layers.7.mlp.down_proj,validation
absmax,72.50083923339844,0.570872749869279,0.013832422840943694,0.0,0.9734343345403316,5.479091785745595e-06,1.4310615041216958e-05,0,0.005981436663726544,0.05874320583171135,0.4722369190894254,2.077007564766642,0.012666177551852667,0.005983400922700903,0.058753735026119795,0.4723919981546223,2.0723175330828707,0.012666177551852667,0.006117705914623975,0.05886587104559918,0.4829954332772751,7.0100667884036465,0.012666177551852667,0.000134981924670929,0.0034810264541208585,0.013293051517459941,7.054535648881284,0.010154321939822103,8,down_proj,model.layers.8.mlp.down_proj,calibration
percentile_99,0.5242039185762408,0.00412758991004914,0.013832422840943694,0.010000000642081069,0.04138640184732145,0.0,1.406024505064232e-05,0,0.0034130740554014563,0.03788700283118355,0.2694636200565679,13.66170828238804,0.012666177551852667,0.003414574694911399,0.03789590517034051,0.26958209617170203,13.659329434128452,0.012666177551852667,0.003430511167114949,0.03805694081833942,0.2708402872982916,13.663462174897564,0.012666177551852667,1.5942196844565497e-05,0.0034579700975240495,0.0020864629855129393,0.006919610210900151,0.0076407762587967715,8,down_proj,model.layers.8.mlp.down_proj,calibration
percentile_99.5,0.7544494083523716,0.005940546522459619,0.013832422840943694,0.005000001212819796,0.056659896349851885,0.0,1.4042502643183898e-05,0,0.0025574859136028682,0.031017310022233145,0.2019145794485399,13.551131604752811,0.012666177551852667,0.0025590011388568453,0.031030592082542604,0.2020342071142484,13.54847662290385,0.012666177551852667,0.002575158140820819,0.031238234390989737,0.20330980915739288,13.552802792170013,0.012666177551852667,1.5943674728261835e-05,0.0034580588391209827,0.001869545058475089,0.006919131641694942,0.008528104019737526,8,down_proj,model.layers.8.mlp.down_proj,calibration
percentile_99.9,1.4680062532424927,0.0115591043562401,0.013832422840943694,0.0009999984590054352,0.09993723586211684,0.0,1.3278435540619553e-05,0,0.0014297417460142137,0.018547361253965434,0.11287870710489821,13.317841228693759,0.012666177551852667,0.0014313030340878529,0.018581979218466726,0.11300197144942895,13.314974915003933,0.012666177551852667,0.0014470146256233692,0.019010296511260637,0.11424240815349349,13.317651603873971,0.012666177551852667,1.5947187016484694e-05,0.0034583739089260016,0.0015737283019788483,0.0069245696277615565,0.010133380073569417,8,down_proj,model.layers.8.mlp.down_proj,calibration
percentile_99.95,1.873318174123824,0.014750536804124598,0.013832422840943694,0.0005000010130612417,0.12268302549398578,0.0,1.3940693694869271e-05,0,0.001167517809183541,0.014532077882845456,0.09217601793469013,13.197907642700756,0.012666177551852667,0.001169155111912541,0.01458334083884554,0.09230528366796263,13.19520339162859,0.012666177551852667,0.0011851019224451912,0.015162639047338895,0.09356429100994623,13.193159798305478,0.012666177551852667,1.59422407658086e-05,0.0034579499449039573,0.0015013695489782923,0.006924205574297182,0.010618465504816963,8,down_proj,model.layers.8.mlp.down_proj,calibration
percentile_99.99,3.1148502206783633,0.024526379690380812,0.013832422840943694,0.00010000055932395312,0.18687366953668344,0.0,1.1782417067937166e-05,0,0.0008256099551875916,0.008811818417820713,0.06518225027303763,12.80653651294455,0.012666177551852667,0.0008272985401002073,0.008895034996644844,0.06531556475609322,12.803772549654566,0.012666177551852667,0.0008434975231178536,0.009697336634405366,0.06659448122093285,12.805851958759053,0.012666177551852667,1.5944084232628632e-05,0.0034580961901473435,0.0014024396359093758,0.00692383043547018,0.011368820321660476,8,down_proj,model.layers.8.mlp.down_proj,calibration
activation_mse_search_64_rows,3.1148502206783633,0.024526379690380812,0.013832422840943694,0.00010000055932395312,0.18687366953668344,0.0,1.1782417067937166e-05,0,0.0008256099551875916,0.008811818417820713,0.06518225027303763,12.80653651294455,0.012666177551852667,0.0008272985401002073,0.008895034996644844,0.06531556475609322,12.803772549654566,0.012666177551852667,0.0008434975231178536,0.009697336634405366,0.06659448122093285,12.805851958759053,0.012666177551852667,1.5944084232628632e-05,0.0034580961901473435,0.0014024396359093758,0.00692383043547018,0.011368820321660476,8,down_proj,model.layers.8.mlp.down_proj,calibration
absmax,72.50083923339844,0.570872749869279,0.013832422840943694,0.0,0.9734878953821431,4.62232521447589e-06,1.4310615041216958e-05,0,0.005919458865717338,0.058516370872805215,0.47188118984378247,1.9139299038754183,0.012544384038018108,0.005921798971466246,0.05852699486164717,0.4720677359302078,1.9106678353186055,0.012544384038018108,0.006037533606519463,0.05863521515565822,0.481293747721816,7.0100667884036465,0.012544384038018108,0.00011636810540525892,0.003477455583343634,0.011637170049032055,7.054535648881284,0.009999691068786787,8,down_proj,model.layers.8.mlp.down_proj,validation
percentile_99,0.5242039185762408,0.00412758991004914,0.013832422840943694,0.009996831540513139,0.04148148075032664,0.0,1.406024505064232e-05,0,0.0033178546639652763,0.03798903922224404,0.2644892450605702,13.66170828238804,0.012544384038018108,0.0033190830938482356,0.03799757503979375,0.26458717174068747,13.659329434128452,0.012544384038018108,0.00333499842497436,0.038158363871541055,0.26585589335171994,13.663462174897564,0.012544384038018108,1.5938145361740784e-05,0.003457463953427301,0.002095496930277893,0.006918905440830847,0.007605902510020454,8,down_proj,model.layers.8.mlp.down_proj,validation
percentile_99.5,0.7544494083523716,0.005940546522459619,0.013832422840943694,0.0050028545265660435,0.05679109733422801,0.0,1.4042502643183898e-05,0,0.002470155119188342,0.031137009047726222,0.19691322520915125,13.551131604752811,0.012544384038018108,0.002471464203265396,0.03114992697405421,0.19701758139540054,13.54847662290385,0.012544384038018108,0.0024876675457508237,0.031356846400191395,0.19830926239275523,13.552802792170013,0.012544384038018108,1.594529215493415e-05,0.003458232482824562,0.001876251440454871,0.006918636236151687,0.008498483631313529,8,down_proj,model.layers.8.mlp.down_proj,validation
percentile_99.9,1.4680062532424927,0.0115591043562401,0.013832422840943694,0.001003790884466522,0.10020311508126048,0.0,1.3278435540619553e-05,0,0.0013460731327358101,0.01868627098167054,0.1073048408480068,13.317841228693759,0.012544384038018108,0.00134755169356043,0.01872076887220919,0.10742270720319323,13.314974915003933,0.012544384038018108,0.0013633527760822633,0.01914904907857821,0.1086823212642699,13.317651603873971,0.012544384038018108,1.594782092903343e-05,0.003458229339709793,0.0015778903828101713,0.006919015324683642,0.010107052494122488,8,down_proj,model.layers.8.mlp.down_proj,validation
percentile_99.95,1.873318174123824,0.014750536804124598,0.013832422840943694,0.0005002463314145547,0.12300084434473918,0.0,1.3940693694869271e-05,0,0.0010835024208712214,0.01467686783179371,0.0863735052743494,13.197907642700756,0.012544384038018108,0.0010850825854770941,0.014728119476207457,0.08649947117280114,13.19520339162859,0.012544384038018108,0.0011010090738636804,0.015307699174397506,0.08776908220657673,13.193159798305478,0.012544384038018108,1.595002950829537e-05,0.003458950538508525,0.0015058861509286662,0.0069215705164731856,0.010591789756788142,8,down_proj,model.layers.8.mlp.down_proj,validation
percentile_99.99,3.1148502206783633,0.024526379690380812,0.013832422840943694,0.00010093280448796962,0.18740822156615164,0.0,1.1782417067937166e-05,0,0.0007406918948292804,0.008957933508255585,0.059045696670675475,12.80653651294455,0.012544384038018108,0.0007423635011709011,0.009040431645831537,0.05917895202514761,12.803772549654566,0.012544384038018108,0.0007585184810310875,0.009839695822710458,0.060466777701659556,12.805851958759053,0.012544384038018108,1.594634651758623e-05,0.0034583798078462514,0.0014061052886105358,0.006918814266029083,0.011340791224349818,8,down_proj,model.layers.8.mlp.down_proj,validation
activation_mse_search_64_rows,3.1148502206783633,0.024526379690380812,0.013832422840943694,0.00010093280448796962,0.18740822156615164,0.0,1.1782417067937166e-05,0,0.0007406918948292804,0.008957933508255585,0.059045696670675475,12.80653651294455,0.012544384038018108,0.0007423635011709011,0.009040431645831537,0.05917895202514761,12.803772549654566,0.012544384038018108,0.0007585184810310875,0.009839695822710458,0.060466777701659556,12.805851958759053,0.012544384038018108,1.594634651758623e-05,0.0034583798078462514,0.0014061052886105358,0.006918814266029083,0.011340791224349818,8,down_proj,model.layers.8.mlp.down_proj,validation
absmax,20.0598201751709,0.15795133996197558,0.005881323101451991,0.0,0.6973843654087357,5.992756640659244e-07,1.4172323765203626e-05,0,0.0009815327666083807,0.02476156062328417,0.06926516290257992,0.510803122135955,0.014170655571674424,0.0009836570746502883,0.024791238637167232,0.06941507184865253,0.5192952006043723,0.014170655571674424,0.0009866174580652994,0.02482901117726112,0.0696239812671362,1.0863199138951178,0.014170655571674424,3.00929616268627e-06,0.001470257969748304,0.00020212987444901553,1.2821284361165346,0.014887933665863546,9,down_proj,model.layers.9.mlp.down_proj,calibration
percentile_99,0.6428081393241882,0.005061481412001482,0.005881323101451991,0.009999998858522544,0.05077929343629917,0.0,1.3884381461211429e-05,0,0.003028988972498936,0.039553645192833095,0.21375080053131418,3.1109691103122783,0.014170655571674424,0.0030310555458190587,0.03956508517688586,0.213896635232445,3.1108621028557986,0.014170655571674424,0.003033944103816335,0.039591631459082406,0.2141004760486067,3.1094950607946026,0.014170655571674424,2.8824131587250337e-06,0.0014702968036179437,0.00033313362888306904,0.002954254682069779,0.008652423258465958,9,down_proj,model.layers.9.mlp.down_proj,calibration
percentile_99.5,0.8960641622543335,0.007055623324837271,0.005881323101451991,0.004999999429261272,0.06724709261411578,0.0,1.4020778688525066e-05,0,0.001982595487162365,0.0317965784438683,0.13990852273097049,2.614011681988859,0.014170655571674424,0.0019845932695366597,0.0318140257981516,0.14004950296750157,2.6144233529852694,0.014170655571674424,0.001987473891632694,0.03184869014185306,0.1402527837600848,2.6154639202726355,0.014170655571674424,2.882196075295145e-06,0.0014702293097852424,0.000289735031372532,0.0029492146496832294,0.009947696216234585,9,down_proj,model.layers.9.mlp.down_proj,calibration
percentile_99.9,1.6563073086740587,0.013041789832079202,0.005881323101451991,0.0010000002425639592,0.11227322552763654,7.13423409602291e-08,1.488281993955293e-05,0,0.0007400242890728923,0.018293801103050393,0.05222230441844336,1.833502500747752,0.014170655571674424,0.000741996716593627,0.01833689533967232,0.05236149540440433,1.8339458241657205,0.014170655571674424,0.000744880651781207,0.01841041195050476,0.05256500999644231,1.8332479477795207,0.014170655571674424,2.884131483216596e-06,0.001470465938180561,0.00023749256175321652,0.2347556624277214,0.012144091848289369,9,down_proj,model.layers.9.mlp.down_proj,calibration
percentile_99.95,2.080911850333564,0.01638513267979184,0.005881323101451991,0.0005000010130612417,0.13547428630834318,1.56953150112504e-07,1.4249555250400268e-05,0,0.0004808614401384412,0.014055597932329637,0.03393360580294042,1.5841622879453174,0.014170655571674424,0.0004828611128167644,0.014119111794427425,0.034074719435136826,1.5841063875966381,0.014170655571674424,0.0004857765834370729,0.0142222354928844,0.03428045943111387,1.5862323775185372,0.014170655571674424,2.890244368128906e-06,0.001470135518303645,0.00022650804276295222,0.39328973444314963,0.012760007692767172,9,down_proj,model.layers.9.mlp.down_proj,calibration
percentile_99.99,3.339218971514299,0.026293062767829126,0.005881323101451991,0.00010000055932395312,0.1986462687356402,3.8524864118523714e-07,1.358109952561409e-05,0,0.00018752013021874637,0.008297462495750287,0.013232989064639917,0.9822202168228888,0.014170655571674424,0.0001896037431920093,0.008401150461897032,0.013380026226239402,0.9800945636096827,0.014170655571674424,0.00019255517534775714,0.008550192961264845,0.013588303968988821,1.0863199138951178,0.014170655571674424,2.9260725076612877e-06,0.0014702204406397675,0.00021462053402432032,0.9115012998380845,0.013633702483145027,9,down_proj,model.layers.9.mlp.down_proj,calibration
activation_mse_search_64_rows,3.339218971514299,0.026293062767829126,0.005881323101451991,0.00010000055932395312,0.1986462687356402,3.8524864118523714e-07,1.358109952561409e-05,0,0.00018752013021874637,0.008297462495750287,0.013232989064639917,0.9822202168228888,0.014170655571674424,0.0001896037431920093,0.008401150461897032,0.013380026226239402,0.9800945636096827,0.014170655571674424,0.00019255517534775714,0.008550192961264845,0.013588303968988821,1.0863199138951178,0.014170655571674424,2.9260725076612877e-06,0.0014702204406397675,0.00021462053402432032,0.9115012998380845,0.013633702483145027,9,down_proj,model.layers.9.mlp.down_proj,calibration
absmax,20.0598201751709,0.15795133996197558,0.005881323101451991,4.8149220984123854e-08,0.6971410148160931,3.8519376787299083e-07,1.4172323765203626e-05,0,0.0009809761291354796,0.02475650106217473,0.0681282878663954,0.5265302819593298,0.014398954675908576,0.0009830570294848315,0.024786379024129713,0.06827280532590471,0.5201297998551987,0.014398954675908576,0.000985984443977785,0.024823711194121176,0.06847611275750953,1.0792299019751836,0.014398954675908576,2.9581375186638647e-06,0.0014704852919882306,0.00019576175458979812,1.00590745731632,0.015110906238362988,9,down_proj,model.layers.9.mlp.down_proj,validation
percentile_99,0.6428081393241882,0.005061481412001482,0.005881323101451991,0.010134321641033306,0.05073999213626923,0.0,1.3884381461211429e-05,0,0.0031649767267461154,0.040374255729182046,0.21980600661529653,2.562043671786471,0.014398954675908576,0.003167147279643036,0.040384789128509235,0.21995675039814575,2.559767758922594,0.014398954675908576,0.0031699978750081978,0.04041088641466191,0.22015472278081674,2.5613233235410853,0.014398954675908576,2.8812979633375957e-06,0.0014699099344588815,0.0003310198145656231,0.002947438074038633,0.008704306620189929,9,down_proj,model.layers.9.mlp.down_proj,validation
percentile_99.5,0.8960641622543335,0.007055623324837271,0.005881323101451991,0.005074217690717139,0.0671945008967311,0.0,1.4020778688525066e-05,0,0.002101053022808867,0.03257150474120727,0.1459170523207644,2.075855294003709,0.014398954675908576,0.002103140360838537,0.03258816544712243,0.1460620168738623,2.079289427775421,0.014398954675908576,0.0021060320987457536,0.03262217179935056,0.1462628465849284,2.077054488824679,0.014398954675908576,2.883050612737666e-06,0.001470488815720811,0.0002876930250593826,0.002945540382555345,0.010021273933014456,9,down_proj,model.layers.9.mlp.down_proj,validation
percentile_99.9,1.6563073086740587,0.013041789832079202,0.005881323101451991,0.0010123614458016962,0.11220114861892626,0.0,1.488281993955293e-05,0,0.0008271360556266062,0.019007243245392613,0.05744417384760007,1.4496890437609695,0.014398954675908576,0.0008291385667659329,0.019049337463103458,0.05758324721677159,1.4499968593090184,0.014398954675908576,0.0008320227867180383,0.019121799325090498,0.05778355480972007,1.4471865636520915,0.014398954675908576,2.882756199204479e-06,0.0014703702539274424,0.0002353682794851698,0.0029484654943983113,0.012247853472481694,9,down_proj,model.layers.9.mlp.down_proj,validation
percentile_99.95,2.080911850333564,0.01638513267979184,0.005881323101451991,0.0005056751560805148,0.13541474270404485,4.8149220984123854e-08,1.4249555250400268e-05,0,0.0005566322879349223,0.014750842497267654,0.03865782624250108,1.2643683630908553,0.014398954675908576,0.0005586492146827941,0.014813660430490304,0.03879790076827527,1.2551674555614603,0.014398954675908576,0.0005615405330490838,0.014915006685945524,0.03899870134243967,1.2566395575061655,0.014398954675908576,2.887031082034035e-06,0.0014707542604845197,0.0002242771621052455,0.24717033655203835,0.012872603946536701,9,down_proj,model.layers.9.mlp.down_proj,validation
percentile_99.99,3.339218971514299,0.026293062767829126,0.005881323101451991,0.00010291294120094172,0.19858969246514765,2.407461049206193e-07,1.358109952561409e-05,0,0.0002395545800072073,0.008890086743239472,0.01663694243082902,1.0526726547025553,0.014398954675908576,0.0002416450497134281,0.008991631719782352,0.016782124477253434,1.042296144958272,0.014398954675908576,0.0002446205252227676,0.009137882964085513,0.016988769721738985,1.0792299019751836,0.014398954675908576,2.913967293463154e-06,0.0014703551777177724,0.00021175269094374073,0.8011056716294251,0.01376118187908813,9,down_proj,model.layers.9.mlp.down_proj,validation
activation_mse_search_64_rows,3.339218971514299,0.026293062767829126,0.005881323101451991,0.00010291294120094172,0.19858969246514765,2.407461049206193e-07,1.358109952561409e-05,0,0.0002395545800072073,0.008890086743239472,0.01663694243082902,1.0526726547025553,0.014398954675908576,0.0002416450497134281,0.008991631719782352,0.016782124477253434,1.042296144958272,0.014398954675908576,0.0002446205252227676,0.009137882964085513,0.016988769721738985,1.0792299019751836,0.014398954675908576,2.913967293463154e-06,0.0014703551777177724,0.00021175269094374073,0.8011056716294251,0.01376118187908813,9,down_proj,model.layers.9.mlp.down_proj,validation
