s_X,s_10,int10_clip_rate,ideal_int10_clip_rate,activation_int8_clip_rate,activation_zero_rate,valid_tokens,output_elements,input_only_mse,input_only_mae,input_only_nmse,input_only_max_absolute_error,input_only_reference_energy,weight_only_mse,weight_only_mae,weight_only_nmse,weight_only_max_absolute_error,weight_only_reference_energy,int8_pair_mse,int8_pair_mae,int8_pair_nmse,int8_pair_max_absolute_error,int8_pair_reference_energy,ideal_int10_mse,ideal_int10_mae,ideal_int10_nmse,ideal_int10_max_absolute_error,ideal_int10_reference_energy,actual_requant_mse,actual_requant_mae,actual_requant_nmse,actual_requant_max_absolute_error,actual_requant_reference_energy,final_local_total_mse,final_local_total_mae,final_local_total_nmse,final_local_total_max_absolute_error,final_local_total_reference_energy,ideal_requantization_only_mse,ideal_requantization_only_mae,ideal_requantization_only_nmse,ideal_requantization_only_max_absolute_error,ideal_requantization_only_reference_energy,requantization_only_mse,requantization_only_mae,requantization_only_nmse,requantization_only_max_absolute_error,requantization_only_reference_energy,layer,module,module_name,split,stored_local_total_mse,stored_mse_relative_difference
1.870993546613558,0.028220451285919337,3.638459388971684e-06,3.638459388971684e-06,0.0,0.8815282058793851,34221,70084608,0.09394317187133427,0.22808375824643437,0.03932986727198409,5.867819848329045,2.3885962091271273,0.00023279672946535134,0.011265722309399765,9.746173445968209e-05,0.41202465332286753,2.3885962091271273,0.0941332595791665,0.22835076891625272,0.039409448620688355,5.804390671551021,2.3885962091271273,0.09427628209652464,0.22845847175718131,0.03946932584766026,18.029615970962304,2.3885962091271273,1.414619783184347e-07,5.012746851040526e-06,6.562059405796937e-08,0.02822045128591988,2.155755831674838,0.09427629373636412,0.2284585142117458,0.03946933072074824,18.029615970962304,2.3885962091271273,9.828614729405284e-05,0.007062492636331655,4.5588357247254814e-05,14.392430155818861,2.155948431328293,9.828622933047615e-05,0.007062495543316459,4.558839529845405e-05,14.392430155818861,2.155948431328293,0,down_proj,model.layers.0.mlp.down_proj,calibration,0.09427629373636423,1.2212453270876722e-15
1.870993546613558,0.028220451285919337,6.981637042697959e-06,6.981637042697959e-06,0.0,0.8820337104251923,10141,20768768,0.09316445129290521,0.22699386040486735,0.03902123337710743,5.903328587079358,2.387532203109755,0.0002331852664697267,0.011260949254847373,9.766790419245589e-05,0.41348549303362425,2.387532203109755,0.09335245064567148,0.22725952470812272,0.03909997549942159,5.882386487023453,2.387532203109755,0.09355174906409842,0.22737396264255164,0.039183450150849265,11.425936297637868,2.387532203109755,1.411506854111261e-07,5.001716095218989e-06,6.54562594302625e-08,0.02822045128591988,2.156412337639136,0.09355180737408884,0.22737403231368297,0.039183474573552486,11.425936297637868,2.387532203109755,0.0001191984502527986,0.007068120107225219,5.5265947655004e-05,7.504892974266827,2.1568154588950743,0.00011919853048129548,0.007068122950145627,5.526598485266805e-05,7.504892974266827,2.1568154588950743,0,down_proj,model.layers.0.mlp.down_proj,validation,0.09355180737408884,0.0
0.693679328978531,0.1,0.0,0.0,0.0,0.12185006442498758,34221,560676864,0.0037908098562535546,0.04872729731432207,0.00042917283872757336,0.440228449466014,8.832827975537036,9.453484979846573e-05,0.0075543502147720565,1.0702670770933701e-05,0.22247092199416274,8.832827975537036,0.003885717080819322,0.04933499431978836,0.00043991766754441635,0.43055493496610264,8.832827975537036,0.004719059247682793,0.05462027942735384,0.0005342636877738893,0.47005852040367735,8.832827975537036,1.0699567585510377e-06,1.0699567585510342e-05,1.2107279845875095e-07,0.10000000000000142,8.837300964143221,0.004719055543117015,0.05462024762074116,0.0005342632683650896,0.47005852040367735,8.832827975537036,0.000833331254556976,0.025000044518881222,9.430599894774906e-05,0.04999999633695085,8.836460711462156,0.0008333315276308641,0.02500004724962011,9.430602985083311e-05,0.05012784013764637,8.836460711462156,0,gate_proj,model.layers.0.mlp.gate_proj,calibration,0.004719055543117003,2.4424906541753444e-15
0.693679328978531,0.1,0.0,0.0,0.0,0.1218683265179716,10141,166150144,0.003792731690981173,0.04873702477980369,0.00042540475486596373,0.4143416216252027,8.915583682594674,9.463701211665109e-05,0.007558488469819915,1.0614785917090869e-05,0.2053388122988986,8.915583682594674,0.003887747631199762,0.04934459427741644,0.0004360620425547196,0.42285580323390426,8.915583682594674,0.0047213858176105615,0.05463068137866266,0.0005295655321847096,0.45984289943910417,8.915583682594674,1.073547068367271e-06,1.0735470683672728e-05,1.2034448057895663e-07,0.10000000000000142,8.920617407650274,0.004721383229756936,0.05463065800537606,0.0005295652419228808,0.45984289943910417,8.915583682594674,0.0008333943772637375,0.02500163649734427,9.343233686609074e-05,0.04999995892285369,8.919763812160413,0.0008333946517212386,0.02500163924191924,9.343236763568362e-05,0.05011820153787738,8.919763812160413,0,gate_proj,model.layers.0.mlp.gate_proj,validation,0.004721383229756936,0.0
0.693679328978531,0.1114146830459375,1.1958759903458402e-05,1.1958759903458402e-05,0.0,0.12185006442498758,34221,560676864,0.004707480489800488,0.05397305364866776,0.00094921265654388,1.0565118981624266,4.959352846116283,0.00011620284894449135,0.008237717354513924,2.3431050895176965e-05,0.1533055947225811,4.959352846116283,0.004824094859827121,0.05462707851710736,0.0009727266862257878,1.0723178420021213,4.959352846116283,0.006658009918397002,0.06066804940269014,0.0013425158735400234,57.179117569385745,4.959352846116283,7.363451146887752e-07,6.609049135697686e-06,1.4857076686086247e-07,0.11141468304594326,4.956191115163103,0.006658017866415387,0.0606681154542341,0.0013425174761721875,57.179117569385745,4.959352846116283,0.0018362310559847223,0.027924253760121337,0.0003699020377515611,56.932903036474066,4.964100947229704,0.0018362312675103741,0.027924255658665083,0.0003699020803626309,56.932903036474066,4.964100947229704,0,up_proj,model.layers.0.mlp.up_proj,calibration,0.006658017866415387,0.0
0.693679328978531,0.1114146830459375,1.1236824447169904e-05,1.1236824447169904e-05,0.0,0.1218683265179716,10141,166150144,0.004706555916737165,0.05396597013531264,0.0009501222260014483,1.127166569289642,4.953632056945471,0.0001163370109415609,0.008242849053411022,2.3485194217936543e-05,0.13353185258236677,4.953632056945471,0.004823174836258295,0.05462132570014449,0.0009736643296903202,1.1274422678182816,4.953632056945471,0.006862768629309586,0.060668738227708185,0.0013854013682116984,50.05603537372807,4.953632056945471,7.323912361906621e-07,6.573561187520388e-06,1.4795580144956837e-07,0.11141468304594326,4.9500677162720255,0.006862773164887752,0.06066877019099257,0.0013854022838182905,50.05603537372807,4.953632056945471,0.0020414199474222522,0.02792730649069763,0.0004117012158846049,50.029298094101044,4.958498708914279,0.0020414201605310632,0.02792730840345098,0.0004117012588630997,50.029298094101044,4.958498708914279,0,up_proj,model.layers.0.mlp.up_proj,validation,0.0068627731648877605,1.2212453270876722e-15
0.1963493016761119,0.03024389738466232,1.6094832120627685e-05,1.6094832120627685e-05,0.0,0.08060301913938078,34221,8760576,0.0009282256930116992,0.02336528708409202,0.0004213661030942014,0.17340494148691787,2.2028959761962232,0.00012084595943560042,0.008308368328827444,5.4857769382405035e-05,0.059996009925798566,2.2028959761962232,0.0010522531000306643,0.024854691468588975,0.00047766808392269485,0.1794790051734284,2.2028959761962232,0.001132319349113108,0.02598285851113412,0.000514013989470489,1.7167050716951593,2.2028959761962232,5.742559975025512e-08,1.8987499864808286e-06,2.6067688220508774e-08,0.030243897384663043,2.202941790023232,0.0011323318277515304,0.025982983018913653,0.0005140196541221826,1.7167050716951593,2.2028959761962232,7.973634055388825e-05,0.007546745722949117,3.61963953490154e-05,1.686937387455611,2.2028806953026394,7.97363624757559e-05,0.007546746447785181,3.6196405300470184e-05,1.686937387455611,2.2028806953026394,0,k_proj,model.layers.0.self_attn.k_proj,calibration,0.0011323318277515304,0.0
0.1963493016761119,0.03024389738466232,2.0800463465141506e-05,2.0800463465141506e-05,0.0,0.08046630401957401,10141,2596096,0.0009280974986362887,0.023348039947022253,0.0004224288780221161,0.17250438829055736,2.197050312899533,0.00012091687577627066,0.008313744490492757,5.503600671606466e-05,0.0573721066551931,2.197050312899533,0.0010524223497023427,0.02484293660256498,0.00047901604415850636,0.1794790051734284,2.197050312899533,0.0011413245312568326,0.026002127548362397,0.0005194803799238362,1.296564330521722,2.197050312899533,8.702653995324271e-08,2.8774909148242535e-06,3.961578378363792e-08,0.0302438973846626,2.196764310622736,0.0011413634786500068,0.026002481190168583,0.0005194981070523164,1.296564330521722,2.197050312899533,8.68318719596578e-05,0.007557339026963327,3.952474917691536e-05,1.2887052154339216,2.1968987474403106,8.683192809248363e-05,0.0075573408829683626,3.9524774727854334e-05,1.2887052154339216,2.1968987474403106,0,k_proj,model.layers.0.self_attn.k_proj,validation,0.001141363478650007,2.220446049250313e-16
0.19018647802157665,0.06724393067947003,3.3816269615148595e-06,3.3816269615148595e-06,0.0,0.06563730798066246,34221,70084608,0.0005507923836732517,0.017955033163509982,5.4448591979382226e-05,0.3583748319260298,10.115824186634937,6.506321084748805e-05,0.0060003265918702675,6.431824994887693e-06,0.13095195306294016,10.115824186634937,0.0006158034234186199,0.018974760976238833,6.087525959893822e-05,0.34989940540642994,10.115824186634937,0.0010433610211841372,0.024962986091480226,0.00010314147438056797,14.584913765349356,10.115824186634937,7.775111421837294e-07,1.1562547494284243e-05,7.685915337376487e-08,0.06724393067947076,10.116051349182898,0.0010433615713244793,0.02496298165075813,0.00010314152876470237,14.584913765349356,10.115824186634937,0.0004276688912089116,0.016817579677315567,4.2275050196411756e-05,14.659176888124478,10.11634259975903,0.0004276692890870629,0.016817585594253334,4.2275089526648686e-05,14.659176888124478,10.11634259975903,0,o_proj,model.layers.0.self_attn.o_proj,calibration,0.0010433615713244795,2.220446049250313e-16
0.19018647802157665,0.06724393067947003,1.0159485627650134e-05,1.0159485627650134e-05,0.0,0.06537498998496204,10141,20768768,0.0005476074717537298,0.017914127951808297,5.2876620354230184e-05,0.3583748319260298,10.356325122241302,6.566567440426956e-05,0.0060299592458827895,6.340634697074699e-06,0.11130319343475303,10.356325122241302,0.0006130133418321027,0.018939663370510486,5.919216851502583e-05,0.34989940540642994,10.356325122241302,0.001149881250776618,0.024953145858274305,0.00011103178368812762,16.09577098040082,10.356325122241302,7.800855920768392e-07,1.1600832732328715e-05,7.533135979529937e-08,0.06724393067947432,10.35538976326186,0.0011498851142133161,0.024953245562153076,0.00011103215673905567,16.09577098040082,10.356325122241302,0.0005360633874196657,0.01683670128791967,5.1758044110683396e-05,16.09650156108158,10.357102874160127,0.000536063786853445,0.01683670722799151,5.175808267685235e-05,16.09650156108158,10.357102874160127,0,o_proj,model.layers.0.self_attn.o_proj,validation,0.0011498851142133161,0.0
0.1963493016761119,0.07829076966195074,3.5956539843955467e-06,3.5956539843955467e-06,0.0,0.08060301913938078,34221,70084608,0.0004840555366761261,0.016359240983968463,0.0001550273787825344,0.17725152635520358,3.122387416194,8.277195335214045e-05,0.006288957460355536,2.6509187464326387e-05,0.14455379551012548,3.122387416194,0.0005658759318399195,0.017635955287060922,0.00018123181284457256,0.19912592805193974,3.122387416194,0.001093895348916424,0.026283947303329006,0.00035033940479103513,2.0493659329801943,3.122387416194,3.7038372164960594e-07,4.730873425422613e-06,1.1865181663944961e-07,0.07829076966195103,3.121601776861965,0.001093886224271613,0.026283857728076686,0.0003503364824615498,2.0493659329801943,3.122387416194,0.0005247487220842987,0.019557042041548775,0.000168092947228525,2.027318877562095,3.121777152082976,0.0005247488351034962,0.019557043485131424,0.00016809298343200527,2.027318877562095,3.121777152082976,0,q_proj,model.layers.0.self_attn.q_proj,calibration,0.0010938862242716137,5.551115123125783e-16
0.1963493016761119,0.07829076966195074,3.033400921999803e-06,3.033400921999803e-06,0.0,0.08046630401957401,10141,20768768,0.00048393492072478287,0.01635568581277914,0.0001554382318973546,0.17725152635520358,3.1133583727609224,8.244920495750711e-05,0.006277708845521613,2.6482401023558126e-05,0.125127212002889,3.1133583727609224,0.0005654628227523733,0.017632629012771187,0.00018162471358892154,0.1943321541855103,3.1133583727609224,0.0010913753700105323,0.026278993516496808,0.00035054601473414763,2.0493659329801943,3.1133583727609224,3.4323384451042576e-07,4.3840908192940804e-06,1.1027232453233287e-07,0.07829076966195103,3.1126018787224026,0.0010913645235569355,0.026278892278952342,0.000350542530890562,2.0493659329801943,3.1133583727609224,0.0005220942336982682,0.019548687290909368,0.00016773121468216688,2.027318877562095,3.112683794054566,0.0005220943395145769,0.019548688642490264,0.00016773124867736707,2.027318877562095,3.112683794054566,0,q_proj,model.layers.0.self_attn.q_proj,validation,0.0010913645235569353,2.220446049250313e-16
0.1963493016761119,0.03317802587696017,0.00017396116419742262,0.00017396116419742262,0.0,0.08060301913938078,34221,8760576,0.0018041317449169175,0.033349086862091926,0.00032921910369908036,0.22955350266176006,5.4800335844604176,0.00045573106370256776,0.016219261898901285,8.316209320228839e-05,0.13995441942970632,5.4800335844604176,0.0022650933188859378,0.03739011793874313,0.0004133356637282299,0.2839387263165447,5.4800335844604176,0.0048146046280204404,0.038666129949658075,0.0008785721024909563,7.252790990061804,5.4800335844604176,2.9704065488183235e-07,8.952933365698102e-06,5.438713777122229e-08,0.033178025876960504,5.461597485260653,0.004814671854239268,0.038667250639668874,0.0008785843699739545,7.252790990061804,5.4800335844604176,0.0025483239218057775,0.00874792615266923,0.0004651513179520279,7.232809641177315,5.478483717998606,0.0025483241047135506,0.008747931665588356,0.00046515135133859664,7.232809641177315,5.478483717998606,0,v_proj,model.layers.0.self_attn.v_proj,calibration,0.004814671854239272,6.661338147750939e-16
0.1963493016761119,0.03317802587696017,0.00017988548959668672,0.00017988548959668672,0.0,0.08046630401957401,10141,2596096,0.0017972256461601995,0.03331051974710036,0.00032699243230926387,0.22955350266176006,5.496230091528278,0.00045390305401496695,0.016189205968839833,8.258443450440683e-05,0.13995441942970632,5.496230091528278,0.002257554903744031,0.0373380272140088,0.0004107460688779675,0.2839387263165447,5.496230091528278,0.004547083361400962,0.03855777721539118,0.0008273094986342908,7.252790990061804,5.496230091528278,3.188586298894057e-07,9.610536536196696e-06,5.8194605182235336e-08,0.033178025876960504,5.479178506167467,0.004547170370310381,0.03855926148917399,0.0008273253292869329,7.252790990061804,5.496230091528278,0.0022905810723253257,0.008709797401358995,0.0004168723663664666,7.232809641177315,5.494681962948122,0.0022905812560669956,0.008709802939412117,0.0004168723998063766,7.232809641177315,5.494681962948122,0,v_proj,model.layers.0.self_attn.v_proj,validation,0.004547170370310391,2.3314683517128287e-15
0.6534489909494956,0.00936830448450864,4.737131439759212e-06,4.737131439759212e-06,0.0,0.8915688342010845,34221,70084608,0.016522807670643673,0.09944153378389851,0.03969237748348632,2.001339803894341,0.41627155434359775,7.275542653872278e-05,0.006292372498530487,0.00017477876107448165,0.16690181662595727,0.41627155434359775,0.016608365599239228,0.09970190976070724,0.03989791141368837,1.9945406645137027,0.41627155434359775,0.01662348056821187,0.09972922272605,0.03993422177123004,5.464604987546587,0.41627155434359775,3.730774552694551e-08,3.9823369947718225e-06,1.0112356226390383e-07,0.009368304484508982,0.36893227148765656,0.016623543112751316,0.09972932011732673,0.03993437202060162,5.464604987546587,0.41627155434359775,1.2402842684572618e-05,0.002344606680309557,3.361587256074764e-05,4.787203591583915,0.3689579279002589,1.2402881020774272e-05,0.0023446107724269414,3.361597646473981e-05,4.787203591583915,0.3689579279002589,1,down_proj,model.layers.1.mlp.down_proj,calibration,0.016623543112751313,2.220446049250313e-16
0.6534489909494956,0.00936830448450864,7.944621462380437e-06,7.944621462380437e-06,6.018652623015482e-09,0.8920540628601562,10141,20768768,0.016452517120717235,0.09920414454981875,0.03968695960074187,1.9680058080170564,0.4145572572510616,7.267110514422545e-05,0.006273831406848974,0.00017529811352503912,0.13905601651804878,0.4145572572510616,0.016538165866857094,0.09946280229829833,0.03989356253590165,1.963774510555144,0.4145572572510616,0.016558010258389835,0.0994923818813272,0.03994143141573825,3.633865885939641,0.4145572572510616,3.763095013547784e-08,4.0168367923677214e-06,1.0249318258444301e-07,0.009368304484508982,0.3671556408590797,0.016558035649335327,0.09949235477378374,0.039941492664082236,3.633865885939641,0.4145572572510616,1.5215819955718646e-05,0.002347112147144742,4.143656585043207e-05,3.1189681999893484,0.367207553122069,1.5215858564406441e-05,0.0023471162683480875,4.143667099175465e-05,3.1189681999893484,0.367207553122069,1,down_proj,model.layers.1.mlp.down_proj,validation,0.016558035649335324,2.220446049250313e-16
0.6731993307278851,0.1,0.0,0.0,0.0,0.13521180000036528,34221,560676864,0.0024127992003872547,0.03882656436993895,0.0005990774606840751,0.3688419852659548,4.02752458360247,5.1416162774677225e-05,0.005527814162437681,1.2766194645716448e-05,0.08540644600731095,4.02752458360247,0.002464452851417352,0.03924150448016005,0.0006119026216378775,0.39139295927114715,4.02752458360247,0.0032976909373584455,0.045776710493454095,0.000818788530996075,0.3962458131217379,4.02752458360247,1.1530170790139795e-06,1.153017079013982e-05,2.860168486409907e-07,0.10000000000000142,4.031290759591755,0.0032976995380396786,0.045776775953226094,0.000818790666471863,0.3962458131217379,4.02752458360247,0.0008333282776501021,0.025000211608886245,0.0002067576125129152,0.04999999960838586,4.030459955122803,0.0008333284631368142,0.02500021346375332,0.0002067576585341421,0.05008595770242774,4.030459955122803,1,gate_proj,model.layers.1.mlp.gate_proj,calibration,0.0032976995380396747,1.1102230246251565e-15
0.6731993307278851,0.1,0.0,0.0,0.0,0.13578927743812247,10141,166150144,0.0024133813299003276,0.038831556728247424,0.0005934481201064509,0.3754786788951182,4.066709874264025,5.1571418332972936e-05,0.005534237167902588,1.2681361574215102e-05,0.08033882915608759,4.066709874264025,0.002465213884340525,0.03924834462862594,0.0006061936947952719,0.3735268667825775,4.066709874264025,0.003298510836980264,0.045782656775144655,0.0008111006044111306,0.3930021663843697,4.066709874264025,1.148720039628737e-06,1.1487200396287348e-05,2.822414932723302e-07,0.10000000000000142,4.069989944817773,0.003298513932253288,0.045782664133242675,0.0008111013655357546,0.3930021663843697,4.066709874264025,0.0008333010122629542,0.024999626310138565,0.00020478414609072075,0.04999999960838586,4.069167599984993,0.000833301198473759,0.024999628172246616,0.00020478419185212038,0.05009935227710649,4.069167599984993,1,gate_proj,model.layers.1.mlp.gate_proj,validation,0.003298513932253287,2.220446049250313e-16
0.6731993307278851,0.042277841788850606,1.4803535749247537e-06,1.4803535749247537e-06,0.0,0.13521180000036528,34221,560676864,0.004140281933243542,0.05087482460717808,0.0026674750655816706,0.5511350377594173,1.5521351958132403,6.521752893275591e-05,0.006268498266745997,4.201794348113163e-05,0.1427719115675552,1.5521351958132403,0.004205808116994826,0.05127631958588609,0.002709691867267526,0.5505920553394852,1.5521351958132403,0.004355897934271999,0.052213101618708055,0.002806390800248382,5.418172214842169,1.5521351958132403,1.4477805520749357e-07,3.4244429015691734e-06,9.301448352125279e-08,0.0422778417888523,1.5565108757972448,0.004355901492222415,0.05221312684130849,0.0028063930925425235,5.418172214842169,1.5521351958132403,0.00015021881798340736,0.010570529529230642,9.651648826453679e-05,5.381996002950682,1.5564057570316976,0.00015021887847685368,0.010570530960085282,9.651652713193757e-05,5.381996002950682,1.5564057570316976,1,up_proj,model.layers.1.mlp.up_proj,calibration,0.004355901492222407,1.9984014443252818e-15
0.6731993307278851,0.042277841788850606,1.8778196183808303e-06,1.8778196183808303e-06,0.0,0.13578927743812247,10141,166150144,0.004141843664097523,0.05088476698194714,0.002662641988076399,0.4992177865348432,1.555539078345925,6.544077257684722e-05,0.0062774762095887246,4.206951370609947e-05,0.12809563765332577,1.555539078345925,0.0042076521099981236,0.05128853004524184,0.0027049478657085943,0.5183647024693339,1.555539078345925,0.004359400606216065,0.052226190515953536,0.002802501503756249,5.321769773131049,1.555539078345925,1.4659702344564114e-07,3.4674670523106376e-06,9.398209140713279e-08,0.0422778417888523,1.5598399785612254,0.004359412912594524,0.05222628125535685,0.002802509415083345,5.321769773131049,1.555539078345925,0.00015175434309889547,0.010571461224709418,9.729348915387205e-05,5.272727002901046,1.5597584629624315,0.00015175440393408793,0.010571462663647401,9.729352815682918e-05,5.272727002901046,1.5597584629624315,1,up_proj,model.layers.1.mlp.up_proj,validation,0.004359412912594522,6.661338147750939e-16
0.410057878869725,0.03681590083769439,2.6368129218900675e-05,2.6368129218900675e-05,0.0,0.11024462033090061,34221,8760576,0.0016040167132778964,0.03115300255523936,0.0006254564127398218,0.2840834503833367,2.5645539490937113,5.307643948035696e-05,0.005619269444735346,2.0696168040884328e-05,0.0778796604174321,2.5645539490937113,0.0016577490940798605,0.031674854562517896,0.0006464083528699768,0.2961431322868666,2.5645539490937113,0.0017819487261649008,0.03287543838190073,0.0006948376838766151,2.1027594370127325,2.5645539490937113,2.0886802974630658e-07,5.673310308692882e-06,8.137499900991552e-08,0.036815900837694926,2.5667346517676277,0.001781928341067374,0.032875332297785935,0.0006948297350878855,2.1027594370127325,2.5645539490937113,0.00012492292839606672,0.009215819814470009,4.866207600550217e-05,2.090325036451315,2.567151643549729,0.00012492309714447262,0.00921582439804401,4.866214173921381e-05,2.090325036451315,2.567151643549729,1,k_proj,model.layers.1.self_attn.k_proj,calibration,0.0017819283410673737,2.220446049250313e-16
0.410057878869725,0.03681590083769439,3.158588896558525e-05,3.158588896558525e-05,0.0,0.11062928720663642,10141,2596096,0.0016067142676807547,0.031177173500465945,0.0006250000513137082,0.2732857972348235,2.5707426172262693,5.2955475629626935e-05,0.005610354007063149,2.059929114442574e-05,0.06789734586655172,2.5707426172262693,0.0016589570580914056,0.031684493156084424,0.0006453221131415153,0.29002284553437185,2.5707426172262693,0.0017879398054867035,0.032897272373570985,0.0006954954547008758,1.650798357589185,2.5707426172262693,1.9683007833419337e-07,5.34633334661383e-06,7.649823148415817e-08,0.036815900837694926,2.573001682724579,0.0017879109529862266,0.03289707927058683,0.0006954842312900669,1.650798357589185,2.5707426172262693,0.0001297533302501742,0.009223640473312976,5.0418357603380804e-05,1.692853086282554,2.5735334591992656,0.00012975353574745392,0.009223646055066379,5.041843745362677e-05,1.692853086282554,2.5735334591992656,1,k_proj,model.layers.1.self_attn.k_proj,validation,0.0017879109529862262,2.220446049250313e-16
0.13748164439764549,0.017179812327030135,1.0844035825954823e-05,1.0844035825954823e-05,0.0,0.0873630769255355,34221,70084608,0.00023468185363487574,0.011750116207861915,0.0005751067867420832,0.14776153798115013,0.40806656962669957,2.730349184705796e-05,0.00382472736914356,6.690940615898839e-05,0.06602232560964749,0.40806656962669957,0.00026188099185523144,0.012387198022088326,0.0006417604659328033,0.16232168401056035,0.40806656962669957,0.00029301085286616394,0.013070237654427634,0.000718046697954726,3.81396648484251,0.40806656962669957,4.7587471032003726e-08,2.7699645447890708e-06,1.1661678711930568e-07,0.01717981232703103,0.4080670734250208,0.0002930107880278961,0.013070238537386397,0.0007180465390633277,3.81396648484251,0.40806656962669957,3.109180743337459e-05,0.004300599275144819,7.617666525571735e-05,3.745199087292571,0.40815395802641846,3.109182665759012e-05,0.0043006003941451374,7.617671235611943e-05,3.745199087292571,0.40815395802641846,1,o_proj,model.layers.1.self_attn.o_proj,calibration,0.00029301078802789604,2.220446049250313e-16
0.13748164439764549,0.017179812327030135,1.401142330638004e-05,1.401142330638004e-05,0.0,0.08661038536325313,10141,20768768,0.00023463128055552064,0.011750213957170593,0.0005739482100912696,0.1578180493743786,0.40880218185227796,2.743137601535261e-05,0.0038325454722889832,6.710183368166325e-05,0.07652309327503515,0.40880218185227796,0.0002619253060387734,0.012389895125205028,0.0006407140608985816,0.1521158755301566,0.40880218185227796,0.0002970209643728628,0.013077236781071545,0.0007265640389370337,4.058001685104275,0.40880218185227796,4.709541189808708e-08,2.741322838782631e-06,1.1521562913456723e-07,0.01717981232703103,0.4087588832508264,0.0002970202450243421,0.013077236368710228,0.0007265622792876174,4.058001685104275,0.40880218185227796,3.50503618159169e-05,0.0043032234296570895,8.572084689673548e-05,4.072500473409592,0.40888958852845547,3.505038078813129e-05,0.004303224533988969,8.572089329609347e-05,4.072500473409592,0.40888958852845547,1,o_proj,model.layers.1.self_attn.o_proj,validation,0.00029702024502434196,4.440892098500626e-16
0.410057878869725,0.027982859175556003,4.0879161370211274e-05,4.0879161370211274e-05,0.0,0.11024462033090061,34221,70084608,0.0018820846945055327,0.03315286894646621,0.0008821192607233952,0.34733280730864224,2.133594376980388,5.5652315398941815e-05,0.0056166627501551755,2.608383111587727e-05,0.06783144643301875,2.133594376980388,0.0019377311971690953,0.033639580929424026,0.0009082003674529309,0.3602545789217553,2.133594376980388,0.002009876921447524,0.034334321098226185,0.0009420145380641857,1.5669118068013486,2.133594376980388,1.4183853286269488e-07,5.068764845394917e-06,6.643683316956561e-08,0.027982859175557095,2.134938197621232,0.0020098726868786653,0.03433429299975078,0.0009420125533528906,1.5669118068013486,2.133594376980388,7.246863295856266e-05,0.007008276431536497,3.393911388023017e-05,1.588804559856566,2.135254126383549,7.246871265914427e-05,0.007008279279729428,3.393915120627049e-05,1.588804559856566,2.135254126383549,1,q_proj,model.layers.1.self_attn.q_proj,calibration,0.0020098726868786657,2.220446049250313e-16
0.410057878869725,0.027982859175556003,5.0701129696282415e-05,5.0701129696282415e-05,0.0,0.11062928720663642,10141,20768768,0.0018835201526044773,0.033168860610099916,0.0008832583751221469,0.4072842369571461,2.1324679229268595,5.5456755333459345e-05,0.005609035940135675,2.6005903646767978e-05,0.06227254978543195,2.1324679229268595,0.00193919552447162,0.03365466495863435,0.0009093667968566821,0.3887890940053469,2.1324679229268595,0.002012807804231435,0.03435124480742321,0.0009438865563186581,1.6316791636506114,2.1324679229268595,1.362201644700207e-07,4.867985920074018e-06,6.384375801392667e-08,0.027982859175557095,2.1336489064491797,0.002012815154683037,0.03435125305103288,0.000943890003241129,1.6316791636506114,2.1324679229268595,7.398658631672169e-05,0.007011128727691064,3.4669436171798186e-05,1.6365297257360645,2.1340579624685674,7.398666222486101e-05,0.007011131440356656,3.466947174165648e-05,1.6365297257360645,2.1340579624685674,1,q_proj,model.layers.1.self_attn.q_proj,validation,0.0020128151546830366,2.220446049250313e-16
0.410057878869725,0.02420471984613091,0.00012921524794716694,0.00012921524794716694,0.0,0.11024462033090061,34221,8760576,0.005643032752371272,0.05985034897358596,0.0015286665076089578,0.4326343071991139,3.6914740555137446,0.00016988909269210903,0.010205413405726806,4.602201996743154e-05,0.08286067789766727,3.6914740555137446,0.005811543496034301,0.060756965156596655,0.0015743151404122506,0.44166348115311327,3.6914740555137446,0.006261848052391595,0.0612045957753655,0.001696300165793832,5.220885656332319,3.6914740555137446,1.8531218843384877e-07,7.656035253119057e-06,5.0134758677927975e-08,0.02420471984613215,3.69628164811399,0.006261831394900369,0.06120457148882461,0.0016962956533711588,5.220885656332319,3.6914740555137446,0.000441421748697229,0.0062468696422339825,0.00011925561120536104,5.2766289264565405,3.7014757145229007,0.0004414219007204338,0.006246875922959628,0.00011925565227633286,5.2766289264565405,3.7014757145229007,1,v_proj,model.layers.1.self_attn.v_proj,calibration,0.006261831394900372,4.440892098500626e-16
0.410057878869725,0.02420471984613091,0.00014984037570259343,0.00014984037570259343,0.0,0.11062928720663642,10141,2596096,0.005645311674654581,0.05985363155534118,0.0015318150185359989,0.39530113442088843,3.685374282366009,0.0001690810378739335,0.010177392347490216,4.58789324826415e-05,0.08069405214457959,3.685374282366009,0.005815156779296696,0.06076524832205861,0.0015779012750811751,0.41802733141970716,3.685374282366009,0.006317560609081356,0.06124122374925377,0.001714224967409683,4.3202224446832584,3.685374282366009,1.8618012655714142e-07,7.691893471219092e-06,5.046225012664793e-08,0.02420471984613215,3.6894931575558907,0.006317522494534967,0.06124107862386891,0.001714214625299637,4.3202224446832584,3.685374282366009,0.0004985553712852555,0.006277455584887115,0.00013490901877391624,4.352736351937557,3.6954932725494545,0.0004985555221811225,0.006277461819037645,0.00013490905960631826,4.352736351937557,3.6954932725494545,1,v_proj,model.layers.1.self_attn.v_proj,validation,0.006317522494534968,2.220446049250313e-16
0.19859527227446788,0.0047048408855794675,6.135441322579703e-07,6.135441322579703e-07,0.0,0.7679790208001164,34221,70084608,0.0014752867530918089,0.030497084586402882,0.09784762514234097,0.47710414153702796,0.015077389471085055,2.2535570155937234e-06,0.0011522663322198461,0.0001494659947542991,0.03794580223772781,0.015077389471085055,0.0014779061778912046,0.030523445814454306,0.09802135712720605,0.47310680173522934,0.015077389471085055,0.0014797947448411067,0.03054291495741555,0.09814661534604587,1.0211473332362897,0.015077389471085055,2.1518184223771216e-09,4.57362634509605e-07,1.365969673022249e-07,0.004704840885579653,0.015753046827285403,0.0014797942038638284,0.030542910501035653,0.09814657946600977,1.0211473332362897,0.015077389471085055,1.908640012123627e-06,0.0011762552908916196,0.00012116889703071197,1.025655313056324,0.015751897218638997,1.9086407260137215e-06,0.0011762554426268446,0.00012116894235160791,1.025655313056324,0.015751897218638997,10,down_proj,model.layers.10.mlp.down_proj,calibration,0.0014797942038638275,6.661338147750939e-16
0.19859527227446788,0.0047048408855794675,9.148351986983533e-07,9.148351986983533e-07,0.0,0.7679599543410567,10141,20768768,0.0014755011920302122,0.030497984079431342,0.09759993150365535,0.4249733400242492,0.01511785069208733,2.260370350706002e-06,0.001153818484934692,0.00014951664735576983,0.03433189056840802,0.01511785069208733,0.001478075695144669,0.03052387356835439,0.09777022708117447,0.42766788935882977,0.01511785069208733,0.0014800521990446785,0.030543453132152336,0.09790096682323608,1.0157562655106576,0.01511785069208733,2.1369458773882715e-09,4.5420151910728793e-07,1.3543300673844268e-07,0.004704840885579653,0.01577861947283859,0.0014800511848408343,0.030543439156840997,0.09790089973672592,1.0157562655106576,0.01511785069208733,1.970913847434849e-06,0.0011764567076709303,0.0001249146518498291,1.012672271374639,0.015778083821618123,1.9709145599889855e-06,0.0011764568591222028,0.00012491469701083498,1.012672271374639,0.015778083821618123,10,down_proj,model.layers.10.mlp.down_proj,validation,0.0014800511848408352,5.551115123125783e-16
0.5594419344203678,0.1,0.0,0.0,0.0,0.12565823297463546,34221,560676864,0.0017830328114554282,0.033117604613417756,0.0020239666305867073,0.44596589138382037,0.8809595892095131,2.402553601835261e-05,0.003754907644890658,2.727200692589177e-05,0.10682590310536966,0.8809595892095131,0.0018072486593000874,0.03334143122753304,0.0020514546653856566,0.438269920807028,0.8809595892095131,0.002640593021766675,0.0409411669056194,0.0029974053907921984,0.44132139401666914,0.8809595892095131,3.8118212775050636e-07,3.811821277505044e-06,4.313353100348931e-07,0.10000000000000053,0.8837257671292212,0.00264059574954346,0.040941192945917575,0.0029974084871621323,0.44132139401666914,0.8809595892095131,0.0008333627919780876,0.0250007166675453,0.0009438964332659553,0.04999999768629426,0.8828964308028873,0.000833362832222264,0.02500071706998709,0.0009438964788479454,0.050058836659863104,0.8828964308028873,10,gate_proj,model.layers.10.mlp.gate_proj,calibration,0.0026405957495434567,1.3322676295501878e-15
0.5594419344203678,0.1,0.0,0.0,0.0,0.12576133548220098,10141,166150144,0.0017834238878646509,0.03312027594949783,0.002005240118140922,0.3981851270157537,0.889381711312499,2.4020547450861506e-05,0.003754373907050683,2.7008141887034473e-05,0.09622351253306927,0.889381711312499,0.0018076160240249998,0.03334431939109508,0.0020324411903606863,0.39944309260668565,0.889381711312499,0.00264112085893133,0.04094499487730348,0.002969614537085223,0.4024191960154484,0.889381711312499,3.894068247091017e-07,3.894068247091022e-06,4.364961003755428e-07,0.10000000000000053,0.8921198250661861,0.0026411283420510433,0.040945072787439835,0.0029696229509300525,0.4024191960154484,0.889381711312499,0.0008333349960504068,0.02500037715784181,0.0009349881803154106,0.04999999768629426,0.891278642441542,0.0008333350375380425,0.025000377572718183,0.0009349882268638565,0.050058836659863104,0.891278642441542,10,gate_proj,model.layers.10.mlp.gate_proj,validation,0.002641128342051044,3.3306690738754696e-16
0.5594419344203678,0.009464029980750407,9.484964230662458e-06,9.484964230662458e-06,0.0,0.12565823297463546,34221,560676864,0.0019792454442067405,0.03523424932184505,0.004876301715124542,0.35559158507207955,0.4058906851616318,2.4964965918032696e-05,0.0039038267064720592,6.15066243959042e-05,0.08504851662481872,0.4058906851616318,0.002004381145743002,0.035458658450226666,0.004938228983857628,0.3510815614475279,0.4058906851616318,0.002013497332965753,0.03552875012097712,0.004960688694208264,4.813424014403829,0.4058906851616318,2.6000992663227704e-08,2.7473489323378137e-06,6.374561707690242e-08,0.009464029980750688,0.40788675136457186,0.0020134949841104466,0.03552872851187258,0.004960682907292248,4.813424014403829,0.4058906851616318,9.170381781258968e-06,0.002368741375085058,2.2481540280290376e-05,4.826655290182707,0.4079071837127933,9.170399150167952e-06,0.0023687432103401216,2.2481582860832414e-05,4.826655290182707,0.4079071837127933,10,up_proj,model.layers.10.mlp.up_proj,calibration,0.002013494984110448,6.661338147750939e-16
0.5594419344203678,0.009464029980750407,1.0526623437654078e-05,1.0526623437654078e-05,0.0,0.12576133548220098,10141,166150144,0.001979798213881689,0.035237799163229895,0.004863672109611401,0.3592819871078081,0.40705832327168767,2.497909608489949e-05,0.0039045718907978256,6.136490683726273e-05,0.08333520885150358,0.40705832327168767,0.002004964544153701,0.035462028402770567,0.004925496985392691,0.36609110508117326,0.40705832327168767,0.0020142903309411354,0.03553221645067157,0.004948407183401858,3.2864287582240603,0.40705832327168767,2.6048242023711603e-08,2.752341452498889e-06,6.367584462176996e-08,0.009464029980750688,0.40907572060388564,0.0020142898885802383,0.03553221773586867,0.004948406096675777,3.2864287582240603,0.40705832327168767,9.429724382205745e-06,0.0023691787005654342,2.3049873215145956e-05,3.325695005806182,0.4091009219091721,9.429741766587807e-06,0.002369180537455434,2.3049915709262034e-05,3.325695005806182,0.4091009219091721,10,up_proj,model.layers.10.mlp.up_proj,validation,0.0020142898885802383,0.0
0.4139352032518762,0.03507830783016727,4.109318839309196e-06,4.109318839309196e-06,0.0,0.1435126811296426,34221,8760576,0.004299378810145093,0.0484791075873502,0.0013169635984733132,0.5739483271959174,3.264614766216118,7.924775720151359e-05,0.0062766584709443365,2.4274765286737472e-05,0.12378320039166635,3.264614766216118,0.004379119109058617,0.04890188467353797,0.0013413892366033362,0.5792128381808814,3.264614766216118,0.004483787775874104,0.049689740922487374,0.0013734508041422235,2.033438178753279,3.264614766216118,2.1827079122129346e-07,6.222386560892797e-06,6.673506417257428e-08,0.03507830783016885,3.2707062460725846,0.004483775578629501,0.04968979500898109,0.001373447067945007,2.033438178753279,3.264614766216118,0.00010384333428389276,0.008774710955041948,3.174999254088055e-05,1.9916683668017185,3.2706569663027953,0.00010384348907368086,0.00877471536773451,3.175003986769889e-05,1.9916683668017185,3.2706569663027953,10,k_proj,model.layers.10.self_attn.k_proj,calibration,0.004483775578629501,0.0
0.4139352032518762,0.03507830783016727,4.62232521447589e-06,4.62232521447589e-06,0.0,0.14352358310324426,10141,2596096,0.004293000762290735,0.04842669488746074,0.0012792237484161569,0.5202384624354597,3.355942045014424,8.062792804585022e-05,0.006340171261166839,2.4025423253548378e-05,0.12101089577109692,3.355942045014424,0.00437500717323645,0.048868101467112755,0.0013036599305211321,0.5252492911789943,3.355942045014424,0.004481497366340199,0.04965798974162519,0.0013353917636920744,1.7953402538764571,3.355942045014424,2.2324278354397373e-07,6.364126360507771e-06,6.640611249491276e-08,0.03507830783016885,3.3617806427243564,0.004481528572066145,0.049657966121559136,0.0013354010623407185,1.7953402538764571,3.355942045014424,0.0001054916567846109,0.00877797449229759,3.137989453350524e-05,1.8262981392406665,3.361759443518026,0.00010549181555059344,0.008777979018342099,3.137994176055559e-05,1.8262981392406665,3.361759443518026,10,k_proj,model.layers.10.self_attn.k_proj,validation,0.004481528572066146,2.220446049250313e-16
0.03297549345361905,0.0035575404381475682,2.240149506151194e-06,2.240149506151194e-06,0.0,0.06893539306091288,34221,70084608,1.1514967120135224e-05,0.0026322827754606997,0.0011842682332413625,0.044525402115989154,0.009723276194463615,1.3692533813582417e-06,0.0008834060002315019,0.00014082222431754926,0.01739432030956134,0.009723276194463615,1.2885568909037588e-05,0.00278313555079671,0.0013252291358723891,0.04434626664417751,0.009723276194463615,1.404905808055791e-05,0.0029121516212713334,0.0014448893356086474,0.7842749669006204,0.009723276194463615,1.4486374214971797e-09,4.072019550258425e-07,1.4879500587237993e-07,0.0035575404381475995,0.009735793301689591,1.4048990619401262e-05,0.0029121446532655165,0.0014448823974989714,0.7842749669006204,0.009723276194463615,1.1628393775858653e-06,0.0008898217483670816,0.00011943425204612726,0.77554381551617,0.009736230249399139,1.1628397669494032e-06,0.0008898218578144768,0.00011943429203732796,0.77554381551617,0.009736230249399139,10,o_proj,model.layers.10.self_attn.o_proj,calibration,1.4048990619401265e-05,2.220446049250313e-16
0.03297549345361905,0.0035575404381475682,3.563042352825165e-06,3.563042352825165e-06,0.0,0.06661459167919831,10141,20768768,1.1523837070766812e-05,0.002633371068087903,0.0011459292923341484,0.03668136215174056,0.010056324720780857,1.4126797649191607e-06,0.0008979058330008006,0.00014047674514725377,0.01852967062197286,0.010056324720780857,1.2937297497563735e-05,0.0027888905864096153,0.0012864836664263138,0.041248298986303444,0.010056324720780857,1.4155692221276265e-05,0.0029177468263307067,0.0014076407250478182,0.70635148623554,0.010056324720780857,1.4637333188791252e-09,4.114453073206104e-07,1.4538228172504682e-07,0.0035575404381475995,0.01006816856573623,1.415572622146691e-05,0.0029177506260123134,0.0014076441060236308,0.70635148623554,0.010056324720780857,1.2156366657215706e-06,0.0008900065020168382,0.0001207273488349511,0.6945485396281712,0.010069273262875116,1.2156370724005338e-06,0.0008900066163314803,0.00012072738922306579,0.6945485396281712,0.010069273262875116,10,o_proj,model.layers.10.self_attn.o_proj,validation,1.415572622146691e-05,0.0
0.4139352032518762,0.032276920465837716,1.9975855468864147e-07,1.9975855468864147e-07,0.0,0.1435126811296426,34221,70084608,0.002558204544309557,0.037695567480036,0.0018792294877274368,0.5042680369632022,1.361305024754166,3.9608456804235176e-05,0.0046156251798762085,2.909594549640919e-05,0.12816544386487827,1.361305024754166,0.0025981432584316717,0.03798745583930062,0.00190856803669028,0.5078217101748421,1.361305024754166,0.0027002505567635094,0.03885115539607784,0.0019835749576044793,16.692845671229563,1.361305024754166,1.1701636984165035e-07,3.625388300767472e-06,8.580639758995904e-08,0.03227692046583819,1.3637254695254035,0.0027002494475355044,0.038851157473894636,0.001983574142777541,16.692845671229563,1.361305024754166,0.00010202980385950063,0.008070102659907513,7.481843279705204e-05,16.461229437577238,1.3636987577147,0.00010202986146768843,0.008070104444718052,7.481847504112352e-05,16.461229437577238,1.3636987577147,10,q_proj,model.layers.10.self_attn.q_proj,calibration,0.002700249447535503,4.440892098500626e-16
0.4139352032518762,0.032276920465837716,3.659340794793413e-06,3.659340794793413e-06,0.0,0.14352358310324426,10141,20768768,0.002554136782910474,0.037666832388962054,0.001835517465886533,0.46723217847257725,1.391507752107854,4.025471908326396e-05,0.004651058304465697,2.892885003499705e-05,0.12989280185115248,1.391507752107854,0.0025949394849629345,0.0379641901365906,0.0018648401211075712,0.4910161060841407,1.391507752107854,0.003142644607969538,0.03885412348971318,0.002258445634391231,31.263197987402222,1.391507752107854,1.164757899471027e-07,3.60864011392853e-06,8.365273458696052e-08,0.03227692046583819,1.392372772058291,0.003142645893419233,0.038854253008168645,0.002258446558173145,31.263197987402222,1.391507752107854,0.0005521742603101366,0.008099154883150154,0.000396184831885432,31.38698280034754,1.3937289261740673,0.000552174318910388,0.008099156698696696,0.0003961848739310912,31.38698280034754,1.3937289261740673,10,q_proj,model.layers.10.self_attn.q_proj,validation,0.0031426458934192326,2.220446049250313e-16
0.4139352032518762,0.006515828976112621,0.00012624740656322142,0.00012624740656322142,0.0,0.1435126811296426,34221,8760576,0.0018814198985376395,0.03459775999358142,0.004092150367283963,0.22949547330206355,0.4597631391014533,2.8700868768731613e-05,0.004226959052011536,6.242533671756221e-05,0.034756116892662225,0.4597631391014533,0.0019102579441521255,0.03485934384615443,0.004154874068167957,0.2326999624367111,0.4597631391014533,0.0019367660543508963,0.03492730034473222,0.00421253008263353,1.3686183921249122,0.4597631391014533,1.7945700019239438e-08,2.7541698968817845e-06,3.890319242221464e-08,0.006515828976112914,0.461291192364769,0.001936770627120867,0.03492733050991519,0.00421254002855912,1.3686183921249122,0.4597631391014533,2.744698259167354e-05,0.0016690811789326792,5.946266516119327e-05,1.4204507167925522,0.4615834577422555,2.7447001368263413e-05,0.0016690840606212501,5.946270583983882e-05,1.4204507167925522,0.4615834577422555,10,v_proj,model.layers.10.self_attn.v_proj,calibration,0.0019367706271208665,2.220446049250313e-16
0.4139352032518762,0.006515828976112621,0.00016871487032836999,0.00016871487032836999,0.0,0.14352358310324426,10141,2596096,0.0018820816398665262,0.034591166407965925,0.004063147221716296,0.23902608466438763,0.4632078379556044,2.924995101553602e-05,0.004268554452094918,6.31464941194269e-05,0.038045541107131375,0.4632078379556044,0.0019117232261817777,0.034865281265993885,0.004127139200880717,0.23789228640308896,0.4632078379556044,0.0019470280923438506,0.034946477185250395,0.0042033573977011615,1.8757744302536037,0.4632078379556044,1.7825638843126104e-08,2.7357438183960695e-06,3.8357977468984317e-08,0.006515828976112914,0.4647179027502075,0.0019470275585242902,0.034946524625841115,0.004203356245260472,1.8757744302536037,0.4632078379556044,3.5960547844420214e-05,0.0016830349457850598,7.731608072634518e-05,1.8684512160735172,0.465110847660528,3.59605652968291e-05,0.0016830376242483766,7.731611824946246e-05,1.8684512160735172,0.465110847660528,10,v_proj,model.layers.10.self_attn.v_proj,validation,0.0019470275585242907,2.220446049250313e-16
0.2596352044052965,0.007084301397567825,1.5409945647409486e-06,1.5409945647409486e-06,0.0,0.8085044115535326,34221,70084608,0.0024146907381800064,0.038969814957926986,0.09323930530443725,0.739142063579223,0.025897777018991708,3.992527124677737e-06,0.001525357530324264,0.000154164858310035,0.06074881481661554,0.025897777018991708,0.0024183601787993066,0.03900069071973298,0.09338099470953982,0.7472630862692773,0.025897777018991708,0.0024239861066796126,0.039035453447311984,0.09359823064744215,3.84750593110705,0.025897777018991708,4.708332967591803e-09,6.646149991879587e-07,1.7791162803961352e-07,0.007084301397568105,0.026464447655683607,0.0024239853449974473,0.03903544816560239,0.09359820123634001,3.84750593110705,0.025897777018991708,5.4457082436988595e-06,0.0017721650566848044,0.00020574042920581636,3.6129937127595912,0.02646882902266691,5.445709384291468e-06,0.0017721652176876377,0.0002057404722977343,3.6129937127595912,0.02646882902266691,11,down_proj,model.layers.11.mlp.down_proj,calibration,0.0024239853449974477,2.220446049250313e-16
0.2596352044052965,0.007084301397567825,1.4444766295237155e-06,1.4444766295237155e-06,0.0,0.8082557063567757,10141,20768768,0.0024163639479094327,0.03897550231523096,0.09272909097873973,0.7999632872923704,0.026058315922275567,4.012790560507413e-06,0.0015285535010741355,0.00015399270514934306,0.04773664892784035,0.026058315922275567,0.0024200046870855763,0.03900656449169431,0.09286880603887648,0.7838146095220344,0.026058315922275567,0.0024255469025800287,0.039041275934568416,0.09308149113759825,2.4435946439463723,0.026058315922275567,4.866792057730386e-09,6.869826373283963e-07,1.830649168516833e-07,0.007084301397567883,0.026585061416619735,0.00242554852226883,0.03904129819735968,0.09308155329390976,2.4435946439463723,0.026058315922275567,5.303227123499376e-06,0.0017720734497288886,0.0001994500878703472,2.274929872974313,0.026589244357449197,5.303228330035926e-06,0.0017720736200401823,0.00019945013324721212,2.274929872974313,0.026589244357449197,11,down_proj,model.layers.11.mlp.down_proj,validation,0.0024255485222688298,2.220446049250313e-16
0.49798695121224473,0.1,0.0,0.0,0.0,0.10864298477634347,34221,560676864,0.0014304230516401387,0.02960457314854248,0.0015085125152389635,0.36785778000008773,0.9482341294421048,2.671976830339852e-05,0.003939009889221366,2.81784503149229e-05,0.09413988731709422,0.9482341294421048,0.0014572848563351953,0.02987949988550254,0.0015368407559772093,0.3781729365633766,0.9482341294421048,0.002290598679426941,0.03823987258371803,0.0024156467356586486,0.40563097776137746,0.9482341294421048,3.571754300173901e-07,3.571754300173867e-06,3.7581325377979804e-07,0.10000000000000053,0.9504066884950031,0.002290595384980556,0.03823983534091789,0.002415643261362288,0.40563097776137746,0.9482341294421048,0.0008334275418015877,0.025002107273717968,0.0008776866775578919,0.049999997298651344,0.9495729661985386,0.0008334275763182407,0.025002107618884484,0.0008776867139075504,0.050046860322010556,0.9495729661985386,11,gate_proj,model.layers.11.mlp.gate_proj,calibration,0.0022905953849805577,7.771561172376096e-16
0.49798695121224473,0.1,0.0,0.0,0.0,0.1083723406222266,10141,166150144,0.0014300870278008634,0.029601791744261387,0.0015007986345129294,0.3751951385175989,0.9528840144933802,2.6768807018878822e-05,0.00394253429683941,2.809240853212444e-05,0.08799473428707882,0.9528840144933802,0.0014570268417988628,0.029877614150196314,0.0015290705055782893,0.3936926059307502,0.9528840144933802,0.0022901999953307273,0.03823732646919272,0.0024034404612699456,0.3964471842224113,0.9528840144933802,3.623830744317626e-07,3.6238307443176184e-06,3.7941893990235707e-07,0.10000000000000053,0.9551001184206075,0.002290193920573199,0.03823726822237773,0.002403434086141981,0.3964471842224113,0.9528840144933802,0.0008333926906527182,0.025000679482651153,0.0008733307573851689,0.04999997661152589,0.9542692543521211,0.0008333927263970597,0.025000679840094565,0.00087333079484246,0.050046860322010556,0.9542692543521211,11,gate_proj,model.layers.11.mlp.gate_proj,validation,0.002290193920573197,8.881784197001252e-16
0.49798695121224473,0.027613686366683543,3.50647605819526e-06,3.50647605819526e-06,0.0,0.10864298477634347,34221,560676864,0.0016365704211390038,0.031995495814285436,0.003275061491188131,0.42359841579579083,0.4997067766643022,2.821356970746747e-05,0.004140772792024732,5.646025034081348e-05,0.09152334360468872,0.4997067766643022,0.0016649450768803796,0.03227440492023729,0.0033318441026443644,0.4268329592413558,0.4997067766643022,0.0017302728222159634,0.03290885861266334,0.0034625762607545,3.533507535102368,0.4997067766643022,8.714960450756054e-08,3.156029345386818e-06,1.73822774044837e-07,0.02761368636668493,0.5013704618767653,0.001730273069759778,0.032908842879001705,0.003462576756132642,3.533507535102368,0.4997067766643022,6.542680514688392e-05,0.006904994653345113,0.00013049788906387185,3.5276484333438223,0.5013629386362023,6.542682558092899e-05,0.0069049953933421155,0.0001304979298208634,3.5276484333438223,0.5013629386362023,11,up_proj,model.layers.11.mlp.up_proj,calibration,0.001730273069759778,0.0
0.49798695121224473,0.027613686366683543,3.165811279706143e-06,3.165811279706143e-06,0.0,0.1083723406222266,10141,166150144,0.001636450075085009,0.03199359946862473,0.003272525100157461,0.39701593526829804,0.5000573028473546,2.8264382349834295e-05,0.0041439951143023126,5.6522286923709135e-05,0.08498931741688376,0.5000573028473546,0.001664939014972449,0.03227345727109588,0.0033294964506911345,0.37778932128774656,0.5000573028473546,0.0017305965528606874,0.03290780188630324,0.0034607964787366817,3.436075162546702,0.5000573028473546,8.710064669714538e-08,3.1542563908538495e-06,1.7360716742419598e-07,0.02761368636668493,0.501711121663091,0.0017305966037707724,0.03290778997493343,0.003460796580545184,3.436075162546702,0.5000573028473546,6.580765154445717e-05,0.006905719408138544,0.00013116708614097512,3.4830418198102233,0.5017085724823431,6.580767203867734e-05,0.006905720150314722,0.000131167126989829,3.4830418198102233,0.5017085724823431,11,up_proj,model.layers.11.mlp.up_proj,validation,0.0017305966037707743,1.1102230246251565e-15
0.4397388968880721,0.027843273012165583,3.92668244645101e-05,3.92668244645101e-05,0.0,0.1259738514910435,34221,8760576,0.0031268377169023816,0.040519472939607885,0.0011987234661607492,0.5611598238025883,2.6084729340595656,6.651365761135475e-05,0.005721339702855545,2.5499079075296198e-05,0.09162226412765184,2.6084729340595656,0.003192807100498141,0.04092933856363992,0.0012240138890493206,0.562716936042567,2.6084729340595656,0.0032893715071797575,0.0415603962180071,0.0012610334054954176,3.389840746005298,2.6084729340595656,1.903480010579789e-07,6.836408958631049e-06,7.289231756012064e-08,0.027843273012166492,2.6113588843019344,0.0032893565883553915,0.04156029082409079,0.001261027686124451,3.389840746005298,2.6084729340595656,9.73916238598145e-05,0.006988159350306667,3.728473772043811e-05,3.5291348542919856,2.612104303644546,9.739171682613734e-05,0.006988162689221693,3.7284773311024087e-05,3.5291348542919856,2.612104303644546,11,k_proj,model.layers.11.self_attn.k_proj,calibration,0.00328935658835539,4.440892098500626e-16
0.4397388968880721,0.027843273012165583,4.506767084113993e-05,4.506767084113993e-05,0.0,0.12605201232928212,10141,2596096,0.0031233392253225563,0.04050278451225819,0.0011748143441160316,0.46484311035639214,2.658581111956594,6.709987591727399e-05,0.005746643932528733,2.523898015204492e-05,0.08585165296473729,2.658581111956594,0.0031905058132552302,0.040919903109561506,0.0012000784173581839,0.4636183470122337,2.658581111956594,0.0032953246207369827,0.04155694950611187,0.0012395050148805782,3.1808950636522653,2.658581111956594,1.9320755482979137e-07,6.939110741232654e-06,7.259627762519006e-08,0.027843273012166492,2.661397541996707,0.00329530789420737,0.041557044888551865,0.0012394987233555475,3.1808950636522653,2.658581111956594,0.000105055024183308,0.006995027733051532,3.946147423610925e-05,3.0347531858864265,2.66221742134452,0.00010505512106280071,0.006995031212509304,3.946151062663541e-05,3.0347531858864265,2.66221742134452,11,k_proj,model.layers.11.self_attn.k_proj,validation,0.0032953078942073704,1.1102230246251565e-16
0.04839379768671952,0.003043535185311351,8.489738574267262e-06,8.489738574267262e-06,0.0,0.14184271388091377,34221,70084608,2.636588501973942e-05,0.004041348832913161,0.0018865673476274063,0.07871821478796455,0.013975586428386883,2.1285141568758724e-06,0.001106042290253508,0.00015230231430950794,0.029678569388768117,0.013975586428386883,2.851559773870299e-05,0.004200473926140107,0.0020403864900282666,0.08673101916911863,0.013975586428386883,3.0293106673380977e-05,0.0042628653003994035,0.0021675732055043023,1.5331994247093903,0.013975586428386883,2.132171914775486e-09,7.005576689455506e-07,1.5234149180573176e-07,0.003043535185311419,0.013996002595894654,3.029319303284841e-05,0.00426287128917589,0.0021675793848133333,1.5331994247093903,0.013975586428386883,1.789603625618177e-06,0.000762982552127879,0.00012780237736243757,1.552202944508789,0.014002897775078162,1.7896042978788748e-06,0.0007629827730094052,0.00012780242537112184,1.552202944508789,0.014002897775078162,11,o_proj,model.layers.11.self_attn.o_proj,calibration,3.02931930328484e-05,4.440892098500626e-16
0.04839379768671952,0.003043535185311351,1.0929873163396114e-05,1.0929873163396114e-05,0.0,0.1336067695493541,10141,20768768,2.6369255554952923e-05,0.0040410535219062675,0.001805219551195312,0.08146182843873584,0.014607229097143737,2.208001667975141e-06,0.001125646606606783,0.0001511581459625966,0.03159286463248134,0.014607229097143737,2.859299957245752e-05,0.004205728360007614,0.001957455406655361,0.080383973378088,0.014607229097143737,3.1559882266711044e-05,0.004269149275935512,0.0021605659811881907,2.2318235805659947,0.014607229097143737,2.1613710419322828e-09,7.101514884281439e-07,1.478214339834592e-07,0.003043535185311419,0.014621499627544774,3.15600596995547e-05,0.0042691643493546535,0.0021605781281082174,2.2318235805659947,0.014607229097143737,2.9895130807693604e-06,0.000764272166694119,0.0002042882554744875,2.229496152062957,0.014633798080197054,2.9895137806291574e-06,0.0007642723966437512,0.00020428830329937843,2.229496152062957,0.014633798080197054,11,o_proj,model.layers.11.self_attn.o_proj,validation,3.156005969955473e-05,8.881784197001252e-16
0.4397388968880721,0.02993460240811296,3.1961368750182635e-06,3.1961368750182635e-06,0.0,0.1259738514910435,34221,70084608,0.002869647427050324,0.037457572332159086,0.0015859799914783057,0.938582981749164,1.8093843821923006,6.16364395088264e-05,0.005154675314918229,3.4064867650811696e-05,0.21099234785924015,1.8093843821923006,0.0029314634950289332,0.03782508935700817,0.0016201441351434075,0.97148772411576,1.8093843821923006,0.0030083623310791217,0.038644555497131826,0.0016626441350367498,3.85399775301914,1.8093843821923006,9.84626371125055e-08,3.289258222645377e-06,5.432479275460963e-08,0.02993460240811352,1.8124806763142347,0.003008348901442592,0.038644479449086236,0.0016626367128236138,3.85399775301914,1.8093843821923006,7.727843131166486e-05,0.007485473493055672,4.26369239242338e-05,3.8241454576364298,1.8124767032675562,7.727848350755152e-05,0.0074854752367196145,4.263695272233452e-05,3.8241454576364298,1.8124767032675562,11,q_proj,model.layers.11.self_attn.q_proj,calibration,0.0030083489014425904,6.661338147750939e-16
0.4397388968880721,0.02993460240811296,3.322296247904546e-06,3.322296247904546e-06,0.0,0.12605201232928212,10141,20768768,0.002869694125263706,0.03747301061868445,0.0015638855754738568,0.9533571138165473,1.834977040691861,6.208331489492029e-05,0.005182274144945484,3.3833292470794266e-05,0.1761902358113736,1.834977040691861,0.0029321432431887663,0.03784666044447594,0.0015979182181392465,0.9372483620357848,1.834977040691861,0.003010733499156194,0.038663492623109884,0.001640747231377361,3.0349693612368025,1.834977040691861,1.0130580828323911e-07,3.384237642514434e-06,5.511591099315549e-08,0.02993460240811352,1.838050146641315,0.0030107264914574546,0.03866345209408701,0.0016407434124201838,3.0349693612368025,1.834977040691861,7.874102229112237e-05,0.007484853162658659,4.283905944272462e-05,3.0548289197585508,1.8380660853770214,7.874107509356519e-05,0.007484854926585302,4.2839088169897836e-05,3.0548289197585508,1.8380660853770214,11,q_proj,model.layers.11.self_attn.q_proj,validation,0.0030107264914574538,2.220446049250313e-16
0.4397388968880721,0.008833896412441585,2.7395458928727975e-05,2.7395458928727975e-05,0.0,0.1259738514910435,34221,8760576,0.002088643133818692,0.03644727095377242,0.003651833955743601,0.2564591276155032,0.5719436204194541,3.4046882921977926e-05,0.004632711615855243,5.952839004832066e-05,0.03529765542424218,0.5719436204194541,0.0021232328871750306,0.03674736557363403,0.0037123115135332496,0.2554391729678731,0.5719436204194541,0.0021388405485881145,0.0368138940078129,0.00373960032462557,1.9495586365707567,0.5719436204194541,2.6580966121866075e-08,3.008974169589499e-06,4.631209685042651e-08,0.008833896412442144,0.57395298268861,0.002138841349760179,0.036813891682214855,0.003739601725414102,1.9495586365707567,0.5719436204194541,1.5808042278550163e-05,0.0022208402541193275,2.7537267832336026e-05,1.9257894179122665,0.5740599385094896,1.580806345109839e-05,0.0022208426508588007,2.7537304714457226e-05,1.9257894179122665,0.5740599385094896,11,v_proj,model.layers.11.self_attn.v_proj,calibration,0.0021388413497601794,2.220446049250313e-16
0.4397388968880721,0.008833896412441585,2.811914505472833e-05,2.811914505472833e-05,0.0,0.12605201232928212,10141,2596096,0.002088720013763396,0.03646156317098362,0.0036514076263811273,0.24184306961707802,0.5720314540268145,3.4483193807735805e-05,0.004664392349799823,6.028198897978672e-05,0.032715321937322295,0.5720314540268145,0.0021232526707158712,0.03676052538059804,0.003711776084635272,0.2486879104526143,0.5720314540268145,0.0021389582054926175,0.03682686893054738,0.00373923180348812,1.4850037456827492,0.5720314540268145,2.6302189941176944e-08,2.9774166135945605e-06,4.5817218876592904e-08,0.0088338964124417,0.5740677977862643,0.0021389442301392404,0.03682671423270023,0.0037392073723956014,1.4850037456827492,0.5720314540268145,1.584236740670993e-05,0.00222016965049298,2.7591185345233767e-05,1.4253453701527876,0.5741821965414986,1.5842387662871532e-05,0.0022201719434971827,2.7591220623516036e-05,1.4253453701527876,0.5741821965414986,11,v_proj,model.layers.11.self_attn.v_proj,validation,0.0021389442301392413,4.440892098500626e-16
0.3489435150867372,0.007809064325257302,1.9975855468864147e-07,1.9975855468864147e-07,0.0,0.8798710267452734,34221,70084608,0.0037531128564324795,0.04844787996342946,0.11792106626156236,0.843840223740551,0.03182733141258787,4.650553611484421e-06,0.0016419228357321108,0.00014611823879287297,0.06475661782943132,0.03182733141258787,0.003757882403893952,0.0484781085585624,0.11807092323196441,0.8471270766711092,0.03182733141258787,0.003763072459795373,0.04851210392222193,0.11823399238263056,1.9391726646380074,0.03182733141258787,7.93890542903403e-09,1.0166269732670503e-06,2.526970653437586e-07,0.00780906432525752,0.0314166902501787,0.0037630682983036557,0.048512075508061074,0.11823386163048981,1.9391726646380074,0.03182733141258787,5.180174697681653e-06,0.001952505794861728,0.00016490813382378288,1.7023760229060918,0.031412487532101185,5.180176338943859e-06,0.0019525060050357159,0.000164908186072501,1.7023760229060918,0.031412487532101185,12,down_proj,model.layers.12.mlp.down_proj,calibration,0.003763068298303655,2.220446049250313e-16
0.3489435150867372,0.007809064325257302,1.9259688393649542e-07,1.9259688393649542e-07,1.2037305246030963e-08,0.8800275791515414,10141,20768768,0.0037461989201204205,0.048391729326257744,0.11698571576545866,0.7140483861954702,0.032022703760098956,4.683171055880619e-06,0.0016462481051942514,0.00014624533552710063,0.062199760958705386,0.032022703760098956,0.003751034179138794,0.04842264154321132,0.11713671048016475,0.73019180526918,0.032022703760098956,0.0037561240656611475,0.04845640893831626,0.11729565666286328,0.7328156768774793,0.032022703760098956,8.109814858861607e-09,1.038513005025655e-06,2.567799102545757e-07,0.007809064325257409,0.03158274668303065,0.0037561153033830396,0.048456346662506415,0.11729538303580873,0.7328156768774793,0.032022703760098956,5.106409244157228e-06,0.0019526169608223888,0.0001617072547512193,0.5127954948066127,0.03157810855185966,5.106410922590889e-06,0.0019526171757564186,0.00016170730790303044,0.5127954948066127,0.03157810855185966,12,down_proj,model.layers.12.mlp.down_proj,validation,0.0037561153033830405,2.220446049250313e-16
0.5469219177726685,0.1,0.0,0.0,0.0,0.10862363673347505,34221,560676864,0.0017184052000170705,0.03266384080436757,0.0013543217441955794,0.36628247246403145,1.2688308427313513,3.126942889939001e-05,0.0042870415044648676,2.464428499553007e-05,0.1084318402153821,1.2688308427313513,0.0017498372821179583,0.032958706031198645,0.0013790942205906406,0.37768204485268764,1.2688308427313513,0.0025830307731011613,0.040594480460133836,0.0020357566084544376,0.40821208491430605,1.2688308427313513,7.09321224997078e-07,7.093212249970782e-06,5.579126160798765e-07,0.10000000000000053,1.271384092335213,0.002583030450814077,0.040594462517389795,0.002035756354451246,0.40821208491430605,1.2688308427313513,0.0008332532286071491,0.024998329327418148,0.0006558182859242592,0.049999988441203236,1.2705550401554095,0.000833253325350279,0.024998330294849453,0.0006558183620666748,0.050054507948158466,1.2705550401554095,12,gate_proj,model.layers.12.mlp.gate_proj,calibration,0.002583030450814078,3.3306690738754696e-16
0.5469219177726685,0.1,0.0,0.0,0.0,0.10843676427990337,10141,166150144,0.001717680514616773,0.03265730800993817,0.0013424706006467159,0.3498977054213208,1.2794920900236513,3.136029629338764e-05,0.004292461093383375,2.4509957144641626e-05,0.09901278441527128,1.2794920900236513,0.001749211069880085,0.03295280716309494,0.0013671136254134646,0.3505124263978754,1.2794920900236513,0.0025824608100332874,0.040591488643436445,0.0020183483979065086,0.3649571786429453,1.2794920900236513,7.092982116223751e-07,7.0929821162237535e-06,5.532444881610513e-07,0.10000000000000053,1.282070091615438,0.0025824542357985435,0.04059142594111354,0.0020183432597467694,0.3649571786429453,1.2794920900236513,0.0008333147533613236,0.02499998330071355,0.000650400854569352,0.049999988441203236,1.2812325622067084,0.0008333148503487453,0.024999984270587763,0.0006504009302678822,0.05004902104385511,1.2812325622067084,12,gate_proj,model.layers.12.mlp.gate_proj,validation,0.0025824542357985466,1.2212453270876722e-15
0.5469219177726685,0.013578050990628256,3.925612311336606e-06,3.925612311336606e-06,0.0,0.10862363673347505,34221,560676864,0.0019996372940039673,0.035407988042040574,0.003385075025453102,0.3554113532430049,0.5907217060089562,3.3513804612022824e-05,0.004522178764529155,5.673366031942409e-05,0.08515697998716454,0.5907217060089562,0.002033380112880027,0.03570748031251766,0.0034421963713132933,0.35557643501769165,0.5907217060089562,0.0020504558007986918,0.0358480336807181,0.0034711028559488953,2.803403770518204,0.5907217060089562,4.040741879390889e-08,2.9759365922103546e-06,6.816689992514322e-08,0.013578050990628476,0.5927718414403746,0.0020504550231834184,0.03584802955258804,0.003471101539567145,2.803403770518204,0.5907217060089562,1.7085395886637383e-05,0.003396503262832946,2.8822293268175647e-05,2.9600151159569608,0.5927840553028566,1.7085418405743456e-05,0.003396504921326208,2.8822331256893246e-05,2.9600151159569608,0.5927840553028566,12,up_proj,model.layers.12.mlp.up_proj,calibration,0.002050455023183414,2.220446049250313e-15
0.5469219177726685,0.013578050990628256,4.86307131939651e-06,4.86307131939651e-06,0.0,0.10843676427990337,10141,166150144,0.001999573551914399,0.035406748423189624,0.003387743051673169,0.32516529639615577,0.5902376660257134,3.358314207346412e-05,0.004526206485235099,5.689766005546838e-05,0.08500872815694005,0.5902376660257134,0.0020333434034180407,0.035706636177269324,0.003444957040965019,0.32806857105131015,0.5902376660257134,0.002050968806464858,0.03584747103090072,0.00347481857651475,2.790207336793361,0.5902376660257134,4.04145677847909e-08,2.976463103039277e-06,6.823626396418288e-08,0.013578050990628476,0.5922740407652514,0.002050966671571645,0.03584744161585425,0.0034748149595086935,2.790207336793361,0.5902376660257134,1.7687585255538272e-05,0.003396710911975951,2.986280003156408e-05,2.863986561939324,0.5922949367387863,1.7687607644356956e-05,0.0033967125608737703,2.9862837831682392e-05,2.863986561939324,0.5922949367387863,12,up_proj,model.layers.12.mlp.up_proj,validation,0.0020509666715716477,1.2212453270876722e-15
0.4234142754021592,0.028945812932623778,3.4358471406446334e-05,3.4358471406446334e-05,0.0,0.12510468775112504,34221,8760576,0.0030356099365368514,0.040894668982401676,0.0012878868070187361,0.5518440240710287,2.357047156623827,7.164632339481128e-05,0.006023828554621294,3.039664403551247e-05,0.09179073574509466,2.357047156623827,0.003107838824704626,0.04136181809381419,0.0013185306097805074,0.5654459032036083,2.357047156623827,0.003205239895625416,0.042011212239670866,0.001359853953968625,3.4597260878021547,2.357047156623827,1.5694497732435274e-07,5.4220269332102845e-06,6.653785642911981e-08,0.02894581293262455,2.3587320924824215,0.003205273558198392,0.04201153249659247,0.0013598682356400294,3.4597260878021547,2.357047156623827,9.743871392848116e-05,0.0072609755124707345,4.129925364403258e-05,3.697827602142686,2.359333531020367,9.743881315092773e-05,0.00726097894033945,4.129929569931865e-05,3.697827602142686,2.359333531020367,12,k_proj,model.layers.12.self_attn.k_proj,calibration,0.003205273558198393,4.440892098500626e-16
0.4234142754021592,0.028945812932623778,3.659340794793413e-05,3.659340794793413e-05,1.4444766295237157e-07,0.12500890760588207,10141,2596096,0.0030402151820693177,0.04093450624801415,0.0012671301188505039,0.4769174914111698,2.3992920196919436,7.19554623657124e-05,0.006043000418086842,2.9990289541725356e-05,0.09071760796837847,2.3992920196919436,0.00311256790386468,0.041404669910117285,0.0012972859819974382,0.481896236072636,2.3992920196919436,0.00320123603295966,0.04205846891757016,0.001334241937490661,2.705126940110718,2.3992920196919436,1.5491447212992747e-07,5.351878438878769e-06,6.451464384272391e-08,0.02894581293262455,2.40122959537037,0.003201267992275674,0.04205857718593576,0.001334255257801716,2.705126940110718,2.3992920196919436,9.025769177943647e-05,0.007260013528830451,3.7579864330467937e-05,2.577192625766491,2.401756722316315,9.025779609213229e-05,0.0072600171325535885,3.75799077623005e-05,2.577192625766491,2.401756722316315,12,k_proj,model.layers.12.self_attn.k_proj,validation,0.0032012679922756733,2.220446049250313e-16
0.040459539007952836,0.004856618219669769,3.167599938634172e-06,3.167599938634172e-06,0.0,0.09790279486189037,34221,70084608,2.026229631340492e-05,0.0035052637551266767,0.0024672101886154076,0.07538763429543194,0.008212634824103119,1.5920166543649128e-06,0.0009319428654111203,0.0001938496826490484,0.03835984719409402,0.008212634824103119,2.1858189326792884e-05,0.003639554590314919,0.002661531870702648,0.0857377798863137,0.008212634824103119,2.4844826644767698e-05,0.0038213100886671,0.00302519558910023,2.4461676733776314,0.008212634824103119,1.8506700670056383e-09,3.810614677328874e-07,2.2489533929466232e-07,0.004856618219669873,0.008229028101737822,2.4844831707125718e-05,0.003821312781121304,0.0030251962055111788,2.4461676733776314,0.008212634824103119,2.9859657110749528e-06,0.0012152921603527603,0.000362619450635225,2.476875292031582,0.00823443338696872,2.9859660986697324e-06,0.001215292240160305,0.0003626194977052251,2.476875292031582,0.00823443338696872,12,o_proj,model.layers.12.self_attn.o_proj,calibration,2.4844831707125708e-05,4.440892098500626e-16
0.040459539007952836,0.004856618219669769,4.86307131939651e-06,4.86307131939651e-06,0.0,0.09390027371869145,10141,20768768,2.0271513240479514e-05,0.0035063337162628714,0.0024129399199711884,0.07547808154480744,0.008401167833769175,1.66304691017689e-06,0.000955423283848643,0.00019795425387077,0.029175361927986976,0.008401167833769175,2.1934260756617047e-05,0.0036463500754498252,0.0026108585366489776,0.0802997504152867,0.008401167833769175,2.6406774585852877e-05,0.003828886038849339,0.0031432266451943396,3.099322248286723,0.008401167833769175,1.9454252910273433e-09,4.0057200361111045e-07,2.3122359148100648e-07,0.004856618219669873,0.008413610733086236,2.640657566994265e-05,0.0038288739157044827,0.0031432029680206227,3.099322248286723,0.008401167833769175,4.47759906987344e-06,0.0012163221932159178,0.0005314642827132939,3.1060642696018372,0.008425023497371968,4.477599479855254e-06,0.0012163222776330578,0.000531464331375688,3.1060642696018372,0.008425023497371968,12,o_proj,model.layers.12.self_attn.o_proj,validation,2.640657566994267e-05,6.661338147750939e-16
0.4234142754021592,0.02069385360136338,2.4941282399696093e-05,2.4941282399696093e-05,0.0,0.12510468775112504,34221,70084608,0.0024227873969025673,0.03737287217329937,0.0021694939374242266,0.5822537942374133,1.116752324175226,4.709563214782728e-05,0.00512557873680501,4.2171958032511476e-05,0.0850179966294684,1.116752324175226,0.0024701787240024756,0.03773312107475107,0.0022119306765954736,0.6111687530694834,1.116752324175226,0.0025224301825356584,0.03807919450345651,0.0022587194384382334,4.541703927145287,1.116752324175226,8.036221458291568e-08,3.883385672430834e-06,7.18343753896093e-08,0.020693853601363443,1.118715296778928,0.0025224291934824194,0.038079180243010706,0.0022587185527868517,4.541703927145287,1.116752324175226,5.287947008523561e-05,0.005188954587429229,4.725512564204118e-05,4.511260085097218,1.1190208335451055,5.2879518967617456e-05,0.005188956949598338,4.7255169325215234e-05,4.511260085097218,1.1190208335451055,12,q_proj,model.layers.12.self_attn.q_proj,calibration,0.00252242919348242,2.220446049250313e-16
0.4234142754021592,0.02069385360136338,2.734875751898235e-05,2.734875751898235e-05,1.4444766295237157e-07,0.12500890760588207,10141,20768768,0.0024226340511764237,0.03735778103922662,0.0021228688855947373,0.48758039880571835,1.1412075741539283,4.759684897491081e-05,0.005154879828167333,4.170744223302083e-05,0.08060192816412726,1.1412075741539283,0.0024707708127274528,0.03772351504880188,0.0021650494342006447,0.4802017233628313,1.1412075741539283,0.002524762750557441,0.03807165574630393,0.002212360667540484,3.126586165249888,1.1412075741539283,7.895095288526861e-08,3.815188529219469e-06,6.906525334990269e-08,0.020693853601363443,1.1431356442766145,0.002524772478571832,0.03807171941484714,0.002212369191856841,3.126586165249888,1.1412075741539283,5.4667653967283426e-05,0.0051904703661089175,4.7808177638618354e-05,3.157604231530815,1.1434791424286406,5.466770101842289e-05,0.0051904726397859445,4.7808218785970955e-05,3.157604231530815,1.1434791424286406,12,q_proj,model.layers.12.self_attn.q_proj,validation,0.002524772478571832,0.0
0.4234142754021592,0.009990869144770494,4.109318839309196e-06,4.109318839309196e-06,0.0,0.12510468775112504,34221,8760576,0.003033494772339384,0.043924493618522,0.0045835947029794,0.31716259381271206,0.6618156641047627,6.0441516255428644e-05,0.006158247439141534,9.132681429834064e-05,0.04912732788156615,0.6618156641047627,0.003094177270025564,0.04436233963712214,0.004675285638956663,0.3289162077469041,0.6618156641047627,0.003103595560740793,0.04442397636558965,0.00468951662686773,1.2296124892951763,0.6618156641047627,3.7110058474995084e-08,3.7143974100010657e-06,5.58124123903888e-08,0.009990869144770542,0.6649069066469099,0.003103587562936925,0.04442388768112212,0.004689504542228,1.2296124892951763,0.6618156641047627,9.345040285058319e-06,0.0024996724109048133,1.4054498806481557e-05,1.27633353324443,0.6649145169622582,9.345064448302898e-06,0.0024996748294375975,1.4054535146859099e-05,1.27633353324443,0.6649145169622582,12,v_proj,model.layers.12.self_attn.v_proj,calibration,0.003103587562936924,2.220446049250313e-16
0.4234142754021592,0.009990869144770494,5.392712750221872e-06,5.392712750221872e-06,1.4444766295237157e-07,0.12500890760588207,10141,2596096,0.0030357065605160502,0.04394192453937335,0.004593037743506878,0.28960033248680417,0.6609365587747655,6.166078972455107e-05,0.0062217287622661,9.329305347983311e-05,0.04598757448908508,0.6609365587747655,0.0030967694659470016,0.04438011406103426,0.0046854261953488355,0.29341618558258853,0.6609365587747655,0.003106828231677084,0.04444126926770324,0.004700645153350991,1.041351923881014,0.6609365587747655,3.714179768961456e-08,3.7175742321733477e-06,5.5919418416168714e-08,0.009990869144770542,0.6642021455444048,0.0031068394018032757,0.04444130136097554,0.0047006620538023935,1.041351923881014,0.6609365587747655,1.0022317176248546e-05,0.0025011325152990652,1.5088813312087898e-05,1.0405966354522809,0.6642216964948133,1.002234141139743e-05,0.0025011349410288524,1.5088849798623963e-05,1.0405966354522809,0.6642216964948133,12,v_proj,model.layers.12.self_attn.v_proj,validation,0.003106839401803276,1.1102230246251565e-16
0.5886309766393947,0.00924775857367402,9.845243052511616e-07,9.845243052511616e-07,0.0,0.9240213040072935,34221,70084608,0.009384682688113427,0.07230688608528707,0.15003287986194871,2.680408503926288,0.06255084016749296,9.967663286372466e-06,0.002398889684781879,0.0001593529880603036,0.09245416941357032,0.06255084016749296,0.009404130122633065,0.07235593196681314,0.150343785910014,2.680590385293427,0.06255084016749296,0.0094134921399208,0.07238893267093331,0.15049345643822218,3.7356672142127394,0.06255084016749296,8.862706396535037e-09,9.583626481950849e-07,1.492444273638402e-07,0.009247758573674325,0.05938383464682946,0.009413496401416798,0.07238895777992196,0.15049352456673948,3.7356672142127394,0.06255084016749296,7.760611391552017e-06,0.00231257494302422,0.00013068677622398274,2.0160113690609363,0.05938329504931076,7.760613707812453e-06,0.0023125751934914463,0.00013068681522923555,2.0160113690609363,0.05938329504931076,13,down_proj,model.layers.13.mlp.down_proj,calibration,0.009413496401416794,4.440892098500626e-16
0.5886309766393947,0.00924775857367402,8.185367567301056e-07,8.185367567301056e-07,0.0,0.9244656267044824,10141,20768768,0.009230013581191734,0.07187263202457728,0.15063799646320838,2.4584303226628927,0.061272811627218246,9.830109617140698e-06,0.0023822532645774645,0.0001604318351987299,0.08212195853501636,0.061272811627218246,0.00924865712311746,0.07192067043321233,0.1509422675000779,2.4584306735142922,0.061272811627218246,0.009257310526176364,0.07195376925492093,0.15108349495201126,4.989811180082572,0.061272811627218246,8.807912999194762e-09,9.524376019361731e-07,1.5109734816784454e-07,0.009247758573674325,0.05829296877805298,0.00925731596129612,0.07195380215607024,0.15108358365562402,4.989811180082572,0.061272811627218246,7.78993377146802e-06,0.0023125944289084373,0.00013363976960903277,3.1960509427243347,0.05829053577582265,7.789936042548442e-06,0.0023125946744901524,0.0001336398085704249,3.1960509427243347,0.05829053577582265,13,down_proj,model.layers.13.mlp.down_proj,validation,0.009257315961296121,2.220446049250313e-16
0.5543916957584891,0.1,0.0,0.0,0.0,0.09758740464097337,34221,560676864,0.0017923508599246229,0.03329346812885193,0.0009768168311072032,0.41544779742650917,1.8348894110403764,4.304836798434615e-05,0.005002012120297247,2.3461014993779853e-05,0.11066221268561405,1.8348894110403764,0.001835629544312546,0.0336919631140764,0.0010004033666921376,0.422357629112329,1.8348894110403764,0.002668971165480108,0.0412151980517979,0.0014545678608319016,0.46363349810525123,1.8348894110403764,6.71937838333918e-07,6.719378383339161e-06,3.656501932166976e-07,0.10000000000000053,1.8376520805930578,0.0026689735174068013,0.0412152018208221,0.00145456914261307,0.46363349810525123,1.8348894110403764,0.0008332958047883466,0.024998801980738762,0.0004536621441008073,0.049999994440858675,1.8368202320253144,0.0008332958904219555,0.024998802837074854,0.00045366219072137887,0.05007652879168134,1.8368202320253144,13,gate_proj,model.layers.13.mlp.gate_proj,calibration,0.002668973517406799,8.881784197001252e-16
0.5543916957584891,0.1,0.0,0.0,0.0,0.09746317162385366,10141,166150144,0.0017920969918799117,0.03329216882613845,0.0009700170013296015,0.3557911129297433,1.8474902908129303,4.3094013781891424e-05,0.005003673048399521,2.3325705145075083e-05,0.09282372217468271,1.8474902908129303,0.0018353940700333788,0.03369107161945236,0.0009934526201086401,0.35805150964565025,1.8474902908129303,0.0026683421047907947,0.041210874349635836,0.0014443064291378086,0.3552355125201494,1.8474902908129303,6.693945447317822e-07,6.693945447317826e-06,3.617808330890208e-07,0.10000000000000053,1.850276420163666,0.002668349853980501,0.04121093050711349,0.0014443106235791784,0.3552355125201494,1.8474902908129303,0.000833265060377608,0.024998547624289342,0.0004505483942057625,0.049999994440858675,1.8494462994291825,0.0008332651446278282,0.024998548466791545,0.0004505484397600564,0.05004464071498438,1.8494462994291825,13,gate_proj,model.layers.13.mlp.gate_proj,validation,0.0026683498539805004,2.220446049250313e-16
0.5543916957584891,0.019696777307986274,5.712737952390345e-06,5.7145215109143504e-06,0.0,0.09758740464097337,34221,560676864,0.0021528544612950612,0.03664013008973605,0.0019248242161122554,0.35741483253099937,1.1184680882929556,4.6589022712075036e-05,0.0053141291034860694,4.165431557656759e-05,0.1023340266101902,1.1184680882929556,0.0021996155885707957,0.03704194797518553,0.0019666324069450426,0.36111682177097393,1.1184680882929556,0.002235664099623131,0.0373275752599892,0.001998862661370409,4.314076972321985,1.1184680882929556,8.178282745361283e-08,4.152091795263039e-06,7.297579397736271e-08,0.01969677730798658,1.1206843118278658,0.0022356628462835977,0.03732757217084482,0.0019988615407845415,4.314076972321985,1.1184680882929556,3.60300083611155e-05,0.004927088369011122,3.214910352573368e-05,4.293897453141007,1.1207158026125164,3.6030055235326674e-05,0.004927090748802011,3.2149145350977036e-05,4.293897453141007,1.1207158026125164,13,up_proj,model.layers.13.mlp.up_proj,calibration,0.0022356628462835964,6.661338147750939e-16
0.5543916957584891,0.019696777307986274,4.586213298737797e-06,4.586213298737797e-06,0.0,0.09746317162385366,10141,166150144,0.0021524270209442916,0.03663560961010033,0.001937930372666178,0.3648803809369526,1.1106833616436964,4.662115996938928e-05,0.0053150084443516305,4.197520335624259e-05,0.09852103272525548,1.1106833616436964,0.002199291444631172,0.037038067002717855,0.0019801245976859222,0.35806898828068484,1.1106833616436964,0.0022328529607334177,0.03732287245598734,0.002010341594951982,2.5759788559105576,1.1106833616436964,8.192399236982508e-08,4.159258699473034e-06,7.360333490566867e-08,0.01969677730798658,1.1130472888873897,0.002232848994967808,0.03732283008277894,0.0020103380243883576,2.5759788559105576,1.1106833616436964,3.357872077895079e-05,0.004925766635468332,3.0168123361562708e-05,2.6109039521436976,1.1130530187944516,3.357876754504299e-05,0.004925769009770059,3.0168165377613523e-05,2.6109039521436976,1.1130530187944516,13,up_proj,model.layers.13.mlp.up_proj,validation,0.002232848994967804,1.9984014443252818e-15
0.5112491517555057,0.03058599798008071,0.0001092393924783028,0.0001092393924783028,0.0,0.15703044240470032,34221,8760576,0.004750141079725285,0.05283620800485289,0.0017995356710317678,0.5651932849580081,2.639648191581432,6.644182063530222e-05,0.00597625255874597,2.5170710569387074e-05,0.08926883598133717,2.639648191581432,0.004818277439955689,0.053196921786754364,0.0018253483382075339,0.5796614771039383,2.639648191581432,0.004981282817232775,0.05377049389706877,0.001887101028508065,3.9410975262038637,2.639648191581432,1.5708160214072273e-07,5.135735712891334e-06,5.943055262472732e-08,0.030585997980081103,2.643111921449064,0.004981273209565461,0.053770516783603034,0.0018870973887551072,3.9410975262038637,2.639648191581432,0.00016809303984700817,0.007719574581146138,6.354118999751367e-05,3.8767752439752297,2.6454185049663934,0.00016809312546084543,0.007719577380264783,6.354122236057346e-05,3.8767752439752297,2.6454185049663934,13,k_proj,model.layers.13.self_attn.k_proj,calibration,0.004981273209565463,3.3306690738754696e-16
0.5112491517555057,0.03058599798008071,0.0001305806873089439,0.0001305806873089439,1.4444766295237157e-07,0.15698273484493638,10141,2596096,0.0047527531796617405,0.05283507633597645,0.0017758182039991246,0.6082298544233424,2.6763737239310808,6.751046600210799e-05,0.006026749996489176,2.5224603499300553e-05,0.08147274164794371,2.6763737239310808,0.004820378032384679,0.05319983116988554,0.0018010855469409056,0.614333622032639,2.6763737239310808,0.004983491185038537,0.053772710173486296,0.0018620311283428467,2.567457535896404,2.6763737239310808,1.6540066393878086e-07,5.407724935001267e-06,6.17353503055419e-08,0.030585997980081103,2.679188878335936,0.004983439413538724,0.05377234384711429,0.0018620117844450384,2.567457535896404,2.6763737239310808,0.00017420205337727947,0.0077350332353584884,6.495309442186811e-05,2.6858068355046267,2.681966962895457,0.00017420214467023714,0.0077350362201542705,6.495312846142153e-05,2.6858068355046267,2.681966962895457,13,k_proj,model.layers.13.self_attn.k_proj,validation,0.004983439413538725,2.220446049250313e-16
0.04793363481056033,0.006331390260360215,6.135441322579703e-07,6.135441322579703e-07,0.0,0.07322964551645919,34221,70084608,2.5869798631776433e-05,0.003982237798461076,0.0019472527326914073,0.0754710864150333,0.013285280435077543,1.861935136041528e-06,0.001037466071146127,0.000140150232066265,0.038478285103146714,0.013285280435077543,2.773502053212327e-05,0.004120260551218824,0.0020876503636982793,0.08185568038016106,0.013285280435077543,3.1132242103176665e-05,0.0043863886510961785,0.002343363563555439,0.8050152112262392,0.013285280435077543,2.736318773118634e-09,4.3218292674995384e-07,2.0543132063614525e-07,0.006331390260360337,0.01331987140347081,3.113233725973828e-05,0.0043863948929748955,0.0023433707261111773,0.8050152112262392,0.013285280435077543,3.394991532065629e-06,0.0015828921701195042,0.00025492753192794506,0.8025037155006567,0.013317476956648287,3.3949920688627206e-06,0.00158289225490295,0.000254927572235662,0.8025037155006567,0.013317476956648287,13,o_proj,model.layers.13.self_attn.o_proj,calibration,3.113233725973826e-05,6.661338147750939e-16
0.04793363481056033,0.006331390260360215,5.296414308253624e-07,5.296414308253624e-07,0.0,0.07132416328209742,10141,20768768,2.5907377776646707e-05,0.003985096959289369,0.0019362318129952814,0.06922631525491091,0.01338030787572327,1.8848087722646262e-06,0.0010453937330224276,0.00014086437993585728,0.030689567496536174,0.01338030787572327,2.779239268280016e-05,0.004124728326874961,0.002077111598696891,0.07006083768815632,0.01338030787572327,3.117553000348468e-05,0.0043906315821579745,0.0023299561036296034,0.6429674630932816,0.01338030787572327,2.7118380923568894e-09,4.283163698398531e-07,2.0215976828734117e-07,0.006331390260360337,0.013414331225896537,3.117535279989533e-05,0.004390617621888691,0.0023299428600188432,0.6429674630932816,0.01338030787572327,3.3768896758987864e-06,0.001582539325884337,0.00025178639548101663,0.6601411273051658,0.013411724130080674,3.3768902144016737e-06,0.0015825394109372033,0.0002517864356326692,0.6601411273051658,0.013411724130080674,13,o_proj,model.layers.13.self_attn.o_proj,validation,3.117535279989532e-05,2.220446049250313e-16
0.5112491517555057,0.02473130454847349,4.28482099807136e-05,4.28482099807136e-05,0.0,0.15703044240470032,34221,70084608,0.003676825621525668,0.0455287071165669,0.002453257139062241,0.5739581398078926,1.498752643162036,4.702121583434462e-05,0.0050638572200403,3.137356657809808e-05,0.09914503968372657,1.498752643162036,0.00372420515061991,0.04581849546318543,0.0024848697799542572,0.5741772394130438,1.498752643162036,0.0037883895264648353,0.0462453174046693,0.002527694976051667,3.166450884719346,1.498752643162036,9.944563653844213e-08,4.021042899032201e-06,6.620191157112596e-08,0.024731304548474498,1.50215657189294,0.003788377394336333,0.046245240181678096,0.002527686881234582,3.166450884719346,1.498752643162036,6.468522105909633e-05,0.006200368807173694,4.3049534829246144e-05,3.1594241560674874,1.5025765392278236,6.46852753753232e-05,0.006200371003427703,4.304957097797166e-05,3.1594241560674874,1.5025765392278236,13,q_proj,model.layers.13.self_attn.q_proj,calibration,0.003788377394336331,6.661338147750939e-16
0.5112491517555057,0.02473130454847349,4.771587799526674e-05,4.771587799526674e-05,1.4444766295237157e-07,0.15698273484493638,10141,20768768,0.003670137592618073,0.045495568530523244,0.002427187502760565,0.5486123924277766,1.5120947963203657,4.772282563871682e-05,0.005100225773301271,3.1560736638237756e-05,0.08968634579102996,1.5120947963203657,0.0037181374967295944,0.0457905012147958,0.002458931480868503,0.5449305919887084,1.5120947963203657,0.003785067584686283,0.04622016226926792,0.0025031946369348823,2.2952046418374596,1.5120947963203657,9.727290582103129e-08,3.933189437313178e-06,6.419259378928275e-08,0.024731304548474498,1.515329106973575,0.0037850811466092695,0.046220214813062765,0.002503203605898349,2.2952046418374596,1.5120947963203657,6.802073053393478e-05,0.0062053841693629555,4.487266450133119e-05,2.3517821778990378,1.5158611883169293,6.802078332351651e-05,0.006205386303887708,4.487269932614374e-05,2.3517821778990378,1.5158611883169293,13,q_proj,model.layers.13.self_attn.q_proj,validation,0.0037850811466092695,0.0
0.5112491517555057,0.006482152542112583,0.00013389530551415798,0.00013389530551415798,0.0,0.15703044240470032,34221,8760576,0.0032150174603738273,0.04518888327929767,0.006505522091200724,0.30425025709075765,0.49419822349422404,3.699676587599077e-05,0.004803187609124014,7.486219924953488e-05,0.03876730809201545,0.49419822349422404,0.0032518593839627797,0.045444227855861156,0.006580070970248613,0.2990140358271146,0.49419822349422404,0.0032847134264631234,0.04550544324624519,0.0066465504534568886,3.3107594314468174,0.49419822349422404,2.0839899152943393e-08,3.214965864742132e-06,4.192254258254259e-08,0.006482152542112818,0.4971048478729807,0.00328471874984052,0.04550549339709774,0.0066465612252021985,3.3107594314468174,0.49419822349422404,3.397676589219573e-05,0.0016640417969733306,6.830573102887237e-05,3.3058977964774177,0.4974218909659862,3.3976786758227694e-05,0.0016640450159706964,6.830577297723118e-05,3.3058977964774177,0.4974218909659862,13,v_proj,model.layers.13.self_attn.v_proj,calibration,0.0032847187498405202,1.1102230246251565e-16
0.5112491517555057,0.006482152542112583,0.00015985541366729118,0.00015985541366729118,1.4444766295237157e-07,0.15698273484493638,10141,2596096,0.003213614169860939,0.04516640026625664,0.006462628551123267,0.31800649835141614,0.4972611599814726,3.755481536065233e-05,0.004843288955468776,7.55233233217965e-05,0.03285428134513135,0.4972611599814726,0.0032516431344333956,0.045432174228031426,0.006539105395954409,0.322052436150444,0.4972611599814726,0.003296721917227677,0.045507835426680604,0.0066297595359157135,2.7066890779036714,0.4972611599814726,2.0781781269919956e-08,3.2060000339249997e-06,4.155708540499154e-08,0.006482152542112818,0.5000779305717094,0.0032967075739959136,0.04550771730503016,0.006629730691451441,2.7066890779036714,0.4972611599814726,4.6268191388960295e-05,0.0016781527450580205,9.244291956535639e-05,2.6610000796235345,0.5005055185026805,4.6268212864011063e-05,0.0016781560580085627,9.244296247207764e-05,2.6610000796235345,0.5005055185026805,13,v_proj,model.layers.13.self_attn.v_proj,validation,0.003296707573995914,1.1102230246251565e-16
0.8091608483021654,0.00703072449753549,1.098672050787528e-06,1.098672050787528e-06,0.0,0.9582062387364713,34221,70084608,0.01190400926710358,0.08116528295750255,0.10765775107146626,2.8662891395358323,0.11057270980146486,1.410956518368208e-05,0.0028168296165487078,0.00012760440807696617,0.09206888728448925,0.11057270980146486,0.011916108849495243,0.0812178251455651,0.10776717755123136,2.857919204911583,0.11057270980146486,0.011920293791799852,0.08123432652191033,0.10780502542809105,2.8588893431916995,0.11057270980146486,7.832421930554678e-09,1.114027712691661e-06,7.322899420985326e-08,0.007030724497535612,0.10695793401325716,0.01192029607337118,0.08123435320729035,0.10780504606221797,2.8588893431916995,0.11057270980146486,4.291323280912473e-06,0.001757906215503526,4.012193700243035e-05,1.5326979404627372,0.1069570315274791,4.2913266660879236e-06,0.0017579066969866867,4.012196865229387e-05,1.5326979404627372,0.1069570315274791,14,down_proj,model.layers.14.mlp.down_proj,calibration,0.01192029607337118,0.0
0.8091608483021654,0.00703072449753549,9.629844196824772e-07,9.629844196824772e-07,0.0,0.9583030454671168,10141,20768768,0.011709322589934287,0.08068270015890945,0.10796423533547202,2.6638782967010224,0.10845556913871042,1.390817317375557e-05,0.002798029847473404,0.00012823844164210285,0.09394932261955835,0.10845556913871042,0.011720919427498042,0.08073236530493706,0.10807116241774035,2.652758639629126,0.10845556913871042,0.011725182952972457,0.08074952966810832,0.10811047368140596,2.6518904978778584,0.10845556913871042,7.6162186545098e-09,1.0832765040330544e-06,7.26746321623043e-08,0.007030724497535612,0.10479886072901608,0.011725181330230854,0.08074953274326076,0.10811045871913508,2.6518904978778584,0.10845556913871042,4.1827820547371155e-06,0.0017577662079654767,3.991335653761863e-05,0.8373924574587406,0.10479654976636237,4.182785399212108e-06,0.0017577666836596957,3.991338845159862e-05,0.8373924574587406,0.10479654976636237,14,down_proj,model.layers.14.mlp.down_proj,validation,0.011725181330230854,0.0
0.6668131670613927,0.1,0.0,0.0,0.0,0.09558386914285089,34221,560676864,0.0026325007398009955,0.040616917317860025,0.0009306414853752572,0.34998544311945734,2.8286948101604428,5.5034557313777696e-05,0.005806175148844472,1.945581301881632e-05,0.09940000924578296,2.8286948101604428,0.002687751958708053,0.04104470208124846,0.0009501738925860312,0.3554190080297901,2.8286948101604428,0.003521322288270158,0.047303187492484765,0.001244857619712757,0.4003551070661522,2.8286948101604428,9.266835023176571e-07,9.266835023176568e-06,3.271899266937049e-07,0.10000000000000053,2.832249487879745,0.0035213132539053823,0.0473031491667159,0.001244854425884726,0.4003551070661522,2.8286948101604428,0.0008333916832325952,0.025000673435238745,0.00029433773494636287,0.04999996837394427,2.831412980005653,0.0008333918191531063,0.02500067479444376,0.000294337782950844,0.05007932477590771,2.831412980005653,14,gate_proj,model.layers.14.mlp.gate_proj,calibration,0.003521313253905387,1.3322676295501878e-15
0.6668131670613927,0.1,0.0,0.0,0.0,0.09557572216127601,10141,166150144,0.0026344239903754976,0.04063029517072151,0.0009397438858446915,0.33173934259834503,2.8033425171024526,5.479525895020169e-05,0.005793819494380751,1.9546401702935078e-05,0.09129098320661955,2.8033425171024526,0.0026894154539758267,0.04105627670732357,0.0009593602770865183,0.3436079878635301,2.8033425171024526,0.0035226886659553533,0.04731141000402712,0.001256603017456611,0.3773168667290481,2.8033425171024526,9.261502656296222e-07,9.261502656296218e-06,3.299536272281727e-07,0.10000000000000142,2.8069103934692063,0.0035226867499306867,0.04731140371237685,0.001256602333977994,0.3773168667290481,2.8033425171024526,0.0008334102550432786,0.025001346596725465,0.0002970030130073902,0.04999996837394427,2.806066667823808,0.0008334103895881612,0.02500134794217428,0.00029700306095524693,0.05005476357255745,2.806066667823808,14,gate_proj,model.layers.14.mlp.gate_proj,validation,0.0035226867499306867,0.0
0.6668131670613927,0.028330732807872353,2.8358580531691064e-07,2.8358580531691064e-07,0.0,0.09558386914285089,34221,560676864,0.0030944521090607705,0.044095696377959924,0.0020846483583726594,0.391064905849551,1.4844000412023421,6.26661444657932e-05,0.006229193282966219,4.221647987494971e-05,0.11548664062780256,1.4844000412023421,0.003157372582198558,0.04454657280429377,0.0021270361725678295,0.3894968002298014,1.4844000412023421,0.0032243387631834307,0.04502944005117524,0.0021721494702814505,1.6356974608511798,1.4844000412023421,1.5833672850250387e-07,5.588868088103438e-06,1.0643655013921652e-07,0.02833073280787346,1.4876161271236537,0.0032243420303417762,0.04502947654049899,0.002172151671277311,1.6356974608511798,1.4844000412023421,6.696247141562596e-05,0.007082743909993461,4.501520315336229e-05,1.580225318839103,1.4875523539789774,6.696254407091611e-05,0.0070827464745331845,4.501525199553578e-05,1.580225318839103,1.4875523539789774,14,up_proj,model.layers.14.mlp.up_proj,calibration,0.0032243420303417715,1.5543122344752192e-15
0.6668131670613927,0.028330732807872353,2.588020627896657e-07,2.588020627896657e-07,0.0,0.09557572216127601,10141,166150144,0.0030951535440762153,0.04410089144248429,0.0021111194373132857,0.4067176628564746,1.4661195806217668,6.237672643416735e-05,0.006215174244743348,4.2545456222413993e-05,0.11492820005279247,1.4661195806217668,0.003157920682344053,0.044550473259266164,0.002153931182751689,0.43649457921194923,1.4661195806217668,0.003224915774719224,0.04503383837972545,0.002199626699857299,1.6060764736871231,1.4661195806217668,1.5655023487259927e-07,5.525809584039364e-06,1.0654865455567602e-07,0.02833073280787346,1.4692840141946173,0.0032249237694759146,0.045033895395491456,0.0021996321528618126,1.6060764736871231,1.4661195806217668,6.697360745782507e-05,0.007082856532763752,4.5584446031400036e-05,1.6322135804817375,1.4692206067765197,6.697367863534434e-05,0.007082859045142087,4.558449447716709e-05,1.6322135804817375,1.4692206067765197,14,up_proj,model.layers.14.mlp.up_proj,validation,0.0032249237694759155,2.220446049250313e-16
0.5221090241679995,0.021826114068106618,9.348700359428421e-05,9.348700359428421e-05,0.0,0.13882521822765992,34221,8760576,0.004587830726560939,0.048751635844500964,0.0018496967789066426,0.6606110101309217,2.4803150326470322,0.0001630616642116281,0.008599128267190862,6.57423198526544e-05,0.1389789159008603,2.4803150326470322,0.0047512079115403,0.049554887153021254,0.0019155663087159274,0.6828316492589313,2.4803150326470322,0.004905827574517521,0.04994414122309709,0.001977905028169725,4.769243692049452,2.4803150326470322,1.2669984997352053e-07,5.804965995236893e-06,5.0998210003058866e-08,0.02182611406810686,2.4843979811432813,0.004905845887731514,0.04994442282249219,0.0019779124115922955,4.769243692049452,2.4803150326470322,0.00015626197602836733,0.005536156056181902,6.28506687294325e-05,4.779918980915351,2.486242058951888,0.00015626209909952793,0.005536161694893408,6.28507182303088e-05,4.779918980915351,2.486242058951888,14,k_proj,model.layers.14.self_attn.k_proj,calibration,0.004905845887731513,2.220446049250313e-16
0.5221090241679995,0.021826114068106618,0.00017988548959668672,0.00017988548959668672,0.0,0.13876393631052164,10141,2596096,0.00459511437904298,0.04875370494199727,0.0018050781683974899,0.5580482085995822,2.545659495246361,0.00016226229479662888,0.0085876455581157,6.374076937612021e-05,0.128006663006206,2.545659495246361,0.004756611657607212,0.04954619303772826,0.001868518419878807,0.6023275377359241,2.545659495246361,0.0054129823508030205,0.05010963897808359,0.0021263575748881407,4.697343606760452,2.545659495246361,1.3358677717179708e-07,6.120502108389533e-06,5.249253200229996e-08,0.02182611406810686,2.544872043245008,0.0054129297352847475,0.05010933270655746,0.0021263369061701246,4.697343606760452,2.545659495246361,0.0006607946345965742,0.0057171252732344,0.00025901182535082064,4.771775965071727,2.551214152873351,0.0006607947562588848,0.005717130847397083,0.0002590118730388246,4.771775965071727,2.551214152873351,14,k_proj,model.layers.14.self_attn.k_proj,validation,0.005412929735284751,6.661338147750939e-16
0.059502935785008225,0.00665561399765493,1.5752388884018586e-05,1.5752388884018586e-05,0.0,0.11709579655492972,34221,70084608,4.854664570563935e-05,0.005348920698624018,0.0008406522401412194,0.10992939370063692,0.057748785273544385,5.588374231215387e-06,0.0016863287046533955,9.677042044684372e-05,0.07166196111998513,0.057748785273544385,5.414431640954166e-05,0.005636605948133501,0.000937583641856204,0.12276443182207863,0.057748785273544385,6.376045627397246e-05,0.005860578444440586,0.0011041003888125438,3.4085290638714776,0.057748785273544385,6.037371747796217e-09,9.071096595931583e-07,1.0453331576239218e-07,0.006655613997655241,0.05775547923419335,6.376040819938964e-05,0.005860575780845005,0.0011040995563347247,3.4085290638714776,0.057748785273544385,9.57431755605894e-06,0.0016704071133067972,0.0001656335826665533,3.4010187528016695,0.057804204931880036,9.574319822971504e-06,0.0016704074539083654,0.00016563362188364082,3.4010187528016695,0.057804204931880036,14,o_proj,model.layers.14.self_attn.o_proj,calibration,6.37604081993897e-05,8.881784197001252e-16
0.059502935785008225,0.00665561399765493,1.5552198377872004e-05,1.5552198377872004e-05,0.0,0.11283794012239917,10141,20768768,4.8506246965146636e-05,0.0053480805551514915,0.0008183619656203248,0.09573775078632307,0.05927236235664804,5.829744760633494e-06,0.001718644228878307,9.835519504951239e-05,0.0761028828416852,0.05927236235664804,5.435934405169378e-05,0.005647523759686438,0.0009171111440540853,0.13072554293133498,0.05927236235664804,6.609951166522453e-05,0.005870858565968165,0.0011151826759914986,5.129009141789921,0.05927236235664804,6.078695346997652e-09,9.133184931006285e-07,1.0255437929435925e-07,0.006655613997655019,0.0592728988154677,6.609882707026829e-05,0.005870841222563888,0.0011151711260054846,5.129009141789921,0.05927236235664804,1.1648900971826446e-05,0.0016714255914923907,0.0001963455479078172,5.121195162137675,0.05932857197910858,1.164890326586397e-05,0.0016714259361694606,0.0001963455865744739,5.121195162137675,0.05932857197910858,14,o_proj,model.layers.14.self_attn.o_proj,validation,6.609882707026829e-05,0.0
0.5221090241679995,0.02297044330148192,1.218527183600713e-05,1.218527183600713e-05,0.0,0.13882521822765992,34221,70084608,0.004353625475867926,0.04894540369448464,0.0031637723795618225,0.6668562380492806,1.3760868209080501,0.0001113405230024955,0.007754939199583959,8.091097255696721e-05,0.11117022273254751,1.3760868209080501,0.004465953355004878,0.04957245492461703,0.003245400862176626,0.6516819416332107,1.3760868209080501,0.004513707298534628,0.04991758438094247,0.0032801035733749195,2.831709073767419,1.3760868209080501,9.726240472890929e-08,4.234241518649072e-06,7.044617792746373e-08,0.022970443301483456,1.3806626220241134,0.0045137101078995025,0.04991762620870025,0.003280105614935693,2.831709073767419,1.3760868209080501,4.803344060371567e-05,0.005747294963652472,3.478821625994452e-05,2.911503688462833,1.3807388181331337,4.8033492720566224e-05,0.005747297232518158,3.478825400557018e-05,2.911503688462833,1.3807388181331337,14,q_proj,model.layers.14.self_attn.q_proj,calibration,0.004513710107899499,6.661338147750939e-16
0.5221090241679995,0.02297044330148192,1.661148123952273e-05,1.661148123952273e-05,0.0,0.13876393631052164,10141,20768768,0.004351807416385512,0.0489500783190882,0.003118859881096999,0.6864262188905259,1.39531995097351,0.00011123716848264576,0.0077477617582942665,7.972162112713717e-05,0.10461534197613975,1.39531995097351,0.0044637543090080434,0.04957222171003425,0.0031990901483876137,0.6850498380940411,1.39531995097351,0.004514007365448109,0.04992256429334224,0.0032351055844207642,1.8408641303284252,1.39531995097351,9.77350196338075e-08,4.2548164330595304e-06,6.982227053737695e-08,0.022970443301483456,1.3997685678452467,0.004514021515908893,0.04992267098071544,0.003235115725794271,1.8408641303284252,1.39531995097351,5.0129872033026234e-05,0.0057495891400307884,3.5809218375189814e-05,1.9997279040528113,1.399915281807949,5.0129925076874865e-05,0.005749591449252598,3.580925626594601e-05,1.9997279040528113,1.399915281807949,14,q_proj,model.layers.14.self_attn.q_proj,validation,0.004514021515908892,2.220446049250313e-16
0.5221090241679995,0.013131198788238835,3.355943718769177e-05,3.355943718769177e-05,0.0,0.13882521822765992,34221,8760576,0.0037897070582519257,0.049081192454241286,0.0019221050831989934,0.30787090729935684,1.9716440538956639,0.0001787773088344794,0.010566056358620301,9.067423122406048e-05,0.08010919061134292,1.9716440538956639,0.0039699618606580805,0.05023609622765222,0.0020135286857757362,0.31853269490048963,1.9716440538956639,0.003999149460358848,0.050339444644357315,0.002028332371888905,2.7604879495231316,1.9716440538956639,8.723200247600137e-08,6.643110342228013e-06,4.415657099703686e-08,0.01313119878823965,1.975515772768114,0.003999178331627686,0.050339624646139246,0.002028347015134871,2.7604879495231316,1.9716440538956639,2.9827717677378715e-05,0.003298960461514416,1.5097030390473491e-05,2.875732534624305,1.9757340951105566,2.9827825104607598e-05,0.0032989686425823144,1.5097084763796879e-05,2.875732534624305,1.9757340951105566,14,v_proj,model.layers.14.self_attn.v_proj,calibration,0.003999178331627688,4.440892098500626e-16
0.5221090241679995,0.013131198788238835,2.734875751898235e-05,2.734875751898235e-05,0.0,0.13876393631052164,10141,2596096,0.003791808335736272,0.04910271701626699,0.0019644150863923986,0.3135230357057379,1.9302480224278042,0.0001783680375774157,0.010549398115168885,9.240679721203395e-05,0.07492837425381538,1.9302480224278042,0.003970661357291632,0.050256700312998524,0.0020570731383511335,0.32244827014078536,1.9302480224278042,0.00400089738153517,0.0503549545925029,0.0020727374591494045,2.9568546341822213,1.9302480224278042,8.289008582774826e-08,6.312453810537849e-06,4.285519878814924e-08,0.01313119878823965,1.9341897406078508,0.00400089395761748,0.05035501852239456,0.0020727356853267403,2.9568546341822213,1.9302480224278042,3.081035174375848e-05,0.003296619720560251,1.592780883851854e-05,2.975855679534879,1.934374781624023,3.0810455710398004e-05,0.003296627638088665,1.5927862585414184e-05,2.975855679534879,1.934374781624023,14,v_proj,model.layers.14.self_attn.v_proj,validation,0.00400089395761748,0.0
0.7310742956446851,0.018481999366045256,4.7085945033751207e-07,4.7085945033751207e-07,0.0,0.9406653062823723,34221,70084608,0.012388278291776352,0.08079367089313536,0.07837179591479923,2.240567879607966,0.1580706189921192,2.121456180444692e-05,0.00340107291810231,0.00013420939286322778,0.12630529625836795,0.1580706189921192,0.012408054890006995,0.08085965313100138,0.07849690833832702,2.2222888608758327,0.1580706189921192,0.012436824540472824,0.08097733462490474,0.07867891338549687,2.386053542227547,0.1580706189921192,2.398926062892866e-08,1.2979797344329167e-06,1.5972664781038236e-07,0.018481999366045443,0.1501894703093452,0.012436824648966322,0.08097729786523405,0.07867891407185781,2.386053542227547,0.1580706189921192,2.8773519301721176e-05,0.004620875932904404,0.0001916110508889661,2.342593419646235,0.150166283041758,2.877352597075995e-05,0.0046208762937440875,0.0001916110952999926,2.342593419646235,0.150166283041758,15,down_proj,model.layers.15.mlp.down_proj,calibration,0.012436824648966331,6.661338147750939e-16
0.7310742956446851,0.018481999366045256,1.4444766295237157e-07,1.4444766295237157e-07,6.018652623015482e-09,0.941106135905606,10141,20768768,0.012389228507740293,0.08078130354209324,0.08121916897450546,2.2739883406637134,0.15254069530838524,2.046388955287586e-05,0.003340342785480176,0.00013415364019093304,0.11350644714660496,0.15254069530838524,0.012409851075161805,0.08084559176123636,0.08135436284771956,2.290739300013089,0.15254069530838524,0.01243875008517804,0.08096224170689421,0.08154381399685594,2.2969668805820755,0.15254069530838524,2.3848176060391324e-08,1.2903461139710177e-06,1.64806531676847e-07,0.018481999366045443,0.14470407099612337,0.012438746590539182,0.08096225379447644,0.0815437910873048,2.2969668805820755,0.15254069530838524,2.848676262523886e-05,0.004620664053340754,0.00019690060115999542,0.5225034932510582,0.14467585399646082,2.848676913340597e-05,0.004620664405476202,0.00019690064614446884,0.5225034932510582,0.14467585399646082,15,down_proj,model.layers.15.mlp.down_proj,validation,0.012438746590539184,1.1102230246251565e-16
0.8713639627291462,0.1,0.0,0.0,0.0,0.112367839740218,34221,560676864,0.004462153063695793,0.05303057689828943,0.0016125051544459725,0.45197241613245476,2.767217860602069,6.181632165692656e-05,0.006179193260643497,2.233879830606364e-05,0.21710514320958652,2.767217860602069,0.004524394303291672,0.05340140736436664,0.0016349975069571468,0.4666075273972594,2.767217860602069,0.005357750555412504,0.058278468137593575,0.0019361506123868424,0.5073233907274317,2.767217860602069,7.55140843478785e-07,7.551408434787831e-06,2.723497716233156e-07,0.10000000000000053,2.7726876324435223,0.0053577571000687834,0.058278493065576566,0.001936152977454072,0.5073233907274317,2.767217860602069,0.0008333554043007496,0.025000194267423028,0.000300648570430173,0.04999998398132033,2.7718588620207663,0.0008333555040238754,0.025000195264654215,0.0003006486064071584,0.05008545703489631,2.7718588620207663,15,gate_proj,model.layers.15.mlp.gate_proj,calibration,0.005357757100068781,4.440892098500626e-16
0.8713639627291462,0.1,0.0,0.0,0.0,0.11230247263583473,10141,166150144,0.004465167136548478,0.053049625294254575,0.0016350278296265544,0.47911147358008854,2.730942590480761,6.146483811499028e-05,0.006161222313389519,2.250682175789345e-05,0.17383061882174922,2.730942590480761,0.004527065653922801,0.05341801630418285,0.0016576934534262204,0.48055663005080107,2.730942590480761,0.005360455601943784,0.05829659174645074,0.001962859131725694,0.4797960121494331,2.730942590480761,7.64669815754117e-07,7.646698157541171e-06,2.7948089002676763e-07,0.10000000000000053,2.736036140721034,0.005360449341970138,0.058296566109422646,0.0019628568394864988,0.4797960121494331,2.730942590480761,0.0008334123805345733,0.025001863194409755,0.0003046976527870875,0.04999998398132033,2.7352110293968486,0.0008334124794789936,0.025001864183853986,0.0003046976889614153,0.05007994179781683,2.7352110293968486,15,gate_proj,model.layers.15.mlp.gate_proj,validation,0.005360449341970139,1.1102230246251565e-16
0.8713639627291462,0.03118999734926476,6.171112493059817e-07,6.171112493059817e-07,0.0,0.112367839740218,34221,560676864,0.005184916499940236,0.05722740132424427,0.0033833228754716112,0.6142325956168708,1.5324923723744504,7.080801475603727e-05,0.0066363059567096944,4.620448103524784e-05,0.12439407796209001,1.5324923723744504,0.005256152713012672,0.057621525150187786,0.003429806769523274,0.6036361318691341,1.5324923723744504,0.005337964481781471,0.05807243274800709,0.0034831915499264807,3.94856921172911,1.5324923723744504,1.5835327760466645e-07,5.0770532562549255e-06,1.0296722863523412e-07,0.031189997349265752,1.5378997735836886,0.0053379586103996365,0.0580723997806201,0.0034831877186631477,3.94856921172911,1.5324923723744504,8.18186787948232e-05,0.007798004725099772,5.320393518981243e-05,3.984522161368572,1.537831337154361,8.181875320202403e-05,0.0077980071107107765,5.320398357431275e-05,3.984522161368572,1.537831337154361,15,up_proj,model.layers.15.mlp.up_proj,calibration,0.005337958610399646,1.7763568394002505e-15
0.8713639627291462,0.03118999734926476,4.1528703098806826e-07,4.1528703098806826e-07,0.0,0.11230247263583473,10141,166150144,0.005187377099247595,0.057240169574748596,0.0034384874311971948,0.5194603464754435,1.5086218004413299,7.037819310491679e-05,0.006617055181134898,4.66506536524452e-05,0.10669407100986261,1.5086218004413299,0.005258344112443948,0.0576330017503948,0.0034855283881657286,0.5250981843469673,1.5086218004413299,0.005339846199633463,0.0580836063138814,0.003539552589039448,3.371852568402973,1.5086218004413299,1.6052766394364813e-07,5.146767476318232e-06,1.0602743979281494e-07,0.031189997349265752,1.5140199957419556,0.005339835746814598,0.05808355266473477,0.003539545660318902,3.371852568402973,1.5086218004413299,8.154730236699888e-05,0.007797645739085673,5.3864011212093304e-05,3.3442178654645307,1.5139478202969454,8.154737691905292e-05,0.007797648129340908,5.386406045556988e-05,3.3442178654645307,1.5139478202969454,15,up_proj,model.layers.15.mlp.up_proj,validation,0.005339835746814597,2.220446049250313e-16
0.5212994673120694,0.021530750564063266,3.44726191519827e-05,3.44726191519827e-05,0.0,0.1173367339088206,34221,8760576,0.0025847017386180504,0.03638975938643962,0.001728055523757992,0.4995806784243183,1.4957284086550153,9.164926221150667e-05,0.006385989916577543,6.127399979914753e-05,0.11454252803433396,1.4957284086550153,0.0026767094501740202,0.03699396816500198,0.0017895691722409441,0.5376949250895272,1.4957284086550153,0.0027458070623004754,0.03742612057511848,0.0018357658024089763,2.7438874398608313,1.4957284086550153,9.471934990746267e-08,4.3992590795026775e-06,6.323822568483752e-08,0.021530750564064505,1.497817955543514,0.002745810712802208,0.03742621984707313,0.0018357682430270134,2.7438874398608313,1.4957284086550153,6.875133275712611e-05,0.005406455224927352,4.5885240635818006e-05,2.729022633995017,1.4983321827336966,6.875140054804538e-05,0.005406458373490101,4.5885285880070286e-05,2.729022633995017,1.4983321827336966,15,k_proj,model.layers.15.self_attn.k_proj,calibration,0.002745810712802208,0.0
0.5212994673120694,0.021530750564063266,5.546790257371068e-05,5.546790257371068e-05,1.9259688393649542e-07,0.11736931145843606,10141,2596096,0.0025864684775292767,0.03642839490745752,0.001677979067542588,0.4288321562946731,1.5414187981004899,9.245305817209189e-05,0.006420205589489735,5.9979194678320376e-05,0.10776831818064103,1.5414187981004899,0.0026811268361167278,0.03705142388198097,0.0017393889573818061,0.42790484741920576,1.5414187981004899,0.002748982810586513,0.03749020119891155,0.0017834107213264296,2.2166579828721726,1.5414187981004899,9.142554380276323e-08,4.2462775986713885e-06,5.923610124142473e-08,0.021530750564064505,1.543409202947812,0.002748980972023002,0.03749012650803096,0.0017834095285529192,2.2166579828721726,1.5414187981004899,6.864528790556272e-05,0.005414887452195122,4.445655151928953e-05,2.21485279358717,1.5440983513032445,6.86453521420172e-05,0.005414890435670048,4.445659312056087e-05,2.21485279358717,1.5440983513032445,15,k_proj,model.layers.15.self_attn.k_proj,validation,0.0027489809720230027,3.3306690738754696e-16
0.0728716737642063,0.004019391533994654,5.136648549136495e-06,5.136648549136495e-06,0.0,0.22539602418836388,34221,70084608,9.627699242139624e-05,0.0077825733132272906,0.005388612308416314,0.10347390478886592,0.017866750642094635,2.70351178341432e-06,0.0011875885683651412,0.00015131524682752103,0.06246746358267308,0.017866750642094635,9.899469243825838e-05,0.007889338786105425,0.005540721669055128,0.12007505719131098,0.017866750642094635,0.00010152078383179159,0.007945806441716117,0.005682106716853448,2.057768178890008,0.017866750642094635,1.7053452083180294e-09,4.242794447604308e-07,9.494888181316389e-08,0.004019391533994998,0.01796066657924135,0.00010152077110796924,0.007945809826919737,0.00568210600470256,2.057768178890008,0.017866750642094635,2.5433830016653128e-06,0.0010066096229916863,0.00014155475265324868,2.053909073871268,0.01796748575369675,2.5433836936644767e-06,0.001006609795156841,0.00014155479116721627,2.053909073871268,0.01796748575369675,15,o_proj,model.layers.15.self_attn.o_proj,calibration,0.00010152077110796927,2.220446049250313e-16
0.0728716737642063,0.004019391533994654,6.50014483285672e-06,6.50014483285672e-06,0.0,0.21806705144956118,10141,20768768,9.648078490795907e-05,0.007791554146487365,0.005253750345525047,0.10591305793935246,0.01836417388773296,2.7710216011768102e-06,0.0012074854664408793,0.0001508927991053177,0.05385373561534301,0.01836417388773296,9.928241505567805e-05,0.007902180371765651,0.0054063098978820645,0.11742935318434389,0.01836417388773296,0.00010172731456508306,0.007958685844680555,0.0055394440929921514,1.488011927278201,0.01836417388773296,1.7401066868789066e-09,4.3292788775656036e-07,9.427313311136225e-08,0.004019391533994776,0.0184581399752925,0.000101727589476648,0.007958706534269775,0.005539459062985717,1.488011927278201,0.01836417388773296,2.477935653462248e-06,0.0010067801865123384,0.00013418668354431805,1.5069745603807205,0.018466330547947822,2.4779363209927167e-06,0.0010067803525898313,0.00013418671969283533,1.5069745603807205,0.018466330547947822,15,o_proj,model.layers.15.self_attn.o_proj,validation,0.000101727589476648,0.0
0.5212994673120694,0.02967633571321144,7.74777822828088e-06,7.74777822828088e-06,0.0,0.1173367339088206,34221,70084608,0.003154091921859287,0.04201656455810598,0.0020074936722952793,0.5755010434838308,1.571159085275242,6.893838264301587e-05,0.006129578885556394,4.387740445197437e-05,0.09410202263219247,1.571159085275242,0.0032235502437598057,0.04247734698353,0.002051702003934943,0.5919814388166724,1.571159085275242,0.0033051268812715733,0.04312161242291779,0.002103623313671364,3.869432536251381,1.571159085275242,1.315160124412418e-07,4.4316796289203865e-06,8.354688468529616e-08,0.029676335713212154,1.5741581859890454,0.003305133838796293,0.043121666657024556,0.0021036277419465045,3.869432536251381,1.571159085275242,8.197099795169806e-05,0.007425310134472056,5.206894588514437e-05,3.76147555164955,1.5742780376716816,8.197106123042403e-05,0.007425312266767857,5.206898608053836e-05,3.76147555164955,1.5742780376716816,15,q_proj,model.layers.15.self_attn.q_proj,calibration,0.0033051338387962916,4.440892098500626e-16
0.5212994673120694,0.02967633571321144,8.955755103047037e-06,8.955755103047037e-06,1.9259688393649542e-07,0.11736931145843606,10141,20768768,0.003153382217681724,0.04202277477137469,0.001977520778226427,0.4939453644471872,1.5946139491438813,6.935878137873221e-05,0.006148015619448809,4.34956569995952e-05,0.0888493463267781,1.5946139491438813,0.003223068055874738,0.04248533522928467,0.0020212215361624947,0.4983481240778911,1.5946139491438813,0.003302608714067139,0.043126598174283944,0.002071102360442945,2.611902268085,1.5946139491438813,1.3306466808612877e-07,4.483864496346511e-06,8.330175555708232e-08,0.029676335713212154,1.5973813180317256,0.0033026259857010794,0.04312666393249581,0.0020711131916751374,2.611902268085,1.5946139491438813,8.024601635521784e-05,0.0074250417275870464,5.023226966181476e-05,2.6402384380660493,1.5974993145933587,8.024608343262096e-05,0.007425043987886428,5.0232311650817515e-05,2.6402384380660493,1.5974993145933587,15,q_proj,model.layers.15.self_attn.q_proj,validation,0.0033026259857010802,2.220446049250313e-16
0.5212994673120694,0.02005295172459187,2.8765231875164374e-05,2.887937962070074e-05,0.0,0.1173367339088206,34221,8760576,0.01115792688436709,0.0840268776746071,0.0028570429448236904,0.5770277967403576,3.9054109790623577,0.0002249434069972543,0.01186255465202552,5.7597883603855825e-05,0.08999701684670702,3.9054109790623577,0.011385885590370896,0.08487949799086056,0.002915412910808304,0.5660105196591843,3.9054109790623577,0.01143213748867261,0.08501738376113409,0.0029272559405303174,2.5121693959818554,3.9054109790623577,1.4821494596855197e-07,7.391178515968256e-06,3.78492675431331e-08,0.020052951724592205,3.9159263993588755,0.011432148160081725,0.08501734962298789,0.002927258672997956,2.5121693959818554,3.9054109790623577,4.736560999623412e-05,0.005028884948899968,1.20946632743402e-05,2.541711631092017,3.916240487382899,4.736573301206241e-05,0.005028891083449635,1.2094694686054749e-05,2.541711631092017,3.916240487382899,15,v_proj,model.layers.15.self_attn.v_proj,calibration,0.011432148160081727,1.1102230246251565e-16
0.5212994673120694,0.02005295172459187,3.1200695197712256e-05,3.1200695197712256e-05,1.9259688393649542e-07,0.11736931145843606,10141,2596096,0.01115825207710655,0.08401141251393007,0.0029062994064629334,0.5458147366129028,3.839333295218378,0.00022631496291222424,0.011897318406358545,5.89464225974035e-05,0.08449315399755741,3.839333295218378,0.011386885320278964,0.08486514409747968,0.0029658496527145833,0.5477244137167201,3.839333295218378,0.01143141333677368,0.08500246377208485,0.002977447503974377,1.809675418461273,3.839333295218378,1.5241614289414203e-07,7.600683679262393e-06,3.958864368109293e-08,0.020052951724592205,3.849996582907288,0.011431460494972198,0.08500280624192624,0.002977459786887813,1.809675418461273,3.839333295218378,4.630829999484533e-05,0.005027209565737894,1.2027181572937772e-05,1.827090448559522,3.8503035573224507,4.630842187093293e-05,0.005027215643451005,1.2027213226568658e-05,1.827090448559522,3.8503035573224507,15,v_proj,model.layers.15.self_attn.v_proj,validation,0.011431460494972203,4.440892098500626e-16
1.1444030521422859,0.018145165785509298,2.4841403122351772e-05,2.4841403122351772e-05,0.0,0.9364558780866692,34221,70084608,0.03533192507017587,0.11898093576522335,0.11268110227678732,6.010539368267733,0.3135567930759794,4.3606218943151175e-05,0.004790136054838045,0.00013906960367650128,0.16092467215121364,0.3135567930759794,0.03532801794726616,0.11908521631175518,0.1126686416221436,5.988300090887084,0.3135567930759794,0.035733773885672004,0.11921095627767023,0.11396268451123363,11.056618464730116,0.3135567930759794,4.606712629123574e-08,2.538809886654484e-06,1.6572184846794363e-07,0.018145165785510287,0.2779785931493923,0.03573385620579873,0.11921094825001845,0.11396294704780928,11.056618464730116,0.3135567930759794,0.00022818864888820905,0.004582405872155413,0.0008177900640058369,9.272179716395252,0.2790308404707891,0.00022818866082321195,0.004582406529906517,0.0008177901067788969,9.272179716395252,0.2790308404707891,16,down_proj,model.layers.16.mlp.down_proj,calibration,0.03573385620579875,5.551115123125783e-16
1.1444030521422859,0.018145165785509298,2.2822730746474706e-05,2.2822730746474706e-05,0.0,0.9373669275905051,10141,20768768,0.035393201204644606,0.11868714740774444,0.11696870696304389,5.867328043599248,0.302586923661788,4.229646824018225e-05,0.004718554207846675,0.00013978286876487267,0.13950484133006502,0.302586923661788,0.035388677025633745,0.11878942237488418,0.11695375529574739,5.855823110910198,0.302586923661788,0.03573242995592388,0.11891003651935288,0.11808980217487279,10.78470113885711,0.302586923661788,4.622731462331456e-08,2.5476380414353468e-06,1.7247272783241644e-07,0.0181451657855094,0.26802680750913527,0.03573246627328192,0.11891005074051525,0.11808992219776605,10.78470113885711,0.302586923661788,0.00019072843396596278,0.004576902582800192,0.0007092350802381074,7.966377027431362,0.26892131999721536,0.00019072844545276786,0.004576903215850622,0.0007092351229524785,7.966377027431362,0.26892131999721536,16,down_proj,model.layers.16.mlp.down_proj,validation,0.03573246627328193,2.220446049250313e-16
1.0033412542868787,0.1,0.0,0.0,0.0,0.12641597424644224,34221,560676864,0.005977692664979692,0.061429848848899765,0.0028036777666202418,0.5162779982642574,2.1320897630064097,6.727271328998142e-05,0.0064480466066362185,3.155247703789063e-05,0.10479239182749178,2.1320897630064097,0.006045494859205031,0.06177960817455046,0.0028354785826092146,0.5231987146333203,2.1320897630064097,0.006878583124599189,0.06601874560148278,0.0032262164773493684,0.5470765551304948,2.1320897630064097,6.887567952152929e-07,6.887567952152916e-06,3.2199330172542337e-07,0.10000000000000142,2.139040754961491,0.006878568083935732,0.06601866753345338,0.003226209422926183,0.5470765551304948,2.1320897630064097,0.000833294351560652,0.02499927249875052,0.00038971716303195386,0.04999997631759023,2.138202857368969,0.000833294434686317,0.02499927333000716,0.00038971720190837043,0.05010159909616263,2.138202857368969,16,gate_proj,model.layers.16.mlp.gate_proj,calibration,0.006878568083935738,8.881784197001252e-16
1.0033412542868787,0.1,0.0,0.0,0.0,0.12616781120574894,10141,166150144,0.005979369794309806,0.06143907871335929,0.0028140836752726297,0.5162491778708036,2.124801706093733,6.691416108846531e-05,0.006430160677576317,3.1491955647701964e-05,0.10241125631310322,2.124801706093733,0.006046664006798858,0.06178590121303371,0.0028457544953289474,0.5112629165173904,2.124801706093733,0.006879776662007741,0.06602338235082338,0.003237844097299613,0.5436589179194826,2.124801706093733,6.962979219566611e-07,6.962979219566613e-06,3.2670529347452466e-07,0.10000000000000142,2.1312722378982696,0.006879750335665223,0.06602328530527811,0.0032378317072763734,0.5436589179194826,2.124801706093733,0.0008333164370690308,0.024999938936797632,0.0003911474176591615,0.049999980739600325,2.1304408502964143,0.0008333165193193566,0.02499993975930088,0.00039114745626634735,0.05012796068947445,2.1304408502964143,16,gate_proj,model.layers.16.mlp.gate_proj,validation,0.006879750335665227,6.661338147750939e-16
1.0033412542868787,0.04268388557187473,7.004034323770492e-06,7.004034323770492e-06,0.0,0.12641597424644224,34221,560676864,0.0070833648672283984,0.0669085837417262,0.0044821823909085515,1.026128075318887,1.5803383819444659,7.75177509573309e-05,0.006939588011952558,4.9051362570813604e-05,0.14469607747482582,1.5803383819444659,0.007161493885400573,0.0672793595919658,0.004531620548625157,1.0075820799802067,1.5803383819444659,0.007323619994957504,0.06800549923004162,0.004634210039210995,5.238520433539332,1.5803383819444659,4.013413099111396e-07,9.402642344622744e-06,2.5282738724585864e-07,0.042683885571875635,1.5874123222293974,0.007323659833542794,0.06800565743175556,0.0046342352481066,5.238520433539332,1.5803383819444659,0.00016332833536301431,0.010678247407170369,0.00010287942348711364,5.452866381806995,1.5875704764565708,0.00016332843421971923,0.010678249723189731,0.00010287948575628933,5.452866381806995,1.5875704764565708,16,up_proj,model.layers.16.mlp.up_proj,calibration,0.00732365983354279,6.661338147750939e-16
1.0033412542868787,0.04268388557187473,6.7830215061384475e-06,6.7830215061384475e-06,0.0,0.12616781120574894,10141,166150144,0.00708674899472085,0.06692638979428171,0.004519661776000701,1.0050871693581733,1.5679821513086054,7.719732185889831e-05,0.006924696934033186,4.923354630948511e-05,0.13528454288276048,1.5679821513086054,0.007164684721528089,0.06729712823166549,0.004569366249193967,0.9900112296555967,1.5679821513086054,0.007326432967295778,0.06802252845972392,0.004672523192423644,5.892875995217604,1.5679821513086054,4.0191729866698273e-07,9.4161366352227e-06,2.551914519638118e-07,0.042683885571875635,1.5749637990381347,0.007326493180683388,0.0680228054309812,0.004672561594255936,5.892875995217604,1.5679821513086054,0.00016239434495204528,0.010677681156146082,0.00010310099889740468,6.289941113974329,1.575099627440498,0.00016239444336048716,0.010677683461663512,0.00010310106137500301,6.289941113974329,1.575099627440498,16,up_proj,model.layers.16.mlp.up_proj,validation,0.007326493180683393,5.551115123125783e-16
0.5084650234913263,0.023877710994060983,4.737131439759212e-05,4.737131439759212e-05,0.0,0.10681119882984863,34221,8760576,0.0037560729070006556,0.04601507273374115,0.0017819422192569703,0.4829135227315895,2.107853367191027,9.860806886675594e-05,0.007027394607129264,4.6781275396857084e-05,0.10638740003874192,2.107853367191027,0.003856008159008383,0.046578220611086824,0.0018293531319718823,0.49145739393224197,2.107853367191027,0.003934782708562028,0.04696486765708351,0.001866725062477002,2.948391243429704,2.107853367191027,1.3914269860696322e-07,5.827304746320605e-06,6.587583942613653e-08,0.02387771099406244,2.1121962136509453,0.003934758119772198,0.04696486638490068,0.0018667133971542555,2.948391243429704,2.107853367191027,8.144638275962673e-05,0.0059988920498177545,3.854716324889948e-05,3.050377579491288,2.112902115097977,8.14464852540388e-05,0.005998896342290013,3.854721175773069e-05,3.050377579491288,2.112902115097977,16,k_proj,model.layers.16.self_attn.k_proj,calibration,0.0039347581197721965,4.440892098500626e-16
0.5084650234913263,0.023877710994060983,7.241642836012228e-05,7.241642836012228e-05,0.0,0.10660834576225224,10141,2596096,0.0037533994290342354,0.04600529833544604,0.0017357741694159082,0.5177239794237991,2.16237774197162,9.883296526324603e-05,0.007038692359386513,4.57056893182464e-05,0.10312625690875699,2.16237774197162,0.003850683280146201,0.04655918844191806,0.0017807634648677121,0.5476480766668672,2.16237774197162,0.003944084177983493,0.04695894265973101,0.0018239570734701251,2.722235770452805,2.16237774197162,1.3198941582740264e-07,5.5277248250568005e-06,6.093796226396701e-08,0.02387771099406244,2.1659637264478864,0.003944072287917131,0.046958877829690555,0.0018239515748626751,2.722235770452805,2.16237774197162,9.801227954200618e-05,0.006016280598768766,4.522641636207739e-05,2.7863557039854,2.1671467126055566,9.801237727245476e-05,0.006016284691725944,4.5226461458446735e-05,2.7863557039854,2.1671467126055566,16,k_proj,model.layers.16.self_attn.k_proj,validation,0.003944072287917133,4.440892098500626e-16
0.050307964715431995,0.008932531393021317,1.969048610502323e-06,1.969048610502323e-06,0.0,0.13814046017065545,34221,70084608,2.9492232899670837e-05,0.004235484791209948,0.0011782432869239102,0.08928614155265047,0.025030681886308442,1.855925653612364e-06,0.000992178276334788,7.414602854377446e-05,0.038321789820289,0.025030681886308442,3.135937957596353e-05,0.004363542941449527,0.0012528376061986882,0.09359661914687312,0.025030681886308442,3.849356037639935e-05,0.00484819685240147,0.0015378550433120634,1.909357217432749,0.025030681886308442,4.7144570582253485e-09,5.277851093709655e-07,1.8798589802244897e-07,0.008932531393021748,0.025078780418211776,3.8493499561873455e-05,0.004848196564920968,0.0015378526137128153,1.909357217432749,0.025030681886308442,7.150224157207394e-06,0.00223349956947138,0.0002851133308651853,1.9562243750716695,0.025078533281870107,7.150225437913732e-06,0.0022334997128469008,0.0002851133819330179,1.9562243750716695,0.025078533281870107,16,o_proj,model.layers.16.self_attn.o_proj,calibration,3.8493499561873475e-05,5.551115123125783e-16
0.050307964715431995,0.008932531393021317,4.188982225618776e-06,4.188982225618776e-06,0.0,0.1330791022365891,10141,20768768,2.9501277394624937e-05,0.004236001378869064,0.0011068299292822297,0.07440500957528551,0.02665384863034584,1.993107268649241e-06,0.0010237366981300437,7.477746633482627e-05,0.028136834638604835,0.02665384863034584,3.150068138554574e-05,0.004372818319339629,0.001181843636257531,0.07603873647204051,0.02665384863034584,4.008174508472687e-05,0.004857124943588357,0.001503788276155105,2.181168252497285,0.02665384863034584,4.902177606462228e-09,5.488004901155043e-07,1.8365718261392534e-07,0.008932531393021526,0.026692000479868697,4.00813851596392e-05,0.004857099124116531,0.0015037747724734167,2.181168252497285,0.02665384863034584,8.597943600899236e-06,0.0022349623028541754,0.00032195840912829646,2.1882465788826524,0.026705137549220093,8.59794492078788e-06,0.0022349624506161694,0.0003219584585528179,2.1882465788826524,0.026705137549220093,16,o_proj,model.layers.16.self_attn.o_proj,validation,4.008138515963921e-05,3.3306690738754696e-16
0.5084650234913263,0.03163715224746439,2.5683242745682474e-07,2.5683242745682474e-07,0.0,0.10681119882984863,34221,70084608,0.0033292632287988395,0.043496325709735946,0.002009094440478379,0.5911678024279055,1.6570964319656967,7.8586558810899e-05,0.006532703706638027,4.742425201994872e-05,0.13997472541559652,1.6570964319656967,0.0034083216002014894,0.04400935768828195,0.002056803414969905,0.574842518164774,1.6570964319656967,0.0034920908493804546,0.044687975845191165,0.0021073552401763567,1.7790364902202462,1.6570964319656967,1.587953755052584e-07,5.0192689361914755e-06,9.560899653862959e-08,0.031637152247466105,1.6608831935716337,0.0034920874188599563,0.04468798423060408,0.00210735316997668,1.7790364902202462,1.6570964319656967,8.363324453461309e-05,0.00790988016101611,5.035712872464989e-05,1.764650047580794,1.6608024852233978,8.36333148239718e-05,0.007909882382750796,5.035717104717731e-05,1.764650047580794,1.6608024852233978,16,q_proj,model.layers.16.self_attn.q_proj,calibration,0.0034920874188599607,1.2212453270876722e-15
0.5084650234913263,0.03163715224746439,4.8149220984123854e-08,4.8149220984123854e-08,0.0,0.10660834576225224,10141,20768768,0.0033227197013356025,0.043451703432237566,0.001996876359753167,0.5403981534220259,1.663958654779369,7.882288515430117e-05,0.006545937555991235,4.7370699342738554e-05,0.1431835162928099,1.663958654779369,0.0034017848506615734,0.043965762519674656,0.00204439265416281,0.5439406740849124,1.663958654779369,0.003484966254759012,0.04464164241753944,0.0020943827208381558,0.5520149929497684,1.663958654779369,1.5836222428089557e-07,5.005577715787861e-06,9.495500639464458e-08,0.03163715224746522,1.6677606615360845,0.003484964300956144,0.04464162238895204,0.002094381546648603,0.5520149929497684,1.663958654779369,8.340456710545383e-05,0.007908686878970686,5.0012662156864565e-05,0.2578987980823051,1.6676690163754062,8.340463812838968e-05,0.007908689123892573,5.001270474501315e-05,0.2578987980823051,1.6676690163754062,16,q_proj,model.layers.16.self_attn.q_proj,validation,0.003484964300956144,0.0
0.5084650234913263,0.009878570599917948,5.5133361094065045e-05,5.5133361094065045e-05,0.0,0.10681119882984863,34221,8760576,0.005411218941751111,0.05854886361336862,0.0049762057360030485,0.39762719917593525,1.087418653654274,0.00010824748221681364,0.008227814709958162,9.954536079829751e-05,0.06633018871983376,1.087418653654274,0.005519935608307222,0.05913723222369315,0.005076182562950764,0.40142652990368566,1.087418653654274,0.005541613026959106,0.059197763537560504,0.005096117312625176,2.223853301356561,1.087418653654274,5.2398984152062266e-08,5.304308312833994e-06,4.7941127905043755e-08,0.009878570599918035,1.0929860527238349,0.0055416191134444424,0.059197763340528495,0.005096122909811977,2.223853301356561,1.087418653654274,2.184731695192137e-05,0.0024901487131910975,1.9984905917666682e-05,2.163406961382031,1.0931908832559634,2.184738232464898e-05,0.002490155330821345,1.998496571758691e-05,2.163406961382031,1.0931908832559634,16,v_proj,model.layers.16.self_attn.v_proj,calibration,0.005541619113444443,1.1102230246251565e-16
0.5084650234913263,0.009878570599917948,6.086061532393255e-05,6.086061532393255e-05,0.0,0.10660834576225224,10141,2596096,0.0054193883569373024,0.05858645536899712,0.00485010244224447,0.3990186261624701,1.1173760598816107,0.00010887418950298266,0.008254596232809887,9.743737440957719e-05,0.06957440753514144,1.1173760598816107,0.005529434061689882,0.05918078343760499,0.004948588268729993,0.40231043792620413,1.1173760598816107,0.005547785786639378,0.05924009169689959,0.004965012215517829,1.446206178985677,1.1173760598816107,5.262541136251829e-08,5.327229362814438e-06,4.686537967414266e-08,0.009878570599918035,1.1229059004413369,0.005547802053159031,0.05924028049521325,0.004965026773302121,1.446206178985677,1.1173760598816107,1.941566346622585e-05,0.0024892943254075334,1.7287499525175058e-05,1.5015706085325125,1.1231042082142437,1.941573256254892e-05,0.0024893013199744473,1.7287561047803653e-05,1.5015706085325125,1.1231042082142437,16,v_proj,model.layers.16.self_attn.v_proj,validation,0.00554780205315903,2.220446049250313e-16
18.486479992002952,0.41800357495886586,1.2784547500073054e-05,1.2784547500073054e-05,0.0,0.9990858656154572,34221,70084608,0.22810190122965948,0.3336890989632238,0.11840975456605866,20.932171552802828,1.9263776203708414,0.00020584247351721928,0.005479885041501091,0.0001068546848450166,2.0008963586575135,1.9263776203708414,0.22824469639833708,0.3337395131776128,0.11848388082623092,21.41347387060037,1.9263776203708414,0.3627301447801008,0.3449936812677709,0.18829649023345313,224.3889332861905,1.9263776203708414,3.4903210723494256e-08,8.349978998846827e-08,2.9611202312085082e-08,0.418003574958866,1.1787164315597334,0.3627300932802612,0.344993627104274,0.1882964634994218,224.3889332861905,1.9263776203708414,0.11867199947833072,0.08743463635631635,0.07394659302739365,213.59982680398045,1.604833902683907,0.11867199947868866,0.08743463635717268,0.07394659302761669,213.59982680398045,1.604833902683907,17,down_proj,model.layers.17.mlp.down_proj,calibration,0.3627300932802605,1.7763568394002505e-15
18.486479992002952,0.41800357495886586,1.0785425500443743e-05,1.0785425500443743e-05,0.0,0.9991399285215185,10141,20768768,0.21965241734008992,0.3274675318047846,0.13192174114701113,20.932171552802828,1.6650206056279484,0.00018011561948194833,0.005308809286425254,0.00010817621047639781,2.0008963586575135,1.6650206056279484,0.2197739794801295,0.3275104109788798,0.13199475053778303,21.41347387060037,1.6650206056279484,0.3346652375789244,0.338494767170041,0.20099765519280663,224.3889332861905,1.6650206056279484,5.04778103385985e-08,1.207592790170893e-07,4.985721143929597e-08,0.418003574958866,1.0124475252704044,0.3346651530784977,0.338494765655342,0.20099760444242765,224.3889332861905,1.6650206056279484,0.10170329786228947,0.08624484343991477,0.07417663323524054,213.59982680398045,1.3710961717519863,0.10170329786280713,0.0862448434411532,0.0741766332356181,213.59982680398045,1.3710961717519863,17,down_proj,model.layers.17.mlp.down_proj,validation,0.33466515307849704,1.9984014443252818e-15
1.3803368515855685,0.1,0.0,0.0,0.0,0.1833693640692119,34221,560676864,0.013311681803566391,0.09130511065660879,0.005075737702109182,2.933852301831635,2.6226102657028223,8.277341134218379e-05,0.007118847704867492,3.156146089438177e-05,0.20345928803522284,2.6226102657028223,0.013395896347527081,0.0915950163920999,0.0051078486661597705,2.9711239611557083,2.6226102657028223,0.014229275602571612,0.09450891119142937,0.005425615764818327,2.9524029986670826,2.6226102657028223,8.453710692082351e-07,8.453710692082353e-06,3.2057973321987457e-07,0.10000000000000142,2.6370072141410894,0.014229269963853366,0.09450889292816433,0.0054256136147778425,2.9524029986670826,2.6226102657028223,0.0008333211142840085,0.024999887433152863,0.0003161112571137923,0.04999996966097253,2.6361639945774957,0.0008333212362664934,0.024999888652977646,0.00031611130338651475,0.050154130037254774,2.6361639945774957,17,gate_proj,model.layers.17.mlp.gate_proj,calibration,0.01422926996385335,1.1102230246251565e-15
1.3803368515855685,0.1,0.0,0.0,0.0,0.18321808977788187,10141,166150144,0.01331519529721719,0.0913186263223095,0.005030425652916774,2.795563106341497,2.6469321317763015,8.283822985799152e-05,0.007121106981108674,3.129594025608828e-05,0.1952733415918022,2.6469321317763015,0.013399519636334498,0.09160968123288646,0.00506228303909793,2.7504534856713576,2.6469321317763015,0.014232635549571474,0.09452298754730226,0.005377030781677143,2.773515184240729,2.6469321317763015,8.418289423811748e-07,8.418289423811758e-06,3.163488542170599e-07,0.10000000000000142,2.6610778928364995,0.014232638164746318,0.09452303893846799,0.0053770317696793715,2.773515184240729,2.6469321317763015,0.0008333912404395084,0.025001418121233358,0.00031327760643351944,0.049999948988037723,2.660232405141164,0.0008333913610242051,0.025001419327080297,0.00031327765176215183,0.05013216837902057,2.660232405141164,17,gate_proj,model.layers.17.mlp.gate_proj,validation,0.014232638164746321,2.220446049250313e-16
1.3803368515855685,0.057270489689215415,5.677066781910231e-06,5.677066781910231e-06,0.0,0.1833693640692119,34221,560676864,0.014203191354710076,0.09419490624342526,0.008094092586891387,3.908244370733968,1.7547601787645162,8.719018497720135e-05,0.00730392073079555,4.9687806933588966e-05,0.24391180642322752,1.7547601787645162,0.014291838596729355,0.09449292029317546,0.008144610739224713,3.8527775439040823,1.7547601787645162,0.014880471512177704,0.0954485323782558,0.008480059949077873,31.228621730513105,1.7547601787645162,3.235409522231211e-07,5.649348451163207e-06,1.830331216857527e-07,0.05727048968921622,1.767663411098919,0.014880456824487505,0.0954484822179664,0.008480051578879839,31.228621730513105,1.7547601787645162,0.0005566285977611653,0.014340350354416328,0.0003146505053893582,29.20794974149986,1.7690376726786945,0.0005566286795834079,0.014340351783114528,0.0003146505516417608,29.20794974149986,1.7690376726786945,17,up_proj,model.layers.17.mlp.up_proj,calibration,0.014880456824487489,1.1102230246251565e-15
1.3803368515855685,0.057270489689215415,6.3015292962972096e-06,6.3015292962972096e-06,0.0,0.18321808977788187,10141,166150144,0.014206749689430557,0.09420736191500943,0.007959414457380902,3.908244370733968,1.7848988472080873,8.711936217262795e-05,0.00730064373849692,4.880913128993208e-05,0.20075005635051646,1.7848988472080873,0.014295378347927426,0.09450620183137416,0.00800906918074828,3.8527775439040823,1.7848988472080873,0.014845721405757191,0.0954625014689068,0.008317402091988939,31.228621730513105,1.7848988472080873,3.2268038442481497e-07,5.634322077144375e-06,1.7950055522914405e-07,0.05727048968921622,1.797656748264052,0.014845709429142751,0.09546244876157141,0.008317395382020776,31.228621730513105,1.7848988472080873,0.0005257603403337652,0.014340746395592116,0.0002922529140256913,29.20794974149986,1.7989909256731886,0.0005257604234064387,0.01434074784612407,0.0002922529602030635,29.20794974149986,1.7989909256731886,17,up_proj,model.layers.17.mlp.up_proj,validation,0.014845709429142763,7.771561172376096e-16
0.7801551518477793,0.03161156489809467,2.1688071651909648e-06,2.1688071651909648e-06,0.0,0.14775687979877122,34221,8760576,0.0058881812806101715,0.05964575101192804,0.0031711330942619984,0.7529784590867035,1.8568067329827727,7.921430045289466e-05,0.006541648441441672,4.266157540566696e-05,0.1337559552254799,1.8568067329827727,0.00596862636486886,0.0600227359654915,0.0032144575193783706,0.7787056763839413,1.8568067329827727,0.006053132659331098,0.06049197131170306,0.0032599691458503875,0.8813985417500447,1.8568067329827727,1.617467490795751e-07,5.11669541197956e-06,8.696229362605761e-08,0.031611564898096134,1.8599641561329392,0.00605313496190199,0.06049203647711296,0.003259970385920693,0.8813985417500447,1.8568067329827727,8.368771956615165e-05,0.00790450052635764,4.499550372183153e-05,0.8501847191013923,1.8599129389354274,8.36877867405035e-05,0.007904502651350566,4.499553983876499e-05,0.8501847191013923,1.8599129389354274,17,k_proj,model.layers.17.self_attn.k_proj,calibration,0.006053134961901992,3.3306690738754696e-16
0.7801551518477793,0.03161156489809467,1.1555813036189725e-06,1.1555813036189725e-06,0.0,0.14760451847697464,10141,2596096,0.005894229905303429,0.059672665329968816,0.0031048580316556016,0.7178695685803334,1.898389506125165,7.944786178629352e-05,0.006559817602363632,4.1850137461229385e-05,0.13591852412492145,1.898389506125165,0.0059723200001089004,0.06004119954337532,0.0031459929486752714,0.78098761842074,1.898389506125165,0.006055216196795793,0.060502964036542234,0.0031896595389189633,0.7844758935209359,1.898389506125165,1.8168256053113798e-07,5.747344717568491e-06,9.555609537686047e-08,0.031611564898096134,1.9013183807333927,0.006055167351576453,0.06050273966149621,0.00318963380909946,0.7844758935209359,1.898389506125165,8.334692011664796e-05,0.007902903059725793,4.383825483322769e-05,0.2877101871676828,1.9012371827692887,8.334699374062834e-05,0.007902905388746221,4.38382935574758e-05,0.2877101871676828,1.9012371827692887,17,k_proj,model.layers.17.self_attn.k_proj,validation,0.006055167351576455,3.3306690738754696e-16
0.04963882701603446,0.017197297552991358,4.451762075918296e-06,4.451762075918296e-06,0.0,0.06038820963370445,34221,70084608,2.7957338831462762e-05,0.004172027169953984,0.0004897254618491853,0.06705773799207382,0.05708777878507047,2.6347005536058693e-06,0.0012273654682315002,4.615174402782848e-05,0.056099062468513594,0.05708777878507047,3.05976494923757e-05,0.004357748554996043,0.0005359754774760576,0.10506367581584053,0.05708777878507047,5.747798268012555e-05,0.0059877295898401895,0.0010068351563742592,2.154888277008265,0.05708777878507047,1.1925316666883866e-08,6.934413171684369e-07,2.0888881070266736e-07,0.017197297552991486,0.0570893032842165,5.747789959480165e-05,0.005987729361650585,0.0010068337009782767,2.154888277008265,0.05708777878507047,2.691798766560808e-05,0.004301937108408778,0.00047132267657108414,2.196954762394645,0.057111590431928545,2.691799057721551e-05,0.004301937277714881,0.0004713227275521093,2.196954762394645,0.057111590431928545,17,o_proj,model.layers.17.self_attn.o_proj,calibration,5.747789959480169e-05,6.661338147750939e-16
0.04963882701603446,0.017197297552991358,4.285280667587023e-06,4.285280667587023e-06,4.8149220984123854e-08,0.06062704345293857,10141,20768768,2.793706789924134e-05,0.004170701684486298,0.0004997493570046557,0.06675297318361234,0.05590215876752208,2.568547324349666e-06,0.0012142614743456373,4.594719382897848e-05,0.0513736031201133,0.05590215876752208,3.0509112097342915e-05,0.004351631067050372,0.0005457591042989924,0.0802209073112104,0.05590215876752208,5.824440750371277e-05,0.005983821591422303,0.0010418990748806553,2.46984891454532,0.05590215876752208,1.1562871664723278e-08,6.72365621929475e-07,2.0684023789706308e-07,0.017197297552991486,0.05590242876474403,5.824489371760929e-05,0.005983829375434653,0.0010419077724677832,2.46984891454532,0.05590215876752208,2.774346068067421e-05,0.004301719512174293,0.0004960733272817561,2.4948324601051812,0.05592612856791769,2.774346350280611e-05,0.004301719676277514,0.0004960733777435346,2.4948324601051812,0.05592612856791769,17,o_proj,model.layers.17.self_attn.o_proj,validation,5.82448937176093e-05,1.1102230246251565e-16
0.7801551518477793,0.019627759008522237,5.536165658513778e-06,5.536165658513778e-06,0.0,0.14775687979877122,34221,70084608,0.006794052212148571,0.06320746518071486,0.0041563497173887475,0.6733128309587406,1.6346199608095,8.346284531710109e-05,0.0068789234308913585,5.1059480073746585e-05,0.09832195803112076,1.6346199608095,0.006878348280381133,0.06360236575906192,0.004207918932407274,0.6661206342900021,1.6346199608095,0.006912136098676001,0.06378288945854764,0.004228589069261676,2.488739599332238,1.6346199608095,9.086395558786922e-08,4.6293596507077935e-06,5.534818529293913e-08,0.019627759008523427,1.6416790380200756,0.006912133775322008,0.06378287398203011,0.004228587647919683,2.488739599332238,1.6346199608095,3.3783537177566275e-05,0.004909114059518601,2.0578458782776267e-05,2.4878184543301938,1.641694236394534,3.378359234545644e-05,0.004909116870226132,2.057849238701812e-05,2.4878184543301938,1.641694236394534,17,q_proj,model.layers.17.self_attn.q_proj,calibration,0.006912133775322006,2.220446049250313e-16
0.7801551518477793,0.019627759008522237,5.8742049600631105e-06,5.8742049600631105e-06,0.0,0.14760451847697464,10141,20768768,0.006795804476678906,0.06321360569713284,0.004171488694786714,0.6958418647960929,1.6291077296150676,8.41407118374e-05,0.006905453167056126,5.164834117954932e-05,0.09505806403781891,1.6291077296150676,0.006880239846861316,0.0636091353026005,0.004223317906966784,0.7135126606691192,1.6291077296150676,0.006914696920691322,0.06379066396010585,0.004244468794169404,1.922149700890179,1.6291077296150676,9.367464958287175e-08,4.772559594918548e-06,5.725570545092672e-08,0.019627759008523427,1.6360753717925864,0.006914691774941166,0.06379065541866095,0.004244465635538417,1.922149700890179,1.6291077296150676,3.4576650068872934e-05,0.004910486807860284,2.1133577448577364e-05,1.7989560438737655,1.6361001895209422,3.457670734305808e-05,0.004910489725879864,2.1133612455104172e-05,1.7989560438737655,1.6361001895209422,17,q_proj,model.layers.17.self_attn.q_proj,validation,0.006914691774941166,0.0
0.7801551518477793,0.007584077251045921,0.00019781804301452325,0.00019781804301452325,0.0,0.14775687979877122,34221,8760576,0.005338877685654128,0.057677376632698306,0.007534473017679222,0.44959376412820706,0.7085933778151103,5.61088639305284e-05,0.0058961130028200495,7.918344382999384e-05,0.047295063593134457,0.7085933778151103,0.005396014549542364,0.05798713617491278,0.00761510722296126,0.4408109586764506,0.7085933778151103,0.005482529582017495,0.05808532378146676,0.0077372012689737885,3.85371162569677,0.7085933778151103,2.506080368700749e-08,3.3043972071291046e-06,3.5136125375459306e-08,0.00758407725104604,0.7132489259760871,0.0054825351426917215,0.05808536929373398,0.007737209116456421,3.85371162569677,0.7085933778151103,9.086864614649964e-05,0.0019838050543357637,0.000127265591222115,3.8678793980334194,0.714007967698887,9.086867053777838e-05,0.001983808270452634,0.0001272656253831886,3.8678793980334194,0.714007967698887,17,v_proj,model.layers.17.self_attn.v_proj,calibration,0.00548253514269172,2.220446049250313e-16
0.7801551518477793,0.007584077251045921,0.0001925968839364954,0.0001925968839364954,0.0,0.14760451847697464,10141,2596096,0.0053361508772457305,0.057658680412898816,0.007587343272682621,0.47971649246814546,0.7032963562434223,5.6521908633185e-05,0.005916273891972772,8.03671284962862e-05,0.046568929945623116,0.7032963562434223,0.005393291002402699,0.05796878482496058,0.007668589428232433,0.4676234295341821,0.7032963562434223,0.005458204405705064,0.058051779518802936,0.007760888219099332,3.4484461646082694,0.7032963562434223,2.547901229858488e-08,3.3595401859957425e-06,3.59892794250668e-08,0.00758407725104604,0.7079611680371283,0.005458223240611676,0.05805184763493386,0.0077609149999953875,3.4484461646082694,0.7032963562434223,7.045227443866696e-05,0.001973375822131735,9.942251852714726e-05,3.309288618820205,0.7086148639398027,7.045229997652024e-05,0.0019733791894304153,9.942255456626323e-05,3.309288618820205,0.7086148639398027,17,v_proj,model.layers.17.self_attn.v_proj,validation,0.005458223240611675,2.220446049250313e-16
0.8677332119678888,0.007314705481437474,2.454176529031881e-06,2.454176529031881e-06,0.0,0.941978782987557,34221,70084608,0.02859866465298247,0.13005954484924848,0.16280182652173866,2.4103071866977768,0.17566550243319132,2.3486983638222447e-05,0.0035341962596007353,0.00013370288026332867,0.09051765536792133,0.17566550243319132,0.02861501907753143,0.13009730856303692,0.16289492632973984,2.42563349468015,0.17566550243319132,0.028621492085592233,0.13010950558392007,0.16293177481718413,2.4267246844371657,0.17566550243319132,8.954307956607692e-09,1.2241515368364504e-06,6.729052318847805e-08,0.0073147054814377555,0.13306937637454588,0.028621529041926913,0.13010957786942184,0.16293198519619517,2.4267246844371657,0.17566550243319132,5.140725372587462e-06,0.0018297072944982375,3.8631589728411344e-05,1.6019205004348067,0.1330705106553446,5.140730276896339e-06,0.0018297079649707395,3.8631626583375324e-05,1.6019205004348067,0.1330705106553446,2,down_proj,model.layers.2.mlp.down_proj,calibration,0.028621529041926923,3.3306690738754696e-16
0.8677332119678888,0.007314705481437474,2.0704165023173257e-06,2.0704165023173257e-06,0.0,0.94258780780834,10141,20768768,0.02841767106026906,0.12960955295980217,0.16565788151475366,2.2548535249395556,0.17154433462761717,2.2921586712239145e-05,0.003486599781279636,0.00013361902485440033,0.0854877468583296,0.17154433462761717,0.02843418097112073,0.12964829440006437,0.16575412433668948,2.266017642812443,0.17154433462761717,0.028440824915729586,0.1296600412879638,0.16579285452631237,2.632811057219534,0.17154433462761717,8.952364631045799e-09,1.2238858630418147e-06,6.930540343439194e-08,0.0073147054814377555,0.12917267900360133,0.0284408600437682,0.1296601419359049,0.16579305930158922,2.632811057219534,0.17154433462761717,5.381866898766121e-06,0.0018293798630277655,4.1663573303557463e-05,1.824535657897386,0.1291743955698247,5.3818720004180575e-06,0.0018293805604792138,4.166361279785441e-05,1.824535657897386,0.1291743955698247,2,down_proj,model.layers.2.mlp.down_proj,validation,0.0284408600437682,0.0
0.3925844928411048,0.1,0.0,0.0,0.0,0.07135030276548027,34221,560676864,0.000790735483761283,0.022012184573883768,0.00027041734609892394,0.222280008599949,2.9241300351790915,3.3880280294343156e-05,0.004478791347279666,1.1586447896209281e-05,0.09874922288896615,2.9241300351790915,0.0008247006023396542,0.022485096418447453,0.0002820328071658908,0.22344925276645888,2.9241300351790915,0.0016580289199590828,0.03295710709647809,0.0005670161381374871,0.2461720958842033,2.9241300351790915,8.016203786143761e-07,8.01620378614375e-06,2.739766409784663e-07,0.10000000000000053,2.925871255854184,0.001658025488027213,0.032957075412378835,0.0005670149644783719,0.2461720958842033,2.9241300351790915,0.0008333147022916462,0.02499971314635729,0.0002848905745133351,0.04999999791732179,2.925034300327969,0.0008333148223316324,0.024999714346757195,0.00028489061555216533,0.050054142899433884,2.925034300327969,2,gate_proj,model.layers.2.mlp.gate_proj,calibration,0.0016580254880272118,8.881784197001252e-16
0.3925844928411048,0.1,0.0,0.0,0.0,0.0715938470688295,10141,166150144,0.000790709859228332,0.022014461085807843,0.0002710248195750773,0.20052935312918851,2.917481360076306,3.362240665108194e-05,0.004461370143261944,1.1524463227488301e-05,0.0853284631176332,2.917481360076306,0.0008244113229904526,0.02248332378823971,0.00028257638052874836,0.19917994182092946,2.917481360076306,0.0016577310190066964,0.0329554503344063,0.0005682062074814212,0.23918574089831357,2.917481360076306,8.071013167463759e-07,8.07101316746376e-06,2.765070825038667e-07,0.10000000000000053,2.9189173363582444,0.0016577333789360663,0.03295548146695513,0.0005682070163741197,0.23918574089831357,2.917481360076306,0.0008334178405236664,0.025001491584348088,0.0002856038329160956,0.04999999791732179,2.918090531258756,0.0008334179626432682,0.025001492805544076,0.00028560387476524336,0.050064680629470004,2.918090531258756,2,gate_proj,model.layers.2.mlp.gate_proj,validation,0.0016577333789360674,6.661338147750939e-16
0.3925844928411048,0.0489013163462807,8.898173476264575e-06,8.898173476264575e-06,0.0,0.07135030276548027,34221,560676864,0.0013931286441888273,0.029434284977441667,0.0012938146314610461,0.3133824085575778,1.0767606195762607,5.767637368496584e-05,0.0059205239977464475,5.3564713118560484e-05,0.09293306021243453,1.0767606195762607,0.0014509377201756496,0.030046456801439136,0.0013475025867370962,0.34800609127856674,1.0767606195762607,0.0016720223873407424,0.03217061077492815,0.0015528264657364013,6.321320873002879,1.0767606195762607,1.815948473842669e-07,3.713496096881216e-06,1.684678441391994e-07,0.048901316346281476,1.077919933695009,0.0016720202302663082,0.03217058476010838,0.001552824462436508,6.321320873002879,1.0767606195762607,0.000221407640814093,0.012236850242717211,0.00020533119365710118,6.247143163237361,1.0782952013800648,0.000221407677633184,0.012236850995643584,0.00020533122780275163,6.247143163237361,1.0782952013800648,2,up_proj,model.layers.2.mlp.up_proj,calibration,0.0016720202302663101,1.2212453270876722e-15
0.3925844928411048,0.0489013163462807,9.12427737649147e-06,9.12427737649147e-06,0.0,0.0715938470688295,10141,166150144,0.0013939901206231238,0.029442991727867546,0.0013083671420672314,0.27524223352315147,1.0654426237123376,5.7219022729861595e-05,0.005896611667130494,5.3704461841870465e-05,0.08469797792297218,1.0654426237123376,0.001451317503179349,0.030049555543622493,0.0013621733079558068,0.29976762235097776,1.0654426237123376,0.001675295863790628,0.03217258318367033,0.0015723942580346275,5.67344875944184,1.0654426237123376,1.7987917950589875e-07,3.678411808633859e-06,1.6866243201841943e-07,0.048901316346281476,1.066504125152508,0.0016752939316570428,0.03217255226198526,0.0015723924445783773,5.67344875944184,1.0654426237123376,0.0002244459528591841,0.012237053730954472,0.00021036791368346262,5.745769355209205,1.0669210381432241,0.00022444598883050807,0.01223705446654456,0.00021036794739853873,5.745769355209205,1.0669210381432241,2,up_proj,model.layers.2.mlp.up_proj,validation,0.0016752939316570419,4.440892098500626e-16
0.28375268170214074,0.03247343051843931,7.533751205400193e-06,7.533751205400193e-06,0.0,0.07829081386885976,34221,8760576,0.0016591544479215858,0.031913977760366904,0.0005990747972006987,0.2522674398411251,2.769528038359032,6.90682462940758e-05,0.0064057200496767126,2.493863406957934e-05,0.07540573840316434,2.769528038359032,0.0017289546375739654,0.032569890166043204,0.0006242777157794673,0.2665219392623257,2.769528038359032,0.0018184524807936988,0.03347332241539503,0.0006565929124411923,1.9093524376442481,2.769528038359032,2.119742146462549e-07,6.527620003864086e-06,7.649056491794122e-08,0.03247343051843998,2.771246556665649,0.0018184626158360578,0.03347342222453996,0.0006565965719247643,1.9093524376442481,2.769528038359032,8.972374540317738e-05,0.008125482432288389,3.237655288216289e-05,1.8112957911396137,2.7712568947575815,8.972387080884815e-05,0.008125486294081519,3.2376598134434895e-05,1.8112957911396137,2.7712568947575815,2,k_proj,model.layers.2.self_attn.k_proj,calibration,0.0018184626158360567,6.661338147750939e-16
0.28375268170214074,0.03247343051843931,4.237131446602899e-06,4.237131446602899e-06,0.0,0.07876731060792821,10141,2596096,0.0016612617337026165,0.031934798751704414,0.0006002974759258161,0.2603840180334007,2.7673974992823607,6.885434474820079e-05,0.006394268288134443,2.4880540206477765e-05,0.07442610098350144,2.7673974992823607,0.0017299956368654452,0.03258068643361746,0.0006251344945256568,0.28149063632698734,2.7673974992823607,0.0018186852375037164,0.03347980456581534,0.0006571825109964639,0.9060275530946207,2.7673974992823607,2.1609624716740135e-07,6.654555546408806e-06,7.803446769852999e-08,0.03247343051843998,2.769240997481324,0.001818718111878347,0.03348025057894767,0.0006571943901625899,0.9060275530946207,2.7673974992823607,8.882566463783673e-05,0.008117442343277213,3.2076201081716866e-05,0.9645466106100287,2.7692077503675003,8.882580083484701e-05,0.008117446537383229,3.20762502643794e-05,0.9645466106100287,2.7692077503675003,2,k_proj,model.layers.2.self_attn.k_proj,validation,0.0018187181118783481,5.551115123125783e-16
0.0781887985589936,0.01041680210337196,3.2817476841705387e-07,3.2817476841705387e-07,0.0,0.0887224338901917,34221,70084608,6.593475292002178e-05,0.0064225004464122165,0.0006047120221293698,0.06545227824832578,0.10903496293631805,8.107376662749346e-06,0.0021703082729884328,7.435575199383033e-05,0.029704444264559315,0.10903496293631805,7.405005693128522e-05,0.006804264964448395,0.0006791404787704124,0.07266307917701642,0.10903496293631805,8.312978010410693e-05,0.00722795612822917,0.000762413980483113,1.2949051752668792,0.10903496293631805,1.4541334423147075e-08,1.3959499545873106e-06,1.3327164792106614e-07,0.010416802103372369,0.10911048711395531,8.312938465952832e-05,0.007227934109828783,0.0007624103537145245,1.2949051752668792,0.10903496293631805,9.078217362971255e-06,0.0026044238252470263,8.320859799632361e-05,1.330746468705768,0.10910191472487443,9.078222985173803e-06,0.002604424364971451,8.320864952798152e-05,1.330746468705768,0.10910191472487443,2,o_proj,model.layers.2.self_attn.o_proj,calibration,8.31293846595283e-05,2.220446049250313e-16
0.0781887985589936,0.01041680210337196,9.629844196824771e-08,9.629844196824771e-08,3.37044546888867e-07,0.0892569072946455,10141,20768768,6.591840023649456e-05,0.006421574753306268,0.0006143134572256059,0.060619350427038476,0.10730417747024236,7.97265121934266e-06,0.002155397399157318,7.429954180072477e-05,0.028410415576419323,0.10730417747024236,7.389317465475816e-05,0.0067971071872875485,0.0006886327857575746,0.06504704934870498,0.10730417747024236,8.293724449335435e-05,0.007221165451505317,0.0007729172008830183,0.08846268447377437,0.10730417747024236,1.4529781420598723e-08,1.3948408807627602e-06,1.3531522369760687e-07,0.010416802103372369,0.10737728559699149,8.293700818764083e-05,0.007221158459375895,0.0007729149986787882,0.08846268447377437,0.10730417747024236,9.043489755023979e-06,0.0026043908989255523,8.422826467982456e-05,0.09642362517605374,0.10736882434181494,9.043495420652549e-06,0.002604391442818824,8.422831744773559e-05,0.09642362517605374,0.10736882434181494,2,o_proj,model.layers.2.self_attn.o_proj,validation,8.293700818764083e-05,0.0
0.28375268170214074,0.0232895007159644,3.3530900251307678e-06,3.3530900251307678e-06,0.0,0.07829081386885976,34221,70084608,0.0011240574854475042,0.025996403309973715,0.000734543343552491,0.24592414581609212,1.5302806775311526,4.265647239472956e-05,0.0049972678506971634,2.7874933677884842e-05,0.0544257494662439,1.5302806775311526,0.0011667361792413356,0.026485240399453856,0.000762432798356747,0.25148810959980317,1.5302806775311526,0.0012122399890270256,0.027064564276954018,0.0007921683955277854,1.26880336813627,1.5302806775311526,1.0210365062754403e-07,4.3841064638004185e-06,6.666377042421888e-08,0.023289500715964806,1.5316212986124451,0.0012122364284288631,0.027064538818571092,0.0007921660687662868,1.26880336813627,1.5302806775311526,4.5552012441206424e-05,0.005822985109732067,2.974153524557401e-05,1.299036595490458,1.5315958663561342,4.5552072603168256e-05,0.005822987692954554,2.974157452614609e-05,1.299036595490458,1.5315958663561342,2,q_proj,model.layers.2.self_attn.q_proj,calibration,0.0012122364284288623,6.661338147750939e-16
0.28375268170214074,0.0232895007159644,3.2741470269204222e-06,3.2741470269204222e-06,0.0,0.07876731060792821,10141,20768768,0.0011248701016365699,0.026002118109578767,0.0007372118940072124,0.2300181744348852,1.5258436696160587,4.247997212624689e-05,0.004986292858531568,2.7840317440210593e-05,0.052823548938105924,1.5258436696160587,0.0011675363970605295,0.026491663327282405,0.0007651743231036974,0.24435151720630782,1.5258436696160587,0.0012129420827694684,0.027070218274946965,0.0007949320804762886,0.9416894537148668,1.5258436696160587,1.0156581655474932e-07,4.361013050190824e-06,6.650285174295994e-08,0.023289500715964806,1.5272400189289803,0.001212954229817087,0.02707039291617713,0.0007949400413492539,0.9416894537148668,1.5258436696160587,4.549228023999241e-05,0.005823587778138678,2.97878006501154e-05,0.8937534793154764,1.5272117862725179,4.5492339009404754e-05,0.00582359030156814,2.9787839131623255e-05,0.8937534793154764,1.5272117862725179,2,q_proj,model.layers.2.self_attn.q_proj,validation,0.0012129542298170868,2.220446049250313e-16
0.28375268170214074,0.01525644716845253,3.44726191519827e-05,3.44726191519827e-05,0.0,0.07829081386885976,34221,8760576,0.0014136239735203907,0.02999355857661465,0.0008584161302627034,0.2180965870612681,1.6467816990901318,4.856700835806997e-05,0.005501650623832567,2.9492074380534997e-05,0.054075014966947554,1.6467816990901318,0.0014626606731241263,0.030505485530668102,0.0008881934223171566,0.228796311856847,1.6467816990901318,0.0015066427649080472,0.030725039853119893,0.0009149013289013879,3.3132921980675976,1.6467816990901318,8.783690133544951e-08,5.75736279656772e-06,5.330569225234334e-08,0.015256447168453313,1.6477959036652068,0.001506641408789371,0.030725104208654836,0.0009149005054050636,3.3132921980675976,1.6467816990901318,4.440698279128076e-05,0.0038349316519880818,2.6943690967192096e-05,3.341161929891105,1.6481402954536848,4.4407051781053854e-05,0.0038349361739958817,2.6943732826354988e-05,3.341161929891105,1.6481402954536848,2,v_proj,model.layers.2.self_attn.v_proj,calibration,0.0015066414087893708,2.220446049250313e-16
0.28375268170214074,0.01525644716845253,3.235627650133123e-05,3.235627650133123e-05,0.0,0.07876731060792821,10141,2596096,0.0014149586382044264,0.030001899329011143,0.0008675299634667706,0.19778144827470712,1.6310199045460685,4.8301947446203825e-05,0.005487341447709789,2.9614566512385273e-05,0.05240387302179017,1.6310199045460685,0.0014636327560205726,0.0305127095528456,0.0008973727125837366,0.20499773048262115,1.6310199045460685,0.001519825614919434,0.030732878619961743,0.0009318253018760177,2.6831226758802513,1.6310199045460685,9.396094013995033e-08,6.158769410891677e-06,5.7570649037788565e-08,0.015256447168453313,1.6320979823985602,0.001519845071309822,0.030733140620247516,0.0009318372308477818,2.6831226758802513,1.6310199045460685,5.6219075752982044e-05,0.0038369084262973446,3.443781283075158e-05,2.7065515592803093,1.6324810181551561,5.621915367564983e-05,0.003836913533821194,3.443786056341549e-05,2.7065515592803093,1.6324810181551561,2,v_proj,model.layers.2.self_attn.v_proj,validation,0.0015198450713098217,2.220446049250313e-16
0.6794691911832554,0.005114523464045695,6.848864732181993e-07,6.848864732181993e-07,0.0,0.9592100664956277,34221,70084608,0.022038019341011374,0.11663636238547592,0.34139640144558264,1.6187109360335976,0.06455258241649672,8.802695438057637e-06,0.0021672801127435365,0.0001363647294737517,0.07263708822597073,0.06455258241649672,0.0220455221581423,0.11665537723241431,0.3415126294391045,1.6069416540880452,0.06455258241649672,0.022048104639065192,0.11666211176401912,0.34155263528900576,1.654716641593748,0.06455258241649672,4.2485862381969914e-09,8.306905360907795e-07,9.627045566977064e-08,0.005114523464045728,0.04413177655220206,0.022048100024243164,0.11666209502563606,0.34155256379965776,1.654716641593748,0.06455258241649672,2.3048506420182168e-06,0.0012787562185020724,5.222736945437683e-05,1.1200806386260074,0.04413108808843258,2.3048531848944564e-06,0.0012787567156893973,5.222742707534993e-05,1.1200806386260074,0.04413108808843258,3,down_proj,model.layers.3.mlp.down_proj,calibration,0.022048100024243168,1.1102230246251565e-16
0.6794691911832554,0.005114523464045695,3.8519376787299083e-07,3.8519376787299083e-07,0.0,0.9601087074592003,10141,20768768,0.021819979026562727,0.11602286333976111,0.3468484893025911,1.6382475841885176,0.06290925202077773,8.525959083476078e-06,0.002132514621299439,0.00013552790423672684,0.06290145362719513,0.06290925202077773,0.02182725117197484,0.11604139304218526,0.34696408669373013,1.6404936470557918,0.06290925202077773,0.02182938285073963,0.11604705682934087,0.34699797167402024,1.6427767636549333,0.06290925202077773,4.2105224986608645e-09,8.232482514275643e-07,9.889729976113122e-08,0.005114523464045728,0.04257469626400953,0.02182938029398615,0.11604706179896503,0.34699793103208926,1.6427767636549333,0.06290925202077773,2.239318564901154e-06,0.0012787870786399166,5.2598877276200726e-05,0.7323738758651155,0.04257350500358251,2.2393210646020702e-06,0.0012787875673855326,5.259893599114365e-05,0.7323738758651155,0.04257350500358251,3,down_proj,model.layers.3.mlp.down_proj,validation,0.02182938029398615,0.0
0.3985322666919138,0.1,0.0,0.0,0.0,0.07412038318028404,34221,560676864,0.0007153934666805995,0.021061427764669655,0.00048693425288315133,0.2475290916483064,1.469178769915517,2.8316761444866728e-05,0.004069193898152352,1.9273870562732844e-05,0.11549748759711731,1.469178769915517,0.0007437714919999831,0.021472434464844935,0.0005062498228467818,0.2525888021992089,1.469178769915517,0.0015771001750932432,0.032240745969045956,0.001073456959348747,0.28318769743943556,1.469178769915517,5.840084031004351e-07,5.840084031004346e-06,3.9706108128897497e-07,0.10000000000000053,1.4708276147452555,0.0015770970974145436,0.03224071871192615,0.0010734548645194705,0.28318769743943556,1.469178769915517,0.0008333417888630174,0.02500026416377855,0.0005669014335590637,0.04999999278784384,1.4699941463037312,0.0008333418518787684,0.025000264793936106,0.0005669014764270923,0.05004112192173649,1.4699941463037312,3,gate_proj,model.layers.3.mlp.gate_proj,calibration,0.0015770970974145495,3.6637359812630166e-15
0.3985322666919138,0.1,0.0,0.0,0.0,0.07473760600532492,10141,166150144,0.0007156200831918398,0.021065355127143744,0.00048125866218737544,0.22108365856913959,1.4869760056666097,2.7952153153509005e-05,0.0040418086013008425,1.8797985338692864e-05,0.1065619107444975,1.4869760056666097,0.0007436619830342415,0.021471476887996613,0.0005001170026955874,0.2545765989224771,1.4869760056666097,0.0015769460867194305,0.032239584986378536,0.001060505402044122,0.24675206391744542,1.4869760056666097,5.931984025244065e-07,5.931984025244063e-06,3.9848655546927654e-07,0.10000000000000053,1.4886283975774994,0.0015769453089443982,0.03223957758406078,0.0010605048789858954,0.24675206391744542,1.4869760056666097,0.0008333906069820809,0.025000621900491574,0.0005601515777253962,0.04999999278784384,1.487794804338898,0.000833390670455913,0.025000622535229867,0.0005601516203884247,0.05004355309218145,1.487794804338898,3,gate_proj,model.layers.3.mlp.gate_proj,validation,0.001576945308944398,2.220446049250313e-16
0.3985322666919138,0.02734790244485872,3.415871285175769e-05,3.415692929323369e-05,0.0,0.07412038318028404,34221,560676864,0.0013192373405639646,0.028650158077990987,0.0013935048939811843,0.27017996559159996,0.9467044904269835,4.918324190482944e-05,0.00542990355057039,5.1952053045239886e-05,0.1494427314123732,0.9467044904269835,0.0013685273095170945,0.02918793885015624,0.001445569682361874,0.2817820333091894,0.9467044904269835,0.0014474968427314644,0.029896266982166308,0.0015289848705361197,3.5340740778033357,0.9467044904269835,9.387316785530783e-08,3.4325545823699918e-06,9.906315754938375e-08,0.027347902444859074,0.9476092845971654,0.0014474973804256396,0.029896287359781223,0.0015289854385002316,3.5340740778033357,0.9467044904269835,7.911518330714098e-05,0.006854596345745042,8.344891969713708e-05,3.4663466348858414,0.948067196007754,7.911521781162871e-05,0.006854597607431873,8.344895609169632e-05,3.4663466348858414,0.948067196007754,3,up_proj,model.layers.3.mlp.up_proj,calibration,0.0014474973804256411,9.992007221626409e-16
0.3985322666919138,0.02734790244485872,3.589524424366433e-05,3.587718828579529e-05,0.0,0.07473760600532492,10141,166150144,0.0013195188614370827,0.028653012331884834,0.001414895011154512,0.29662534438596905,0.9325913591004854,4.851042659320204e-05,0.005391163534178949,5.2016808991230544e-05,0.14411729343644875,0.9325913591004854,0.001368189602232473,0.029184531890492353,0.0014670837220196165,0.3179025886790031,0.9325913591004854,0.0014510705617985283,0.029893051698497767,0.0015559554006570819,4.3755347568749094,0.9325913591004854,9.326894688533242e-08,3.4104607135186864e-06,9.991578472032417e-08,0.027347902444859074,0.933475597938834,0.0014510705764601002,0.029893069491868984,0.001555955416378407,4.3755347568749094,0.9325913591004854,8.301834264343382e-05,0.006855986877664788,8.888642150968851e-05,4.358378495782198,0.9339822802337128,8.301837640858297e-05,0.006855988112317041,8.888645766149768e-05,4.358378495782198,0.9339822802337128,3,up_proj,model.layers.3.mlp.up_proj,validation,0.0014510705764600993,6.661338147750939e-16
0.28896481972041094,0.03571855800816563,5.136648549136495e-06,5.136648549136495e-06,0.0,0.09639946905317641,34221,8760576,0.0013194004538291727,0.027140606739528145,0.0004427249626769762,0.28854344696619405,2.9801808460297776,6.73547336674886e-05,0.005644344175960976,2.2600888049199817e-05,0.08396188932386894,2.9801808460297776,0.0013868366565764445,0.027754156309687205,0.00046535318768456624,0.30129731770809154,2.9801808460297776,0.001493816823007833,0.029129496754243745,0.0005012503939141507,0.9421406688281664,2.9801808460297776,2.590783496449332e-07,7.253326116516384e-06,8.684124747403435e-08,0.03571855800816692,2.983355918768878,0.0014938226043895576,0.02912950589130463,0.0005012523338574036,0.9421406688281664,2.9801808460297776,0.00010693257933847441,0.008927898967838197,3.5843551820636354e-05,0.9606412180090906,2.9833142617554347,0.00010693274755712694,0.008927903677397089,3.584360820713733e-05,0.9606412180090906,2.9833142617554347,3,k_proj,model.layers.3.self_attn.k_proj,calibration,0.001493822604389557,4.440892098500626e-16
0.28896481972041094,0.03571855800816563,4.237131446602899e-06,4.237131446602899e-06,0.0,0.09716247973880782,10141,2596096,0.0013191083298840361,0.02712660673552795,0.00044170741558707095,0.26679673752537525,2.9863848405868767,6.67456820440599e-05,0.005624656487875197,2.234999358988951e-05,0.07490261398457465,2.9863848405868767,0.0013868045985638191,0.027744564150124232,0.0004643757159881939,0.2675421711843131,2.9863848405868767,0.0014936391930397562,0.029126292613639488,0.0005001496032059385,0.5378878594615308,2.9863848405868767,2.6242689647130096e-07,7.347074213110936e-06,8.778468507407778e-08,0.03571855800816692,2.9894382630620595,0.001493609842525999,0.029125926166263777,0.0005001397750975989,0.5378878594615308,2.9863848405868767,0.00010662836494752268,0.008932520896035434,3.5668419859709863e-05,0.5714036415233821,2.989433380197685,0.0001066285337745196,0.008932525622625932,3.5668476334290646e-05,0.5714036415233821,2.989433380197685,3,k_proj,model.layers.3.self_attn.k_proj,validation,0.0014936098425259987,2.220446049250313e-16
0.06252980795432264,0.005210351265756162,1.2613325881768505e-05,1.2613325881768505e-05,0.0,0.10385661285285351,34221,70084608,4.122313504640538e-05,0.004998697774459655,0.0013466803818106008,0.0672834280818384,0.030610927138465638,3.3209958890828765e-06,0.0013687387218648797,0.00010849053588153882,0.027751365482217016,0.030610927138465638,4.4550775315778455e-05,0.005190858904626987,0.0014553879767919876,0.07228843925683393,0.030610927138465638,4.774072092515242e-05,0.005340580587050391,0.0015595973525794164,1.1181416038999554,0.030610927138465638,3.2921467563392217e-09,6.318473723597284e-07,1.0740780004338883e-07,0.005210351265756419,0.030650909477796907,4.774067768541053e-05,0.005340574713373753,0.001559595940020375,1.1181416038999554,0.030610927138465638,3.205111477374526e-06,0.0013051943194718357,0.00010452604732274016,1.1410669272005998,0.030663280201137365,3.2051126223610964e-06,0.001305194539224115,0.00010452608466338223,1.1410669272005998,0.030663280201137365,3,o_proj,model.layers.3.self_attn.o_proj,calibration,4.7740677685410535e-05,1.1102230246251565e-16
0.06252980795432264,0.005210351265756162,1.2518797455872202e-05,1.2518797455872202e-05,0.0,0.10089568143859087,10141,20768768,4.123381582937699e-05,0.004999083805735605,0.0013437540566236356,0.058906322057260985,0.030685537748613424,3.367514962617685e-06,0.0013779882841278342,0.00010974273907811348,0.02437183322714931,0.030685537748613424,4.460295002507539e-05,0.0051937889685994216,0.0014535495643087058,0.06618611875367408,0.030685537748613424,4.774924105060132e-05,0.005343577694921939,0.0015560829157298683,0.8182330110062055,0.030685537748613424,3.2155730358639685e-09,6.171509120695153e-07,1.0464146262356832e-07,0.005210351265756419,0.03072943511341677,4.774921304432225e-05,0.005343575028874142,0.00155608200304327,0.8182330110062055,0.030685537748613424,3.1494414919853074e-06,0.0013051549717289414,0.00010244837321725177,0.8251962703550464,0.030741742334030132,3.1494425815831416e-06,0.0013051551808507024,0.00010244840866084577,0.8251962703550464,0.030741742334030132,3,o_proj,model.layers.3.self_attn.o_proj,validation,4.774921304432225e-05,0.0
0.28896481972041094,0.026321897007572682,4.680057566991029e-06,4.680057566991029e-06,0.0,0.09639946905317641,34221,70084608,0.0010236918025789325,0.023441601123347533,0.0005320403490703782,0.41593058583716236,1.924086780951117,4.0778544815796354e-05,0.004430980111759616,2.1193713931987335e-05,0.11053941340171747,1.924086780951117,0.0010645841801215743,0.023872237812013936,0.0005532932249528411,0.42260061476716804,1.924086780951117,0.0011276366514666293,0.02476568630828324,0.0005860633016298852,3.386652016356095,1.924086780951117,1.248872833364791e-07,4.744615606563224e-06,6.488068830194094e-08,0.02632189700757337,1.9248760548790764,0.0011276356237568856,0.02476562774947651,0.0005860627675013033,3.386652016356095,1.924086780951117,6.30568538299716e-05,0.0065845779444660005,3.275823404946177e-05,3.336300445709835,1.9249161519134956,6.305693677309476e-05,0.0065845810955733495,3.275827713867534e-05,3.336300445709835,1.9249161519134956,3,q_proj,model.layers.3.self_attn.q_proj,calibration,0.0011276356237568865,7.771561172376096e-16
0.28896481972041094,0.026321897007572682,6.789040158761463e-06,6.837189379745587e-06,0.0,0.09716247973880782,10141,20768768,0.0010235085265905533,0.02343166205772896,0.0005328331084496422,0.4080999701474535,1.920880122424458,4.0482854272238536e-05,0.004418547540500996,2.107515914170776e-05,0.09899616944743772,1.920880122424458,0.001063924656692507,0.023857912346999147,0.0005538735313423223,0.40254568896853554,1.920880122424458,0.001127471826256015,0.02475357546155124,0.0005869558506508804,4.322802944460456,1.920880122424458,1.248657882333318e-07,4.743798982170946e-06,6.498210652185023e-08,0.02632189700757337,1.9215410967224595,0.0011274696614532657,0.024753548519569235,0.000586954723666055,4.322802944460456,1.920880122424458,6.333541357995314e-05,0.0065848441912391914,3.295953817495894e-05,4.254364839768801,1.9216110748806645,6.33354923845549e-05,0.006584847185119221,3.295957918461109e-05,4.254364839768801,1.9216110748806645,3,q_proj,model.layers.3.self_attn.q_proj,validation,0.0011274696614532655,2.220446049250313e-16
0.28896481972041094,0.012599050011709707,5.479091785745595e-05,5.479091785745595e-05,0.0,0.09639946905317641,34221,8760576,0.0012909153221151558,0.028657510152868937,0.0019566501613467267,0.2102128608334663,0.659757859435967,4.310568048645464e-05,0.005160527992183453,6.533560740497443e-05,0.0562615076951159,0.659757859435967,0.0013338333080805717,0.029133723882461233,0.0020217012787401697,0.20951835177871103,0.659757859435967,0.0013578030350170558,0.029292920091384636,0.0020580323759657126,1.612214564071552,0.659757859435967,3.607565277035967e-08,2.8633629310805616e-06,5.459570339383587e-08,0.012599050011710133,0.6607782394545134,0.0013578002073826767,0.029292922884092784,0.0020580280900988016,1.612214564071552,0.659757859435967,2.4530725533949465e-05,0.003168142115243618,3.7110812619382004e-05,1.609528638995915,0.6610128909205752,2.453074349059219e-05,0.003168143540481449,3.711083978472624e-05,1.609528638995915,0.6610128909205752,3,v_proj,model.layers.3.self_attn.v_proj,calibration,0.001357800207382677,1.1102230246251565e-16
0.28896481972041094,0.012599050011709707,7.626836603885218e-05,7.626836603885218e-05,0.0,0.09716247973880782,10141,2596096,0.0012894633568224173,0.02864153597474226,0.0019624235171719325,0.19716405076803667,0.6570769997093571,4.296494156974939e-05,0.005149534850624654,6.538798586581778e-05,0.048598028524124925,0.6570769997093571,0.0013329119952189624,0.029124514280432116,0.0020285476372001233,0.2017965224434327,0.6570769997093571,0.0013629410005891204,0.029294518618433428,0.002074248529764375,1.5066997967997864,0.6570769997093571,3.570817864184386e-08,2.8341961186483334e-06,5.4270623811456265e-08,0.012599050011710133,0.6579651408817239,0.0013629284310317006,0.029294446400765128,0.002074229400259879,1.5066997967997864,0.6570769997093571,2.9919957303436225e-05,0.0031783347045838003,4.544888888907103e-05,1.5521131346862047,0.6583209850622112,2.9919975784908928e-05,0.003178336171477946,4.5448916962720695e-05,1.5521131346862047,0.6583209850622112,3,v_proj,model.layers.3.self_attn.v_proj,validation,0.0013629284310317,4.440892098500626e-16
0.5494619654858206,0.0033289869740030973,4.523104416878525e-06,4.523104416878525e-06,0.0,0.9591389595843927,34221,70084608,0.01112775667437548,0.08254856327821797,0.38313204863537137,1.6614091689615809,0.02904418127903944,3.7437205123030634e-06,0.0014531490832449055,0.0001288974365066653,0.03380015806094727,0.02904418127903944,0.011130652357768405,0.08256133375584115,0.3832317478957879,1.659602128186303,0.02904418127903944,0.011132433535286973,0.08256554445996923,0.3832930743797902,2.491250735665214,0.02904418127903944,3.2044105368187676e-09,9.625782743647905e-07,1.5709166059890806e-07,0.0033289869740031897,0.02039834912052003,0.011132440136993327,0.08256556846846033,0.3832933016785489,2.491250735665214,0.02904418127903944,1.391275080940621e-06,0.0008333851417374468,6.81940357305694e-05,1.7011123437155826,0.02040171205642479,1.3912763026906632e-06,0.0008333855087409975,6.819409561525157e-05,1.7011123437155826,0.02040171205642479,4,down_proj,model.layers.4.mlp.down_proj,calibration,0.011132440136993332,4.440892098500626e-16
0.5494619654858206,0.0033289869740030973,3.7556392367616606e-06,3.7556392367616606e-06,0.0,0.9604359054903979,10141,20768768,0.011038931509968255,0.08212327105984293,0.39758846152892324,1.6410456263094177,0.027764717988842367,3.540532590509137e-06,0.0014136675324204278,0.00012751912668199796,0.02965823901948405,0.027764717988842367,0.011041956647465049,0.08213649051390351,0.39769741770481554,1.6413805327717923,0.027764717988842367,0.011043761003205928,0.08214041411972778,0.3977624050654509,2.385416036505175,0.027764717988842367,3.189309837262031e-09,9.58042149809585e-07,1.661434788457514e-07,0.0033289869740031897,0.019196118074685346,0.011043766032898781,0.08214042949603367,0.3977625862195637,2.385416036505175,0.027764717988842367,1.3875101809630165e-06,0.0008329976102289448,7.226992256004773e-05,1.531764562456259,0.019198999138405885,1.3875113455787768e-06,0.0008329979600698328,7.22699832202807e-05,1.531764562456259,0.019198999138405885,4,down_proj,model.layers.4.mlp.down_proj,validation,0.011043766032898784,3.3306690738754696e-16
0.41927710105115035,0.1,0.0,0.0,0.0,0.08505806296298325,34221,560676864,0.0009041612913270352,0.023688514777325177,0.0007229213608007972,0.2881855392184425,1.2507049042311797,2.575254920862864e-05,0.003892592495064441,2.0590427943079808e-05,0.12660256051251295,1.2507049042311797,0.0009299813769878667,0.02402529326087461,0.0007435657874545036,0.2946320322077771,1.2507049042311797,0.001763450466954843,0.0339182285978208,0.001409965261181136,0.30352146713939554,1.2507049042311797,5.270058726732113e-07,5.27005872673213e-06,4.2078302307378286e-07,0.10000000000000053,1.2524409108130832,0.0017634493766187803,0.03391821550236228,0.0014099643894039014,0.30352146713939554,1.2507049042311797,0.0008333465940314735,0.025000239882567072,0.0006658204892463257,0.04999999764177954,1.2516085153443968,0.000833346656937773,0.025000240511630058,0.0006658205395066896,0.050067428054652474,1.2516085153443968,4,gate_proj,model.layers.4.mlp.gate_proj,calibration,0.0017634493766187846,2.4424906541753444e-15
0.41927710105115035,0.1,0.0,0.0,0.0,0.08625403297874963,10141,166150144,0.0009045595203325312,0.023693083174741718,0.0007312228704408181,0.2712700247782722,1.2370503671298152,2.5177871456281814e-05,0.003846308207086497,2.035314981935547e-05,0.10821933593384436,1.2370503671298152,0.0009298310730131525,0.024022420262174046,0.0007516517497751786,0.27831152521693436,1.2370503671298152,0.0017630186397019343,0.03391315006509576,0.001425179351259935,0.2855942935946447,1.2370503671298152,5.372851196565922e-07,5.372851196565925e-06,4.337101627750806e-07,0.10000000000000053,1.2388114592906714,0.0017630133042350143,0.03391310919451139,0.0014251750382044104,0.2855942935946447,1.2370503671298152,0.0008333338803287576,0.02499965662207984,0.0006731415847551327,0.04999999764177954,1.2379771198237555,0.0008333339441247142,0.024999657260039426,0.0006731416362875524,0.05006334150588643,1.2379771198237555,4,gate_proj,model.layers.4.mlp.gate_proj,validation,0.0017630133042350132,6.661338147750939e-16
0.41927710105115035,0.03304968914172574,7.901164261345372e-07,7.91899984658543e-07,0.0,0.08505806296298325,34221,560676864,0.0012681810014987928,0.02813271437541649,0.0019523239299141177,0.2769069640261037,0.6495750946179202,3.505257095369389e-05,0.004597820761236841,5.396230742853804e-05,0.0895800965457133,0.6495750946179202,0.0013033639786300046,0.028525644680493862,0.0020064869934655403,0.29520085601624046,0.6495750946179202,0.00139452627174277,0.029550412627124188,0.002146828416448186,1.8430134358717538,0.6495750946179202,1.1262637766003652e-07,3.4077893191994594e-06,1.7300913080119825e-07,0.0330496891417269,0.6509851655717148,0.0013945380081742118,0.029550545244707373,0.002146846484307528,1.8430134358717538,0.6495750946179202,9.121976600618448e-05,0.008263030501040623,0.0001401436221797674,1.8764879057135424,0.6509020145716907,9.121979756726834e-05,0.008263031455999185,0.00014014367066799322,1.8764879057135424,0.6509020145716907,4,up_proj,model.layers.4.mlp.up_proj,calibration,0.0013945380081742116,2.220446049250313e-16
0.41927710105115035,0.03304968914172574,4.4538029410314563e-07,4.4538029410314563e-07,0.0,0.08625403297874963,10141,166150144,0.0012686598175662808,0.028138066026786226,0.0020017133798733845,0.27328329679489105,0.6337869498811703,3.4254185485210085e-05,0.004542658398175334,5.404684569733165e-05,0.08385998766489766,0.6337869498811703,0.0013029902988546083,0.02852132697188215,0.0020558806064071024,0.2618984850033108,0.6337869498811703,0.0013940088336789973,0.029545597857590186,0.0021994912232578506,1.044247986790893,0.6337869498811703,1.1059550622256107e-07,3.3463402862368426e-06,1.7411080411556342e-07,0.0330496891417269,0.63520185771559,0.001394020815303969,0.029545728934318984,0.0021995101280727473,1.044247986790893,0.6337869498811703,9.110464065006334e-05,0.00826252628294454,0.00014344566239408844,1.060854123291314,0.6351160371776977,9.110467130379233e-05,0.008262527210448862,0.00014344571065885768,1.060854123291314,0.6351160371776977,4,up_proj,model.layers.4.mlp.up_proj,validation,0.0013940208153039688,2.220446049250313e-16
0.27298406165415845,0.030708015190072466,2.157392390637328e-05,2.157392390637328e-05,0.0,0.09753298470328892,34221,8760576,0.0014551945927644072,0.029020982016796894,0.00048519955394344744,0.2891158348765952,2.9991672105576948,5.290368639168614e-05,0.005353371152757091,1.7639458782242656e-05,0.08389999843508988,2.9991672105576948,0.001508694738015369,0.029527612701068847,0.0005030378875524006,0.2964842711503426,2.9991672105576948,0.0015954086284044192,0.030480651744002885,0.0005319505437336897,1.7586896938289787,2.9991672105576948,1.852472212887046e-07,6.032536461314269e-06,6.172223889480471e-08,0.030708015190073823,3.0013043046676846,0.0015954171114102647,0.03048083676600522,0.0005319533721874737,1.7586896938289787,2.9991672105576948,8.653459317533994e-05,0.007688128656895383,2.8830080751022764e-05,1.7435328624585598,3.00153835581158,8.653470536395996e-05,0.007688132310293994,2.883011812806304e-05,1.7435328624585598,3.00153835581158,4,k_proj,model.layers.4.self_attn.k_proj,calibration,0.0015954171114102651,2.220446049250313e-16
0.27298406165415845,0.030708015190072466,3.1200695197712256e-05,3.1200695197712256e-05,0.0,0.09877499714956611,10141,2596096,0.0014557931048184826,0.0290246610272499,0.0004857078064024466,0.2738253103810866,2.997261080898183,5.241540404221322e-05,0.005335174536891855,1.7487767207288463e-05,0.07428532042761837,2.997261080898183,0.0015083560946566868,0.029521537467215923,0.0005032448138300587,0.2957021865292706,2.997261080898183,0.0015948124494737832,0.03047617496827409,0.0005320899335855884,1.493918532940869,2.997261080898183,1.790728166749089e-07,5.831468284957768e-06,5.969533308353212e-08,0.030708015190073823,2.9997791690739204,0.0015948252102777657,0.03047604106752444,0.0005320941910738879,1.493918532940869,2.997261080898183,8.64740504536159e-05,0.007690507814816479,2.88237903842708e-05,1.4610920270087124,3.000092954492375,8.647416412934945e-05,0.007690511516642626,2.882382827500795e-05,1.4610920270087124,3.000092954492375,4,k_proj,model.layers.4.self_attn.k_proj,validation,0.001594825210277766,1.1102230246251565e-16
0.04941546072171429,0.0026378932247043438,1.3226870014026474e-05,1.3226870014026474e-05,0.0,0.07344351558618976,34221,70084608,2.4824130016610273e-05,0.003884633437681248,0.0015204836032348052,0.05964633955821941,0.016326470054525626,2.0285852588597635e-06,0.0010810322285904968,0.00012425130797317992,0.03523916244538888,0.016326470054525626,2.685470972706087e-05,0.004037617563410106,0.0016448570718210372,0.06223570935130329,0.016326470054525626,2.8410282881529762e-05,0.004088832859104624,0.001740136280938117,1.3343991588138404,0.016326470054525626,1.4374751595531074e-09,5.449330344726972e-07,8.79471985457069e-08,0.002637893224704424,0.01634475211630578,2.8410137261742754e-05,0.004088820128370044,0.00174012736169308,1.3343991588138404,0.016326470054525626,1.5731169888317542e-06,0.0006623844323199021,9.619834417424828e-05,1.3453255445992152,0.016352848922038598,1.5731176969110312e-06,0.0006623847007459587,9.619838747430448e-05,1.3453255445992152,0.016352848922038598,4,o_proj,model.layers.4.self_attn.o_proj,calibration,2.841013726174275e-05,2.220446049250313e-16
0.04941546072171429,0.0026378932247043438,1.300028966571344e-05,1.300028966571344e-05,0.0,0.073132985066808,10141,20768768,2.482691787193071e-05,0.003884697105555063,0.0015710865516565563,0.048946465882678813,0.015802387109579142,1.9911447540388862e-06,0.0010709873899127473,0.00012600278301193416,0.02831733264569669,0.015802387109579142,2.6818935216536323e-05,0.004035342966366899,0.001697144553576917,0.05664929884541903,0.015802387109579142,2.904664952760011e-05,0.00408681443304163,0.0018381178315770102,1.4416064894780372,0.015802387109579142,1.3844076888690047e-09,5.248156657380133e-07,8.751698079725147e-08,0.002637893224704424,0.015818732276382218,2.9046535325114247e-05,0.0040868091861831265,0.001838110604663439,1.4416064894780372,0.015802387109579142,2.2352135709231068e-06,0.0006625764625025348,0.0001412129482694058,1.4123848869588527,0.01582867292494149,2.2352142270679785e-06,0.0006625767112407572,0.00014121298972233587,1.4123848869588527,0.01582867292494149,4,o_proj,model.layers.4.self_attn.o_proj,validation,2.9046535325114264e-05,5.551115123125783e-16
0.27298406165415845,0.030007605268378926,4.865547653487624e-06,4.865547653487624e-06,0.0,0.09753298470328892,34221,70084608,0.001074076214988792,0.024073598842739168,0.0005802958403300113,0.3864578926089041,1.850911449542651,3.518421912721017e-05,0.004238043098552547,1.900913149351579e-05,0.07803657068307679,1.850911449542651,0.0011094104674270091,0.024453074058029843,0.0005993860309747059,0.40368188300436647,1.850911449542651,0.0011849912811610164,0.025582481840093294,0.0006402204067913786,1.5818013858628053,1.850911449542651,1.376292020877926e-07,4.586477356552741e-06,7.430602550696557e-08,0.030007605268380644,1.8521943698212067,0.001184987457425565,0.025582460887833124,0.0006402183409251524,1.5818013858628053,1.850911449542651,7.55920216450486e-05,0.007502277573814884,4.081297791706733e-05,1.6737575383029135,1.8521564831327153,7.559209349888922e-05,0.007502279968335881,4.08130167117595e-05,1.6737575383029135,1.8521564831327153,4,q_proj,model.layers.4.self_attn.q_proj,calibration,0.0011849874574255644,4.440892098500626e-16
0.27298406165415845,0.030007605268378926,6.259398727936101e-06,6.2112495069519775e-06,0.0,0.09877499714956611,10141,20768768,0.0010744767998085599,0.02408045590363372,0.0005827212498476656,0.4223649834576085,1.8438950014083895,3.483574453552014e-05,0.004217526163471668,1.889247734220884e-05,0.07757498946396935,1.8438950014083895,0.001109535947191729,0.02445556449113328,0.0006017348853075971,0.4322146071268751,1.8438950014083895,0.0011855190063582645,0.025587421371649263,0.0006429427952528482,1.2558020718124165,1.8438950014083895,1.353582841047459e-07,4.510799275521734e-06,7.335535032252832e-08,0.030007605268380644,1.8452407835229945,0.0011855259226483303,0.025587436708674895,0.0006429465461660296,1.2558020718124165,1.8438950014083895,7.586519892543544e-05,0.007503747119139455,4.1114355899998925e-05,1.263716382434927,1.8452240650433591,7.586526927361887e-05,0.007503749463484596,4.1114394024465636e-05,1.263716382434927,1.8452240650433591,4,q_proj,model.layers.4.self_attn.q_proj,validation,0.0011855259226483303,0.0
0.27298406165415845,0.011643317407621777,4.565909821454662e-07,4.565909821454662e-07,0.0,0.09753298470328892,34221,8760576,0.0008753950918355847,0.02359525758631929,0.001740827254955238,0.1772750591549697,0.5028615500726945,2.4540416634246646e-05,0.003916307421276398,4.8801537183940684e-05,0.03363385905166483,0.5028615500726945,0.0008999867893387887,0.023924598954861175,0.0017897307702461746,0.18098380017070687,0.5028615500726945,0.0009112541457800072,0.02407205853101751,0.0018121372486090354,0.6908802518068109,0.5028615500726945,2.8659050289795063e-08,2.4614162172573516e-06,5.6885337687777724e-08,0.011643317407622256,0.5038038175512614,0.000911252905268082,0.02407206478364412,0.0018121347817035324,0.6908802518068109,0.5028615500726945,1.139357742388521e-05,0.002909200441191646,2.2615575185953797e-05,0.6610816883660808,0.5037933959319149,1.1393594669523235e-05,0.002909201922353537,2.2615609417522064e-05,0.6610816883660808,0.5037933959319149,4,v_proj,model.layers.4.self_attn.v_proj,calibration,0.0009112529052680823,2.220446049250313e-16
0.27298406165415845,0.011643317407621777,0.0,0.0,0.0,0.09877499714956611,10141,2596096,0.0008761028417183315,0.02361204419560837,0.0017695322382076354,0.17477609151840978,0.4951041991785008,2.4291521352425663e-05,0.003900159751487661,4.906345248683256e-05,0.031798115750892864,0.4951041991785008,0.0009004751026200861,0.023937072193648327,0.0018187587665671084,0.17877296149212052,0.4951041991785008,0.0009118332750665448,0.024088404933781307,0.001841699740336478,0.17385465507336595,0.4951041991785008,2.8825165101966536e-08,2.4756831831362266e-06,5.810502371015078e-08,0.011643317407622256,0.4960873133062823,0.0009118377306878349,0.024088438221954833,0.0018417087396972135,0.17385465507336595,0.4951041991785008,1.130310705317826e-05,0.002911329022943724,2.278507315303262e-05,0.005821647533736096,0.49607508289583235,1.1303122305396518e-05,0.0029113303328984156,2.2785103898818456e-05,0.0058568006633130665,0.49607508289583235,4,v_proj,model.layers.4.self_attn.v_proj,validation,0.0009118377306878351,2.220446049250313e-16
0.39574008851539433,0.005974751188610353,4.394688203150112e-06,4.394688203150112e-06,0.0,0.9371224438467288,34221,70084608,0.005724860297560058,0.0596349183508589,0.2804661371516565,1.5856728638580628,0.020411948321819876,2.9139580307819816e-06,0.0012695029178004563,0.00014275746659945398,0.047549850935667104,0.020411948321819876,0.005728740083221221,0.05965339463035282,0.28065621139640734,1.5763466612153112,0.020411948321819876,0.005735344712059488,0.05967182157774354,0.2809797781982695,3.483675020663634,0.020411948321819876,4.622867940224597e-09,7.73733967204718e-07,2.7590907612159774e-07,0.005974751188610572,0.016755041208529223,0.005735337521943484,0.059671792820345376,0.2809794259479164,3.483675020663634,0.020411948321819876,5.4635751852719905e-06,0.001495967391143147,0.00032580998109725865,3.04712310619128,0.016769207520505765,5.463576128205109e-06,0.001495967548962794,0.0003258100373272933,3.04712310619128,0.016769207520505765,5,down_proj,model.layers.5.mlp.down_proj,calibration,0.005735337521943482,2.220446049250313e-16
0.39574008851539433,0.005974751188610353,3.851937678729909e-06,3.851937678729909e-06,6.018652623015482e-09,0.9392157734151587,10141,20768768,0.005725195270946901,0.059526868672153746,0.28979851592403755,1.4292979250819422,0.019755778433481,2.8049387158462625e-06,0.0012450250101327966,0.00014198067290998809,0.050227160186734704,0.019755778433481,0.0057287582631236,0.05954471586809898,0.28997886782404975,1.4243815363813923,0.019755778433481,0.005734440091338386,0.05956296922803365,0.29026647118191884,2.333196909730866,0.019755778433481,4.496417747038964e-09,7.525698736393359e-07,2.801530807923394e-07,0.005974751188610461,0.016049860077647648,0.0057344384024134885,0.05956295483646962,0.29026638569174673,2.333196909730866,0.019755778433481,4.871998488867596e-06,0.0014958628247727795,0.00030332765407503946,1.8781300967666743,0.016061834202767165,4.871999381312949e-06,0.0014958629741422382,0.0003033277096381428,1.8781300967666743,0.016061834202767165,5,down_proj,model.layers.5.mlp.down_proj,validation,0.005734438402413485,6.661338147750939e-16
0.4235353544941099,0.1,0.0,0.0,0.0,0.0853197038642208,34221,560676864,0.000942557959256823,0.02411164365479707,0.0007991575194625353,0.29402363781874774,1.1794395176194175,2.5897898380538563e-05,0.003911120638352804,2.195780113660336e-05,0.10801217582448142,1.1794395176194175,0.0009685367634692428,0.024443777065191456,0.0008211839174459228,0.297767624982904,1.1794395176194175,0.0018018969067193308,0.034236660241820656,0.0015277569386146076,0.3011505272975419,1.1794395176194175,5.883959570694872e-07,5.883959570694899e-06,4.981238068669374e-07,0.10000000000000053,1.181224324069827,0.0018018937501416625,0.034236630601720976,0.0015277542622775667,0.3011505272975419,1.1794395176194175,0.0008333355022912218,0.025000247870109456,0.0007059830535350444,0.04999999414525158,1.1803902347492476,0.0008333355685941781,0.02500024853313898,0.0007059831097054145,0.050053476991598345,1.1803902347492476,5,gate_proj,model.layers.5.mlp.gate_proj,calibration,0.00180189375014166,1.3322676295501878e-15
0.4235353544941099,0.1,0.0,0.0,0.0,0.0863008340215462,10141,166150144,0.000943315424132336,0.024121119201721112,0.0008071644696806731,0.25574423342665686,1.1686780818109181,2.525823105831013e-05,0.0038613948083313482,2.1612650610484103e-05,0.09036662106478832,1.1686780818109181,0.000968651970119014,0.02444489774905089,0.0008288441318400062,0.2669370151845347,1.1686780818109181,0.0018022122200912708,0.034238758690945295,0.0015420946521891331,0.2963922092294373,1.1686780818109181,5.836889313800414e-07,5.836889313800415e-06,4.986735407738268e-07,0.10000000000000053,1.170483058865105,0.001802208396537708,0.03423872292612235,0.0015420913804981326,0.2963922092294373,1.1686780818109181,0.0008333239748506891,0.02500017879840113,0.0007124615861088307,0.04999998213319268,1.1696405688367826,0.0008333240400903574,0.025000179450797806,0.0007124616418863662,0.05004955688371204,1.1696405688367826,5,gate_proj,model.layers.5.mlp.gate_proj,validation,0.0018022083965377074,4.440892098500626e-16
0.4235353544941099,0.02295824805342389,1.247777543394407e-05,1.2475991875420063e-05,0.0,0.0853197038642208,34221,560676864,0.001196587200034297,0.027326458946680923,0.0021646381400064777,0.3743908364612664,0.5527885598609641,3.2278063225876146e-05,0.004398362472960991,5.839133724835883e-05,0.13123601278907887,0.5527885598609641,0.0012289718416569305,0.027695606011600527,0.002223222278634055,0.37486495669031705,0.5527885598609641,0.001277800225476518,0.02821278947651717,0.002311553310361392,2.9524348232320694,0.5527885598609641,6.064362617057645e-08,2.641474472680081e-06,1.0948355320250411e-07,0.022958248053424057,0.5539062662536002,0.0012777987486757467,0.02821278173230209,0.002311550638814116,2.9524348232320694,0.5527885598609641,4.888723639260644e-05,0.005745654124405322,8.824291148202298e-05,2.909957940771479,0.5540075182420272,4.888725562479282e-05,0.00574565496210802,8.824294619668974e-05,2.909957940771479,0.5540075182420272,5,up_proj,model.layers.5.mlp.up_proj,calibration,0.001277798748675748,9.992007221626409e-16
0.4235353544941099,0.02295824805342389,1.124284309979292e-05,1.124284309979292e-05,0.0,0.0863008340215462,10141,166150144,0.0011967530679486112,0.027327254818807042,0.0022196467485638698,0.285629736316677,0.5391637514946559,3.14870584092237e-05,0.004342310833857383,5.839980585107231e-05,0.12834640670101216,0.5391637514946559,0.001228354329195774,0.02768745104563285,0.0022782583691699633,0.2860087598574339,0.5391637514946559,0.0012765210382006003,0.028204349448394395,0.002367594324844468,2.472095814945682,0.5391637514946559,6.034701231738324e-08,2.6285547650219443e-06,1.1168847317764785e-07,0.022958248053424057,0.5403154918359154,0.0012765197864066493,0.028204333834536226,0.002367592003112067,2.472095814945682,0.5391637514946559,4.8256127343097425e-05,0.005744687884702969,8.929658823296236e-05,2.514811165741829,0.5404028115520373,4.8256147035470855e-05,0.005744688742450191,8.929662467313812e-05,2.514811165741829,0.5404028115520373,5,up_proj,model.layers.5.mlp.up_proj,validation,0.0012765197864066508,1.2212453270876722e-15
0.23957949360524575,0.031007355153142752,2.511250401800064e-06,2.511250401800064e-06,0.0,0.07828509221311475,34221,8760576,0.0011368997726639196,0.024812501191957933,0.0003257377326231487,0.2688105523360187,3.4902305100134576,6.4640846104531e-05,0.005577195294139238,1.8520509152354455e-05,0.08672356744176724,3.4902305100134576,0.0012022324485877675,0.025460154876011495,0.00034445646072331533,0.29407239314392264,3.4902305100134576,0.0012841505032493504,0.026625470405949706,0.00036792713248168783,1.6937788345216003,3.4902305100134576,2.3398282817254823e-07,7.546042770075887e-06,6.698614030163806e-08,0.031007355153143124,3.4930035843075213,0.0012841588884737454,0.026625560452953154,0.0003679295349661,1.6937788345216003,3.4902305100134576,8.204108024196102e-05,0.007749462155824446,2.3487485313448537e-05,1.7295213652086279,3.492969943231244,8.204122514350155e-05,0.007749466828958928,2.3487526797212464e-05,1.7295213652086279,3.492969943231244,5,k_proj,model.layers.5.self_attn.k_proj,calibration,0.0012841588884737454,0.0
0.23957949360524575,0.031007355153142752,3.0815501429839266e-06,3.0815501429839266e-06,1.9259688393649542e-07,0.07942652159242185,10141,2596096,0.001135744999387918,0.02481154125475864,0.0003242910813139407,0.2691026307502282,3.5022393918025227,6.42878026433528e-05,0.005551711007566067,1.835619883490184e-05,0.07978817226348012,3.5022393918025227,0.0012010334837264987,0.025454936602393615,0.00034293300638947875,0.2780020154117251,3.5022393918025227,0.001285456790659498,0.02661847803750467,0.00036703852788255655,1.937952181769246,3.5022393918025227,2.4072547696061044e-07,7.763495976089783e-06,6.868407650229882e-08,0.031007355153143124,3.5048222123588357,0.001285475902253726,0.0266186001879202,0.00036704398484654156,1.937952181769246,3.5022393918025227,8.500083387129228e-05,0.007748725878395859,2.4252359441922635e-05,1.952479447079627,3.504848015915508,8.500098827494893e-05,0.007748730857977505,2.4252403496231396e-05,1.952479447079627,3.504848015915508,5,k_proj,model.layers.5.self_attn.k_proj,validation,0.0012854759022537267,5.551115123125783e-16
0.037041513938603436,0.004422438287004189,1.0844035825954824e-06,1.0844035825954824e-06,0.0,0.09001731164708804,34221,70084608,1.2491233412096952e-05,0.0027735426353620567,0.0012605312223803865,0.045318546933420634,0.009909499416054537,1.2452866819799282e-06,0.0008365601325424091,0.0001256659524054686,0.029024058553777765,0.009909499416054537,1.3739058341168558e-05,0.0029047821909056796,0.0013864533176024707,0.052443813463858735,0.009909499416054537,1.546734022373103e-05,0.0030877791688902023,0.0015608598955737512,0.9708869772773827,0.009909499416054537,1.8468332154019048e-09,4.1760519775460126e-07,1.861109688933323e-07,0.004422438287004393,0.009923290531362497,1.54671845652595e-05,0.0030877643661039902,0.0015608441875682305,0.9708869772773827,0.009909499416054537,1.7256682234236292e-06,0.0011057576993735465,0.00017390895954567438,0.9685139848539177,0.009922825298545991,1.725668710422801e-06,0.0011057578094936082,0.00017390900862435482,0.9685139848539177,0.009922825298545991,5,o_proj,model.layers.5.self_attn.o_proj,calibration,1.5467184565259512e-05,8.881784197001252e-16
0.037041513938603436,0.004422438287004189,8.185367567301056e-07,8.185367567301056e-07,2.407461049206193e-07,0.08654957289715018,10141,20768768,1.2497658127458837e-05,0.002774280562433644,0.001246285360027529,0.042385600706993376,0.010027926611593012,1.2769048798589664e-06,0.000845912389153662,0.00012733488479889468,0.034418190725559294,0.010027926611593012,1.3775523880882102e-05,0.0029083835892838327,0.0013737160645907196,0.052946945255984756,0.010027926611593012,1.542869927492345e-05,0.003091169644579084,0.0015385732138373204,0.3688968018212999,0.010027926611593012,1.88622621649624e-09,4.265127276143386e-07,1.8783018886809943e-07,0.004422438287004282,0.010042188786919714,1.5428690495280103e-05,0.0030911690401032076,0.0015385723383180144,0.3688968018212999,0.010027926611593012,1.6509281898974649e-06,0.0011058539425941893,0.00016441889835417878,0.3444914208507335,0.010040988027672828,1.650928677049206e-06,0.0011058540527487488,0.00016441894687049406,0.3444914208507335,0.010040988027672828,5,o_proj,model.layers.5.self_attn.o_proj,validation,1.542869049528011e-05,4.440892098500626e-16
0.23957949360524575,0.027872737051548958,4.9368899944478535e-06,4.9368899944478535e-06,0.0,0.07828509221311475,34221,70084608,0.0008068262961140315,0.020700059644735293,0.0004546368054937669,0.39837815180379854,1.7746611940882404,4.199622186702338e-05,0.004458668732274964,2.3664360277286387e-05,0.13492513605260847,1.7746611940882404,0.0008490113455448723,0.021193892940048698,0.0004784075678068033,0.4182093138292293,1.7746611940882404,0.0009208267025784056,0.0223262242871305,0.0005188746480995177,6.085441101338725,1.7746611940882404,1.5956890179611558e-07,5.724909667141853e-06,8.988046803810536e-08,0.027872737051549024,1.7753456927757136,0.000920826108634009,0.022326221403608102,0.0005188743134190736,6.085441101338725,1.7746611940882404,7.192908413828508e-05,0.006972237290486114,4.0514090551548104e-05,6.104129414289224,1.7754090776582065,7.192916821443462e-05,0.00697224030691573,4.051413790747897e-05,6.104129414289224,1.7754090776582065,5,q_proj,model.layers.5.self_attn.q_proj,calibration,0.0009208261086340086,4.440892098500626e-16
0.23957949360524575,0.027872737051548958,5.8742049600631105e-06,5.8742049600631105e-06,1.9259688393649542e-07,0.07942652159242185,10141,20768768,0.0008055571140814266,0.02068082189818503,0.00045197510277738764,0.36176549289469584,1.7823041781090971,4.158799059260542e-05,0.004434887490779092,2.3333834428154365e-05,0.1359079738260247,1.7823041781090971,0.0008473360056215126,0.02117080678380378,0.0004754160462780703,0.41092384265135695,1.7823041781090971,0.0009192085149867316,0.02230539684988963,0.0005157416597440449,3.553568117438479,1.7823041781090971,1.5662152969345295e-07,5.619165760570657e-06,8.784663482654732e-08,0.027872737051549024,1.7828973187499018,0.0009192047054100191,0.02230535556652726,0.0005157395222992926,3.553568117438479,1.7823041781090971,7.203485392562785e-05,0.006973083656807339,4.040128369057416e-05,3.509953367264023,1.7829842852848257,7.203493503767829e-05,0.006973086566892925,4.040132918287104e-05,3.509953367264023,1.7829842852848257,5,q_proj,model.layers.5.self_attn.q_proj,validation,0.0009192047054100193,2.220446049250313e-16
0.23957949360524575,0.00709677490582036,9.348700359428421e-05,9.348700359428421e-05,0.0,0.07828509221311475,34221,8760576,0.0005086050874044488,0.017988055350239805,0.001274066031191137,0.11559201798019547,0.3991983735167547,2.360589832510065e-05,0.0038117321560407003,5.913325276639658e-05,0.06414770680598708,0.3991983735167547,0.0005321116329781062,0.018399411818733655,0.0013329504033056212,0.11661315358967639,0.3991983735167547,0.0005495887939329388,0.01849667903320594,0.0013767310449972865,1.540246325014662,0.3991983735167547,1.4487382957579674e-08,2.041403757317705e-06,3.626643115097307e-08,0.007096774905820613,0.39947087424374156,0.0005495905220305968,0.018496700577501572,0.001376735373916873,1.540246325014662,0.3991983735167547,1.7663110206444702e-05,0.0018013289436221852,4.419360264239345e-05,1.5470969294688386,0.3996757256784734,1.766312199224003e-05,0.0018013306043477215,4.419363213078759e-05,1.5470969294688386,0.3996757256784734,5,v_proj,model.layers.5.self_attn.v_proj,calibration,0.0005495905220305969,2.220446049250313e-16
0.23957949360524575,0.00709677490582036,0.00012403239325510304,0.00012403239325510304,1.9259688393649542e-07,0.07942652159242185,10141,2596096,0.0005090531767416517,0.01799452895888816,0.0012854803299810272,0.12526718157643413,0.3960023073625444,2.3340776652704656e-05,0.003789316861168522,5.894101175359043e-05,0.06324843558093474,0.3960023073625444,0.0005324330233109557,0.01840381934280595,0.001344520002565307,0.11851077555016493,0.3960023073625444,0.0005675619898210496,0.018520408560800266,0.001433228997076122,1.7719419801174956,0.3960023073625444,1.4743985849733592e-08,2.0775614339467694e-06,3.721981890796064e-08,0.007096774905820613,0.39613265948964954,0.0005675604468261984,0.0185203455864255,0.0014332251006471807,1.7719419801174956,0.3960023073625444,3.5286930169045304e-05,0.0018193474453977686,8.899813783432345e-05,1.7954200409434922,0.39649065730717314,3.528694146515592e-05,0.001819349037122287,8.899816632455496e-05,1.7954200409434922,0.39649065730717314,5,v_proj,model.layers.5.self_attn.v_proj,validation,0.0005675604468261983,2.220446049250313e-16
0.3423328850212998,0.005328721116110415,1.0216223225504807e-05,1.0216223225504807e-05,0.0,0.9207158510467804,34221,70084608,0.004044080791282242,0.049615228997574326,0.26211982596462985,1.6305862940396987,0.015428366688401302,2.4830539363388883e-06,0.0011785033446181797,0.00016094081677521914,0.06372972724104697,0.015428366688401302,0.004046516221109353,0.04963159652208984,0.26227767999262247,1.6372476711701833,0.015428366688401302,0.004049273789413999,0.04964672705751049,0.2624564136434579,2.6616938358633564,0.015428366688401302,1.8483261825653387e-09,3.4686112151323866e-07,1.2910910169990729e-07,0.005328721116110824,0.014316002189074683,0.004049271063257687,0.04964671407420766,0.2624562369457966,2.6616938358633564,0.015428366688401302,4.807807261908795e-06,0.0013357973136830124,0.00033537705235179866,2.717647769216312,0.01433552840957519,4.807807599063823e-06,0.0013357973769542954,0.00033537707587064065,2.717647769216312,0.01433552840957519,6,down_proj,model.layers.6.mlp.down_proj,calibration,0.004049271063257688,2.220446049250313e-16
0.3423328850212998,0.005328721116110415,6.403846390888473e-06,6.403846390888473e-06,0.0,0.9226719297938135,10141,20768768,0.004019290429488661,0.04939395639272876,0.26824226049056915,1.7930967332770478,0.014983807630229728,2.4185289062963885e-06,0.0011633201192184292,0.00016140950057427482,0.044632905134805334,0.014983807630229728,0.004021755264587289,0.0494107855635216,0.268406760406709,1.7894645606191002,0.014983807630229728,0.0040240721774847865,0.049425992879658424,0.2685613881858873,1.788460350946056,0.014983807630229728,1.778740299954173e-09,3.338024755276604e-07,1.2806400808668813e-07,0.005328721116110491,0.013889462984401687,0.004024073611564602,0.04942600291534687,0.268561483894525,1.788460350946056,0.014983807630229728,3.5731251283052777e-06,0.0013340122527806019,0.0002570623876029182,1.270842297551542,0.013899836384561437,3.573125467694828e-06,0.0013340123164712208,0.00025706241201972006,1.270842297551542,0.013899836384561437,6,down_proj,model.layers.6.mlp.down_proj,validation,0.0040240736115646015,2.220446049250313e-16
0.46477343341496985,0.1,0.0,0.0,0.0,0.0945365921144911,34221,560676864,0.0012610954632279086,0.027839111424571596,0.0008467592412428499,0.315352826275908,1.4893199882612527,2.6957081294786488e-05,0.004004318156300294,1.8100261533626678e-05,0.07848084486900009,1.4893199882612527,0.0012881544800623483,0.028137175944768007,0.0008649279471272251,0.3179931759845216,1.4893199882612527,0.0021216906834006658,0.03692140041529418,0.0014246036446994117,0.3393040868465711,1.4893199882612527,5.251509718082458e-07,5.251509718082462e-06,3.5211079900141463e-07,0.10000000000000053,1.4914367105399,0.0021216939034824933,0.03692142320205779,0.0014246058068149092,0.3393040868465711,1.4893199882612527,0.0008333834740496849,0.025001134846474374,0.0005590919041484918,0.04999999860718862,1.4906019347909258,0.0008333835341673071,0.025001135447650584,0.0005590919444795963,0.050051438264441916,1.4906019347909258,6,gate_proj,model.layers.6.mlp.gate_proj,calibration,0.002121693903482491,1.1102230246251565e-15
0.46477343341496985,0.1,0.0,0.0,0.0,0.09549261660585741,10141,166150144,0.0012605512067262366,0.02783247654636753,0.0008426504713289905,0.31589444276055667,1.4959360370832664,2.6363864683665386e-05,0.0039590421386569005,1.7623657716722235e-05,0.0741200727190261,1.4959360370832664,0.0012870030975407412,0.028123586260415494,0.0008603329725581739,0.31132622195612125,1.4959360370832664,0.0021201891776685172,0.036908222315900935,0.0014172993531210078,0.3572829332320664,1.4959360370832664,5.179652447367124e-07,5.179652447367122e-06,3.457110295395646e-07,0.10000000000000053,1.498260687333478,0.0021201951253862856,0.03690827561968562,0.001417303329038173,0.3572829332320664,1.4959360370832664,0.0008334178182042038,0.02500171815593508,0.0005565653586450795,0.04999999860718862,1.4974302752745925,0.0008334178788171838,0.0250017187620649,0.0005565653991230778,0.050051438264441916,1.4974302752745925,6,gate_proj,model.layers.6.mlp.gate_proj,validation,0.0021201951253862848,4.440892098500626e-16
0.46477343341496985,0.017367394868996817,1.4767864578767424e-05,1.4767864578767424e-05,0.0,0.0945365921144911,34221,560676864,0.0014037303558750943,0.029641224120706227,0.0024331044129208023,0.33464509245806584,0.576929764469087,3.079451029126863e-05,0.004325782983861178,5.337653244430356e-05,0.09245952877433472,0.576929764469087,0.0014346726943317127,0.029968478272148272,0.002486737177881529,0.32903529855690705,0.576929764469087,0.0014685818883821882,0.030247034892212105,0.002545512432927835,3.827620827333643,0.576929764469087,5.898607714214115e-08,3.3963687465549346e-06,1.0200865719972862e-07,0.017367394868998076,0.5782457956156497,0.0014685816221147905,0.03024701941053268,0.002545511971403029,3.827620827333643,0.576929764469087,3.3912338266549675e-05,0.004350178720525501,5.863325902199677e-05,3.8034594763103033,0.578380578398809,3.3912371077700905e-05,0.004350180609764023,5.863331575134152e-05,3.8034594763103033,0.578380578398809,6,up_proj,model.layers.6.mlp.up_proj,calibration,0.0014685816221147899,4.440892098500626e-16
0.46477343341496985,0.017367394868996817,1.3969292738018933e-05,1.3969292738018933e-05,0.0,0.09549261660585741,10141,166150144,0.0014029344469061445,0.02963326862557641,0.0024823705333012073,0.3029556439266504,0.5651591606030052,3.008352109969614e-05,0.004274983280659041,5.3230175137917024e-05,0.07898260915631966,0.5651591606030052,0.0014331411487309943,0.029952791214348743,0.0025358186660230063,0.3075717380418538,0.5651591606030052,0.0014663865234395203,0.03023115661980001,0.0025946434662315956,2.839471642002527,0.5651591606030052,5.8177628700425143e-08,3.349818964747577e-06,1.0269226123355206e-07,0.017367394868998076,0.5665239814722971,0.001466387262587727,0.03023116525307577,0.002594644774090086,2.839471642002527,0.5651591606030052,3.325611054928512e-05,0.004349420131217323,5.868884940302915e-05,2.864730065700323,0.566651261484241,3.325614266680341e-05,0.004349421980517033,5.868890608254347e-05,2.864730065700323,0.566651261484241,6,up_proj,model.layers.6.mlp.up_proj,validation,0.001466387262587727,0.0
0.30385045930156557,0.03207205589875921,5.364944040209228e-06,5.364944040209228e-06,0.0,0.10001535572546828,34221,8760576,0.001391932233582647,0.027862497438925094,0.0007357418330793399,0.3050536333999663,1.8918758877103916,5.236588983644197e-05,0.005246218540105924,2.7679347348634397e-05,0.07671296452170129,1.8918758877103916,0.0014441999094268521,0.028370899922153858,0.000763369266878637,0.3251568758347283,1.8918758877103916,0.0015312004029628965,0.02945761243444112,0.0008093556310482946,0.8025909212948825,1.8918758877103916,1.5463461369752619e-07,4.8214749371121145e-06,8.166611064157846e-08,0.03207205589876061,1.8934979575089186,0.0015311937044236914,0.02945756898330223,0.0008093520903619056,0.8025909212948825,1.8918758877103916,8.647924037914505e-05,0.008022197504955817,4.567252233983881e-05,0.8304974474836619,1.8934632016964767,8.64793014230095e-05,0.00802219940829075,4.5672554579105145e-05,0.8304974474836619,1.8934632016964767,6,k_proj,model.layers.6.self_attn.k_proj,calibration,0.0015311937044236912,2.220446049250313e-16
0.30385045930156557,0.03207205589875921,5.392712750221872e-06,5.392712750221872e-06,1.9259688393649542e-07,0.10100011709890544,10141,2596096,0.00139065438842982,0.02786000421983649,0.000726103127640053,0.3068390589871406,1.9152298557777336,5.186680743184118e-05,0.00521791619498238,2.7081244204382553e-05,0.07683373327482812,1.9152298557777336,0.0014419854095636237,0.02835775019865551,0.0007529046214549868,0.30124485593391404,1.9152298557777336,0.0015291292142619606,0.029432745833959197,0.0007984050633134131,1.2420700060536447,1.9152298557777336,1.5175102259181122e-07,4.731565169094199e-06,7.916346598835247e-08,0.03207205589876061,1.9169325230673802,0.0015291160374868251,0.02943246684775863,0.0007983981833166881,1.2420700060536447,1.9152298557777336,8.718440428800871e-05,0.008017148030038628,4.54815083775379e-05,1.2190010001259424,1.9169198075907865,8.718446652215134e-05,0.008017149970486187,4.5481540843237505e-05,1.2190010001259424,1.9169198075907865,6,k_proj,model.layers.6.self_attn.k_proj,validation,0.001529116037486825,2.220446049250313e-16
0.04065028138048067,0.006970633613799508,8.133026869466117e-07,8.133026869466117e-07,0.0,0.07654080051357354,34221,70084608,2.0129003293568197e-05,0.003523478110291837,0.002332491740308048,0.06868736236066975,0.00862982832724192,1.472068699943449e-06,0.0009187552829271767,0.00017057914064136658,0.043950283516423605,0.00862982832724192,2.1603948373942918e-05,0.0036482705554219596,0.002503404187745587,0.08085243078731469,0.00862982832724192,2.582967312820462e-05,0.004003670292072752,0.0029930691722647213,1.5205035745647377,0.00862982832724192,2.0410783190331327e-09,2.928110172068848e-07,2.358892538102612e-07,0.006970633613799571,0.008652697340231044,2.582968409230502e-05,0.004003673734319637,0.0029930704427535404,1.5205035745647377,0.00862982832724192,4.2247116684970296e-06,0.001742869921103446,0.0004883634782818182,1.5265687614220926,0.008650752679869912,4.2247119441861995e-06,0.0017428699606535346,0.0004883635101506254,1.5265687614220926,0.008650752679869912,6,o_proj,model.layers.6.self_attn.o_proj,calibration,2.582968409230502e-05,0.0
0.04065028138048067,0.006970633613799508,3.37044546888867e-07,3.37044546888867e-07,0.0,0.07591668412878415,10141,20768768,2.0131148734363334e-05,0.0035240329488884334,0.0023676312071907045,0.0672432886077082,0.008502653907087921,1.4626900178090131e-06,0.0009178853338447326,0.00017202746739929,0.03573994429504235,0.008502653907087921,2.159747928909273e-05,0.003648380744857158,0.0025400868393677407,0.07203032311578059,0.008502653907087921,2.5681331359971793e-05,0.004003387937524666,0.0030203900618092317,0.49095648385106117,0.008502653907087921,2.1828074187316673e-09,3.131433295260913e-07,2.559767516525674e-07,0.006970633613799571,0.00852736588240776,2.5681591844825068e-05,0.004003403022170435,0.003020420697520872,0.49095648385106117,0.008502653907087921,4.085374742327269e-06,0.0017430095303076225,0.0004792737819114572,0.48076528177429534,0.00852409394487182,4.085375013655683e-06,0.00174300956923212,0.00047927381374222015,0.48076528177429534,0.00852409394487182,6,o_proj,model.layers.6.self_attn.o_proj,validation,2.568159184482509e-05,7.771561172376096e-16
0.30385045930156557,0.027094309049189323,6.706180050261535e-07,6.706180050261535e-07,0.0,0.10001535572546828,34221,70084608,0.0012483091830163208,0.02641119842896668,0.0010173059755746196,0.48599871450815046,1.227073479354351,3.6353293453410466e-05,0.00448046832479495,2.962601186078805e-05,0.08581965849213713,1.227073479354351,0.0012846585998615588,0.026798596708667834,0.0010469288282047358,0.49303103158287453,1.227073479354351,0.0013459305048049363,0.027610063320274467,0.0010968621907737133,1.4976509596162852,1.227073479354351,9.872221042299842e-08,3.643651153597227e-06,8.037318711851504e-08,0.027094309049189746,1.2282978187417983,0.0013459300097204314,0.02761006491191979,0.0010968617873060211,1.4976509596162852,1.227073479354351,6.136949554013535e-05,0.006773789625309604,4.996535956421998e-05,1.5383546582373064,1.2282408467662032,6.136954833223022e-05,0.006773791573766557,4.996540254609524e-05,1.5383546582373064,1.2282408467662032,6,q_proj,model.layers.6.self_attn.q_proj,calibration,0.0013459300097204304,8.881784197001252e-16
0.30385045930156557,0.027094309049189323,1.1074320826348485e-06,1.1074320826348485e-06,1.9259688393649542e-07,0.10100011709890544,10141,20768768,0.001249852514640242,0.02642528908898089,0.0010102246850828799,0.44709517389038844,1.2372025086059968,3.588967801335571e-05,0.004452568576655613,2.900873362582652e-05,0.08135586504858927,1.2372025086059968,0.001285916017013133,0.026810453646991934,0.0010393739166129105,0.4542833693854176,1.2372025086059968,0.0013473677040543048,0.0276229069897229,0.001089043786026942,1.6362507770672146,1.2372025086059968,1.0017175240271118e-07,3.6971510224103107e-06,8.088644956564245e-08,0.027094309049189746,1.2384243954411422,0.001347360072288508,0.02762276879220633,0.0010890376174605642,1.6362507770672146,1.2372025086059968,6.160351453227649e-05,0.00677644954260178,4.9745481534946756e-05,1.625825952301609,1.238374072004898,6.160356705735143e-05,0.006776451481203531,4.9745523949493484e-05,1.625825952301609,1.238374072004898,6,q_proj,model.layers.6.self_attn.q_proj,validation,0.0013473600722885071,6.661338147750939e-16
0.30385045930156557,0.007808138355767178,1.5067502410800386e-05,1.5067502410800386e-05,0.0,0.10001535572546828,34221,8760576,0.0010905048409976077,0.026342146455359535,0.0027468894916136757,0.175933974349112,0.3969962549738339,3.058295331910151e-05,0.004374896008956909,7.703587360318359e-05,0.04000465326814526,0.3969962549738339,0.0011211538993211685,0.026711675643043418,0.0028240918781338733,0.17722164113517933,0.3969962549738339,0.001130068832661397,0.026778534835265218,0.002846547841454777,1.7102662184276527,0.3969962549738339,2.512984600196382e-08,3.218417099820295e-06,6.314447346271212e-08,0.0078081383557675466,0.3979737991924728,0.001130064260116779,0.0267784851980757,0.0028465363236014956,1.7102662184276527,0.3969962549738339,8.806586869296137e-06,0.001956982984435134,2.2126202089246492e-05,1.7099822999130119,0.39801619969729046,8.806606874485056e-06,0.0019569855465297074,2.2126252351494445e-05,1.7099822999130119,0.39801619969729046,6,v_proj,model.layers.6.self_attn.v_proj,calibration,0.001130064260116779,0.0
0.30385045930156557,0.007808138355767178,1.1555813036189724e-05,1.1555813036189724e-05,1.9259688393649542e-07,0.10100011709890544,10141,2596096,0.0010909325433863506,0.026343282470552256,0.0028020573747598978,0.1592955177891846,0.3893326929038455,3.0201124771068895e-05,0.004347378028907,7.757150971785395e-05,0.033524852576126696,0.3893326929038455,0.0011209705852950266,0.026706801252482815,0.0028792100065736727,0.1628761687900601,0.3893326929038455,0.0011291955849696744,0.026771298084340218,0.0029003358966531866,1.5693471895182585,0.3893326929038455,2.4188641452506637e-08,3.097875620331527e-06,6.197185157721201e-08,0.0078081383557675466,0.3903165846573022,0.0011291900707534677,0.02677121517546667,0.0029003217334033307,1.5693471895182585,0.3893326929038455,8.166929664697839e-06,0.0019568563022216937,2.0922281376269842e-05,1.550533223397018,0.39034603912558086,8.166948314768984e-06,0.001956858690764301,2.0922329154572363e-05,1.550533223397018,0.39034603912558086,6,v_proj,model.layers.6.self_attn.v_proj,validation,0.0011291900707534677,0.0
0.3126631909468043,0.00876180009154544,5.479091785745595e-06,5.479091785745595e-06,0.0,0.9070214372177127,34221,70084608,0.003369133717069901,0.0451581681365784,0.25125748201648646,1.3731539001528514,0.013409088119608049,2.0147161675829385e-06,0.0010681199904597513,0.00015025005053377404,0.04427712099631323,0.013409088119608049,0.0033706997594804633,0.04517051291857168,0.2513742716442816,1.363822951974372,0.013409088119608049,0.0034114378580938623,0.04522417084834326,0.25441236776610726,4.341480645990782,0.013409088119608049,4.868955406763408e-09,5.557026359756407e-07,3.8205817552551376e-07,0.00876180009154548,0.01274401575117782,0.00341143449426301,0.04522413672866264,0.2544121169040932,4.341480645990782,0.013409088119608049,4.3215398507124806e-05,0.0021992955814086608,0.0033615967214198203,4.468518046688174,0.012855616568090932,4.321539911790267e-05,0.0021992956511178415,0.003361596768930405,4.468518046688174,0.012855616568090932,7,down_proj,model.layers.7.mlp.down_proj,calibration,0.0034114344942630104,1.1102230246251565e-16
0.3126631909468043,0.00876180009154544,4.62232521447589e-06,4.62232521447589e-06,0.0,0.9086089446904121,10141,20768768,0.0033495574770956655,0.045012713530685734,0.2565808062742549,1.4749026187295224,0.013054590971685466,1.9701079701455977e-06,0.0010556150265302535,0.0001509130369858872,0.03697468522290699,0.013054590971685466,0.0033509949773107943,0.045024686351570094,0.25669092080930594,1.4792772379819945,0.013054590971685466,0.003386368063861179,0.04507719563384755,0.2594005489107996,4.341480645990782,0.013054590971685466,4.66482440101346e-09,5.324047972190908e-07,3.7910318171970547e-07,0.00876180009154548,0.012304893828251893,0.0033863661555091473,0.04507717471453596,0.25940040272835424,4.341480645990782,0.013054590971685466,3.745864373781127e-05,0.0021980953044887204,0.003021358558827135,4.468518046688174,0.012397947151414027,3.745864426644034e-05,0.0021980953648221054,0.003021358601465571,4.468518046688174,0.012397947151414027,7,down_proj,model.layers.7.mlp.down_proj,validation,0.003386366155509148,2.220446049250313e-16
0.4877010555717889,0.1,0.0,0.0,0.0,0.10631053254945794,34221,560676864,0.0014211260432362236,0.029517750879786468,0.0012163298714220115,0.45599722408534227,1.168372229134507,2.47847071262531e-05,0.00382955360044289,2.121302313442765e-05,0.08587200318483856,1.168372229134507,0.0014460404291659567,0.029776339117577554,0.001237653885557634,0.4679785216896981,1.168372229134507,0.002279371944016325,0.03816139909721194,0.0019508953458306786,0.4774840678799652,1.168372229134507,3.702489139983509e-07,3.7024891399834834e-06,3.1626839898149225e-07,0.10000000000000142,1.170679445656591,0.0022793721100544187,0.038161403527175446,0.001950895487941292,0.4774840678799652,1.168372229134507,0.0008333622968492482,0.025000488375328676,0.0007123733073921172,0.049999993707767754,1.1698393078483698,0.0008333623369579152,0.025000488776415447,0.000712373341677738,0.05010217229364056,1.1698393078483698,7,gate_proj,model.layers.7.mlp.gate_proj,calibration,0.0022793721100544183,2.220446049250313e-16
0.4877010555717889,0.1,0.0,0.0,0.0,0.10737382207745784,10141,166150144,0.0014209921519375685,0.029515539780304075,0.0012103338934364228,0.43216869777834077,1.1740497061542559,2.4342211039208432e-05,0.0037937380373330816,2.073354382834807e-05,0.07773066724783906,1.1740497061542559,0.0014454568395198756,0.02976966801574232,0.0012311717569902958,0.4474705174631204,1.1740497061542559,0.002278976157361761,0.038156014160344226,0.0019411240813873441,0.46182229367643224,1.1740497061542559,3.7448056620402355e-07,3.744805662040233e-06,3.1831916904531416e-07,0.10000000000000142,1.1764310874747055,0.0022789802841971275,0.038156050378347676,0.0019411275964304848,0.46182229367643224,1.1740497061542559,0.0008333823976643278,0.025000989747423503,0.0007088990518621622,0.049999993707767754,1.17560094836517,0.0008333824375366362,0.025000990146146592,0.0007088990857786953,0.05008591714849686,1.17560094836517,7,gate_proj,model.layers.7.mlp.gate_proj,validation,0.0022789802841971236,1.7763568394002505e-15
0.4877010555717889,0.021029127380288302,3.140489849069285e-05,3.140489849069285e-05,0.0,0.10631053254945794,34221,560676864,0.0015220561596889965,0.03086153823405066,0.0032226547294660203,1.4779106606294203,0.47229886148591366,2.646184963109168e-05,0.004007363494988006,5.602776502115474e-05,0.13320935480740292,0.47229886148591366,0.0015486622379245747,0.031132091718604194,0.0032789878702063385,1.435497232219726,0.47229886148591366,0.0016049969414235255,0.03152978651509934,0.003398265531223167,5.085606341635291,0.47229886148591366,5.780543367455109e-08,2.748827025924775e-06,1.2209704363913346e-07,0.021029127380289836,0.47343843840641375,0.0016049991514990691,0.03152981861102128,0.003398270210623699,5.085606341635291,0.47229886148591366,5.6592332300752666e-05,0.005276594128177009,0.00011943402995469786,4.60537889628314,0.4738375848342263,5.659235379792285e-05,0.005276595150433896,0.0001194340753229229,4.60537889628314,0.4738375848342263,7,up_proj,model.layers.7.mlp.up_proj,calibration,0.0016049991514990682,4.440892098500626e-16
0.4877010555717889,0.021029127380288302,2.9473341894906812e-05,2.9467323242283798e-05,0.0,0.10737382207745784,10141,166150144,0.0015218274490914568,0.030857691907157925,0.0032657142081954625,1.2756431039901175,0.4660014171700511,2.5969066270809483e-05,0.003968706202073267,5.572744054838994e-05,0.12669920049324723,0.4660014171700511,0.001547960887161341,0.031122490244378173,0.0033217943768537217,1.2757829053053849,0.4660014171700511,0.0016054435049635072,0.031520496919416024,0.003445147258806846,4.7407698281234385,0.4660014171700511,5.7357347069234194e-08,2.7275191229759804e-06,1.2277757086173243e-07,0.021029127380289836,0.4671647000886499,0.0016054434597378106,0.03152049358403899,0.0034451471617562906,4.7407698281234385,0.4660014171700511,5.7794992387092894e-05,0.005276147206230614,0.00012360920020150943,4.525461719203346,0.4675622226571703,5.779501379361806e-05,0.005276148224177042,0.0001236092459847745,4.525461719203346,0.4675622226571703,7,up_proj,model.layers.7.mlp.up_proj,validation,0.0016054434597378106,0.0
0.3265497402882013,0.026009080630288423,0.0001651717877911224,0.0001651717877911224,0.0,0.11785778983025774,34221,8760576,0.002455078238938435,0.038460741477645305,0.0009464660656204588,0.3612659094928432,2.59394216878658,5.2366337837544845e-05,0.005519602396826001,2.018793574802066e-05,0.07337907920303799,2.59394216878658,0.0025075624544387584,0.038865091245354755,0.0009666994448113585,0.36488080995790106,2.59394216878658,0.0026501780519787043,0.039439346797045735,0.0010216796981323722,3.3523360912872384,2.59394216878658,1.403047155915408e-07,5.39445117595396e-06,5.409015752248648e-08,0.026009080630289283,2.5939047327272617,0.0026501866294847227,0.03943948839773073,0.0010216830048776504,3.3523360912872384,2.59394216878658,0.0001446323131678385,0.0065897692523778735,5.570641027948757e-05,3.2966509698890576,2.596331597067485,0.00014463241344625846,0.006589773107893618,5.570644890260492e-05,3.2966509698890576,2.596331597067485,7,k_proj,model.layers.7.self_attn.k_proj,calibration,0.002650186629484722,2.220446049250313e-16
0.3265497402882013,0.026009080630288423,0.00018720417118627355,0.00018720417118627355,1.4444766295237157e-07,0.11873304184436939,10141,2596096,0.0024518553479040413,0.038433324120500864,0.0009399371730214455,0.3449117884927233,2.6085311000335336,5.202390181707072e-05,0.005498429199147013,1.9943753715032165e-05,0.05986679015943808,2.6085311000335336,0.0025040809983426803,0.03883580302973005,0.000959958268586673,0.38981126444834224,2.6085311000335336,0.0026501901959399858,0.03940880135623523,0.0010159703274789083,2.1572952219150086,2.6085311000335336,1.482659826938173e-07,5.700546851362241e-06,5.685046138912763e-08,0.026009080630289283,2.607999637487066,0.0026501977828584894,0.039408875146261825,0.0010159732359811314,2.1572952219150086,2.6085311000335336,0.00014946615425890264,0.006597060662719318,5.725139431382277e-05,2.148526129804642,2.610698936686256,0.0001494662681638186,0.006597065042148086,5.7251437943869244e-05,2.148526129804642,2.610698936686256,7,k_proj,model.layers.7.self_attn.k_proj,validation,0.0026501977828584894,0.0
0.04130151328139418,0.002927675783664818,1.1272089871716198e-06,1.1272089871716198e-06,0.0,0.07993038928033956,34221,70084608,1.7938799566590664e-05,0.0033253778821557604,0.0025394813285974658,0.057321625497841616,0.007063961984905835,8.438252839109598e-07,0.0007046005080110872,0.00011945495823930431,0.019326390665429127,0.007063961984905835,1.8783959246307606e-05,0.0034023242974774706,0.0026591251887318874,0.058045614929881584,0.007063961984905835,1.9559231153950893e-05,0.003471998547258112,0.0027688754831558774,0.6487508190331637,0.007063961984905835,9.68853584591744e-10,3.3092926136067825e-07,1.3678912043675576e-07,0.002927675783664929,0.0070828263351520844,1.955926379624296e-05,0.0034720017433538114,0.0027688801041167678,0.6487508190331637,0.007063961984905835,7.723222821894643e-07,0.0007320723125836489,0.00010904264679696916,0.6411609966225953,0.007082754361488325,7.723225120966108e-07,0.0007320723911125441,0.00010904267925710189,0.6411609966225953,0.007082754361488325,7,o_proj,model.layers.7.self_attn.o_proj,calibration,1.9559263796242957e-05,2.220446049250313e-16
0.04130151328139418,0.002927675783664818,6.74089093777734e-07,6.74089093777734e-07,0.0,0.0794375959132482,10141,20768768,1.7948103535570666e-05,0.0033266145514060656,0.0026037475796488177,0.048548519760054365,0.0068931810732557365,8.333287494564263e-07,0.0007002061467025854,0.00012089175383620593,0.019665568879545736,0.0068931810732557365,1.8780291111753684e-05,0.0034025131080850073,0.002724473782448241,0.053115335836480204,0.0068931810732557365,1.950064788832884e-05,0.0034716990636494242,0.0028289765902114097,0.27326804371190483,0.0068931810732557365,9.937833322694844e-10,3.3944446233232916e-07,1.4377046801470158e-07,0.002927675783664818,0.0069122911401238735,1.9500727213268437e-05,0.003471703952824616,0.0028289880979519948,0.27326804371190483,0.0068931810732557365,7.21597079872622e-07,0.0007319894501626644,0.00010440125908355469,0.26990448623596675,0.006911766066873883,7.215973125537972e-07,0.0007319895296390792,0.00010440129274805852,0.26990448623596675,0.006911766066873883,7,o_proj,model.layers.7.self_attn.o_proj,validation,1.9500727213268427e-05,4.440892098500626e-16
0.3265497402882013,0.02399895152961916,1.3155527673066246e-05,1.3155527673066246e-05,0.0,0.11785778983025774,34221,70084608,0.0016634137140190605,0.031221761385052272,0.0013538666578493752,0.3313470856744818,1.2286392492015443,3.117497428115089e-05,0.004244437984235801,2.537357837250484e-05,0.0583854086468405,1.2286392492015443,0.0016948629555901134,0.031517123833784536,0.0013794634647163956,0.34324525209399603,1.2286392492015443,0.0017479066100744213,0.0320499513006403,0.0014226361490651818,3.110704788571768,1.2286392492015443,1.0171319102685916e-07,4.2382347787704824e-06,8.267169112854752e-08,0.02399895152962017,1.2303267253684664,0.0017479115205225244,0.03205000258914232,0.001422640145720918,3.110704788571768,1.2286392492015443,5.307094471734412e-05,0.00600617750218005,4.313182909177229e-05,3.041867106379227,1.2304357555628862,5.30710010739853e-05,0.006006179850476024,4.313187489395329e-05,3.041867106379227,1.2304357555628862,7,q_proj,model.layers.7.self_attn.q_proj,calibration,0.0017479115205225244,0.0
0.3265497402882013,0.02399895152961916,1.2278051350951582e-05,1.2278051350951582e-05,1.4444766295237157e-07,0.11873304184436939,10141,20768768,0.0016640296126189966,0.03122430846803654,0.0013558070152412803,0.318247857975675,1.2273351545705529,3.120432160596197e-05,0.004244143071904384,2.5424450273226656e-05,0.055882016981021465,1.2273351545705529,0.0016953438361171351,0.03151695978588746,0.0013813210106495642,0.32302962754313935,1.2273351545705529,0.0017474422122959695,0.03204842680396193,0.0014237693801799423,1.8064943422780058,1.2273351545705529,1.039654990502694e-07,4.332085046380326e-06,8.460223749885151e-08,0.02399895152962017,1.228874106925136,0.001747442984322943,0.0320484679700149,0.001423770009206961,1.8064943422780058,1.2273351545705529,5.2018159933798493e-05,0.0060045273678154265,4.23267989800565e-05,1.7446680882152545,1.228965128175848,5.201821683625868e-05,0.006004529738854846,4.232684528117513e-05,1.7446680882152545,1.228965128175848,7,q_proj,model.layers.7.self_attn.q_proj,validation,0.0017474429843229431,1.1102230246251565e-16
0.3265497402882013,0.007652526638663362,1.3241138482218522e-05,1.3241138482218522e-05,0.0,0.11785778983025774,34221,8760576,0.0011335878612761506,0.026857183407934658,0.003204815382173153,0.17719165611153703,0.3537139354677823,1.897723539284257e-05,0.003459057121604301,5.365136481757613e-05,0.027890224535424668,0.3537139354677823,0.0011525908073749028,0.027080720188741636,0.0032585394348419315,0.1794754533076896,0.3537139354677823,0.0011597867722506813,0.02714024442880547,0.003278883459077963,1.6510379769954633,0.3537139354677823,2.0983037377469812e-08,2.7419750846022337e-06,5.914782696360024e-08,0.007652526638663559,0.3547558457284127,0.001159781819989558,0.027140263314865697,0.003278869458325867,1.6510379769954633,0.3537139354677823,7.326274563077282e-06,0.0019177173194603585,2.0649889842555765e-05,1.6759033338672773,0.3547851644215132,7.326291675404763e-06,0.0019177195556273514,2.06499380754843e-05,1.6759033338672773,0.3547851644215132,7,v_proj,model.layers.7.self_attn.v_proj,calibration,0.001159781819989558,0.0
0.3265497402882013,0.007652526638663362,1.0400231732570753e-05,1.0400231732570753e-05,1.4444766295237157e-07,0.11873304184436939,10141,2596096,0.0011327964875580212,0.02684602479172972,0.003219381229490749,0.174322143536277,0.35186776799876235,1.8984452084958045e-05,0.0034609521243325505,5.395337058842178e-05,0.02571537319807582,0.35186776799876235,0.00115204831558196,0.027073143114235837,0.0032740944762693134,0.17778753188559426,0.35186776799876235,0.0011576558312682403,0.027131658470126652,0.0032900309052243523,0.8457813134256855,0.35186776799876235,2.133929604369711e-08,2.7885294689316327e-06,6.045770379956054e-08,0.007652526638663559,0.35296239689229186,0.0011576527472716642,0.027131593030710808,0.0032900221405779235,0.8457813134256855,0.35186776799876235,5.840399803277343e-06,0.0019161480423865284,1.6546168909618453e-05,0.8411127258209503,0.3529759568622716,5.840417049607607e-06,0.0019161502960644411,1.6546217769406007e-05,0.8411127258209503,0.3529759568622716,7,v_proj,model.layers.7.self_attn.v_proj,validation,0.0011576527472716646,3.3306690738754696e-16
0.570872749869279,0.013832422840943694,5.479091785745595e-06,5.479091785745595e-06,0.0,0.9734343345403316,34221,70084608,0.005981436663726544,0.05874320583171135,0.4722369190894254,2.077007564766642,0.012666177551852667,1.8716046277465053e-06,0.0010165136716522231,0.0001477639658914104,0.04065339548392888,0.012666177551852667,0.005983400922700903,0.058753735026119795,0.4723919981546223,2.0723175330828707,0.012666177551852667,0.006117713699231596,0.05886589251456727,0.4829960478752933,7.0100667884036465,0.012666177551852667,5.050630447326208e-09,3.651298478511265e-07,5.19171754097771e-07,0.013832422840943881,0.00972824582127607,0.006117705914623975,0.05886587104559918,0.4829954332772751,7.0100667884036465,0.012666177551852667,0.000134981924329688,0.0034810264294512076,0.013293051483854451,7.054535648881284,0.010154321939822103,0.000134981924670929,0.0034810264541208585,0.013293051517459941,7.054535648881284,0.010154321939822103,8,down_proj,model.layers.8.mlp.down_proj,calibration,0.006117705914623976,1.1102230246251565e-16
0.570872749869279,0.013832422840943694,4.62232521447589e-06,4.62232521447589e-06,0.0,0.9734878953821431,10141,20768768,0.005919458865717338,0.058516370872805215,0.47188118984378247,1.9139299038754183,0.012544384038018108,1.8578364478596853e-06,0.0010146120498684635,0.00014810105001801313,0.034930212271382155,0.012544384038018108,0.005921798971466246,0.05852699486164717,0.4720677359302078,1.9106678353186055,0.012544384038018108,0.0060375436351453975,0.058635245527457754,0.4812945471732601,7.0100667884036465,0.012544384038018108,5.223587050321176e-09,3.776335577928879e-07,5.417145715036972e-07,0.013832422840943881,0.009642692526843955,0.006037533606519463,0.05863521515565822,0.481293747721816,7.0100667884036465,0.012544384038018108,0.00011636810506211438,0.003477455558536374,0.01163717001471654,7.054535648881284,0.009999691068786787,0.00011636810540525892,0.003477455583343634,0.011637170049032055,7.054535648881284,0.009999691068786787,8,down_proj,model.layers.8.mlp.down_proj,validation,0.00603753360651946,4.440892098500626e-16
0.5243468997985359,0.1,0.0,0.0,0.0,0.11950779549198591,34221,560676864,0.0015840245012003627,0.031236783393625192,0.001755834846153389,0.8773796214425094,0.9021489148997006,2.20888487800104e-05,0.003611966788559697,2.4484703595155575e-05,0.0803035135812058,0.9021489148997006,0.0016062777037410064,0.03145423207255292,0.0017805017300492896,0.8703639583742806,0.9021489148997006,0.0024395373520160854,0.03942994407632118,0.002704140427068306,0.9063528333403745,0.9021489148997006,3.3994625467549415e-07,3.3994625467549127e-06,3.7578408121653675e-07,0.10000000000000142,0.9046318661902234,0.0024395333777582537,0.039429922743486216,0.002704136021744788,0.9063528333403745,0.9021489148997006,0.000833367013888672,0.02500070365731688,0.0009220695036740918,0.049999996117137346,0.9038006468796825,0.0008333670454665075,0.02500070397309526,0.0009220695386130307,0.05007481059390528,0.9038006468796825,8,gate_proj,model.layers.8.mlp.gate_proj,calibration,0.0024395333777582563,1.1102230246251565e-15
0.5243468997985359,0.1,0.0,0.0,0.0,0.12008136447958781,10141,166150144,0.001584760585979424,0.031243468777087363,0.001758191592679121,0.8991457364930433,0.9013583005277463,2.180877854889337e-05,0.0035883856668053184,2.4195459825603542e-05,0.06942543913587329,0.9013583005277463,0.0016067421171090052,0.03145800310209746,0.0017825787105618886,0.91710187850342,0.9013583005277463,0.002439883068577116,0.039432803324585396,0.0027068958783078405,0.9383969722696808,0.9013583005277463,3.4787812161029505e-07,3.4787812161029498e-06,3.8487638704671965e-07,0.10000000000000142,0.9038697444643871,0.0024398872317626294,0.039432832977319726,0.002706900497098737,0.9383969722696808,0.9013583005277463,0.0008332562910809218,0.024998577705122173,0.0009227270706398649,0.049999996117137346,0.9030365723453854,0.0008332563236720155,0.024998578031033142,0.0009227271067304228,0.050090999598532804,0.9030365723453854,8,gate_proj,model.layers.8.mlp.gate_proj,validation,0.002439887231762631,6.661338147750939e-16
0.5243468997985359,0.027438949335823946,7.540885439496216e-06,7.5391018809722104e-06,0.0,0.11950779549198591,34221,560676864,0.0017501439216273309,0.03312611310552547,0.004493476932349579,1.1043288500860484,0.3894854581376929,2.3803384771008975e-05,0.0037999003319018473,6.111495120979299e-05,0.12717791601481188,0.3894854581376929,0.001774093670267159,0.03335238652941331,0.004554967671321819,1.094471992866949,0.3894854581376929,0.0018421797160862474,0.03395941453735992,0.0047297779097955185,6.082632605603822,0.3894854581376929,6.088006381769731e-08,2.2187461725516266e-06,1.556213029438283e-07,0.027438949335824248,0.39120649079562103,0.00184217864007626,0.033959401263325514,0.004729775147150689,6.082632605603822,0.3894854581376929,6.83258973440476e-05,0.0068647636049448835,0.0001746179159521657,6.0091299045454445,0.3912880128678468,6.83259109534893e-05,0.0068647641009347855,0.00017461795073330197,6.0091299045454445,0.3912880128678468,8,up_proj,model.layers.8.mlp.up_proj,calibration,0.00184217864007626,0.0
0.5243468997985359,0.027438949335823946,7.114047400404299e-06,7.114047400404299e-06,0.0,0.12008136447958781,10141,166150144,0.0017507016902910783,0.03313058327932838,0.004525999463879561,1.0274317036850587,0.38680996413340835,2.3550932375890304e-05,0.003779114733916696,6.0885019931305945e-05,0.13625153118026545,0.38680996413340835,0.0017744403425040038,0.03335486007959372,0.004587369786296432,1.0127694316745348,0.38680996413340835,0.001843204824867102,0.03396064395041371,0.004765143082589755,5.243509447137347,0.38680996413340835,6.030865717554195e-08,2.1979215179643874e-06,1.5523442813218906e-07,0.027438949335824248,0.3885005272424905,0.0018432066569693528,0.03396065697082783,0.004765147819029922,5.243509447137347,0.38680996413340835,6.918996881573622e-05,0.006865091806803887,0.00017805825556118092,5.312051101801478,0.38858051595345716,6.918998196682554e-05,0.006865092286089348,0.0001780582894051046,5.312051101801478,0.38858051595345716,8,up_proj,model.layers.8.mlp.up_proj,validation,0.0018432066569693515,6.661338147750939e-16
0.36531415323572836,0.029029180624886193,1.495335466526402e-05,1.495335466526402e-05,0.0,0.11490765561533854,34221,8760576,0.003271301055956406,0.04156856373836915,0.0012333275664444916,0.5114420716116417,2.6524186639135157,7.68349887182068e-05,0.006123589068642114,2.8967896269000188e-05,0.0856173889580969,2.6524186639135157,0.003349165341769974,0.04203565649139553,0.001262683522528243,0.532193790972384,2.6524186639135157,0.0034319883318236055,0.042698458662468346,0.0012939089814576526,3.605525710674808,2.6524186639135157,2.051765623739339e-07,7.067941910769595e-06,7.726322888312384e-08,0.02902918062488702,2.6555525227182084,0.003432000156508401,0.042698443074609176,0.0012939134395339575,3.605525710674808,2.6524186639135157,8.283376079994934e-05,0.0072696031671574,3.118964540804974e-05,3.6794486442043244,2.6558096354173606,8.28338897545204e-05,0.007269607609396842,3.1189693963702735e-05,3.6794486442043244,2.6558096354173606,8,k_proj,model.layers.8.self_attn.k_proj,calibration,0.0034320001565084014,1.1102230246251565e-16
0.36531415323572836,0.029029180624886193,2.2726432304506458e-05,2.2726432304506458e-05,1.4444766295237157e-07,0.11553781139064195,10141,2596096,0.003271321326377705,0.04157735150072532,0.001211429057212764,0.47006187795633175,2.700382087502761,7.655180325541273e-05,0.006110127800971746,2.8348508016584322e-05,0.08854540148408119,2.700382087502761,0.0033485889539659457,0.04204351849569189,0.0012400426478397467,0.46893426782486386,2.700382087502761,0.003455316001397338,0.04270902886867031,0.001279565590880037,3.7260289812904013,2.700382087502761,1.9703233237354352e-07,6.787388694141484e-06,7.289234089061044e-08,0.02902918062488702,2.703059470531067,0.003455270838731983,0.04270903126122562,0.0012795488663336983,3.7260289812904013,2.700382087502761,0.00010660230730135287,0.00727478843751847,3.9429016974546895e-05,3.70532850084701,2.703651155446487,0.00010660244041943917,0.00727479302318308,3.942906621096042e-05,3.70532850084701,2.703651155446487,8,k_proj,model.layers.8.self_attn.k_proj,validation,0.0034552708387319817,4.440892098500626e-16
0.03271618039589229,0.002984912652735104,3.5528485798194093e-06,3.5528485798194093e-06,0.0,0.07515056658374974,34221,70084608,1.0585658057101757e-05,0.002520775374436498,0.002050927899096641,0.04246827906008427,0.005161399414267246,9.285469865454654e-07,0.000713568691456144,0.00017990217613826916,0.027501797470789957,0.005161399414267246,1.151565024055009e-05,0.002626890039259059,0.002231110076216596,0.05066185320247407,0.005161399414267246,1.2387956190269176e-05,0.002724563402766121,0.00240011578178316,0.631304356580642,0.005161399414267246,8.11456885430195e-10,2.7185280771504315e-07,1.5688022140809745e-07,0.002984912652735261,0.005172461373058154,1.2387894440131383e-05,0.0027245545354374406,0.0024001038179468363,0.631304356580642,0.005161399414267246,8.779201572416553e-07,0.0007467757954836002,0.0001696980887252773,0.6507109582962531,0.00517342395448491,8.779203515328327e-07,0.0007467758605746764,0.0001696981262809037,0.6507109582962531,0.00517342395448491,8,o_proj,model.layers.8.self_attn.o_proj,calibration,1.2387894440131388e-05,4.440892098500626e-16
0.03271618039589229,0.002984912652735104,7.077935484666207e-06,7.077935484666207e-06,0.0,0.07133827100384578,10141,20768768,1.057624529344127e-05,0.002519602833180156,0.001984382592915079,0.04027052893928221,0.005329741014259077,9.694185966998422e-07,0.0007305435641444142,0.0001818884996674848,0.024228139838815665,0.005329741014259077,1.1546085790991887e-05,0.0026305073141416626,0.002166350252310897,0.05106131335732647,0.005329741014259077,1.2588785890399524e-05,0.002728278595335647,0.0023619882948758206,0.7580122708440968,0.005329741014259077,8.485526734632567e-10,2.84280571053133e-07,1.589176061491772e-07,0.00298491265273515,0.005339576237177356,1.2588790676745159e-05,0.0027282764591567404,0.0023619891929205134,0.7580122708440968,0.005329741014259077,1.052857328491395e-06,0.0007473253935911677,0.0001970666050004596,0.7561679235713914,0.00534264711410104,1.0528575402239628e-06,0.0007473254645254267,0.0001970666446311077,0.7561679235713914,0.00534264711410104,8,o_proj,model.layers.8.self_attn.o_proj,validation,1.2588790676745167e-05,6.661338147750939e-16
0.36531415323572836,0.01931758939326242,4.622983694222846e-06,4.622983694222846e-06,0.0,0.11490765561533854,34221,70084608,0.002033782931027637,0.033979552323192115,0.0016606217567108029,0.5641587264767365,1.2247117218649208,3.941261019299897e-05,0.004666774700562293,3.218113249784505e-05,0.08192079438743316,1.2247117218649208,0.0020735362089831038,0.034307019630216304,0.001693081050800789,0.5580584458777298,1.2247117218649208,0.0021062403011918134,0.03463310816978121,0.0017197845530412263,2.3723026598889625,1.2247117218649208,8.004401601388939e-08,4.143582016595056e-06,6.524501536951434e-08,0.019317589393264,1.2268219351403489,0.002106238416532205,0.0346331063188136,0.001719783014181448,2.3723026598889625,1.2247117218649208,3.284946446494731e-05,0.00483139769710342,2.6775862361583737e-05,2.4678220449892745,1.2268312415617126,3.284951597964886e-05,0.004831400363828577,2.6775904351630786e-05,2.4678220449892745,1.2268312415617126,8,q_proj,model.layers.8.self_attn.q_proj,calibration,0.0021062384165322057,4.440892098500626e-16
0.36531415323572836,0.01931758939326242,3.37044546888867e-06,3.37044546888867e-06,1.4444766295237157e-07,0.11553781139064195,10141,20768768,0.0020329913177090358,0.033978233661227555,0.0016433463986625652,0.5825433101819231,1.2371045565095604,3.9451351989455065e-05,0.004670992803867535,3.18900708770853e-05,0.0863971323991457,1.2371045565095604,0.0020726994372156503,0.03430382509057373,0.0016754440247667393,0.5665342382193349,1.2371045565095604,0.0021049906990808363,0.034629607457100184,0.001701546314743178,2.8718022286403375,1.2371045565095604,8.060359190350374e-08,4.1725491862673445e-06,6.504188098383271e-08,0.019317589393264,1.2392567786214417,0.0021049938090952867,0.034629635134351806,0.0017015488286895005,2.8718022286403375,1.2371045565095604,3.231953862608921e-05,0.004831381058413474,2.6079947380066034e-05,2.8034827474405706,1.239248613315545,3.231959187701946e-05,0.004831383815016751,2.6079990350402802e-05,2.8034827474405706,1.239248613315545,8,q_proj,model.layers.8.self_attn.q_proj,validation,0.002104993809095286,4.440892098500626e-16
0.36531415323572836,0.00819967066035962,8.446933169691125e-06,8.446933169691125e-06,0.0,0.11490765561533854,34221,8760576,0.001097676026305585,0.026426778747388163,0.0031518703321502693,0.17348988245829328,0.3482617971649641,2.2422020785139787e-05,0.003740096596505478,6.438265973376045e-05,0.04111236018601261,0.3482617971649641,0.001120334254792924,0.02669694893371647,0.0032169312394096615,0.17973869570543882,0.3482617971649641,0.0011266695690101678,0.026765778336378845,0.003235122480219927,1.0361559822477115,0.3482617971649641,2.5073172669426047e-08,3.0578267967077595e-06,7.174764972613441e-08,0.008199670660359981,0.34946333106564503,0.001126669621646859,0.02676575110591881,0.003235122631361085,1.0361559822477115,0.3482617971649641,6.3742508866701666e-06,0.0020513312816081123,1.823959838507848e-05,1.0393082562005818,0.34947320396510695,6.374271356939204e-06,0.002051333778082652,1.823965695972399e-05,1.0393082562005818,0.34947320396510695,8,v_proj,model.layers.8.self_attn.v_proj,calibration,0.0011266696216468595,3.3306690738754696e-16
0.36531415323572836,0.00819967066035962,6.5482940538408445e-06,6.5482940538408445e-06,1.4444766295237157e-07,0.11553781139064195,10141,2596096,0.00109824776340641,0.026422621571883714,0.0031486569599131027,0.17713684073543734,0.3487987981506629,2.2602433831961127e-05,0.0037541947471079725,6.480077899293121e-05,0.03775191813332013,0.3487987981506629,0.0011211771437719391,0.026698468123567336,0.003214395088849042,0.18140477954204848,0.3487987981506629,0.0011275282754136748,0.026768463266652658,0.0032326036712048574,0.9918109838298141,0.3487987981506629,2.600194189048318e-08,3.1710958851294624e-06,7.428665912238478e-08,0.008199670660359981,0.3500216889232541,0.001127525185946785,0.026768442881559888,0.003232594813757795,0.9918109838298141,0.3487987981506629,6.2282151535879605e-06,0.002050784742494251,1.7793590904539123e-05,0.9782837883556921,0.35002575854428297,6.2282364191883725e-06,0.0020507873359643172,1.7793651658926172e-05,0.9782837883556921,0.35002575854428297,8,v_proj,model.layers.8.self_attn.v_proj,validation,0.001127525185946785,0.0
0.15795133996197558,0.005881323101451991,5.992756640659244e-07,5.992756640659244e-07,0.0,0.6973843654087357,34221,70084608,0.0009815327666083807,0.02476156062328417,0.06926516290257992,0.510803122135955,0.014170655571674424,2.187395851837827e-06,0.0011267857116629748,0.00015436094969453564,0.040377213349226615,0.014170655571674424,0.0009836570746502883,0.024791238637167232,0.06941507184865253,0.5192952006043723,0.014170655571674424,0.000986616928071851,0.024829015742129642,0.06962394386636489,1.0863199138951178,0.014170655571674424,2.46378045557414e-09,4.18916018228259e-07,1.6547240869857384e-07,0.005881323101452063,0.014889373249302165,0.0009866174580652994,0.02482901117726112,0.0696239812671362,1.0863199138951178,0.014170655571674424,3.009295607049974e-06,0.0014702578752735936,0.00020212983712776544,1.2821284361165346,0.014887933665863546,3.00929616268627e-06,0.001470257969748304,0.00020212987444901553,1.2821284361165346,0.014887933665863546,9,down_proj,model.layers.9.mlp.down_proj,calibration,0.0009866174580652988,6.661338147750939e-16
0.15795133996197558,0.005881323101451991,3.8519376787299083e-07,3.8519376787299083e-07,4.8149220984123854e-08,0.6971410148160931,10141,20768768,0.0009809761291354796,0.02475650106217473,0.0681282878663954,0.5265302819593298,0.014398954675908576,2.2250023689006527e-06,0.0011353802157518863,0.00015452527068672466,0.03301285402380483,0.014398954675908576,0.0009830570294848315,0.024786379024129713,0.06827280532590471,0.5201297998551987,0.014398954675908576,0.0009859839490063984,0.024823714888939877,0.0684760783820012,1.0792299019751836,0.014398954675908576,2.476568308577648e-09,4.2109033390228576e-07,1.638730126649686e-07,0.005881323101452063,0.015112728254046848,0.000985984443977785,0.024823711194121176,0.06847611275750953,1.0792299019751836,0.014398954675908576,2.958136939266071e-06,0.001470485193473358,0.00019576171624677725,1.00590745731632,0.015110906238362988,2.9581375186638647e-06,0.0014704852919882306,0.00019576175458979812,1.00590745731632,0.015110906238362988,9,down_proj,model.layers.9.mlp.down_proj,validation,0.0009859844439777852,2.220446049250313e-16
0.532886234794076,0.1,0.0,0.0,0.0,0.1273883418167938,34221,560676864,0.0017006953797012849,0.03222423925480576,0.0018438755454963612,0.4047228431303487,0.922348248424471,2.2493912779631477e-05,0.003619080848743041,2.4387657067766908e-05,0.09087681026673267,0.922348248424471,0.00172339825395323,0.03243729809024262,0.0018684897563334562,0.41115455256085487,0.922348248424471,0.0025566633325631175,0.040254048486109285,0.002771906746644054,0.4355648692998486,0.922348248424471,5.406857665523355e-07,5.406857665523357e-06,5.845745264529131e-07,0.10000000000000053,0.9249218740903983,0.0025566531667576536,0.040253978313722114,0.002771895724987666,0.4355648692998486,0.922348248424471,0.0008333418482975053,0.02500006768354584,0.0009018001821130346,0.04999998899501099,0.9240870259583198,0.0008333418882061882,0.025000068082632675,0.0009018002253001823,0.05004017686746476,0.9240870259583198,9,gate_proj,model.layers.9.mlp.gate_proj,calibration,0.0025566531667576475,2.4424906541753444e-15
0.532886234794076,0.1,0.0,0.0,0.0,0.12751223375406764,10141,166150144,0.0017006924000057867,0.03222423875949182,0.0018379116207730894,0.42634536310275184,0.9253395978259371,2.2423608091825356e-05,0.0036144471186924736,2.423284180695291e-05,0.09973613809366033,0.9253395978259371,0.0017233198869839514,0.032436461356718176,0.0018623647912970002,0.43765713092612657,0.9253395978259371,0.002557054288733877,0.04025781679103283,0.002763368491677665,0.4775774928131298,0.9253395978259371,5.330118762942517e-07,5.330118762942506e-06,5.744022088188039e-07,0.10000000000000053,0.927941898744319,0.0025570477108902458,0.04025774937267581,0.002763361383105151,0.4775774928131298,0.9253395978259371,0.0008332941078369651,0.02499902701904173,0.0008988106991785683,0.04999998899501099,0.9271074638948118,0.0008332941468006817,0.024999027408678882,0.000898810741205753,0.050038438079200276,0.9271074638948118,9,gate_proj,model.layers.9.mlp.gate_proj,validation,0.002557047710890243,1.1102230246251565e-15
0.532886234794076,0.03126452246252506,4.560559145882645e-06,4.560559145882645e-06,0.0,0.1273883418167938,34221,560676864,0.001785784111574429,0.033469465641341414,0.004276458459946081,0.4905542590367862,0.4175848142336322,2.256872780697792e-05,0.00370657598130009,5.4045853770800844e-05,0.07517215110373221,0.4175848142336322,0.0018085345911764117,0.03368281938449251,0.004330939558938474,0.49600782346875505,0.4175848142336322,0.001893154707426517,0.03446033009615346,0.004533581305874132,3.9313078013242837,0.4175848142336322,7.173467585925936e-08,2.2944433565311504e-06,1.710549048386791e-07,0.031264522462526756,0.4193663778709645,0.0018931523938844075,0.034460307388773974,0.004533575765581404,3.9313078013242837,0.4175848142336322,8.474622646577348e-05,0.007818989823600297,0.00020207461041610772,3.9940427445875777,0.4193808726948222,8.474624118528862e-05,0.007818990294405985,0.0002020746455143111,3.9940427445875777,0.4193808726948222,9,up_proj,model.layers.9.mlp.up_proj,calibration,0.0018931523938844103,1.4432899320127035e-15
0.532886234794076,0.03126452246252506,4.195000878241791e-06,4.195000878241791e-06,0.0,0.12751223375406764,10141,166150144,0.0017856431832812304,0.033468084757032196,0.004267185037661408,0.42127968030306207,0.4184592811236131,2.2509596811764082e-05,0.0037010683688700062,5.379160608249178e-05,0.06736193732847895,0.4184592811236131,0.0018083443396565175,0.03368103855850581,0.004321434417229072,0.4279260941343406,0.4184592811236131,0.0018931321134502271,0.03445880434119935,0.004524053352017768,2.9789272454613,0.4184592811236131,7.157912501502279e-08,2.2894680416379482e-06,1.703284019386738e-07,0.031264522462526756,0.4202418633669482,0.001893131625016363,0.03445878757424129,0.004524052184798193,2.9789272454613,0.4184592811236131,8.494902980493096e-05,0.007818537444105494,0.00020213689629198942,3.0739391742329296,0.4202549428790129,8.494904446365111e-05,0.007818537912966654,0.0002021369311725313,3.0739391742329296,0.4202549428790129,9,up_proj,model.layers.9.mlp.up_proj,validation,0.0018931316250163615,8.881784197001252e-16
0.41246044729638287,0.04230240454427595,6.96301247771836e-06,6.96301247771836e-06,0.0,0.1710884078855089,34221,8760576,0.004001066173974307,0.04926030972125653,0.0014248970535397153,0.5026544152438497,2.807968592562458,6.276663522380235e-05,0.006051029892655677,2.2353040340285157e-05,0.08671814120221377,2.807968592562458,0.004064149364392426,0.0496477244623029,0.0014473628284722444,0.4977647924147348,2.807968592562458,0.004221131323348397,0.0506650360555708,0.0015032687098171331,2.2419507956762317,2.807968592562458,2.7433009847704507e-07,6.484976479053729e-06,9.744628233180511e-08,0.042302404544276584,2.815193067529756,0.0042211715862405545,0.05066522400667586,0.0015032830486143205,2.2419507956762317,2.807968592562458,0.00015694216123189868,0.010582126424202497,5.5746301047360724e-05,2.401836524680558,2.8152928227213563,0.00015694236154454347,0.010582131159456842,5.5746372198980605e-05,2.401836524680558,2.8152928227213563,9,k_proj,model.layers.9.self_attn.k_proj,calibration,0.004221171586240554,2.220446049250313e-16
0.41246044729638287,0.04230240454427595,1.2711394339808697e-05,1.2711394339808697e-05,6.259398727936101e-07,0.1717670012973326,10141,2596096,0.004003114138855914,0.04928351237378599,0.001413065215928407,0.7009696396537279,2.8329295022847214,6.358420471026565e-05,0.006085306106461816,2.244468302475787e-05,0.08359392623019346,2.8329295022847214,0.004068437522751569,0.049678871604673665,0.001436123814401462,0.6352081092545099,2.8329295022847214,0.004250752124477825,0.050708981870357016,0.001500479316922517,3.4314435039586364,2.8329295022847214,2.853709108269561e-07,6.745973754949834e-06,1.004803146896659e-07,0.042302404544276584,2.8400678452125274,0.004250726742912855,0.0507088803891394,0.0015004703574461342,3.4314435039586364,2.8329295022847214,0.00018218864461171417,0.010594198685551944,6.413793801787317e-05,3.522190648136288,2.840575332511377,0.00018218882247216878,0.010594202890051823,6.41380006321093e-05,3.522190648136288,2.840575332511377,9,k_proj,model.layers.9.self_attn.k_proj,validation,0.004250726742912856,2.220446049250313e-16
0.04086306714636134,0.004032875028774582,1.7550215876216358e-06,1.7550215876216358e-06,0.0,0.0655086349345066,34221,70084608,1.688823380084131e-05,0.0031817626235753874,0.0023061842801363067,0.061780010679248425,0.007323020083999155,1.0477377121980384e-06,0.0007781242065931095,0.00014307453757874455,0.02139734718219599,0.007323020083999155,1.7937221322794613e-05,0.0032785410265858917,0.0024494294863382326,0.0654049422959931,0.007323020083999155,1.942259883328925e-05,0.0034203309035332453,0.002652266224931944,0.8924167102385683,0.007323020083999155,1.2946823914067425e-09,3.210321128646878e-07,1.7632819027352784e-07,0.004032875028774585,0.007342458340883416,1.942256924113206e-05,0.0034203297304171653,0.002652262183954745,0.8924167102385683,0.007323020083999155,1.4871417081232255e-06,0.001008464924604309,0.00020253231994914823,0.8791667562728591,0.0073427377343853895,1.487141964789883e-06,0.001008464988247902,0.00020253235490431986,0.8791667562728591,0.0073427377343853895,9,o_proj,model.layers.9.self_attn.o_proj,calibration,1.942256924113205e-05,4.440892098500626e-16
0.04086306714636134,0.004032875028774582,2.022267281333202e-06,2.022267281333202e-06,0.0,0.06415821102147225,10141,20768768,1.6905983586439277e-05,0.0031837553009624125,0.0022514453344008346,0.05898410036088736,0.007508946954263218,1.0729773128323308e-06,0.0007871004810504147,0.00014289318054419684,0.01994724840477302,0.007508946954263218,1.7979734693639122e-05,0.0032823534803326374,0.0023944415645966305,0.06315517573469265,0.007508946954263218,1.957850433326556e-05,0.0034238359281433925,0.002607356857428568,0.695004638185341,0.007508946954263218,1.3312748111064223e-09,3.3010564463509753e-07,1.7688647547191357e-07,0.004032875028774585,0.00752615375231333,1.9578495727714677e-05,0.0034238378257929487,0.0026073557113889256,0.695004638185341,0.007508946954263218,1.6050115068529765e-06,0.001008581182342426,0.0002132261097575098,0.7127649999058514,0.007527274725774751,1.6050117777390576e-06,0.0010085812495118974,0.00021322614574478157,0.7127649999058514,0.007527274725774751,9,o_proj,model.layers.9.self_attn.o_proj,validation,1.9578495727714684e-05,3.3306690738754696e-16
0.41246044729638287,0.020108040622374222,3.7526071345080505e-06,3.7526071345080505e-06,0.0,0.1710884078855089,34221,70084608,0.0027049515540361734,0.0400455607432446,0.002204483019350527,0.437009696570557,1.2270230844568228,3.756134362127801e-05,0.004668927055076362,3.061176606787771e-05,0.11417939373529506,1.2270230844568228,0.0027428644449732573,0.04032737274626306,0.0022353812896580227,0.4450272127706407,1.2270230844568228,0.0027767418973040775,0.040615127790732106,0.002262990755820444,1.1047848619417397,1.2270230844568228,9.149977839731774e-08,4.550407477071933e-06,7.438397449241502e-08,0.020108040622375256,1.2301006906621808,0.0027767335807509395,0.04061504727239937,0.0022629839779910424,1.1047848619417397,1.2270230844568228,3.398008452157429e-05,0.005026896595112872,2.762421875615422e-05,1.1215818213813176,1.2300830956171054,3.398014936771823e-05,0.0050268998199991324,2.762427147303503e-05,1.1215818213813176,1.2300830956171054,9,q_proj,model.layers.9.self_attn.q_proj,calibration,0.0027767335807509386,2.220446049250313e-16
0.41246044729638287,0.020108040622374222,6.933487821713835e-06,6.933487821713835e-06,6.259398727936101e-07,0.1717670012973326,10141,20768768,0.0027069543745915753,0.040065569816409775,0.002184146814557875,0.4007988652458928,1.2393646601725943,3.7974636553105134e-05,0.004694326244117629,3.064040614795066e-05,0.08953184165693795,1.2393646601725943,0.0027455609829124487,0.0403498583911448,0.0022152971366232927,0.4086532383161349,1.2393646601725943,0.0027799371907146647,0.04063868466339551,0.0022430340964599794,1.3542345287213795,1.2393646601725943,8.972954818340115e-08,4.462371539251765e-06,7.220765359621817e-08,0.020108040622375256,1.2426597973279203,0.002779922084529619,0.04063863121608696,0.0022430219078075748,1.3542345287213795,1.2393646601725943,3.43492091576363e-05,0.005029109440128562,2.7641653502284183e-05,1.1683510920141504,1.2426611582696323,3.434927372403433e-05,0.005029112651102682,2.764170546045283e-05,1.1683510920141504,1.2426611582696323,9,q_proj,model.layers.9.self_attn.q_proj,validation,0.0027799220845296205,4.440892098500626e-16
0.41246044729638287,0.007969601232448748,1.1757217790245756e-05,1.1757217790245756e-05,0.0,0.1710884078855089,34221,8760576,0.0016575212279125878,0.03247785746675386,0.005294637240731016,0.2251445833448928,0.31305661796080636,2.178782355041644e-05,0.0036935401095928902,6.95970706268353e-05,0.03469910433331935,0.31305661796080636,0.0016794807189741956,0.03269173444768644,0.0053647826706684125,0.2186993234110423,0.31305661796080636,0.0016861611030219719,0.03274594549802283,0.00538612189068328,1.7478726707091594,0.31305661796080636,1.595734240684074e-08,2.0022761417308285e-06,5.069946009522278e-08,0.00796960123244883,0.31474383310729454,0.0016861582968367129,0.032745910125421294,0.005386112926856618,1.7478726707091594,0.31305661796080636,6.765079854945863e-06,0.0019946317709239186,2.1492606926218183e-05,1.7373730686738273,0.3147631126447181,6.765088847768667e-06,0.0019946328993144806,2.149263549634741e-05,1.7373730686738273,0.3147631126447181,9,v_proj,model.layers.9.self_attn.v_proj,calibration,0.0016861582968367133,2.220446049250313e-16
0.41246044729638287,0.007969601232448748,1.2711394339808697e-05,1.2711394339808697e-05,6.259398727936101e-07,0.1717670012973326,10141,2596096,0.001660523980939743,0.03250576755936128,0.00523085492039067,0.20554032331062483,0.3174479136224496,2.1961978614119677e-05,0.003705761383622865,6.918293575631976e-05,0.030458579839534317,0.3174479136224496,0.0016826310033704517,0.03272184246586441,0.005300494762021512,0.21076560125085897,0.3174479136224496,0.0016906186512809116,0.03277901080773592,0.005325656836074265,1.016548555994885,0.3174479136224496,1.514408658802677e-08,1.9002314101195712e-06,4.745761386622114e-08,0.00796960123244883,0.31910762792913744,0.0016906155884914762,0.03277903012202053,0.005325647187910569,1.016548555994885,0.3174479136224496,7.99589239991651e-06,0.0019959506525387975,2.505445841202056e-05,1.0205301215493323,0.31914050060169186,7.995901386055154e-06,0.001995951780090651,2.5054486569332545e-05,1.0205301215493323,0.31914050060169186,9,v_proj,model.layers.9.self_attn.v_proj,validation,0.0016906155884914762,0.0
