layer,s10,s_act,gelu_percentile,s_h_target,s_h_effective,M_G,S_G,s8_down,gate_nmse,gelu_nmse,pre_gpalu_nmse,post_gpalu_nmse,gpalu_clip_rate,down_nmse_prefill,down_nmse_decode,down_nmse_balanced,down_nmse_worst,down_saturation_rate,post_residual_nmse_prefill,post_residual_nmse_decode,post_residual_nmse_balanced,post_residual_worst_group,movement,error_cancellation_warning,selected_unconstrained,selected_guarded
0,0.02653732831,0.09445526342,99.995,0.9583205375,0.9583174854,1133,15,0.09693467918,0.0004799674346,0.0004093037907,0.02376544816,0.03463446711,7.629394531e-06,0.02478931033,0.02381988546,0.02430459789,0.02478931033,0,0.03358044344,0.03178486564,0.03268265454,0.03358044344,1.078638474,False,True,True
0,0.02433483736,0.09447198705,99.995,0.9584902115,0.9584871588,1133,15,0.0939820429,0.0004834992901,0.0004089078303,0.02373875958,0.03462192847,7.629394531e-06,0.02481441734,0.02381128093,0.02431284914,0.02481441734,6.103515625e-05,0.03361445426,0.03177338389,0.03269391908,0.03361445426,1.248777063,False,False,False
0,0.02653732831,0.09445526342,99.995,0.9583205375,0.9583174854,1133,15,0.09400340084,0.0004799674346,0.0004093037907,0.02376544816,0.03463446711,7.629394531e-06,0.02477611029,0.0238519028,0.02431400655,0.02477611029,6.103515625e-05,0.03356256222,0.03182758906,0.03269507564,0.03356256222,1.122938417,False,False,False
0,0.02433483736,0.09447198705,99.995,0.9584902115,0.9584871588,1133,15,0.09833601577,0.0004834992901,0.0004089078303,0.02373875958,0.03462192847,7.629394531e-06,0.02473681231,0.02389972763,0.02431826997,0.02473681231,0,0.03350932784,0.03189140573,0.03270036678,0.03350932784,1.183442288,False,False,False
0,0.02433483736,0.09447198705,99.995,0.972683438,0.9726792183,35727,20,0.09149115862,0.0004834992901,0.0004089078303,0.02373875958,0.03454289953,7.629394531e-06,0.02469658086,0.02394089156,0.02431873621,0.02469658086,9.155273438e-05,0.03345482895,0.03194633421,0.03270058158,0.03345482895,1.308734849,False,False,False
0,0.02653732831,0.09445526342,99.995,0.9583205375,0.9583174854,1133,15,0.09001796505,0.0004799674346,0.0004093037907,0.02376544816,0.03463446711,7.629394531e-06,0.0247765374,0.02385977551,0.02431815646,0.0247765374,9.155273438e-05,0.0335631408,0.03183809428,0.03270061754,0.0335631408,1.185438417,False,False,False
0,0.02653732831,0.09445526342,99.995,0.9583205375,0.9583174854,1133,15,0.09017452405,0.0004799674346,0.0004093037907,0.02376544816,0.03463446711,7.629394531e-06,0.02477438058,0.02386245291,0.02431841675,0.02477438058,9.155273438e-05,0.0335602191,0.03184166695,0.03270094303,0.0335602191,1.182931465,False,False,False
0,0.02653732831,0.09445526342,99.995,0.972683438,0.972670383,35721,20,0.09156254428,0.0004799674346,0.0004093037907,0.02376544816,0.03460973907,7.629394531e-06,0.02472686136,0.02391086783,0.0243188646,0.02472686136,9.155273438e-05,0.03349584795,0.03190627104,0.03270105949,0.03349584795,1.182341113,False,False,False
0,0.02653732831,0.09445526342,99.995,0.9583205375,0.9583174854,1133,15,0.1012263441,0.0004799674346,0.0004093037907,0.02376544816,0.03463446711,7.629394531e-06,0.02482935077,0.02381169443,0.0243205226,0.02482935077,0,0.03363468359,0.03177393567,0.03270430963,0.03363468359,1.016138474,False,False,False
0,0.02433483736,0.09447198705,99.995,0.9584902115,0.9584871588,1133,15,0.09400340084,0.0004834992901,0.0004089078303,0.02373875958,0.03462192847,7.629394531e-06,0.02481182361,0.02382970364,0.02432076363,0.02481182361,6.103515625e-05,0.0336109407,0.03179796687,0.03270445378,0.0336109407,1.24844924,False,False,False
0,0.02433483736,0.09447198705,99.995,0.972683438,0.9726792183,35727,20,0.09017452405,0.0004834992901,0.0004089078303,0.02373875958,0.03454289953,7.629394531e-06,0.02469870225,0.02394700169,0.02432285197,0.02469870225,9.155273438e-05,0.03345770265,0.03195448747,0.03270609506,0.03345770265,1.329647278,False,False,False
0,0.02653732831,0.09445526342,99.995,0.9583205375,0.9583174854,1133,15,0.0958800642,0.0004799674346,0.0004093037907,0.02376544816,0.03463446711,7.629394531e-06,0.02482597455,0.02382118222,0.02432357839,0.02482597455,3.051757812e-05,0.03363011005,0.03178659601,0.03270835303,0.03363011005,1.094420493,False,False,False
0,0.02433483736,0.09447198705,99.995,0.972683438,0.9726792183,35727,20,0.09001796505,0.0004834992901,0.0004089078303,0.02373875958,0.03454289953,7.629394531e-06,0.02470193079,0.02394717703,0.02432455391,0.02470193079,9.155273438e-05,0.03346207614,0.03195472143,0.03270839878,0.03346207614,1.33215423,False,False,False
0,0.02433483736,0.09447198705,99.995,0.9584902115,0.9584871588,1133,15,0.09682086457,0.0004834992901,0.0004089078303,0.02373875958,0.03462192847,7.629394531e-06,0.02477456755,0.02387587137,0.02432521946,0.02477456755,0,0.03356047237,0.03185957233,0.03271002235,0.03356047237,1.205844214,False,False,False
0,0.02433483736,0.09447198705,99.995,0.972683438,0.9726792183,35727,20,0.09269191692,0.0004834992901,0.0004089078303,0.02373875958,0.03454289953,7.629394531e-06,0.02474345594,0.02390763837,0.02432554716,0.02474345594,6.103515625e-05,0.03351832753,0.03190196169,0.03271014461,0.03351832753,1.289923646,False,False,False
0,0.02433483736,0.09447198705,99.995,0.9584902115,0.9584871588,1133,15,0.09416689131,0.0004834992901,0.0004089078303,0.02373875958,0.03462192847,7.629394531e-06,0.02480761313,0.02384455692,0.02432608502,0.02480761313,6.103515625e-05,0.03360523704,0.03181778683,0.03271151193,0.03360523704,1.245942288,False,False,False
0,0.02653732831,0.09445526342,99.995,0.9583205375,0.9583174854,1133,15,0.09054786753,0.0004799674346,0.0004093037907,0.02376544816,0.03463446711,7.629394531e-06,0.02479158158,0.02386197375,0.02432677766,0.02479158158,9.155273438e-05,0.03358352016,0.03184102757,0.03271227386,0.03358352016,1.176970703,False,False,False
0,0.02653732831,0.09445526342,99.995,0.972683438,0.972670383,35721,20,0.09419422097,0.0004799674346,0.0004093037907,0.02376544816,0.03460973907,7.629394531e-06,0.02475357113,0.02390392458,0.02432874785,0.02475357113,6.103515625e-05,0.0335320299,0.03189700607,0.03271451799,0.0335320299,1.141460116,False,False,False
0,0.02653732831,0.09445526342,99.995,0.972683438,0.972670383,35721,20,0.09400340084,0.0004799674346,0.0004093037907,0.02376544816,0.03460973907,7.629394531e-06,0.02475035753,0.02391191909,0.02433113831,0.02475035753,6.103515625e-05,0.03352767666,0.03190767381,0.03271767524,0.03352767666,1.144385714,False,False,False
0,0.02653732831,0.09445526342,99.995,0.972683438,0.972670383,35721,20,0.0958800642,0.0004799674346,0.0004093037907,0.02376544816,0.03460973907,7.629394531e-06,0.0247565585,0.02390700989,0.02433178419,0.0247565585,0,0.03353607669,0.03190112306,0.03271859988,0.03353607669,1.11586779,False,False,False
0,0.02653732831,0.09445526342,99.995,0.972683438,0.972670383,35721,20,0.09416689131,0.0004799674346,0.0004093037907,0.02376544816,0.03460973907,7.629394531e-06,0.02474940396,0.02391668249,0.02433304323,0.02474940396,6.103515625e-05,0.03352638492,0.03191403002,0.03272020747,0.03352638492,1.141878762,False,False,False
0,0.02433483736,0.09447198705,99.995,0.9584902115,0.9584871588,1133,15,0.0958800642,0.0004834992901,0.0004089078303,0.02373875958,0.03462192847,7.629394531e-06,0.02479759717,0.02387223242,0.0243349148,0.02479759717,3.051757812e-05,0.03359166908,0.03185471657,0.03272319283,0.03359166908,1.219931316,False,False,False
0,0.02653732831,0.09445526342,99.995,0.972683438,0.972670383,35721,20,0.1001250373,0.0004799674346,0.0004093037907,0.02376544816,0.03460973907,7.629394531e-06,0.02473941083,0.02393714464,0.02433827774,0.02473941083,0,0.03351284789,0.03194133438,0.03272709113,0.03351284789,1.05336779,False,False,False
0,0.02433483736,0.09447198705,99.995,0.9584902115,0.9584871588,1133,15,0.1001250373,0.0004834992901,0.0004089078303,0.02373875958,0.03462192847,7.629394531e-06,0.02474010162,0.02393756224,0.02433883193,0.02474010162,0,0.03351378366,0.03194189161,0.03272783763,0.03351378366,1.157431316,False,False,False
0,0.02653732831,0.09445526342,99.995,0.972683438,0.972670383,35721,20,0.09561636444,0.0004799674346,0.0004093037907,0.02376544816,0.03460973907,7.629394531e-06,0.02477172262,0.02390999601,0.02434085932,0.02477172262,0,0.03355661854,0.03190510769,0.03273086312,0.03355661854,1.119841113,False,False,False
0,0.02653732831,0.09445526342,99.995,0.9583205375,0.9583174854,1133,15,0.09282496679,0.0004799674346,0.0004093037907,0.02376544816,0.03463446711,7.629394531e-06,0.02483426969,0.02384702889,0.02434064929,0.02483426969,6.103515625e-05,0.03364134692,0.03182108539,0.03273121615,0.03364134692,1.141138474,False,False,False
0,0.02653732831,0.09445526342,99.995,0.972683438,0.972670383,35721,20,0.08919347433,0.0004799674346,0.0004093037907,0.02376544816,0.03460973907,7.629394531e-06,0.02472873377,0.02395512394,0.02434192885,0.02472873377,9.155273438e-05,0.03349838438,0.03196532565,0.03273185502,0.03349838438,1.220160503,False,False,False
0,0.02433483736,0.09447198705,99.995,0.9584902115,0.9584871588,1133,15,0.09654795317,0.0004834992901,0.0004089078303,0.02373875958,0.03462192847,7.629394531e-06,0.02478512425,0.02390063189,0.02434287807,0.02478512425,0,0.03357477284,0.03189261236,0.0327336926,0.03357477284,1.209916517,False,False,False
0,0.02653732831,0.09445526342,99.995,0.9583205375,0.9583174854,1133,15,0.09731308051,0.0004799674346,0.0004093037907,0.02376544816,0.03463446711,7.629394531e-06,0.02482826511,0.02385936399,0.02434381455,0.02482826511,0,0.03363321292,0.03183754515,0.03273537903,0.03363321292,1.073017628,False,False,False
0,0.02653732831,0.09445526342,99.995,0.972683438,0.972670383,35721,20,0.1015725149,0.0004799674346,0.0004093037907,0.02376544816,0.03460973907,7.629394531e-06,0.02482074562,0.02386732942,0.02434403752,0.02482074562,0,0.03362302675,0.03184817408,0.03273560042,0.03362302675,1.032660503,False,False,False
0,0.02653732831,0.09445526342,99.995,0.9583205375,0.9583174854,1133,15,0.08923648828,0.0004799674346,0.0004093037907,0.02376544816,0.03463446711,7.629394531e-06,0.02478598362,0.02390737583,0.02434667972,0.02478598362,9.155273438e-05,0.03357593697,0.03190161136,0.03273877417,0.03357593697,1.198017628,False,False,False
0,0.02653732831,0.09445526342,99.995,0.9583205375,0.9583174854,1133,15,0.09416689131,0.0004799674346,0.0004093037907,0.02376544816,0.03463446711,7.629394531e-06,0.02483028624,0.02386309585,0.02434669104,0.02483028624,6.103515625e-05,0.03363595081,0.03184252487,0.03273923784,0.03363595081,1.120431465,False,False,False
0,0.02653732831,0.1067761793,100,1.132570127,1.132585371,34679,20,0.03047670328,0.0004799674346,0.0004489356207,0.02368719363,0.03658359147,0,0.04603493937,0.04606401095,0.04604947516,0.04606401095,0.02389526367,0.06236049561,0.06146706295,0.06191377928,0.06236049561,3.165875455,False,False,False
0,0.02653732831,0.1067761793,100,1.132570127,1.132585371,34679,20,0.03116174462,0.0004799674346,0.0004489356207,0.02368719363,0.03658359147,0,0.0446781119,0.04465948394,0.04466879792,0.0446781119,0.02127075195,0.06052249094,0.05959288507,0.06005768801,0.06052249094,3.133806301,False,False,False
0,0.02653732831,0.1067761793,100,1.132570127,1.132585371,34679,20,0.03182602221,0.0004799674346,0.0004489356207,0.02368719363,0.03658359147,0,0.04351411634,0.04337421846,0.0434441674,0.04351411634,0.01943969727,0.05894570294,0.05787784784,0.05841177539,0.05894570294,3.103375455,False,False,False
0,0.02653732831,0.1067761793,100,1.132570127,1.132585371,34679,20,0.03254139292,0.0004799674346,0.0004489356207,0.02368719363,0.03658359147,0,0.04233872409,0.04213540232,0.04223706321,0.04233872409,0.01736450195,0.05735347659,0.05622479184,0.05678913422,0.05735347659,3.071306301,False,False,False
0,0.02653732831,0.1067761793,100,1.132570127,1.132585371,34679,20,0.03323508059,0.0004799674346,0.0004489356207,0.02368719363,0.03658359147,0,0.04127212232,0.04107212362,0.04117212297,0.04127212232,0.01513671875,0.05590862154,0.05480597012,0.05535729583,0.05590862154,3.040875455,False,False,False
0,0.02653732831,0.1067761793,100,1.132570127,1.132585371,34679,20,0.03398212347,0.0004799674346,0.0004489356207,0.02368719363,0.03658359147,0,0.04026760323,0.04002156718,0.0401445852,0.04026760323,0.01333618164,0.05454786578,0.05340412479,0.05397599529,0.05454786578,3.008806301,False,False,False
0,0.02653732831,0.1067761793,100,1.132570127,1.132585371,34679,20,0.03470652332,0.0004799674346,0.0004489356207,0.02368719363,0.03658359147,0,0.03931276051,0.03904625741,0.03917950896,0.03931276051,0.01184082031,0.05325440334,0.05210268739,0.05267854536,0.05325440334,2.978375455,False,False,False
0,0.02653732831,0.1067761793,100,1.132570127,1.132585371,34679,20,0.03495533191,0.0004799674346,0.0004489356207,0.02368719363,0.03658359147,0,0.03904288335,0.03876082327,0.03890185331,0.03904288335,0.01141357422,0.05288881856,0.05172180874,0.05230531365,0.05288881856,2.968069773,False,False,False
0,0.02653732831,0.1067761793,100,1.132570127,1.132585371,34679,20,0.03548664061,0.0004799674346,0.0004489356207,0.02368719363,0.03658359147,0,0.03843529151,0.03815228981,0.03829379066,0.03843529151,0.01083374023,0.05206575398,0.05090979163,0.0514877728,0.05206575398,2.946306301,False,False,False
0,0.02653732831,0.1067761793,100,1.132570127,1.132585371,34679,20,0.03617311603,0.0004799674346,0.0004489356207,0.02368719363,0.03658359147,0,0.03770966951,0.03740259943,0.03755613447,0.03770966951,0.009582519531,0.05108280172,0.04990941705,0.05049610938,0.05108280172,2.918664427,False,False,False
0,0.02653732831,0.1067761793,100,1.132570127,1.132585371,34679,20,0.03624311238,0.0004799674346,0.0004489356207,0.02368719363,0.03658359147,0,0.03764960347,0.03733625556,0.03749292952,0.03764960347,0.009521484375,0.05100143422,0.04982088888,0.05041116155,0.05100143422,2.915875455,False,False,False
0,0.02653732831,0.1067761793,100,1.132570127,1.132585371,34679,20,0.03650293667,0.0004799674346,0.0004489356207,0.02368719363,0.03658359147,0,0.03738507687,0.03711652218,0.03725079952,0.03738507687,0.009216308594,0.05064309748,0.04952768024,0.05008538886,0.05064309748,2.905569773,False,False,False
0,0.02653732831,0.1067761793,100,1.132570127,1.132585371,34679,20,0.03705776841,0.0004799674346,0.0004489356207,0.02368719363,0.03658359147,0,0.03686152535,0.03658109667,0.03672131101,0.03686152535,0.008636474609,0.04993387677,0.0488132172,0.04937354699,0.04993387677,2.883806301,False,False,False
0,0.02653732831,0.1067761793,100,1.132570127,1.132585371,34679,20,0.03777463669,0.0004799674346,0.0004489356207,0.02368719363,0.03658359147,0,0.03623763803,0.03594556153,0.03609159978,0.03623763803,0.007873535156,0.04908873777,0.04796516951,0.04852695364,0.04908873777,2.856164427,False,False,False
0,0.02653732831,0.1067761793,100,1.132570127,1.132585371,34679,20,0.03784773205,0.0004799674346,0.0004489356207,0.02368719363,0.03658359147,0,0.03619647228,0.03587586372,0.036036168,0.03619647228,0.007720947266,0.04903297325,0.04787216589,0.04845256957,0.04903297325,2.853375455,False,False,False
0,0.02653732831,0.1067761793,100,1.132570127,1.132585371,34679,20,0.03811905974,0.0004799674346,0.0004489356207,0.02368719363,0.03658359147,0,0.03594922568,0.03567494245,0.03581208407,0.03594922568,0.007385253906,0.0486980446,0.04760405983,0.04815105221,0.0486980446,2.843069773,False,False,False
0,0.02653732831,0.1067761793,100,1.132570127,1.132585371,34679,20,0.03869845599,0.0004799674346,0.0004489356207,0.02368719363,0.03658359147,0,0.03549731392,0.0352232889,0.03536030141,0.03549731392,0.006988525391,0.04808586954,0.04700138072,0.04754362513,0.04808586954,2.821306301,False,False,False
0,0.02653732831,0.1067761793,100,1.132570127,1.132585371,34679,20,0.03944706274,0.0004799674346,0.0004489356207,0.02368719363,0.03658359147,0,0.03501506214,0.03468579167,0.03485042691,0.03501506214,0.00634765625,0.04743259487,0.04628415321,0.04685837404,0.04743259487,2.793664427,False,False,False
0,0.02653732831,0.1067761793,100,1.132570127,1.132585371,34679,20,0.03952339431,0.0004799674346,0.0004489356207,0.02368719363,0.03658359147,0,0.03495247927,0.03463007525,0.03479127726,0.03495247927,0.006256103516,0.04734781798,0.04620980613,0.04677881205,0.04734781798,2.790875455,False,False,False
0,0.02653732831,0.1067761793,100,1.132570127,1.132585371,34679,20,0.0398067347,0.0004799674346,0.0004489356207,0.02368719363,0.03658359147,0,0.03475631071,0.03446152717,0.03460891894,0.03475631071,0.006042480469,0.04708208138,0.04598489832,0.04653348985,0.04708208138,2.780569773,False,False,False
0,0.02653732831,0.1067761793,100,1.132570127,1.132585371,34679,20,0.04041178301,0.0004799674346,0.0004489356207,0.02368719363,0.03658359147,0,0.03437763974,0.03401858874,0.03419811424,0.03437763974,0.005584716797,0.04656912079,0.04539384852,0.04598148466,0.04656912079,2.758806301,False,False,False
0,0.02653732831,0.1067761793,100,1.132570127,1.132585371,34679,20,0.04119353341,0.0004799674346,0.0004489356207,0.02368719363,0.03658359147,0,0.03389301492,0.03362498999,0.03375900245,0.03389301492,0.005004882812,0.04591263151,0.04486863679,0.04539063415,0.04591263151,2.731164427,False,False,False
0,0.02653732831,0.1067761793,100,1.132570127,1.132585371,34679,20,0.04127324447,0.0004799674346,0.0004489356207,0.02368719363,0.03658359147,0,0.03384277583,0.03360751866,0.03372514724,0.03384277583,0.004974365234,0.04584457593,0.04484532333,0.04534494963,0.04584457593,2.728375455,False,False,False
0,0.02653732831,0.1067761793,100,1.132570127,1.132585371,34679,20,0.04156912941,0.0004799674346,0.0004489356207,0.02368719363,0.03658359147,0,0.0337628668,0.03341528782,0.03358907731,0.0337628668,0.004699707031,0.04573632844,0.04458881365,0.04516257104,0.04573632844,2.718069773,False,False,False
0,0.02653732831,0.1067761793,100,1.132570127,1.132585371,34679,20,0.0422009655,0.0004799674346,0.0004489356207,0.02368719363,0.03658359147,0,0.03338390848,0.03307927769,0.03323159308,0.03338390848,0.004333496094,0.0452229786,0.04414044722,0.04468171291,0.0452229786,2.696306301,False,False,False
0,0.02653732831,0.1067761793,100,1.132570127,1.132585371,34679,20,0.04301732695,0.0004799674346,0.0004489356207,0.02368719363,0.03658359147,0,0.03299748771,0.03268537484,0.03284143128,0.03299748771,0.003723144531,0.04469951988,0.0436148297,0.04415717479,0.04469951988,2.668664427,False,False,False
0,0.02653732831,0.1067761793,100,1.132570127,1.132585371,34679,20,0.04310056711,0.0004799674346,0.0004489356207,0.02368719363,0.03658359147,0,0.032982218,0.03266753205,0.03282487502,0.032982218,0.003662109375,0.044678835,0.04359102057,0.04413492779,0.044678835,2.665875455,False,False,False
0,0.02653732831,0.1067761793,100,1.132570127,1.132585371,34679,20,0.043409552,0.0004799674346,0.0004489356207,0.02368719363,0.03658359147,0,0.03283887929,0.03249973347,0.03266930638,0.03283887929,0.003448486328,0.04448466351,0.04336711288,0.0439258882,0.04448466351,2.655569773,False,False,False
0,0.02653732831,0.1067761793,100,1.132570127,1.132585371,34679,20,0.043914365,0.0004799674346,0.0004489356207,0.02368719363,0.03658359147,0,0.03267700087,0.03231628573,0.0324966433,0.03267700087,0.003204345703,0.0442653775,0.04312232322,0.04369385036,0.0442653775,2.638889364,False,False,False
0,0.02653732831,0.1067761793,100,1.132570127,1.132585371,34679,20,0.04406936186,0.0004799674346,0.0004489356207,0.02368719363,0.03658359147,0,0.03261578936,0.03220749247,0.03241164091,0.03261578936,0.003173828125,0.0441824583,0.04297715128,0.04357980479,0.0441824583,2.633806301,False,False,False
0,0.02653732831,0.1067761793,100,1.132570127,1.132585371,34679,20,0.04492186672,0.0004799674346,0.0004489356207,0.02368719363,0.03658359147,0,0.03227040201,0.03191081422,0.03209060811,0.03227040201,0.002746582031,0.04371458484,0.04258126867,0.04314792675,0.04371458484,2.606164427,False,False,False
0,0.02653732831,0.1067761793,100,1.132570127,1.132585371,34679,20,0.04533145706,0.0004799674346,0.0004489356207,0.02368719363,0.03658359147,0,0.03213745006,0.0317462713,0.03194186068,0.03213745006,0.002563476562,0.0435344836,0.0423617053,0.04294809445,0.0435344836,2.593069773,False,False,False
0,0.02653732831,0.09445526342,99.995,0.9583205375,0.9583174854,1133,15,0.1031148824,0.0004799674346,0.0004093037907,0.02376544816,0.03463446711,7.629394531e-06,0.02484257437,0.02385718271,0.02434987854,0.02484257437,0,0.03365259673,0.03183463448,0.0327436156,0.03365259673,0.989470703,False,False,False
0,0.02653732831,0.09445526342,99.995,0.9583205375,0.9583174854,1133,15,0.1016214987,0.0004799674346,0.0004093037907,0.02376544816,0.03463446711,7.629394531e-06,0.02483462344,0.02386601608,0.02435031976,0.02483462344,0,0.03364182613,0.03184642159,0.03274412386,0.03364182613,1.010517628,False,False,False
0,0.02433483736,0.09447198705,99.995,0.972683438,0.9726792183,35727,20,0.1001250373,0.0004834992901,0.0004089078303,0.02373875958,0.03454289953,7.629394531e-06,0.02470156032,0.02400074842,0.02435115437,0.02470156032,0,0.03346157429,0.03202620622,0.03274389025,0.03346157429,1.178636307,False,False,False
0,0.02433483736,0.09447198705,99.995,0.972683438,0.9726792183,35727,20,0.09554181827,0.0004834992901,0.0004089078303,0.02373875958,0.03454289953,7.629394531e-06,0.02473056094,0.02397250363,0.02435153229,0.02473056094,0,0.03350085952,0.03198851684,0.03274468818,0.03350085952,1.246234849,False,False,False
0,0.02433483736,0.09447198705,99.995,0.972683438,0.9726792183,35727,20,0.1041890916,0.0004834992901,0.0004089078303,0.02373875958,0.03454289953,7.629394531e-06,0.0247534173,0.0239503331,0.0243518752,0.0247534173,0,0.03353182152,0.03195893284,0.03274537718,0.03353182152,1.121234849,False,False,False
0,0.02653732831,0.09445526342,99.995,0.9583205375,0.9583174854,1133,15,0.09833601577,0.0004799674346,0.0004093037907,0.02376544816,0.03463446711,7.629394531e-06,0.02487073534,0.02383334898,0.02435204216,0.02487073534,0,0.03369074454,0.03180283114,0.03274678784,0.03369074454,1.057931465,False,False,False
0,0.02653732831,0.09445526342,99.995,0.9583205375,0.9583174854,1133,15,0.09816528696,0.0004799674346,0.0004093037907,0.02376544816,0.03463446711,7.629394531e-06,0.02486680429,0.02383917691,0.0243529906,0.02486680429,0,0.0336854194,0.03181060784,0.03274801362,0.0336854194,1.060438417,False,False,False
0,0.02433483736,0.09447198705,99.995,0.9584902115,0.9584871588,1133,15,0.09816528696,0.0004834992901,0.0004089078303,0.02373875958,0.03462192847,7.629394531e-06,0.02478714539,0.02391919186,0.02435316863,0.02478714539,0,0.03357751075,0.03191737848,0.03274744462,0.03357751075,1.18594924,False,False,False
0,0.02653732831,0.09445526342,99.995,0.972683438,0.972670383,35721,20,0.1025114355,0.0004799674346,0.0004093037907,0.02376544816,0.03460973907,7.629394531e-06,0.02483211429,0.02387828431,0.0243551993,0.02483211429,0,0.03363842715,0.03186279211,0.03275060963,0.03363842715,1.019385714,False,False,False
0,0.02653732831,0.09445526342,99.995,0.9583205375,0.9583174854,1133,15,0.1026897231,0.0004799674346,0.0004093037907,0.02376544816,0.03463446711,7.629394531e-06,0.02484567652,0.023866855,0.02435626576,0.02484567652,0,0.033656799,0.03184754103,0.03275217001,0.033656799,0.9954314646,False,False,False
0,0.02433483736,0.09447198705,99.995,0.9584902115,0.9584871588,1133,15,0.1045579514,0.0004834992901,0.0004089078303,0.02373875958,0.03462192847,7.629394531e-06,0.02479851227,0.02391633199,0.02435742213,0.02479851227,0,0.03359290871,0.03191356232,0.03275323551,0.03359290871,1.094931316,False,False,False
0,0.02433483736,0.09447198705,99.995,0.972683438,0.9726792183,35727,20,0.09833601577,0.0004834992901,0.0004089078303,0.02373875958,0.03454289953,7.629394531e-06,0.02473056642,0.02398471944,0.02435764293,0.02473056642,0,0.03350086694,0.03200481741,0.03275284217,0.03350086694,1.204647278,False,False,False
0,0.02433483736,0.09447198705,99.995,0.9584902115,0.9584871588,1133,15,0.1052862895,0.0004834992901,0.0004089078303,0.02373875958,0.03462192847,7.629394531e-06,0.02477623821,0.02394094036,0.02435858928,0.02477623821,0,0.0335627355,0.03194639932,0.03275456741,0.0335627355,1.084916517,False,False,False
0,0.02653732831,0.09445526342,99.995,0.972683438,0.972670383,35721,20,0.1045579514,0.0004799674346,0.0004093037907,0.02376544816,0.03460973907,7.629394531e-06,0.02473088276,0.02398710382,0.02435899329,0.02473088276,0,0.03350129547,0.03200799908,0.03275464727,0.03350129547,0.9908677904,False,False,False
0,0.02653732831,0.09445526342,99.995,0.9583205375,0.9583174854,1133,15,0.1025114355,0.0004799674346,0.0004093037907,0.02376544816,0.03463446711,7.629394531e-06,0.02483180586,0.02388624566,0.02435902576,0.02483180586,0,0.03363800934,0.03187341561,0.03275571248,0.03363800934,0.9979384166,False,False,False
0,0.02653732831,0.09445526342,99.995,0.972683438,0.972670383,35721,20,0.1042703848,0.0004799674346,0.0004093037907,0.02376544816,0.03460973907,7.629394531e-06,0.0246979729,0.02402322471,0.02436059881,0.0246979729,0,0.03345671465,0.03205619822,0.03275645644,0.03345671465,0.9948411133,False,False,False
0,0.02653732831,0.09445526342,99.995,0.972683438,0.972670383,35721,20,0.09836455541,0.0004799674346,0.0004093037907,0.02376544816,0.03460973907,7.629394531e-06,0.02486362777,0.0238648316,0.02436422968,0.02486362777,0,0.03368111638,0.03184484103,0.0327629787,0.03368111638,1.078960116,False,False,False
0,0.02653732831,0.09445526342,99.995,0.9583205375,0.9583174854,1133,15,0.1072361856,0.0004799674346,0.0004093037907,0.02376544816,0.03463446711,7.629394531e-06,0.02483656093,0.02389465506,0.02436560799,0.02483656093,0,0.03364445071,0.03188463698,0.03276454384,0.03364445071,0.9329314646,False,False,False
0,0.02653732831,0.09445526342,99.995,0.972683438,0.972670383,35721,20,0.09833601577,0.0004799674346,0.0004093037907,0.02376544816,0.03460973907,7.629394531e-06,0.02486461665,0.02386720276,0.02436590971,0.02486461665,0,0.03368245596,0.03184800508,0.03276523052,0.03368245596,1.079378762,False,False,False
0,0.02653732831,0.09445526342,99.995,0.972683438,0.972670383,35721,20,0.09726617346,0.0004799674346,0.0004093037907,0.02376544816,0.03460973907,7.629394531e-06,0.02485233536,0.02387967719,0.02436600627,0.02485233536,0,0.03366581929,0.03186465074,0.03276523502,0.03366581929,1.095160503,False,False,False
0,0.02653732831,0.09445526342,99.995,0.9583205375,0.9583174854,1133,15,0.1070500045,0.0004799674346,0.0004093037907,0.02376544816,0.03463446711,7.629394531e-06,0.024834729,0.02389850099,0.02436661499,0.024834729,0,0.03364196912,0.03188976891,0.03276586902,0.03364196912,0.9354384166,False,False,False
1,0.01641909254,0.05856573953,99.95,0.1674361947,0.167437307,50457,20,0.02730771216,0.000535474721,0.0004870029027,0.007774831938,0.0107023447,3.051757812e-05,0.01063570826,0.01183199588,0.01123385207,0.01183199588,0.0001525878906,0.006475176888,0.006824623635,0.006649900261,0.006824623635,0.5632667515,False,True,True
1,0.01641909254,0.05856573953,99.95,0.1674361947,0.167437307,50457,20,0.02742760366,0.000535474721,0.0004870029027,0.007774831938,0.0107023447,3.051757812e-05,0.01063021715,0.01183961842,0.01123491779,0.01183961842,0.0001220703125,0.006471833822,0.006829020273,0.006650427048,0.006829020273,0.5569466219,False,False,False
1,0.01641909254,0.05856573953,99.95,0.1674361947,0.167437307,50457,20,0.02779259704,0.000535474721,0.0004870029027,0.007774831938,0.0107023447,3.051757812e-05,0.0106392561,0.01183347632,0.01123636621,0.01183347632,9.155273438e-05,0.006477336865,0.006825477546,0.006651407205,0.006825477546,0.5378745502,False,False,False
1,0.01641909254,0.05856573953,99.95,0.1674361947,0.167437307,50457,20,0.02776759232,0.000535474721,0.0004870029027,0.007774831938,0.0107023447,3.051757812e-05,0.01064866397,0.01182455554,0.01123660976,0.01182455554,9.155273438e-05,0.006483064517,0.006820332096,0.006651698306,0.006820332096,0.5391731131,False,False,False
1,0.01641909254,0.05856573953,99.95,0.1674636616,0.1674638585,50449,20,0.02743172205,0.000535474721,0.0004870029027,0.007774831938,0.010702397,3.051757812e-05,0.01064584135,0.0118419576,0.01124389948,0.0118419576,0.0001220703125,0.006481346063,0.006830369499,0.006655857781,0.006830369499,0.5569587688,False,False,False
1,0.01641909254,0.05856573953,99.95,0.1674636616,0.1674638585,50449,20,0.02777674718,0.000535474721,0.0004870029027,0.007774831938,0.010702397,3.051757812e-05,0.01064530174,0.01184299993,0.01124415084,0.01184299993,9.155273438e-05,0.006481017541,0.00683097071,0.006655994126,0.00683097071,0.5389262993,False,False,False
1,0.01641909254,0.05856573953,99.95,0.1674636616,0.1674638585,50449,20,0.02730771216,0.000535474721,0.0004870029027,0.007774831938,0.010702397,3.051757812e-05,0.01064716146,0.01184306798,0.01124511472,0.01184306798,0.0001525878906,0.006482149764,0.006831009961,0.006656579863,0.006831009961,0.5634955101,False,False,False
1,0.01641909254,0.05856573953,99.95,0.1674361947,0.167437307,50457,20,0.02710298269,0.000535474721,0.0004870029027,0.007774831938,0.0107023447,3.051757812e-05,0.01066798039,0.01182274556,0.01124536297,0.01182274556,0.0001831054688,0.006494824638,0.006819288109,0.006657056374,0.006819288109,0.5741235726,False,False,False
1,0.01641909254,0.05856573953,99.95,0.1674636616,0.1674638585,50449,20,0.02779259704,0.000535474721,0.0004870029027,0.007774831938,0.010702397,3.051757812e-05,0.01064801733,0.01184538082,0.01124669907,0.01184538082,9.155273438e-05,0.006482670832,0.00683234399,0.006657507411,0.00683234399,0.5381033088,False,False,False
1,0.01641909254,0.05856573953,99.95,0.1674361947,0.167437307,50457,20,0.0273432087,0.000535474721,0.0004870029027,0.007774831938,0.0107023447,3.051757812e-05,0.01064466461,0.011850005,0.01124733481,0.011850005,0.0001525878906,0.006480629648,0.006835011189,0.006657820419,0.006835011189,0.5613926499,False,False,False
1,0.01641909254,0.05856573953,99.95,0.1674636616,0.1674638585,50449,20,0.02710298269,0.000535474721,0.0004870029027,0.007774831938,0.010702397,3.051757812e-05,0.0106634109,0.01183121926,0.01124731508,0.01183121926,0.0001831054688,0.006492042665,0.006824175689,0.006658109177,0.006824175689,0.5743523312,False,False,False
1,0.01641909254,0.05856573953,99.95,0.1674361947,0.167437307,50457,20,0.03028077414,0.000535474721,0.0004870029027,0.007774831938,0.0107023447,3.051757812e-05,0.01062755193,0.01186995656,0.01124875424,0.01186995656,3.051757812e-05,0.006470211194,0.006846519129,0.006658365161,0.006846519129,0.4141731131,False,False,False
1,0.01641909254,0.05856573953,99.95,0.1674636616,0.1674638585,50449,20,0.02991450502,0.000535474721,0.0004870029027,0.007774831938,0.010702397,3.051757812e-05,0.01066009567,0.01183611512,0.0112481054,0.01183611512,3.051757812e-05,0.006490024308,0.00682699959,0.006658511949,0.00682699959,0.4319587688,False,False,False
1,0.01641909254,0.05856573953,99.95,0.1674636616,0.1674638585,50449,20,0.02694195593,0.000535474721,0.0004870029027,0.007774831938,0.010702397,3.051757812e-05,0.01064864032,0.01185507898,0.01125185965,0.01185507898,0.0002136230469,0.006483050119,0.006837937833,0.006660493976,0.006837937833,0.5829493693,False,False,False
1,0.02129292866,0.0586693117,99.95,0.1674361947,0.1674347632,50547,20,0.02987432154,0.0005387680696,0.0004831631404,0.007791183296,0.01073811063,3.051757812e-05,0.01060770712,0.01189873413,0.01125322063,0.01189873413,3.051757812e-05,0.006458129382,0.006863117857,0.006660623619,0.006863117857,0.3060982142,False,False,False
1,0.01641909254,0.05856573953,99.95,0.1674361947,0.167437307,50457,20,0.02694195593,0.000535474721,0.0004870029027,0.007774831938,0.0107023447,3.051757812e-05,0.01064894652,0.01185622207,0.01125258429,0.01185622207,0.0002136230469,0.006483236536,0.006838597156,0.006660916846,0.006838597156,0.5827206107,False,False,False
1,0.01641909254,0.05856573953,99.95,0.1674636616,0.1674638585,50449,20,0.02693401301,0.000535474721,0.0004870029027,0.007774831938,0.010702397,3.051757812e-05,0.01064593492,0.01185956653,0.01125275073,0.01185956653,0.0002136230469,0.006481403032,0.006840526224,0.006660964628,0.006840526224,0.5833747616,False,False,False
1,0.01952570167,0.05857710501,99.95,0.1674361947,0.1674366165,50467,20,0.02902308044,0.0005373294996,0.0004844222564,0.007775311416,0.01070827219,3.051757812e-05,0.0106302405,0.01187734609,0.01125379329,0.01187734609,6.103515625e-05,0.006471848033,0.006850781363,0.006661314698,0.006850781363,0.2250886529,False,False,False
1,0.02129292866,0.0586693117,99.95,0.1674361947,0.1674347632,50547,20,0.03030804199,0.0005387680696,0.0004831631404,0.007791183296,0.01073811063,3.051757812e-05,0.01058218864,0.01193051384,0.01125635124,0.01193051384,3.051757812e-05,0.006442593351,0.006881448202,0.006662020777,0.006881448202,0.2853035116,False,False,False
1,0.01641909254,0.05856573953,99.95,0.1674361947,0.167437307,50457,20,0.03200102189,0.000535474721,0.0004870029027,0.007774831938,0.0107023447,3.051757812e-05,0.01065707984,0.01185182521,0.01125445253,0.01185182521,0,0.006488188222,0.006836061077,0.00666212465,0.006836061077,0.4170762765,False,False,False
1,0.01641909254,0.05856573953,99.95,0.1674361947,0.167437307,50457,20,0.02693401301,0.000535474721,0.0004870029027,0.007774831938,0.0107023447,3.051757812e-05,0.01065517871,0.01185517894,0.01125517883,0.01185517894,0.0002136230469,0.00648703079,0.006837995487,0.006662513139,0.006837995487,0.583146003,False,False,False
1,0.01641909254,0.05856573953,99.95,0.2320094079,0.2320092327,18207,19,0.01306605957,0.000535474721,0.0004870029027,0.007774831938,0.01215242225,0,0.02554257335,0.02846749902,0.02700503618,0.02846749902,0.02325439453,0.01555069739,0.0164198812,0.01598528929,0.0164198812,2.097312284,True,False,False
1,0.01641909254,0.05856573953,99.95,0.2320094079,0.2320092327,18207,19,0.01315841847,0.000535474721,0.0004870029027,0.007774831938,0.01215242225,0,0.0251170439,0.02802565065,0.02657134727,0.02802565065,0.02230834961,0.01529162875,0.01616502574,0.01572832724,0.01616502574,2.087150306,True,False,False
1,0.01641909254,0.05856573953,99.95,0.2320094079,0.2320092327,18207,19,0.01364454345,0.000535474721,0.0004870029027,0.007774831938,0.01215242225,0,0.02305657541,0.02594604175,0.02450130858,0.02594604175,0.01873779297,0.01403718498,0.0149655199,0.01450135244,0.0149655199,2.034812284,True,False,False
1,0.01641909254,0.05856573953,99.95,0.2320094079,0.2320092327,18207,19,0.01374099143,0.000535474721,0.0004870029027,0.007774831938,0.01215242225,0,0.02267627524,0.0255760276,0.02412615142,0.0255760276,0.01812744141,0.0138056526,0.01475209798,0.01427887529,0.01475209798,2.024650306,True,False,False
1,0.01641909254,0.05856573953,99.95,0.2320094079,0.2320092327,18207,19,0.01424863899,0.000535474721,0.0004870029027,0.007774831938,0.01215242225,0,0.02095293716,0.02382141489,0.02238717603,0.02382141489,0.01507568359,0.01275645882,0.01374004799,0.0132482534,0.01374004799,1.972312284,False,False,False
1,0.01641909254,0.05856573953,99.95,0.2320094079,0.2320092327,18207,19,0.0143493571,0.000535474721,0.0004870029027,0.007774831938,0.01215242225,0,0.02064597084,0.02350023378,0.02207310231,0.02350023378,0.01428222656,0.01256957317,0.01355479266,0.01306218292,0.01355479266,1.962150306,False,False,False
1,0.01641909254,0.05856573953,99.95,0.2320094079,0.2320092327,18207,19,0.01460870598,0.000535474721,0.0004870029027,0.007774831938,0.01215242225,0,0.01987078993,0.02274490038,0.02130784516,0.02274490038,0.01287841797,0.01209763154,0.01311912093,0.01260837624,0.01311912093,1.936308015,False,False,False
1,0.01641909254,0.05856573953,99.95,0.2320094079,0.2320092327,18207,19,0.01481765762,0.000535474721,0.0004870029027,0.007774831938,0.01215242225,0,0.0193329999,0.02219820642,0.02076560316,0.02219820642,0.01205444336,0.01177021699,0.01280379116,0.01228700408,0.01280379116,1.915819003,False,False,False
1,0.01641909254,0.05856573953,99.95,0.2320094079,0.2320092327,18207,19,0.01487948014,0.000535474721,0.0004870029027,0.007774831938,0.01215242225,0,0.01916478759,0.02203004878,0.02059741819,0.02203004878,0.01187133789,0.01166780685,0.01270679885,0.01218730285,0.01270679885,1.909812284,False,False,False
1,0.01641909254,0.05856573953,99.95,0.2320094079,0.2320092327,18207,19,0.01498465741,0.000535474721,0.0004870029027,0.007774831938,0.01215242225,0,0.01889518662,0.02177038522,0.02033278592,0.02177038522,0.01153564453,0.01150366978,0.01255702648,0.01203034813,0.01255702648,1.899650306,False,False,False
1,0.01641909254,0.05856573953,99.95,0.2320094079,0.2320092327,18207,19,0.01525548865,0.000535474721,0.0004870029027,0.007774831938,0.01215242225,0,0.01827156548,0.02115822434,0.01971489491,0.02115822434,0.01058959961,0.01112399999,0.01220393579,0.01166396789,0.01220393579,1.873808015,False,False,False
1,0.01641909254,0.05856573953,99.95,0.2320094079,0.2320092327,18207,19,0.01547369137,0.000535474721,0.0004870029027,0.007774831938,0.01215242225,0,0.01781037312,0.0206772368,0.01924380496,0.0206772368,0.009765625,0.01084321924,0.01192650509,0.01138486216,0.01192650509,1.853319003,False,False,False
1,0.01641909254,0.05856573953,99.95,0.2320094079,0.2320092327,18207,19,0.015538251,0.000535474721,0.0004870029027,0.007774831938,0.01215242225,0,0.01769954451,0.02057459795,0.01913707123,0.02057459795,0.009399414062,0.01077574514,0.01186730362,0.01132152438,0.01186730362,1.847312284,False,False,False
1,0.01641909254,0.05856573953,99.95,0.2320094079,0.2320092327,18207,19,0.01564808487,0.000535474721,0.0004870029027,0.007774831938,0.01215242225,0,0.01744204705,0.02034926382,0.01889565544,0.02034926382,0.009063720703,0.01061897687,0.01173733226,0.01117815456,0.01173733226,1.837150306,False,False,False
1,0.01641909254,0.05856573953,99.95,0.2320094079,0.2320092327,18207,19,0.01593090684,0.000535474721,0.0004870029027,0.007774831938,0.01215242225,0,0.01693494264,0.01982364917,0.0183792959,0.01982364917,0.00830078125,0.01031024418,0.0114341609,0.01087220254,0.0114341609,1.811308015,False,False,False
1,0.01641909254,0.05856573953,99.95,0.2320094079,0.2320092327,18207,19,0.01615877021,0.000535474721,0.0004870029027,0.007774831938,0.01215242225,0,0.01654347966,0.01944920186,0.01799634076,0.01944920186,0.007507324219,0.01007191571,0.01121818196,0.01064504884,0.01121818196,1.790819003,False,False,False
1,0.01641909254,0.05856573953,99.95,0.2320094079,0.2320092327,18207,19,0.01622618815,0.000535474721,0.0004870029027,0.007774831938,0.01215242225,0,0.01643131646,0.01937204572,0.01790168109,0.01937204572,0.007385253906,0.0100036291,0.01117367877,0.01058865393,0.01117367877,1.784812284,False,False,False
1,0.01641909254,0.05856573953,99.95,0.2320094079,0.2320092327,18207,19,0.01634088478,0.000535474721,0.0004870029027,0.007774831938,0.01215242225,0,0.01623771821,0.01917699805,0.01770735813,0.01917699805,0.007110595703,0.009885763612,0.01106117645,0.01047347003,0.01106117645,1.774650306,False,False,False
1,0.01641909254,0.05856573953,99.95,0.2320094079,0.2320092327,18207,19,0.01663622834,0.000535474721,0.0004870029027,0.007774831938,0.01215242225,0,0.01583137901,0.01876865474,0.01730001688,0.01876865474,0.006408691406,0.00963837828,0.0108256465,0.01023201239,0.0108256465,1.748808015,False,False,False
1,0.01641909254,0.05856573953,99.95,0.2320094079,0.2320092327,18207,19,0.01687418009,0.000535474721,0.0004870029027,0.007774831938,0.01215242225,0,0.01551854552,0.01846003849,0.01698929201,0.01846003849,0.005859375,0.009447920613,0.01064763851,0.01004777956,0.01064763851,1.728319003,False,False,False
1,0.01641909254,0.05856573953,99.95,0.2320094079,0.2320092327,18207,19,0.01694458287,0.000535474721,0.0004870029027,0.007774831938,0.01215242225,0,0.01543245181,0.01836184847,0.01689715014,0.01836184847,0.005676269531,0.009395505486,0.01059100311,0.009993254296,0.01059100311,1.722312284,False,False,False
1,0.01641909254,0.05856573953,99.95,0.2320094079,0.2320092327,18207,19,0.01706435755,0.000535474721,0.0004870029027,0.007774831938,0.01215242225,0,0.01527748476,0.01823619196,0.01675683836,0.01823619196,0.005401611328,0.009301159248,0.01051852519,0.009909842219,0.01051852519,1.712150306,False,False,False
1,0.01641909254,0.05856573953,99.95,0.2320094079,0.2320092327,18207,19,0.01737277709,0.000535474721,0.0004870029027,0.007774831938,0.01215242225,0,0.01493873549,0.01787182622,0.01640528086,0.01787182622,0.004699707031,0.00909492367,0.01030836124,0.009701642453,0.01030836124,1.686308015,False,False,False
1,0.01641909254,0.05856573953,99.95,0.2320094079,0.2320092327,18207,19,0.01762126387,0.000535474721,0.0004870029027,0.007774831938,0.01215242225,0,0.0146916559,0.01764665481,0.01616915536,0.01764665481,0.004211425781,0.008944497953,0.01017848373,0.009561490841,0.01017848373,1.665819003,False,False,False
1,0.01641909254,0.05856573953,99.95,0.2320094079,0.2320092327,18207,19,0.01769478365,0.000535474721,0.0004870029027,0.007774831938,0.01215242225,0,0.01462921181,0.01757025986,0.01609973584,0.01757025986,0.004150390625,0.008906481066,0.01013441958,0.009520450324,0.01013441958,1.659812284,False,False,False
1,0.01641909254,0.05856573953,99.95,0.2320094079,0.2320092327,18207,19,0.01781986121,0.000535474721,0.0004870029027,0.007774831938,0.01215242225,0,0.01450418375,0.01745551667,0.01597985021,0.01745551667,0.004089355469,0.008830362125,0.01006823641,0.009449299266,0.01006823641,1.649650306,False,False,False
1,0.01641909254,0.05856573953,99.95,0.2320094079,0.2320092327,18207,19,0.01814193565,0.000535474721,0.0004870029027,0.007774831938,0.01215242225,0,0.01422229251,0.01718927344,0.01570578298,0.01718927344,0.003631591797,0.008658742561,0.009914668924,0.009286705743,0.009914668924,1.623808015,False,False,False
1,0.01641909254,0.05856573953,99.95,0.2320094079,0.2320092327,18207,19,0.01840142387,0.000535474721,0.0004870029027,0.007774831938,0.01215242225,0,0.01402564347,0.01696432755,0.01549498551,0.01696432755,0.003295898438,0.008539019708,0.009784921495,0.009161970601,0.009784921495,1.603319003,False,False,False
1,0.01641909254,0.05856573953,99.95,0.2320094079,0.2320092327,18207,19,0.01847819865,0.000535474721,0.0004870029027,0.007774831938,0.01215242225,0,0.01397808872,0.0168949171,0.01543650291,0.0168949171,0.003234863281,0.008510067669,0.009744885966,0.009127476817,0.009744885966,1.597312284,False,False,False
1,0.01641909254,0.05856573953,99.95,0.2320094079,0.2320092327,18207,19,0.01848096435,0.000535474721,0.0004870029027,0.007774831938,0.01215242225,0,0.01397082734,0.01688808985,0.0154294586,0.01688808985,0.003234863281,0.008505646834,0.009740948052,0.009123297443,0.009740948052,1.597096367,False,False,False
1,0.01641909254,0.05856573953,99.95,0.2320094079,0.2320092327,18207,19,0.01860881387,0.000535474721,0.0004870029027,0.007774831938,0.01215242225,0,0.01389604305,0.01684833105,0.01537218705,0.01684833105,0.003173828125,0.008460117054,0.009718015417,0.009089066235,0.009718015417,1.587150306,False,False,False
1,0.01641909254,0.05856573953,99.95,0.2320094079,0.2320092327,18207,19,0.01894514776,0.000535474721,0.0004870029027,0.007774831938,0.01215242225,0,0.01366450421,0.01658860566,0.01512655494,0.01658860566,0.002716064453,0.008319152774,0.009568207382,0.008943680078,0.009568207382,1.561308015,False,False,False
1,0.01641909254,0.05856573953,99.95,0.1674361947,0.167437307,50457,20,0.03162141854,0.000535474721,0.0004870029027,0.007774831938,0.0107023447,3.051757812e-05,0.01064895021,0.011867204,0.01125807711,0.011867204,0,0.006483238785,0.006844931469,0.006664085127,0.006844931469,0.3998603898,False,False,False
1,0.01641909254,0.05856573953,99.95,0.1674636616,0.1674638585,50449,20,0.03164989365,0.000535474721,0.0004870029027,0.007774831938,0.010702397,3.051757812e-05,0.01065215946,0.01186534922,0.01125875434,0.01186534922,0,0.006485192626,0.006843861643,0.006664527134,0.006843861643,0.4013877114,False,False,False
1,0.01641909254,0.05856573953,99.95,0.1674361947,0.167437307,50457,20,0.03164989365,0.000535474721,0.0004870029027,0.007774831938,0.0107023447,3.051757812e-05,0.01065146457,0.01187707609,0.01126427033,0.01187707609,0,0.006484769564,0.006850625631,0.006667697598,0.006850625631,0.4011589527,False,False,False
1,0.01641909254,0.05856573953,99.95,0.1674361947,0.167437307,50457,20,0.03203956568,0.000535474721,0.0004870029027,0.007774831938,0.0107023447,3.051757812e-05,0.01066370858,0.01186503267,0.01126437063,0.01186503267,0,0.006492223901,0.006843679057,0.006667951479,0.006843679057,0.4188128922,False,False,False
1,0.01641909254,0.05856573953,99.95,0.1674636616,0.1674638585,50449,20,0.031631844,0.000535474721,0.0004870029027,0.007774831938,0.010702397,3.051757812e-05,0.01065821691,0.01187130083,0.01126475887,0.01187130083,0,0.006488880488,0.006847294494,0.006668087491,0.006847294494,0.4005647209,False,False,False
1,0.01641909254,0.05856573953,99.95,0.1674636616,0.1674638585,50449,20,0.03200102189,0.000535474721,0.0004870029027,0.007774831938,0.010702397,3.051757812e-05,0.01066973973,0.01186243533,0.01126608753,0.01186243533,0,0.006495895754,0.006842180931,0.006669038342,0.006842180931,0.4173050352,False,False,False
1,0.01641909254,0.05856573953,99.95,0.1674636616,0.1674638585,50449,20,0.03203956568,0.000535474721,0.0004870029027,0.007774831938,0.010702397,3.051757812e-05,0.0106696819,0.01186672805,0.01126820497,0.01186672805,0,0.006495860543,0.006844656941,0.006670258742,0.006844656941,0.4190416509,False,False,False
1,0.01641909254,0.05856573953,99.95,0.1674361947,0.167437307,50457,20,0.0324745256,0.000535474721,0.0004870029027,0.007774831938,0.0107023447,3.051757812e-05,0.0106998799,0.01183774107,0.01126881049,0.01183774107,0,0.006514245535,0.006827937429,0.006671091482,0.006827937429,0.4382667515,False,False,False
1,0.01641909254,0.05856573953,99.95,0.1674636616,0.1674638585,50449,20,0.0324745256,0.000535474721,0.0004870029027,0.007774831938,0.010702397,3.051757812e-05,0.01069158774,0.01184904187,0.0112703148,0.01184904187,0,0.006509197145,0.006834455661,0.006671826403,0.006834455661,0.4384955101,False,False,False
1,0.01641909254,0.05856573953,99.95,0.1674361947,0.167437307,50457,20,0.03251673834,0.000535474721,0.0004870029027,0.007774831938,0.0107023447,3.051757812e-05,0.01068765881,0.01185502419,0.0112713415,0.01185502419,0,0.006506805157,0.006837906226,0.006672355691,0.006837906226,0.440140853,False,False,False
1,0.01505637424,0.05856573919,99.95,0.1674636616,0.1674638576,50449,20,0.03164989365,0.0005390596631,0.0004870907248,0.007781711278,0.01071812906,3.051757812e-05,0.01067887511,0.01187202116,0.01127544813,0.01187202116,0,0.006501457508,0.006847709975,0.006674583742,0.006847709975,0.5263877114,False,False,False
1,0.01505637424,0.05856573919,99.95,0.1674636616,0.1674638576,50449,20,0.03164745938,0.0005390596631,0.0004870907248,0.007781711278,0.01071812906,3.051757812e-05,0.01068072129,0.01187224395,0.01127648262,0.01187224395,0,0.006502581487,0.006847838479,0.006675209983,0.006847838479,0.5262767464,False,False,False
1,0.01641909254,0.05856573953,99.95,0.1674636616,0.1674638585,50449,20,0.03262199904,0.000535474721,0.0004870029027,0.007774831938,0.010702397,3.051757812e-05,0.01068246807,0.0118727479,0.01127760799,0.0118727479,0,0.006503644956,0.006848129157,0.006675887057,0.006848129157,0.4450322514,False,False,False
1,0.01641909254,0.05856573953,99.95,0.1674636616,0.1674638585,50449,20,0.03252189471,0.000535474721,0.0004870029027,0.007774831938,0.010702397,3.051757812e-05,0.01068434101,0.01187188219,0.0112781116,0.01187188219,0,0.006504785225,0.006847629823,0.006676207524,0.006847629823,0.4405983704,False,False,False
1,0.01641909254,0.05856573953,99.95,0.1674361947,0.167437307,50457,20,0.03261710142,0.000535474721,0.0004870029027,0.007774831938,0.0107023447,3.051757812e-05,0.01069062134,0.0118748924,0.01128275687,0.0118748924,0,0.006508608787,0.006849366093,0.00667898744,0.006849366093,0.444586881,False,False,False
1,0.02129292866,0.0586693117,99.95,0.1674361947,0.1674347632,50547,20,0.03345807844,0.0005387680696,0.0004831631404,0.007791183296,0.01073811063,3.051757812e-05,0.01061961876,0.01194913691,0.01128437784,0.01194913691,0,0.006465381365,0.006892189877,0.006678785621,0.006892189877,0.3537418537,False,False,False
1,0.01641909254,0.05856573953,99.95,0.1674636616,0.1674638585,50449,20,0.03123893331,0.000535474721,0.0004870029027,0.007774831938,0.010702397,3.051757812e-05,0.01064224404,0.01193728049,0.01128976226,0.01193728049,0,0.006479155969,0.006885351162,0.006682253566,0.006885351162,0.3825322514,False,False,False
1,0.01505637424,0.05856573919,99.95,0.1674361947,0.167437306,50457,20,0.03163703145,0.0005390596631,0.0004870907248,0.007781711278,0.0107173436,3.051757812e-05,0.01069521025,0.01188532258,0.01129026642,0.01188532258,0,0.006511402582,0.006855382158,0.00668339237,0.006855382158,0.5255725371,False,False,False
1,0.01641909254,0.05856573953,99.95,0.1674361947,0.167437307,50457,20,0.03123424333,0.000535474721,0.0004870029027,0.007774831938,0.0107023447,3.051757812e-05,0.010661453,0.01192149127,0.01129147214,0.01192149127,0,0.006490850671,0.006876244038,0.006683547355,0.006876244038,0.382086881,False,False,False
1,0.01641909254,0.05856573953,99.95,0.1674636616,0.1674638585,50449,20,0.03345807844,0.000535474721,0.0004870029027,0.007774831938,0.010702397,3.051757812e-05,0.01068193073,0.01190257182,0.01129225128,0.01190257182,0,0.006503317816,0.006865331413,0.006684324614,0.006865331413,0.4815416509,False,False,False
1,0.01505637424,0.05856573919,99.95,0.1674361947,0.167437306,50457,20,0.03255437544,0.0005390596631,0.0004870907248,0.007781711278,0.0107173436,3.051757812e-05,0.01069107324,0.0118945459,0.01129280957,0.0118945459,0,0.006508883912,0.006860702113,0.006684793013,0.006860702113,0.5668097617,False,False,False
2,0.01596241183,0.04072300285,99.995,0.1303852118,0.1303851939,52687,20,0.02529120484,0.0001934713282,0.0005637792463,0.006720479409,0.0180055853,2.288818359e-05,0.01475224896,0.01903013911,0.01689119404,0.01903013911,6.103515625e-05,0.006067553186,0.00997000972,0.008018781453,0.00997000972,0.5018119582,False,True,True
2,0.01596241183,0.04072300285,99.995,0.1303852118,0.1303851939,52687,20,0.02535656023,0.0001934713282,0.0005637792463,0.006720479409,0.0180055853,2.288818359e-05,0.01475783772,0.01902859436,0.01689321604,0.01902859436,6.103515625e-05,0.006069851825,0.009969200413,0.008019526119,0.009969200413,0.4980886767,False,False,False
2,0.01596241183,0.04072300285,99.995,0.1303852118,0.1303851939,52687,20,0.02542782859,0.0001934713282,0.0005637792463,0.006720479409,0.0180055853,2.288818359e-05,0.01473275317,0.01905607202,0.01689441259,0.01905607202,6.103515625e-05,0.006059534627,0.009983596133,0.00802156538,0.009983596133,0.4940394567,False,False,False
2,0.01596241183,0.04072300285,99.995,0.1303852118,0.1303851939,52687,20,0.02516877035,0.0001934713282,0.0005637792463,0.006720479409,0.0180055853,2.288818359e-05,0.01478404337,0.01903317153,0.01690860745,0.01903317153,6.103515625e-05,0.006080630124,0.009971598422,0.008026114273,0.009971598422,0.5088129914,False,False,False
2,0.01596241183,0.04072300285,99.995,0.1303852118,0.1303851939,52687,20,0.02489593239,0.0001934713282,0.0005637792463,0.006720479409,0.0180055853,2.288818359e-05,0.01481899782,0.01900744061,0.01691321922,0.01900744061,6.103515625e-05,0.006095006778,0.009958117834,0.008026562306,0.009958117834,0.5245376775,False,False,False
2,0.01128712965,0.0407047662,99.995,0.1303852118,0.1303861982,52663,20,0.02606600226,0.0001942348509,0.0005645569909,0.006725288607,0.01799918723,2.288818359e-05,0.01483062998,0.01900060116,0.01691561557,0.01900060116,6.103515625e-05,0.006099791049,0.009954534603,0.008027162826,0.009954534603,0.9589134948,False,False,False
2,0.01596241183,0.04072300285,99.995,0.1303852118,0.1303851939,52687,20,0.02478929265,0.0001934713282,0.0005637792463,0.006720479409,0.0180055853,2.288818359e-05,0.01480193056,0.01902737881,0.01691465468,0.01902737881,6.103515625e-05,0.006087987069,0.00996856358,0.008028275325,0.00996856358,0.5307306193,False,False,False
2,0.02070068705,0.04074938341,99.995,0.1303370774,0.1303360739,52741,20,0.02416466509,0.000198651734,0.0005702769148,0.006733834902,0.01801659243,2.288818359e-05,0.01489368111,0.01895827876,0.01692597994,0.01895827876,9.155273438e-05,0.006125723781,0.009932361631,0.008029042706,0.009932361631,0.1921580514,False,False,False
2,0.01128712965,0.0407047662,99.995,0.1303852118,0.1303861982,52663,20,0.02603447796,0.0001942348509,0.0005645569909,0.006725288607,0.01799918723,2.288818359e-05,0.01483168561,0.0190086977,0.01692019166,0.0190086977,6.103515625e-05,0.006100225228,0.009958776429,0.008029500828,0.009958776429,0.9606593502,False,False,False
2,0.01596241183,0.04072300285,99.995,0.1303852118,0.1303851939,52687,20,0.02647919106,0.0001934713282,0.0005637792463,0.006720479409,0.0180055853,2.288818359e-05,0.01479790417,0.01903571922,0.01691681169,0.01903571922,6.103515625e-05,0.006086331026,0.009972933176,0.008029632101,0.009972933176,0.4355886767,False,False,False
2,0.01596241183,0.04072300285,99.995,0.1303852118,0.1303851939,52687,20,0.02655361474,0.0001934713282,0.0005637792463,0.006720479409,0.0180055853,2.288818359e-05,0.01482365573,0.01901829308,0.0169209744,0.01901829308,6.103515625e-05,0.006096922561,0.009963803511,0.008030363036,0.009963803511,0.4315394567,False,False,False
2,0.01596241183,0.04072300285,99.995,0.1303852118,0.1303851939,52687,20,0.02494574696,0.0001934713282,0.0005637792463,0.006720479409,0.0180055853,2.288818359e-05,0.01482205996,0.01902317972,0.01692261984,0.01902317972,6.103515625e-05,0.006096266229,0.009966363652,0.00803131494,0.009966363652,0.5216538558,False,False,False
2,0.01230870216,0.04070594359,99.995,0.1303852118,0.1303850179,52665,20,0.02535656023,0.0001909742884,0.0005640056238,0.006732177955,0.0180191495,2.288818359e-05,0.01487790392,0.01898070421,0.01692930406,0.01898070421,6.103515625e-05,0.00611923467,0.009944110465,0.008031672567,0.009944110465,0.8736951098,False,False,False
2,0.01596241183,0.04072300285,99.995,0.1303852118,0.1303851939,52687,20,0.0258868084,0.0001934713282,0.0005637792463,0.006720479409,0.0180055853,2.288818359e-05,0.01477755078,0.01906423175,0.01692089127,0.01906423175,6.103515625e-05,0.006077959745,0.009987871069,0.008032915407,0.009987871069,0.4682306193,False,False,False
2,0.01596241183,0.04072300285,99.995,0.1303852118,0.1303851939,52687,20,0.02599816948,0.0001934713282,0.0005637792463,0.006720479409,0.0180055853,2.288818359e-05,0.01476914306,0.01907110741,0.01692012523,0.01907110741,6.103515625e-05,0.006074501674,0.00999147327,0.008032987472,0.00999147327,0.4620376775,False,False,False
2,0.01596241183,0.04072300285,99.995,0.1303852118,0.1303851939,52687,20,0.02421894073,0.0001934713282,0.0005637792463,0.006720479409,0.0180055853,2.288818359e-05,0.01484706159,0.01901112745,0.01692909452,0.01901112745,9.155273438e-05,0.006106549318,0.009960049389,0.008033299354,0.009960049389,0.5643119582,False,False,False
2,0.01596241183,0.04072300285,99.995,0.1303852118,0.1303851939,52687,20,0.02605018953,0.0001934713282,0.0005637792463,0.006720479409,0.0180055853,2.288818359e-05,0.01475382397,0.01908481848,0.01691932123,0.01908481848,6.103515625e-05,0.006068200983,0.009998656588,0.008033428785,0.009998656588,0.4591538558,False,False,False
2,0.01230870216,0.04070594359,99.995,0.1303852118,0.1303850179,52665,20,0.02542782859,0.0001909742884,0.0005640056238,0.006732177955,0.0180191495,2.288818359e-05,0.0148582861,0.01900335452,0.01693082031,0.01900335452,6.103515625e-05,0.006111165922,0.009955977104,0.008033571513,0.009955977104,0.8696458897,False,False,False
2,0.01596241183,0.04072300285,99.995,0.1303852118,0.1303851939,52687,20,0.02703291533,0.0001934713282,0.0005637792463,0.006720479409,0.0180055853,2.288818359e-05,0.01476932255,0.01907411311,0.01692171783,0.01907411311,3.051757812e-05,0.006074575499,0.009993047975,0.008033811737,0.009993047975,0.4057306193,False,False,False
2,0.01230870216,0.04070594359,99.995,0.1303852118,0.1303850179,52665,20,0.02535246575,0.0001909742884,0.0005640056238,0.006732177955,0.0180191495,2.288818359e-05,0.01487944189,0.01898802278,0.01693373233,0.01898802278,6.103515625e-05,0.006119867233,0.009947944708,0.008033905971,0.009947944708,0.8739280894,False,False,False
2,0.01596241183,0.04072300285,99.995,0.1303852118,0.1303851939,52687,20,0.02714920678,0.0001934713282,0.0005637792463,0.006720479409,0.0180055853,2.288818359e-05,0.01479985308,0.01905059241,0.01692522274,0.01905059241,3.051757812e-05,0.006087132607,0.009980725334,0.00803392897,0.009980725334,0.3995376775,False,False,False
2,0.01128712965,0.0407047662,99.995,0.1303852118,0.1303861982,52663,20,0.0258868084,0.0001942348509,0.0005645569909,0.006725288607,0.01799918723,2.288818359e-05,0.01482589546,0.01903188939,0.01692889242,0.01903188939,6.103515625e-05,0.006097843756,0.009970926702,0.008034385229,0.009970926702,0.9688657229,False,False,False
2,0.02070068705,0.04074938341,99.995,0.1303370774,0.1303360739,52741,20,0.02410169706,0.000198651734,0.0005702769148,0.006733834902,0.01801659243,2.288818359e-05,0.01489409793,0.01897836003,0.01693622898,0.01897836003,9.155273438e-05,0.006125895218,0.009942882334,0.008034388776,0.009942882334,0.1959223178,False,False,False
2,0.01128712965,0.0407047662,99.995,0.1303852118,0.1303861982,52663,20,0.02478929265,0.0001942348509,0.0005645569909,0.006725288607,0.01799918723,2.288818359e-05,0.01491601395,0.01896142437,0.01693871916,0.01896142437,6.103515625e-05,0.006134909206,0.009934009636,0.008034459421,0.009934009636,1.031365723,False,False,False
2,0.01128712965,0.0407047662,99.995,0.1303852118,0.1303861982,52663,20,0.02642005089,0.0001942348509,0.0005645569909,0.006725288607,0.01799918723,2.288818359e-05,0.0148538034,0.01901076361,0.0169322835,0.01901076361,6.103515625e-05,0.006109322204,0.009959858772,0.008034590488,0.009959858772,0.9394495829,False,False,False
2,0.01596241183,0.04072300285,99.995,0.1303852118,0.1303851939,52687,20,0.02410169706,0.0001934713282,0.0005637792463,0.006720479409,0.0180055853,2.288818359e-05,0.0148366377,0.01902832607,0.01693248188,0.01902832607,9.155273438e-05,0.006102262005,0.009969059855,0.00803566093,0.009969059855,0.5713129914,False,False,False
2,0.01230870216,0.04070594359,99.995,0.1303852118,0.1303850179,52665,20,0.02478929265,0.0001909742884,0.0005640056238,0.006732177955,0.0180191495,2.288818359e-05,0.01488470543,0.01899165795,0.01693818169,0.01899165795,6.103515625e-05,0.006122032111,0.009949849197,0.008035940654,0.009949849197,0.9063370523,False,False,False
2,0.01596241183,0.04072300285,99.995,0.1303852118,0.1303851939,52687,20,0.02307986417,0.0001934713282,0.0005637792463,0.006720479409,0.0180055853,2.288818359e-05,0.01489194618,0.01898768987,0.01693981803,0.01898768987,0.0001220703125,0.006125010208,0.009947770297,0.008036390252,0.009947770297,0.6338129914,False,False,False
2,0.01898261372,0.04078912986,99.995,0.1303852118,0.1303840931,52773,20,0.02489319234,0.0001969198976,0.0005645642108,0.006724902366,0.01801879267,2.288818359e-05,0.01491231021,0.01897205324,0.01694218172,0.01897205324,6.103515625e-05,0.006133385869,0.009939578165,0.008036482017,0.009939578165,0.2751808688,False,False,False
2,0.01596241183,0.04072300285,99.995,0.1303852118,0.1303851939,52687,20,0.02641094214,0.0001934713282,0.0005637792463,0.006720479409,0.0180055853,2.288818359e-05,0.0148238134,0.01904638959,0.01693510149,0.01904638959,6.103515625e-05,0.006096987411,0.009978523448,0.00803775543,0.009978523448,0.4393119582,False,False,False
2,0.01128712965,0.0407047662,99.995,0.1303852118,0.1303861982,52663,20,0.02647919106,0.0001942348509,0.0005645569909,0.006725288607,0.01799918723,2.288818359e-05,0.01487810844,0.01900937108,0.01694373976,0.01900937108,6.103515625e-05,0.006119318789,0.009959129217,0.008039224003,0.009959129217,0.9362237803,False,False,False
2,0.01230870216,0.04070594359,99.995,0.1303852118,0.1303850179,52665,20,0.02499088556,0.0001909742884,0.0005640056238,0.006732177955,0.0180191495,2.288818359e-05,0.01490994071,0.01898508603,0.01694751337,0.01898508603,6.103515625e-05,0.006132411299,0.009946406127,0.008039408713,0.009946406127,0.8946521331,False,False,False
2,0.02070068705,0.04074938341,99.995,0.1303370774,0.1303360739,52741,20,0.02655361474,0.000198651734,0.0005702769148,0.006733834902,0.01801659243,2.288818359e-05,0.01480499176,0.01907358064,0.0169392862,0.01907358064,6.103515625e-05,0.006089246133,0.009992769012,0.008041007573,0.009992769012,0.05614878304,False,False,False
2,0.01740713353,0.0319354996,99.9,0.2155954396,0.2155970731,49975,21,0.007473057129,0.0001951161896,0.001245140768,0.009845959136,0.02819933705,0,0.07096615142,0.04602033563,0.05849324353,0.07096615142,0.02044677734,0.02918815289,0.02411034364,0.02664924827,0.02918815289,3.196160318,True,False,False
2,0.01740713353,0.0319354996,99.9,0.2155954396,0.2155970731,49975,21,0.007775779833,0.0001951161896,0.001245140768,0.009845959136,0.02819933705,0,0.06765747367,0.04264160643,0.05514954005,0.06765747367,0.01739501953,0.02782730423,0.02234020614,0.02508375518,0.02782730423,3.138871499,True,False,False
2,0.01740713353,0.0319354996,99.9,0.2155954396,0.2155970731,49975,21,0.007803917634,0.0001951161896,0.001245140768,0.009845959136,0.02819933705,0,0.067366991,0.04233231428,0.05484965264,0.067366991,0.01715087891,0.02770782963,0.02217816603,0.02494299783,0.02770782963,3.133660318,True,False,False
2,0.01740713353,0.0319354996,99.9,0.2155954396,0.2155970731,49975,21,0.008120043017,0.0001951161896,0.001245140768,0.009845959136,0.02819933705,0,0.06430370985,0.03936350413,0.05183360699,0.06430370985,0.01452636719,0.02644791181,0.0206227877,0.02353534975,0.02644791181,3.076371499,True,False,False
2,0.01740713353,0.0319354996,99.9,0.2155954396,0.2155970731,49975,21,0.008149426585,0.0001951161896,0.001245140768,0.009845959136,0.02819933705,0,0.06404265963,0.03909828699,0.05157047331,0.06404265963,0.0143737793,0.02634054268,0.02048383877,0.02341219073,0.02634054268,3.071160318,True,False,False
2,0.01740713353,0.0319354996,99.9,0.2155954396,0.2155970731,49975,21,0.008479548035,0.0001951161896,0.001245140768,0.009845959136,0.02819933705,0,0.06127302155,0.03654366655,0.04890834405,0.06127302155,0.01193237305,0.02520139933,0.01914545703,0.02217342818,0.02520139933,3.013871499,True,False,False
2,0.01740713353,0.0319354996,99.9,0.2155954396,0.2155970731,49975,21,0.008510232525,0.0001951161896,0.001245140768,0.009845959136,0.02819933705,0,0.06104132639,0.03631760053,0.04867946346,0.06104132639,0.01165771484,0.02510610384,0.01902701962,0.02206656173,0.02510610384,3.008660318,True,False,False
2,0.01740713353,0.0319354996,99.9,0.2155954396,0.2155970731,49975,21,0.008656556106,0.0001951161896,0.001245140768,0.009845959136,0.02819933705,0,0.05993422312,0.03531123874,0.04762273093,0.05993422312,0.01089477539,0.02465075578,0.01849978034,0.02157526806,0.02465075578,2.984065687,True,False,False
2,0.01740713353,0.0319354996,99.9,0.2155954396,0.2155970731,49975,21,0.0088549697,0.0001951161896,0.001245140768,0.009845959136,0.02819933705,0,0.05848654074,0.0340671678,0.04627685427,0.05848654074,0.009735107422,0.02405532861,0.01784800375,0.02095166618,0.02405532861,2.951371499,True,False,False
2,0.01740713353,0.0319354996,99.9,0.2155954396,0.2155970731,49975,21,0.008887012708,0.0001951161896,0.001245140768,0.009845959136,0.02819933705,0,0.05823798888,0.03392360532,0.0460807971,0.05823798888,0.009613037109,0.02395310002,0.01777279046,0.02086294524,0.02395310002,2.946160318,True,False,False
2,0.01740713353,0.0319354996,99.9,0.2155954396,0.2155970731,49975,21,0.008917436177,0.0001951161896,0.001245140768,0.009845959136,0.02819933705,0,0.0579906784,0.03377836672,0.04588452256,0.0579906784,0.009490966797,0.02385138201,0.01769669904,0.02077404052,0.02385138201,2.941229884,True,False,False
2,0.01740713353,0.0319354996,99.9,0.2155954396,0.2155970731,49975,21,0.009039814588,0.0001951161896,0.001245140768,0.009845959136,0.02819933705,0,0.05721110072,0.03311055352,0.04516082712,0.05721110072,0.008941650391,0.02353074418,0.0173468275,0.02043878584,0.02353074418,2.921565687,True,False,False
2,0.01740713353,0.0319354996,99.9,0.2155954396,0.2155970731,49975,21,0.009247012702,0.0001951161896,0.001245140768,0.009845959136,0.02819933705,0,0.05590576138,0.03207374752,0.04398975445,0.05590576138,0.007843017578,0.02299386225,0.0168036383,0.01989875028,0.02299386225,2.888871499,True,False,False
2,0.01740713353,0.0319354996,99.9,0.2155954396,0.2155970731,49975,21,0.009280474375,0.0001951161896,0.001245140768,0.009845959136,0.02819933705,0,0.05568920423,0.03191866975,0.04380393699,0.05568920423,0.007537841797,0.02290479299,0.01672239209,0.01981359254,0.02290479299,2.883660318,True,False,False
2,0.01740713353,0.0319354996,99.9,0.2155954396,0.2155970731,49975,21,0.009312244806,0.0001951161896,0.001245140768,0.009845959136,0.02819933705,0,0.05548148181,0.03174429104,0.04361288643,0.05548148181,0.007507324219,0.02281935741,0.01663103398,0.0197251957,0.02281935741,2.878729884,True,False,False
2,0.01740713353,0.0319354996,99.9,0.2155954396,0.2155970731,49975,21,0.009440041372,0.0001951161896,0.001245140768,0.009845959136,0.02819933705,0,0.05475800701,0.03120114137,0.04297957419,0.05475800701,0.007049560547,0.02252179452,0.01634647445,0.01943413449,0.02252179452,2.859065687,True,False,False
2,0.01740713353,0.0319354996,99.9,0.2155954396,0.2155970731,49975,21,0.00965641293,0.0001951161896,0.001245140768,0.009845959136,0.02819933705,0,0.05350497349,0.03030370618,0.04190433983,0.05350497349,0.006317138672,0.02200642581,0.0158763025,0.01894136416,0.02200642581,2.826371499,True,False,False
2,0.01740713353,0.0319354996,99.9,0.2155954396,0.2155970731,49975,21,0.009691356079,0.0001951161896,0.001245140768,0.009845959136,0.02819933705,0,0.05333165727,0.03016085511,0.04174625619,0.05333165727,0.006164550781,0.0219351414,0.01580146193,0.01886830166,0.0219351414,2.821160318,True,False,False
2,0.01740713353,0.0319354996,99.9,0.2155954396,0.2155970731,49975,21,0.009724533106,0.0001951161896,0.001245140768,0.009845959136,0.02819933705,0,0.05315063086,0.03005806562,0.04160434824,0.05315063086,0.006042480469,0.02186068581,0.01574760986,0.01880414784,0.02186068581,2.816229884,True,False,False
2,0.01740713353,0.0319354996,99.9,0.2155954396,0.2155970731,49975,21,0.00985798771,0.0001951161896,0.001245140768,0.009845959136,0.02819933705,0,0.05244561555,0.02961115194,0.04102838374,0.05244561555,0.005737304688,0.02157071525,0.01551346897,0.01854209211,0.02157071525,2.796565687,True,False,False
2,0.01740713353,0.0319354996,99.9,0.2155954396,0.2155970731,49975,21,0.01008393886,0.0001951161896,0.001245140768,0.009845959136,0.02819933705,0,0.05134054496,0.0288874391,0.04011399203,0.05134054496,0.00537109375,0.02111620323,0.01513431126,0.01812525724,0.02111620323,2.763871499,True,False,False
2,0.01740713353,0.0319354996,99.9,0.2155954396,0.2155970731,49975,21,0.01012042907,0.0001951161896,0.001245140768,0.009845959136,0.02819933705,0,0.05111195886,0.02882255831,0.03996725859,0.05111195886,0.005279541016,0.02102218649,0.01510031981,0.01806125315,0.02102218649,2.758660318,True,False,False
2,0.01740713353,0.0319354996,99.9,0.2155954396,0.2155970731,49975,21,0.01015507497,0.0001951161896,0.001245140768,0.009845959136,0.02819933705,0,0.05093176323,0.02870990436,0.0398208338,0.05093176323,0.005157470703,0.0209480726,0.01504129969,0.01799468614,0.0209480726,2.753729884,True,False,False
2,0.01740713353,0.0319354996,99.9,0.2155954396,0.2155970731,49975,21,0.01029443811,0.0001951161896,0.001245140768,0.009845959136,0.02819933705,0,0.05034227789,0.02825095619,0.03929661704,0.05034227789,0.004943847656,0.02070561915,0.01480085386,0.0177532365,0.02070561915,2.734065687,True,False,False
2,0.01740713353,0.0319354996,99.9,0.2155954396,0.2155970731,49975,21,0.01053039297,0.0001951161896,0.001245140768,0.009845959136,0.02819933705,0,0.04923764172,0.02769096579,0.03846430375,0.04923764172,0.004364013672,0.0202512858,0.01450747136,0.01737937858,0.0202512858,2.701371499,True,False,False
2,0.01740713353,0.0319354996,99.9,0.2155954396,0.2155970731,49975,21,0.01056849874,0.0001951161896,0.001245140768,0.009845959136,0.02819933705,0,0.0490596051,0.02758925021,0.03832442765,0.0490596051,0.004241943359,0.0201780599,0.01445418192,0.01731612091,0.0201780599,2.696160318,True,False,False
2,0.01740713353,0.0319354996,99.9,0.2155954396,0.2155970731,49975,21,0.01060467855,0.0001951161896,0.001245140768,0.009845959136,0.02819933705,0,0.04891390698,0.02750352119,0.03820871409,0.04891390698,0.004211425781,0.02011813473,0.01440926795,0.01726370134,0.02011813473,2.691229884,True,False,False
2,0.01740713353,0.0319354996,99.9,0.2155954396,0.2155970731,49975,21,0.01075021183,0.0001951161896,0.001245140768,0.009845959136,0.02819933705,0,0.04836175161,0.02713593077,0.03774884119,0.04836175161,0.003814697266,0.01989103497,0.01421668501,0.01705385999,0.01989103497,2.671565687,True,False,False
2,0.01740713353,0.0319354996,99.9,0.2155954396,0.2155970731,49975,21,0.0109966133,0.0001951161896,0.001245140768,0.009845959136,0.02819933705,0,0.04741075782,0.02670100926,0.03705588354,0.04741075782,0.003326416016,0.01949989425,0.0139888269,0.01674436057,0.01949989425,2.638871499,True,False,False
2,0.01740713353,0.0319354996,99.9,0.2155954396,0.2155970731,49975,21,0.01107418778,0.0001951161896,0.001245140768,0.009845959136,0.02819933705,0,0.0470929325,0.02652302843,0.03680798047,0.0470929325,0.003204345703,0.0193691737,0.01389558162,0.01663237766,0.0193691737,2.628729884,True,False,False
2,0.01740713353,0.0319354996,99.9,0.2155954396,0.2155970731,49975,21,0.01122616437,0.0001951161896,0.001245140768,0.009845959136,0.02819933705,0,0.04653705548,0.02626241244,0.03639973396,0.04653705548,0.002868652344,0.01914054325,0.01375904326,0.01644979325,0.01914054325,2.609065687,True,False,False
2,0.01740713353,0.0319354996,99.9,0.2155954396,0.2155970731,49975,21,0.01156448396,0.0001951161896,0.001245140768,0.009845959136,0.02819933705,0,0.04547350931,0.02572054098,0.03559702514,0.04547350931,0.002410888672,0.01870311008,0.01347515339,0.01608913174,0.01870311008,2.566229884,True,False,False
2,0.01596241183,0.04072300285,99.995,0.1303852118,0.1303851939,52687,20,0.02835120486,0.0001934713282,0.0005637792463,0.006720479409,0.0180055853,2.288818359e-05,0.0148437933,0.01906789781,0.01695584555,0.01906789781,0,0.006105205082,0.009989791738,0.00804749841,0.009989791738,0.4305883053,False,False,False
2,0.01596241183,0.04072300285,99.995,0.1303852118,0.1303851939,52687,20,0.02866190962,0.0001934713282,0.0005637792463,0.006720479409,0.0180055853,2.288818359e-05,0.01481897382,0.01915347535,0.01698622458,0.01915347535,0,0.006094996906,0.01003462635,0.00806481163,0.01003462635,0.4463129914,False,False,False
2,0.01898261372,0.04078912986,99.995,0.1303852118,0.1303840931,52773,20,0.0289569222,0.0001969198976,0.0005645642108,0.006724902366,0.01801879267,2.288818359e-05,0.01495407931,0.01907393697,0.01701400814,0.01907393697,0,0.006150565366,0.009992955696,0.008071760531,0.009992955696,0.2115709258,False,False,False
2,0.01230870216,0.04070594359,99.995,0.1303852118,0.1303850179,52665,20,0.02859201667,0.0001909742884,0.0005640056238,0.006732177955,0.0180191495,2.288818359e-05,0.01495909996,0.01907524143,0.0170171707,0.01907524143,0,0.006152630346,0.009993639111,0.008073134728,0.009993639111,0.8183970716,False,False,False
2,0.01230870216,0.04070594359,99.995,0.1303852118,0.1303850179,52665,20,0.02887109985,0.0001909742884,0.0005640056238,0.006732177955,0.0180191495,2.288818359e-05,0.01496882373,0.01907976373,0.01702429373,0.01907976373,0,0.006156629701,0.00999600837,0.008076319036,0.00999600837,0.8324107595,False,False,False
2,0.01596241183,0.04072300285,99.995,0.1303852118,0.1303851939,52687,20,0.02880133663,0.0001934713282,0.0005637792463,0.006720479409,0.0180055853,2.288818359e-05,0.01484975453,0.01920667153,0.01702821303,0.01920667153,0,0.006107656916,0.01006249617,0.008085076542,0.01006249617,0.4533140246,False,False,False
2,0.01230870216,0.04070594359,99.995,0.1303852118,0.1303850179,52665,20,0.0288757626,0.0001909742884,0.0005640056238,0.006732177955,0.0180191495,2.288818359e-05,0.01497753482,0.01908467012,0.01703110247,0.01908467012,0,0.006160212545,0.009998578861,0.008079395703,0.009998578861,0.8326437392,False,False,False
2,0.01230870216,0.04070594359,99.995,0.1303852118,0.1303850179,52665,20,0.0289569222,0.0001909742884,0.0005640056238,0.006732177955,0.0180191495,2.288818359e-05,0.0149660353,0.01909956248,0.01703279889,0.01909956248,0,0.006155482829,0.01000638106,0.008080931945,0.01000638106,0.8366929592,False,False,False
2,0.01898261372,0.04078912986,99.995,0.1303852118,0.1303840931,52773,20,0.0288757626,0.0001969198976,0.0005645642108,0.006724902366,0.01801879267,2.288818359e-05,0.01497714829,0.01909048653,0.01703381741,0.01909048653,0,0.006160053567,0.01000162611,0.00808083984,0.01000162611,0.2075217058,False,False,False
2,0.01898261372,0.04078912986,99.995,0.1303852118,0.1303840931,52773,20,0.02887435803,0.0001969198976,0.0005645642108,0.006724902366,0.01801879267,2.288818359e-05,0.0149761733,0.01909239874,0.01703428602,0.01909239874,0,0.006159652553,0.01000262793,0.008081140243,0.01000262793,0.2074515289,False,False,False
2,0.02070068705,0.04074938341,99.995,0.1303370774,0.1303360739,52741,20,0.0289569222,0.000198651734,0.0005702769148,0.006733834902,0.01801659243,2.288818359e-05,0.01495798475,0.0191144983,0.01703624152,0.0191144983,0,0.006152171663,0.01001420603,0.008083188845,0.01001420603,0.08569585249,False,False,False
2,0.01230870216,0.04070594359,99.995,0.1303852118,0.1303850179,52665,20,0.02866190962,0.0001909742884,0.0005640056238,0.006732177955,0.0180191495,2.288818359e-05,0.01500567712,0.01907104246,0.01703835979,0.01907104246,0,0.006171787383,0.009991439242,0.008081613312,0.009991439242,0.8219194245,False,False,False
2,0.01128712965,0.0407047662,99.995,0.1303852118,0.1303861982,52663,20,0.0288112698,0.0001942348509,0.0005645569909,0.006725288607,0.01799918723,2.288818359e-05,0.01495612083,0.01913787625,0.01704699854,0.01913787625,0,0.006151405038,0.01002645389,0.008088929462,0.01002645389,0.9544466071,False,False,False
2,0.01128712965,0.0407047662,99.995,0.1303852118,0.1303861982,52663,20,0.02842517702,0.0001942348509,0.0005645569909,0.006725288607,0.01799918723,2.288818359e-05,0.01495479205,0.01913961844,0.01704720524,0.01913961844,0,0.006150858516,0.01002736663,0.008089112572,0.01002736663,0.9349826951,False,False,False
2,0.01128712965,0.0407047662,99.995,0.1303852118,0.1303861982,52663,20,0.0289569222,0.0001942348509,0.0005645569909,0.006725288607,0.01799918723,2.288818359e-05,0.01497148536,0.01912593828,0.01704871182,0.01912593828,0,0.006157724422,0.01002019951,0.008088961966,0.01002019951,0.9617216297,False,False,False
2,0.01128712965,0.0407047662,99.995,0.1303852118,0.1303861982,52663,20,0.0288757626,0.0001942348509,0.0005645569909,0.006725288607,0.01799918723,2.288818359e-05,0.01496190974,0.01913627912,0.01704909443,0.01913627912,0,0.006153785998,0.01002561714,0.008089701568,0.01002561714,0.9576724097,False,False,False
2,0.01740713353,0.04070802038,99.995,0.1303852118,0.1303842429,13167,18,0.02866190962,0.0001951161896,0.0005684478787,0.006737524737,0.01801913082,2.288818359e-05,0.01502707508,0.0190739952,0.01705053514,0.0190739952,0,0.006180588295,0.009992986203,0.008086787249,0.009992986203,0.3218543972,False,False,False
2,0.01596241183,0.04072300285,99.995,0.1303852118,0.1303851939,52687,20,0.0288757626,0.0001934713282,0.0005637792463,0.006720479409,0.0180055853,2.288818359e-05,0.01487353019,0.01923031245,0.01705192132,0.01923031245,0,0.006117435772,0.01007488179,0.008096158782,0.01007488179,0.4570373061,False,False,False
2,0.01128712965,0.0407047662,99.995,0.1303852118,0.1303861982,52663,20,0.02866190962,0.0001942348509,0.0005645569909,0.006725288607,0.01799918723,2.288818359e-05,0.01496800081,0.01913907985,0.01705354033,0.01913907985,0,0.006156291234,0.01002708446,0.008091687846,0.01002708446,0.946948095,False,False,False
2,0.02070068705,0.04074938341,99.995,0.1303370774,0.1303360739,52741,20,0.0288757626,0.000198651734,0.0005702769148,0.006733834902,0.01801659243,2.288818359e-05,0.014968483,0.01914313352,0.01705580826,0.01914313352,0,0.006156489558,0.0100292082,0.008092848881,0.0100292082,0.08164663247,False,False,False
2,0.02070068705,0.04074938341,99.995,0.1303370774,0.1303360739,52741,20,0.02873679166,0.000198651734,0.0005702769148,0.006733834902,0.01801659243,2.288818359e-05,0.01498147656,0.01913067832,0.01705607744,0.01913067832,0,0.006161833771,0.01002268285,0.008092258309,0.01002268285,0.07468658416,False,False,False
2,0.01596241183,0.04072300285,99.995,0.1303852118,0.1303851939,52687,20,0.02993088077,0.0001934713282,0.0005637792463,0.006720479409,0.0180055853,2.288818359e-05,0.0149668073,0.01914546929,0.01705613829,0.01914546929,0,0.006155800349,0.01003043193,0.008093116138,0.01003043193,0.5088129914,False,False,False
2,0.01596241183,0.04072300285,99.995,0.1303852118,0.1303851939,52687,20,0.03007648074,0.0001934713282,0.0005637792463,0.006720479409,0.0180055853,2.288818359e-05,0.01499243255,0.01913195893,0.01706219574,0.01913195893,0,0.006166339934,0.01002335377,0.00809484685,0.01002335377,0.5158140246,False,False,False
2,0.02070068705,0.04074938341,99.995,0.1303370774,0.1303360739,52741,20,0.02866190962,0.000198651734,0.0005702769148,0.006733834902,0.01801659243,2.288818359e-05,0.01498632825,0.01914018114,0.0170632547,0.01914018114,0,0.006163829256,0.01002766143,0.008095745345,0.01002766143,0.07092231776,False,False,False
2,0.01740713353,0.04070802038,99.995,0.1303852118,0.1303842429,13167,18,0.0289569222,0.0001951161896,0.0005684478787,0.006737524737,0.01801913082,2.288818359e-05,0.01501391231,0.01911294782,0.01706343006,0.01911294782,0,0.006175174491,0.01001339372,0.008094284106,0.01001339372,0.3366279319,False,False,False
2,0.01596241183,0.04072300285,99.995,0.1303852118,0.1303851939,52687,20,0.03015420183,0.0001934713282,0.0005637792463,0.006720479409,0.0180055853,2.288818359e-05,0.01497726752,0.0191522602,0.01706476386,0.0191522602,0,0.006160102605,0.01003398973,0.008097046166,0.01003398973,0.5195373061,False,False,False
2,0.01898261372,0.04078912986,99.995,0.1303852118,0.1303840931,52773,20,0.02834808452,0.0001969198976,0.0005645642108,0.006724902366,0.01801879267,2.288818359e-05,0.01500897241,0.01912485263,0.01706691252,0.01912485263,0,0.006173142726,0.01001963073,0.008096386727,0.01001963073,0.1809139134,False,False,False
2,0.01740713353,0.04070802038,99.995,0.1303852118,0.1303842429,13167,18,0.0288757626,0.0001951161896,0.0005684478787,0.006737524737,0.01801913082,2.288818359e-05,0.01500097664,0.01913933984,0.01707015824,0.01913933984,0,0.00616985409,0.01002722067,0.00809853738,0.01002722067,0.3325787119,False,False,False
2,0.01740713353,0.04070802038,99.995,0.1303852118,0.1303842429,13167,18,0.02886130751,0.0001951161896,0.0005684478787,0.006737524737,0.01801913082,2.288818359e-05,0.01500916687,0.01913323583,0.01707120135,0.01913323583,0,0.006173222707,0.01002402274,0.008098622723,0.01002402274,0.3318563235,False,False,False
2,0.01596241183,0.04072300285,99.995,0.1303852118,0.1303851939,52687,20,0.0289569222,0.0001934713282,0.0005637792463,0.006720479409,0.0180055853,2.288818359e-05,0.01489136208,0.01925400982,0.01707268595,0.01925400982,0,0.006124769969,0.010087297,0.008106033482,0.010087297,0.4610865261,False,False,False
2,0.01898261372,0.04078912986,99.995,0.1303852118,0.1303840931,52773,20,0.02960316145,0.0001969198976,0.0005645642108,0.006724902366,0.01801879267,2.288818359e-05,0.01505282216,0.01909680639,0.01707481427,0.01909680639,0,0.006191177987,0.01000493713,0.008098057558,0.01000493713,0.2434139134,False,False,False
2,0.01898261372,0.04078912986,99.995,0.1303852118,0.1303840931,52773,20,0.02866190962,0.0001969198976,0.0005645642108,0.006724902366,0.01801879267,2.288818359e-05,0.0150295056,0.01912221909,0.01707586235,0.01912221909,0,0.00618158796,0.010018251,0.008099919482,0.010018251,0.1967973911,False,False,False
3,0.01061164829,0.04269726194,100,0.1027346293,0.1027346293,42495,20,0.01072999,0.0003243904659,0.001587196325,0.006677067542,0.02300025476,1.14440918e-05,0.01906953086,0.01902350559,0.01904651823,0.01906953086,0.0001220703125,0.004270902783,0.005576092088,0.004923497436,0.005576092088,0.209381936,False,True,True
3,0.01061164829,0.04269726194,100,0.1026120505,0.1026114811,21273,19,0.01120988745,0.0003243904659,0.001587196325,0.006677067542,0.02302143209,1.14440918e-05,0.01901975019,0.01906655782,0.01904315401,0.01906655782,6.103515625e-05,0.004259753668,0.005588711382,0.004924232525,0.005588711382,0.1479892751,False,False,False
3,0.01061164829,0.04269726194,100,0.1027346293,0.1027346293,42495,20,0.01068736499,0.0003243904659,0.001587196325,0.006677067542,0.02300025476,1.14440918e-05,0.019054439,0.01904047954,0.01904745927,0.019054439,0.0001220703125,0.004267522738,0.005581067421,0.00492429508,0.005581067421,0.2151244725,False,False,False
3,0.01061164829,0.04269726194,100,0.1026120505,0.1026114811,21273,19,0.01165465417,0.0003243904659,0.001587196325,0.006677067542,0.02302143209,1.14440918e-05,0.01903376123,0.01906846699,0.01905111411,0.01906846699,3.051757812e-05,0.004262891647,0.005589270989,0.004926081318,0.005589270989,0.09185487209,False,False,False
3,0.01061164829,0.04269726194,100,0.1027346293,0.1027346293,42495,20,0.01035168006,0.0003243904659,0.001587196325,0.006677067542,0.02300025476,1.14440918e-05,0.01909521089,0.01902322953,0.01905922021,0.01909521089,0.0001525878906,0.004276654204,0.005576011171,0.004926332687,0.005576011171,0.2611657342,False,False,False
3,0.01061164829,0.04269726194,100,0.1027346293,0.1027346293,42495,20,0.01037215786,0.0003243904659,0.001587196325,0.006677067542,0.02300025476,1.14440918e-05,0.01911344343,0.01901920329,0.01906632336,0.01911344343,0.0001525878906,0.004280737651,0.005574831016,0.004927784334,0.005574831016,0.258314599,False,False,False
3,0.01061164829,0.04269726194,100,0.1026120505,0.1026114811,21273,19,0.01073462499,0.0003243904659,0.001587196325,0.006677067542,0.02302143209,1.14440918e-05,0.01908752389,0.01904706536,0.01906729463,0.01908752389,9.155273438e-05,0.004274932588,0.005582997832,0.00492896521,0.005582997832,0.2104892751,False,False,False
3,0.01061164829,0.04269726194,100,0.1026120505,0.1026114811,21273,19,0.01041669711,0.0003243904659,0.001587196325,0.006677067542,0.02302143209,1.14440918e-05,0.01911127522,0.01903101604,0.01907114563,0.01911127522,0.0001525878906,0.004280252049,0.005578293519,0.004929272784,0.005578293519,0.2538631619,False,False,False
3,0.01061164829,0.04269726194,100,0.1027346293,0.1027346293,42495,20,0.01041669711,0.0003243904659,0.001587196325,0.006677067542,0.02300025476,1.14440918e-05,0.01914871038,0.01900504521,0.01907687779,0.01914871038,0.0001525878906,0.004288636204,0.005570681056,0.00492965863,0.005570681056,0.2521327623,False,False,False
3,0.01061164829,0.04269726194,100,0.1027346293,0.1027346293,42495,20,0.01231029158,0.0003243904659,0.001587196325,0.006677067542,0.02300025476,1.14440918e-05,0.0190367254,0.01909156046,0.01906414293,0.01909156046,0,0.004263555517,0.005596040051,0.004929797784,0.005596040051,0.01116573423,False,False,False
3,0.01061164829,0.04269726194,100,0.1026120505,0.1026114811,21273,19,0.01125040667,0.0003243904659,0.001587196325,0.006677067542,0.02302143209,1.14440918e-05,0.01903706325,0.01909256525,0.01906481425,0.01909256525,6.103515625e-05,0.004263631182,0.005596334573,0.004929982878,0.005596334573,0.1427839162,False,False,False
3,0.01061164829,0.04269726194,100,0.1026120505,0.1026114811,21273,19,0.01170619156,0.0003243904659,0.001587196325,0.006677067542,0.02302143209,1.14440918e-05,0.0190640406,0.01907247504,0.01906825782,0.01907247504,3.051757812e-05,0.004269673159,0.005590445813,0.004930059486,0.005590445813,0.08548927513,False,False,False
3,0.01061164829,0.04269726194,100,0.1026120505,0.1026114811,21273,19,0.01125721702,0.0003243904659,0.001587196325,0.006677067542,0.02302143209,1.14440918e-05,0.01905039511,0.01908326539,0.01906683025,0.01908326539,6.103515625e-05,0.004266617049,0.005593608635,0.004930112842,0.005593608635,0.1419108551,False,False,False
3,0.01061164829,0.04269726194,100,0.1026120505,0.1026114811,21273,19,0.01118315068,0.0003243904659,0.001587196325,0.006677067542,0.02302143209,1.14440918e-05,0.01905269083,0.01908332238,0.0190680066,0.01908332238,6.103515625e-05,0.00426713121,0.00559362534,0.004930378275,0.00559362534,0.1514343652,False,False,False
3,0.01061164829,0.04269726194,100,0.1027346293,0.1027346293,42495,20,0.01120504725,0.0003243904659,0.001587196325,0.006677067542,0.02300025476,1.14440918e-05,0.01905386228,0.01908426611,0.01906906419,0.01908426611,6.103515625e-05,0.004267393573,0.005593901963,0.004930647768,0.005593901963,0.146881936,False,False,False
3,0.01061164829,0.04269726194,100,0.1027346293,0.1027346293,42495,20,0.01077342634,0.0003243904659,0.001587196325,0.006677067542,0.02300025476,1.14440918e-05,0.01911190667,0.01904377907,0.01907784287,0.01911190667,9.155273438e-05,0.00428039347,0.005582034568,0.004931214019,0.005582034568,0.2035535166,False,False,False
3,0.01061164829,0.04269726194,100,0.1027346293,0.1027346293,42495,20,0.01165465417,0.0003243904659,0.001587196325,0.006677067542,0.02300025476,1.14440918e-05,0.01906313125,0.01908143471,0.01907228298,0.01908143471,3.051757812e-05,0.004269469496,0.005593072034,0.004931270765,0.005593072034,0.0901244725,False,False,False
3,0.01061164829,0.04269726194,100,0.1026120505,0.1026114811,21273,19,0.01217064979,0.0003243904659,0.001587196325,0.006677067542,0.02302143209,1.14440918e-05,0.01903296323,0.01910583938,0.0190694013,0.01910583938,0,0.004262712922,0.00560022543,0.004931469176,0.00560022543,0.02935487209,False,False,False
3,0.01061164829,0.04269726194,100,0.1026120505,0.1026114811,21273,19,0.01068736499,0.0003243904659,0.001587196325,0.006677067542,0.02302143209,1.14440918e-05,0.01910229325,0.01905464091,0.01907846708,0.01910229325,9.155273438e-05,0.004278240404,0.005585218344,0.004931729374,0.005585218344,0.2168548721,False,False,False
3,0.01061164829,0.04269726194,100,0.1027346293,0.1027346293,42495,20,0.01083137252,0.0003243904659,0.001587196325,0.006677067542,0.02300025476,1.14440918e-05,0.01909189086,0.01906411617,0.01907800352,0.01909189086,9.155273438e-05,0.004275910635,0.005587995695,0.004931953165,0.005587995695,0.195814599,False,False,False
3,0.01061164829,0.04269726194,100,0.1027346293,0.1027346293,42495,20,0.01043210769,0.0003243904659,0.001587196325,0.006677067542,0.02300025476,1.14440918e-05,0.01914772739,0.01902736745,0.01908754742,0.01914772739,0.0001525878906,0.00428841605,0.005577224059,0.004932820054,0.005577224059,0.25,False,False,False
3,0.01061164829,0.04269726194,100,0.1026120505,0.1026114811,21273,19,0.01116053507,0.0003243904659,0.001587196325,0.006677067542,0.02302143209,1.14440918e-05,0.01905456182,0.01910046486,0.01907751334,0.01910046486,6.103515625e-05,0.004267550246,0.005598650074,0.00493310016,0.005598650074,0.1543548721,False,False,False
3,0.01061164829,0.04269726194,100,0.1026120505,0.1026114811,21273,19,0.01174850473,0.0003243904659,0.001587196325,0.006677067542,0.02302143209,1.14440918e-05,0.01907116924,0.01908655639,0.01907886282,0.01908655639,0,0.004271269722,0.005594573281,0.004932921502,0.005594573281,0.08028391624,False,False,False
3,0.01261944765,0.0507758878,100,0.1380926104,0.1380926459,9399,18,0.004292803631,0.0003126203723,0.001843986882,0.006343814202,0.02961442013,0,0.0389175325,0.03993697803,0.03942725526,0.03993697803,0.02410888672,0.008716155582,0.01170616352,0.01021115955,0.01170616352,2.457752516,True,False,False
3,0.01261944765,0.0507758878,100,0.1380926104,0.1380926459,9399,18,0.004304550966,0.0003126203723,0.001843986882,0.006343814202,0.02961442013,0,0.0388008422,0.03976255882,0.03928170051,0.03976255882,0.02377319336,0.008690021067,0.01165503848,0.01017252977,0.01165503848,2.453809946,True,False,False
3,0.01261944765,0.0507758878,100,0.1380926104,0.1380926459,9399,18,0.004482862285,0.0003126203723,0.001843986882,0.006343814202,0.02961442013,0,0.0368291077,0.03732428516,0.03707669643,0.03732428516,0.01931762695,0.008248422036,0.01094034168,0.009594381859,0.01094034168,2.395252516,False,False,False
3,0.01261944765,0.0507758878,100,0.1380926104,0.1380926459,9399,18,0.004495129719,0.0003126203723,0.001843986882,0.006343814202,0.02961442013,0,0.03672254406,0.03716687149,0.03694470778,0.03716687149,0.01876831055,0.008224555537,0.01089420123,0.009559378385,0.01089420123,2.391309946,False,False,False
3,0.01261944765,0.0507758878,100,0.1380926104,0.1380926459,9399,18,0.004681335554,0.0003126203723,0.001843986882,0.006343814202,0.02961442013,0,0.03507169307,0.03509779887,0.03508474597,0.03509779887,0.01544189453,0.007854823102,0.01028772313,0.009071273119,0.01028772313,2.332752516,False,False,False
3,0.01261944765,0.0507758878,100,0.1380926104,0.1380926459,9399,18,0.004694146115,0.0003126203723,0.001843986882,0.006343814202,0.02961442013,0,0.0349710205,0.03496068463,0.03496585256,0.0349710205,0.0153503418,0.007832275994,0.01024753277,0.009039904382,0.01024753277,2.328809946,False,False,False
3,0.01261944765,0.0507758878,100,0.1380926104,0.1380926459,9399,18,0.00482342842,0.0003126203723,0.001843986882,0.006343814202,0.02961442013,0,0.03399622314,0.03371038762,0.03385330538,0.03399622314,0.01364135742,0.007613955745,0.00988105083,0.008747503287,0.00988105083,2.289613739,False,False,False
3,0.01261944765,0.0507758878,100,0.1380926104,0.1380926459,9399,18,0.004885697029,0.0003126203723,0.001843986882,0.006343814202,0.02961442013,0,0.03361034858,0.03318653531,0.03339844195,0.03361034858,0.01272583008,0.007527533443,0.009727501386,0.008627517414,0.009727501386,2.271108293,False,False,False
3,0.01261944765,0.0507758878,100,0.1380926104,0.1380926459,9399,18,0.004888595986,0.0003126203723,0.001843986882,0.006343814202,0.02961442013,0,0.03359616628,0.03315843921,0.03337730274,0.03359616628,0.01272583008,0.007524357107,0.009719265971,0.008621811539,0.009719265971,2.270252516,False,False,False
3,0.01261944765,0.0507758878,100,0.1380926104,0.1380926459,9399,18,0.004901973718,0.0003126203723,0.001843986882,0.006343814202,0.02961442013,0,0.03349068574,0.03304792722,0.03326930648,0.03349068574,0.01254272461,0.007500733184,0.009686873149,0.008593803167,0.009686873149,2.266309946,False,False,False
3,0.01261944765,0.0507758878,100,0.1380926104,0.1380926459,9399,18,0.005036979841,0.0003126203723,0.001843986882,0.006343814202,0.02961442013,0,0.03271923571,0.03197358645,0.03234641108,0.03271923571,0.01034545898,0.007327955569,0.00937196678,0.008349961175,0.00937196678,2.227113739,False,False,False
3,0.01261944765,0.0507758878,100,0.1380926104,0.1380926459,9399,18,0.005102005317,0.0003126203723,0.001843986882,0.006343814202,0.02961442013,0,0.03237856254,0.03154015272,0.03195935763,0.03237856254,0.009674072266,0.007251656786,0.009244920459,0.008248288622,0.009244920459,2.208608293,False,False,False
3,0.01261944765,0.0507758878,100,0.1380926104,0.1380926459,9399,18,0.005105032621,0.0003126203723,0.001843986882,0.006343814202,0.02961442013,0,0.03236086536,0.0315131353,0.03193700033,0.03236086536,0.009674072266,0.007247693242,0.009237001222,0.008242347232,0.009237001222,2.207752516,False,False,False
3,0.01261944765,0.0507758878,100,0.1380926104,0.1380926459,9399,18,0.005119002636,0.0003126203723,0.001843986882,0.006343814202,0.02961442013,0,0.03231560127,0.03141417359,0.03186488743,0.03231560127,0.009552001953,0.007237555679,0.009207993972,0.008222774826,0.009207993972,2.203809946,False,False,False
3,0.01261944765,0.0507758878,100,0.1380926104,0.1380926459,9399,18,0.00525998599,0.0003126203723,0.001843986882,0.006343814202,0.02961442013,0,0.03163542307,0.03052842405,0.03108192356,0.03163542307,0.008117675781,0.007085219738,0.008948366691,0.008016793215,0.008948366691,2.164613739,False,False,False
3,0.01261944765,0.0507758878,100,0.1380926104,0.1380926459,9399,18,0.00532789039,0.0003126203723,0.001843986882,0.006343814202,0.02961442013,0,0.03131683253,0.03011835729,0.03071759491,0.03131683253,0.007537841797,0.007013866685,0.008828169602,0.007921018143,0.008828169602,2.146108293,False,False,False
3,0.01261944765,0.0507758878,100,0.1380926104,0.1380926459,9399,18,0.005331051724,0.0003126203723,0.001843986882,0.006343814202,0.02961442013,0,0.03131103654,0.03010911081,0.03071007368,0.03131103654,0.007537841797,0.007012568589,0.008825459312,0.00791901395,0.008825459312,2.145252516,False,False,False
3,0.01261944765,0.0507758878,100,0.1380926104,0.1380926459,9399,18,0.005345640245,0.0003126203723,0.001843986882,0.006343814202,0.02961442013,0,0.03125606972,0.03001917726,0.03063762349,0.03125606972,0.007446289062,0.007000257959,0.008799098358,0.007899678158,0.008799098358,2.141309946,False,False,False
3,0.01261944765,0.0507758878,100,0.1380926104,0.1380926459,9399,18,0.005492865466,0.0003126203723,0.001843986882,0.006343814202,0.02961442013,0,0.03067481377,0.02923758029,0.02995619703,0.03067481377,0.00634765625,0.006870077111,0.008569999855,0.007720038483,0.008569999855,2.102113739,False,False,False
3,0.01261944765,0.0507758878,100,0.1380926104,0.1380926459,9399,18,0.00556377625,0.0003126203723,0.001843986882,0.006343814202,0.02961442013,0,0.03043216613,0.02893663939,0.02968440276,0.03043216613,0.005950927734,0.006815732593,0.008481789288,0.007648760941,0.008481789288,2.083608293,False,False,False
3,0.01261944765,0.0507758878,100,0.1380926104,0.1380926459,9399,18,0.005567077549,0.0003126203723,0.001843986882,0.006343814202,0.02961442013,0,0.03043610254,0.02891458732,0.02967534493,0.03043610254,0.005920410156,0.00681661421,0.008475325476,0.007645969843,0.008475325476,2.082752516,False,False,False
3,0.01261944765,0.0507758878,100,0.1380926104,0.1380926459,9399,18,0.005582311958,0.0003126203723,0.001843986882,0.006343814202,0.02961442013,0,0.0303700338,0.02884008149,0.02960505764,0.0303700338,0.005859375,0.00680181714,0.008453486633,0.007627651887,0.008453486633,2.078809946,False,False,False
3,0.01261944765,0.0507758878,100,0.1380926104,0.1380926459,9399,18,0.005736055396,0.0003126203723,0.001843986882,0.006343814202,0.02961442013,0,0.02987800989,0.02818178729,0.02902989859,0.02987800989,0.004821777344,0.006691621127,0.00826053013,0.007476075628,0.00826053013,2.039613739,False,False,False
3,0.01261944765,0.0507758878,100,0.1380926104,0.1380926459,9399,18,0.005810105669,0.0003126203723,0.001843986882,0.006343814202,0.02961442013,0,0.02965110306,0.02792594978,0.02878852642,0.02965110306,0.004516601562,0.006640801995,0.008185540088,0.007413171042,0.008185540088,2.021108293,False,False,False
3,0.01261944765,0.0507758878,100,0.1380926104,0.1380926459,9399,18,0.005813553129,0.0003126203723,0.001843986882,0.006343814202,0.02961442013,0,0.02964592356,0.02791505464,0.0287804891,0.02964592356,0.004516601562,0.006639641969,0.008182346548,0.007410994259,0.008182346548,2.020252516,False,False,False
3,0.01261944765,0.0507758878,100,0.1380926104,0.1380926459,9399,18,0.005829462023,0.0003126203723,0.001843986882,0.006343814202,0.02961442013,0,0.02961409959,0.02785090209,0.02873250084,0.02961409959,0.004425048828,0.006632514523,0.008163542415,0.007398028469,0.008163542415,2.016309946,False,False,False
3,0.01261944765,0.0507758878,100,0.1380926104,0.1380926459,9399,18,0.005990012265,0.0003126203723,0.001843986882,0.006343814202,0.02961442013,0,0.02919875096,0.02733023864,0.0282644948,0.02919875096,0.003784179688,0.006539491069,0.008010927678,0.007275209373,0.008010927678,1.977113739,False,False,False
3,0.01261944765,0.0507758878,100,0.1380926104,0.1380926459,9399,18,0.006067341023,0.0003126203723,0.001843986882,0.006343814202,0.02961442013,0,0.02905645789,0.02716086617,0.02810866203,0.02905645789,0.00341796875,0.006507622436,0.007961281913,0.007234452174,0.007961281913,1.958608293,False,False,False
3,0.01261944765,0.0507758878,100,0.1380926104,0.1380926459,9399,18,0.006070941115,0.0003126203723,0.001843986882,0.006343814202,0.02961442013,0,0.02904752488,0.02714825352,0.0280978892,0.02904752488,0.003387451172,0.006505621756,0.007957584944,0.00723160335,0.007957584944,1.957752516,False,False,False
3,0.01261944765,0.0507758878,100,0.1380926104,0.1380926459,9399,18,0.006087554357,0.0003126203723,0.001843986882,0.006343814202,0.02961442013,0,0.02898039649,0.02706462541,0.02802251095,0.02898039649,0.003356933594,0.006490587363,0.007933072214,0.007211829789,0.007933072214,1.953809946,False,False,False
3,0.01261944765,0.0507758878,100,0.1380926104,0.1380926459,9399,18,0.006255212764,0.0003126203723,0.001843986882,0.006343814202,0.02961442013,0,0.0286980827,0.02662639214,0.02766223742,0.0286980827,0.002960205078,0.006427359024,0.007804619071,0.007115989047,0.007804619071,1.914613739,False,False,False
3,0.01261944765,0.0507758878,100,0.1380926104,0.1380926459,9399,18,0.00633596516,0.0003126203723,0.001843986882,0.006343814202,0.02961442013,0,0.0284865689,0.02639577523,0.02744117206,0.0284865689,0.002685546875,0.006379987389,0.007737021586,0.007058504488,0.007737021586,1.896108293,False,False,False
3,0.01061164829,0.04269726194,100,0.1027346293,0.1027346293,42495,20,0.01226865547,0.0003243904659,0.001587196325,0.006677067542,0.02300025476,1.14440918e-05,0.01906158748,0.01909852823,0.01908005785,0.01909852823,0,0.004269123745,0.005598082417,0.004933603081,0.005598082417,0.01605351665,False,False,False
3,0.01061164829,0.04269726194,100,0.1026120505,0.1026114811,21273,19,0.0117556166,0.0003243904659,0.001587196325,0.006677067542,0.02302143209,1.14440918e-05,0.01907620556,0.0190854133,0.01908080943,0.0190854133,0,0.00427239768,0.005594238221,0.004933317951,0.005594238221,0.07941085511,False,False,False
3,0.01061164829,0.04269726194,100,0.1027346293,0.1027346293,42495,20,0.01233464393,0.0003243904659,0.001587196325,0.006677067542,0.02300025476,1.14440918e-05,0.01905395635,0.01911303898,0.01908349767,0.01911303898,0,0.004267414642,0.005602335749,0.004934875196,0.005602335749,0.008314599044,False,False,False
3,0.01061164829,0.04269726194,100,0.1026120505,0.1026114811,21273,19,0.01219531229,0.0003243904659,0.001587196325,0.006677067542,0.02302143209,1.14440918e-05,0.01908310133,0.01908416345,0.01908363239,0.01908416345,0,0.004273942089,0.005593871871,0.00493390698,0.005593871871,0.02643436518,False,False,False
3,0.01061164829,0.04269726194,100,0.1026120505,0.1026114811,21273,19,0.01281959081,0.0003243904659,0.001587196325,0.006677067542,0.02302143209,1.14440918e-05,0.01902055046,0.01915172079,0.01908613563,0.01915172079,0,0.004259932899,0.005613674003,0.004936803451,0.005613674003,0.04904994408,False,False,False
3,0.01061164829,0.04269726194,100,0.1026120505,0.1026114811,21273,19,0.01222446894,0.0003243904659,0.001587196325,0.006677067542,0.02302143209,1.14440918e-05,0.01910682914,0.01906762673,0.01908722794,0.01910682914,0,0.004279256284,0.005589024697,0.00493414049,0.005589024697,0.02298927513,False,False,False
3,0.01061164829,0.04269726194,100,0.1027346293,0.1027346293,42495,20,0.01270949049,0.0003243904659,0.001587196325,0.006677067542,0.02300025476,1.14440918e-05,0.0190760551,0.01910434415,0.01909019962,0.01910434415,0,0.004272363983,0.005599787155,0.004936075569,0.005599787155,0.0348755275,False,False,False
3,0.01061164829,0.04269726194,100,0.1026120505,0.1026114811,21273,19,0.01227608221,0.0003243904659,0.001587196325,0.006677067542,0.02302143209,1.14440918e-05,0.01906649355,0.01911747359,0.01909198357,0.01911747359,0,0.004270222534,0.005603635604,0.004936929069,0.005603635604,0.01691085511,False,False,False
3,0.01061164829,0.04269726194,100,0.1026120505,0.1026114811,21273,19,0.01240593669,0.0003243904659,0.001587196325,0.006677067542,0.02302143209,1.14440918e-05,0.0191016647,0.0190826701,0.0190921674,0.0191016647,0,0.004278099631,0.005593434147,0.004935766889,0.005593434147,0.001730399593,False,False,False
3,0.01061164829,0.04269726194,100,0.1027346293,0.1027346293,42495,20,0.01181169549,0.0003243904659,0.001587196325,0.006677067542,0.02300025476,1.14440918e-05,0.01910831203,0.01907653577,0.0190924239,0.01910831203,0,0.004279588399,0.005591636077,0.004935612238,0.005591636077,0.07081459904,False,False,False
3,0.01061164829,0.04269726194,100,0.1026120505,0.1026114811,21273,19,0.01295519444,0.0003243904659,0.001587196325,0.006677067542,0.02302143209,1.14440918e-05,0.01899494153,0.01919090518,0.01909292335,0.01919090518,0,0.004254197402,0.00562515957,0.004939678486,0.00562515957,0.06423039959,False,False,False
3,0.01061164829,0.04269726194,100,0.1026120505,0.1026114811,21273,19,0.01238761032,0.0003243904659,0.001587196325,0.006677067542,0.02302143209,1.14440918e-05,0.01910233985,0.01908541859,0.01909387922,0.01910233985,0,0.004278250839,0.005594239772,0.004936245306,0.005594239772,0.003863161895,False,False,False
3,0.01061164829,0.04269726194,100,0.1026120505,0.1026114811,21273,19,0.01281183525,0.0003243904659,0.001587196325,0.006677067542,0.02302143209,1.14440918e-05,0.01903253342,0.01915667933,0.01909460637,0.01915667933,0,0.00426261666,0.005615127428,0.004938872044,0.005615127428,0.04817688295,False,False,False
3,0.01061164829,0.04269726194,100,0.1027346293,0.1027346293,42495,20,0.0117883756,0.0003243904659,0.001587196325,0.006677067542,0.02300025476,1.14440918e-05,0.01912963591,0.01906490844,0.01909727218,0.01912963591,0,0.004284364196,0.005588227923,0.00493629606,0.005588227923,0.07366573423,False,False,False
3,0.01061164829,0.04269726194,100,0.1026120505,0.1026114811,21273,19,0.01276569242,0.0003243904659,0.001587196325,0.006677067542,0.02302143209,1.14440918e-05,0.01907439471,0.01912187549,0.0190981351,0.01912187549,0,0.004271992115,0.005604925871,0.004938458993,0.005604925871,0.04297152406,False,False,False
3,0.01061164829,0.04269726194,100,0.1026120505,0.1026114811,21273,19,0.0127352449,0.0003243904659,0.001587196325,0.006677067542,0.02302143209,1.14440918e-05,0.01910069909,0.01910257772,0.0191016384,0.01910257772,0,0.004277883368,0.005599269387,0.004938576377,0.005599269387,0.039526434,False,False,False
3,0.01061164829,0.04269726194,100,0.1027346293,0.1027346293,42495,20,0.01240593669,0.0003243904659,0.001587196325,0.006677067542,0.02300025476,1.14440918e-05,0.0190772807,0.01912727238,0.01910227654,0.01912727238,0,0.004272638474,0.005606507784,0.004939573129,0.005606507784,0,False,False,False
3,0.01061164829,0.04269726194,100,0.1027346293,0.1027346293,42495,20,0.01217064979,0.0003243904659,0.001587196325,0.006677067542,0.02300025476,1.14440918e-05,0.01907402434,0.01913056667,0.01910229551,0.01913056667,0,0.004271909165,0.005607473393,0.004939691279,0.005607473393,0.0276244725,False,False,False
3,0.01061164829,0.04269726194,100,0.1027346293,0.1027346293,42495,20,0.01221919067,0.0003243904659,0.001587196325,0.006677067542,0.02300025476,1.14440918e-05,0.01909216419,0.01911886252,0.01910551336,0.01911886252,0,0.004275971851,0.005604042722,0.004940007286,0.005604042722,0.021881936,False,False,False
3,0.01061164829,0.04269726194,100,0.1027346293,0.1027346293,42495,20,0.01238761032,0.0003243904659,0.001587196325,0.006677067542,0.02300025476,1.14440918e-05,0.01907210844,0.01914029476,0.0191062016,0.01914029476,0,0.004271480071,0.00561032485,0.004940902461,0.00561032485,0.002132762301,False,False,False
4,0.008457308765,0.0340289055,100,0.09317014149,0.09317044742,38395,20,0.01071665983,0.0001556336829,0.00117299562,0.003698588466,0.02940523608,7.629394531e-06,0.0228033816,0.0344088635,0.02860612255,0.0344088635,6.103515625e-05,0.00305938982,0.004483603609,0.003771496715,0.004483603609,0.6731035198,False,True,True
4,0.008457308765,0.0340289055,100,0.09317014149,0.09317044742,38395,20,0.0113229266,0.0001556336829,0.00117299562,0.003698588466,0.02940523608,7.629394531e-06,0.02278777212,0.03443447053,0.02861112132,0.03443447053,3.051757812e-05,0.003057295592,0.0044869403,0.003772117946,0.0044869403,0.7524950979,False,False,False
4,0.008457308765,0.0340289055,100,0.09317014149,0.09317044742,38395,20,0.010679106,0.0001556336829,0.00117299562,0.003698588466,0.02940523608,7.629394531e-06,0.0228019956,0.03444170803,0.02862185181,0.03444170803,9.155273438e-05,0.003059203869,0.004487883373,0.003773543621,0.004487883373,0.6680390803,False,False,False
4,0.008457308765,0.0340289055,100,0.09317014149,0.09317044742,38395,20,0.0115887923,0.0001556336829,0.00117299562,0.003698588466,0.02940523608,7.629394531e-06,0.02277695201,0.03447151522,0.02862423362,0.03447151522,3.051757812e-05,0.003055843924,0.004491767362,0.003773805643,0.004491767362,0.7859784299,False,False,False
4,0.008457308765,0.0340289055,100,0.09317014149,0.09317044742,38395,20,0.01160791002,0.0001556336829,0.00117299562,0.003698588466,0.02940523608,7.629394531e-06,0.02277717448,0.03447686519,0.02862701984,0.03447686519,3.051757812e-05,0.003055873772,0.004492464483,0.003774169128,0.004492464483,0.7883564439,False,False,False
4,0.008457308765,0.0340289055,100,0.09317014149,0.09317044742,38395,20,0.0111911269,0.0001556336829,0.00117299562,0.003698588466,0.02940523608,7.629394531e-06,0.02279403107,0.03446547606,0.02862975357,0.03446547606,3.051757812e-05,0.003058135317,0.004490980436,0.003774557877,0.004490980436,0.7356035198,False,False,False
4,0.008457308765,0.0340289055,100,0.09317014149,0.09317044742,38395,20,0.01066743556,0.0001556336829,0.00117299562,0.003698588466,0.02940523608,7.629394531e-06,0.02281143851,0.0344544625,0.02863295051,0.0344544625,9.155273438e-05,0.003060470767,0.004489545329,0.003775008048,0.004489545329,0.666461598,False,False,False
4,0.008457308765,0.0340289055,100,0.09317014149,0.09317044742,38395,20,0.01168660042,0.0001556336829,0.00117299562,0.003698588466,0.02940523608,7.629394531e-06,0.02282818158,0.03444219108,0.02863518633,0.03444219108,3.051757812e-05,0.003062717081,0.004487946317,0.003775331699,0.004487946317,0.7981035198,False,False,False
4,0.008457308765,0.0340289055,100,0.09317014149,0.09317044742,38395,20,0.01064450042,0.0001556336829,0.00117299562,0.003698588466,0.02940523608,7.629394531e-06,0.02283629022,0.03443451367,0.02863540194,0.03443451367,9.155273438e-05,0.003063804967,0.004486945921,0.003775375444,0.004486945921,0.6633564439,False,False,False
4,0.008457308765,0.0340289055,100,0.09317014149,0.09317044742,38395,20,0.01115191042,0.0001556336829,0.00117299562,0.003698588466,0.02940523608,7.629394531e-06,0.02277552912,0.03450471988,0.0286401245,0.03450471988,3.051757812e-05,0.003055653024,0.004496094053,0.003775873539,0.004496094053,0.7305390803,False,False,False
4,0.008457308765,0.0340289055,100,0.09317014149,0.09317044742,38395,20,0.01134618852,0.0001556336829,0.00117299562,0.003698588466,0.02940523608,7.629394531e-06,0.02277579818,0.03452020237,0.02864800027,0.03452020237,3.051757812e-05,0.003055689121,0.004498111479,0.0037769003,0.004498111479,0.7554559428,False,False,False
4,0.008457308765,0.0340289055,100,0.09317014149,0.09317044742,38395,20,0.01084287166,0.0001556336829,0.00117299562,0.003698588466,0.02940523608,7.629394531e-06,0.02285304474,0.03444307983,0.02864806228,0.03444307983,6.103515625e-05,0.003066052819,0.004488062124,0.003777057471,0.004488062124,0.6899950979,False,False,False
4,0.008457308765,0.0340289055,100,0.09317014149,0.09317044742,38395,20,0.01021517129,0.0001556336829,0.00117299562,0.003698588466,0.02940523608,7.629394531e-06,0.02296703072,0.03433613287,0.02865158179,0.03433613287,0.0001220703125,0.003081345618,0.004474126535,0.003777736076,0.004474126535,0.603961598,False,False,False
4,0.008457308765,0.0340289055,100,0.09317014149,0.09317044742,38395,20,0.01210187197,0.0001556336829,0.00117299562,0.003698588466,0.02940523608,7.629394531e-06,0.02277603665,0.03453877792,0.02865740728,0.03453877792,3.051757812e-05,0.003055721115,0.004500531944,0.003778126529,0.004500531944,0.8484784299,False,False,False
4,0.008457308765,0.0340289055,100,0.09317014149,0.09317044742,38395,20,0.0121218361,0.0001556336829,0.00117299562,0.003698588466,0.02940523608,7.629394531e-06,0.02276459194,0.03455745295,0.02866102244,0.03455745295,3.051757812e-05,0.00305418565,0.004502965369,0.003778575509,0.004502965369,0.8508564439,False,False,False
4,0.008457308765,0.0340289055,100,0.09317014149,0.09317044742,38395,20,0.01113972328,0.0001556336829,0.00117299562,0.003698588466,0.02940523608,7.629394531e-06,0.02279857483,0.03452321141,0.02866089312,0.03452321141,3.051757812e-05,0.003058744925,0.004498503568,0.003778624246,0.004498503568,0.728961598,False,False,False
4,0.009222760605,0.02128254942,99.9,0.1216195741,0.1216200344,4599,18,0.003292796523,0.0001442566395,0.003663698285,0.01071073868,0.03824448193,0,0.05154210862,0.0519224765,0.05173229256,0.0519224765,0.02279663086,0.006915088524,0.006765692886,0.006840390705,0.006915088524,2.215892873,True,False,False
4,0.009222760605,0.02128254942,99.9,0.1216195741,0.1216200344,4599,18,0.003339862986,0.0001442566395,0.003663698285,0.01071073868,0.03824448193,0,0.05031414596,0.05144437375,0.05087925986,0.05144437375,0.02145385742,0.006750340307,0.006703394309,0.006726867308,0.006750340307,2.195417318,True,False,False
4,0.009222760605,0.02128254942,99.9,0.1216195741,0.1216200344,4599,18,0.00343858108,0.0001442566395,0.003663698285,0.01071073868,0.03824448193,0,0.04800013882,0.05050003801,0.04925008841,0.05050003801,0.01901245117,0.006439884164,0.00658034383,0.006510113997,0.00658034383,2.153392873,True,False,False
4,0.009222760605,0.02128254942,99.9,0.1216195741,0.1216200344,4599,18,0.003487731354,0.0001442566395,0.003663698285,0.01071073868,0.03824448193,0,0.04693508319,0.05009401282,0.048514548,0.05009401282,0.01803588867,0.006296992184,0.006527437229,0.006412214706,0.006527437229,2.132917318,True,False,False
4,0.009222760605,0.02128254942,99.9,0.1216195741,0.1216200344,4599,18,0.003590820071,0.0001442566395,0.003663698285,0.01071073868,0.03824448193,0,0.04494221302,0.04931194063,0.04712707683,0.04931194063,0.015625,0.006029621019,0.006425530298,0.006227575658,0.006425530298,2.090892873,True,False,False
4,0.009222760605,0.02128254942,99.9,0.1216195741,0.1216200344,4599,18,0.003642146413,0.0001442566395,0.003663698285,0.01071073868,0.03824448193,0,0.04402003374,0.04902260157,0.04652131766,0.04902260157,0.01467895508,0.005905897882,0.006387828337,0.00614686311,0.006387828337,2.070417318,True,False,False
4,0.009222760605,0.02128254942,99.9,0.1216195741,0.1216200344,4599,18,0.003709638438,0.0001442566395,0.003663698285,0.01071073868,0.03824448193,0,0.0429286049,0.0485836524,0.04575612865,0.0485836524,0.01318359375,0.00575946757,0.006330631617,0.006045049594,0.006330631617,2.043927656,True,False,False
4,0.009222760605,0.02128254942,99.9,0.1216195741,0.1216200344,4599,18,0.003749799257,0.0001442566395,0.003663698285,0.01071073868,0.03824448193,0,0.04230516622,0.04837181552,0.04533849087,0.04837181552,0.01239013672,0.005675824627,0.00630302848,0.005989426553,0.00630302848,2.028392873,True,False,False
4,0.009222760605,0.02128254942,99.9,0.1216195741,0.1216200344,4599,18,0.003792633559,0.0001442566395,0.003663698285,0.01071073868,0.03824448193,0,0.04166171145,0.04814879261,0.04490525203,0.04814879261,0.01156616211,0.005589496248,0.006273967761,0.005931732005,0.006273967761,2.01200625,True,False,False
4,0.009222760605,0.02128254942,99.9,0.1216195741,0.1216200344,4599,18,0.003803398011,0.0001442566395,0.003663698285,0.01071073868,0.03824448193,0,0.04152594511,0.04814511371,0.04483552941,0.04814511371,0.01129150391,0.005571281311,0.006273488386,0.005922384848,0.006273488386,2.007917318,True,False,False
4,0.009222760605,0.02128254942,99.9,0.1216195741,0.1216200344,4599,18,0.003873878163,0.0001442566395,0.003663698285,0.01071073868,0.03824448193,0,0.04057928605,0.04775632842,0.04416780723,0.04775632842,0.01010131836,0.005444273872,0.006222828209,0.00583355104,0.006222828209,1.981427656,True,False,False
4,0.009222760605,0.02128254942,99.9,0.1216195741,0.1216200344,4599,18,0.003915817054,0.0001442566395,0.003663698285,0.01071073868,0.03824448193,0,0.04006440473,0.04762438286,0.0438443938,0.04762438286,0.009643554688,0.005375195404,0.006205635209,0.005790415306,0.006205635209,1.965892873,True,False,False
4,0.009222760605,0.02128254942,99.9,0.1216195741,0.1216200344,4599,18,0.003960547792,0.0001442566395,0.003663698285,0.01071073868,0.03824448193,0,0.0395103956,0.04746412063,0.04348725811,0.04746412063,0.009063720703,0.005300867398,0.00618475244,0.005742809919,0.00618475244,1.94950625,True,False,False
4,0.009222760605,0.02128254942,99.9,0.1216195741,0.1216200344,4599,18,0.003971788827,0.0001442566395,0.003663698285,0.01071073868,0.03824448193,0,0.03936286638,0.04740035997,0.04338161318,0.04740035997,0.008819580078,0.005281074307,0.006176444189,0.005728759248,0.006176444189,1.945417318,True,False,False
4,0.009222760605,0.02128254942,99.9,0.1216195741,0.1216200344,4599,18,0.004045389402,0.0001442566395,0.003663698285,0.01071073868,0.03824448193,0,0.038538234,0.04712981696,0.04283402548,0.04712981696,0.008026123047,0.00517043844,0.006141191422,0.005655814931,0.006141191422,1.918927656,True,False,False
4,0.009222760605,0.02128254942,99.9,0.1216195741,0.1216200344,4599,18,0.004089185086,0.0001442566395,0.003663698285,0.01071073868,0.03824448193,0,0.03806193423,0.04697047049,0.04251620236,0.04697047049,0.007446289062,0.005106536221,0.006120427981,0.005613482101,0.006120427981,1.903392873,True,False,False
4,0.009222760605,0.02128254942,99.9,0.1216195741,0.1216200344,4599,18,0.004135896224,0.0001442566395,0.003663698285,0.01071073868,0.03824448193,0,0.037581831,0.04686083711,0.04222133406,0.04686083711,0.006958007812,0.005042123716,0.006106142342,0.005574133029,0.006106142342,1.88700625,True,False,False
4,0.009222760605,0.02128254942,99.9,0.1216195741,0.1216200344,4599,18,0.004147634941,0.0001442566395,0.003663698285,0.01071073868,0.03824448193,0,0.03746650412,0.04683763305,0.04215206859,0.04683763305,0.006896972656,0.005026651016,0.006103118766,0.005564884891,0.006103118766,1.882917318,True,False,False
4,0.009222760605,0.02128254942,99.9,0.1216195741,0.1216200344,4599,18,0.004224494092,0.0001442566395,0.003663698285,0.01071073868,0.03824448193,0,0.03681067852,0.04660701484,0.04170884668,0.04660701484,0.006134033203,0.004938662919,0.006073068351,0.005505865635,0.006073068351,1.856427656,True,False,False
4,0.009222760605,0.02128254942,99.9,0.1216195741,0.1216200344,4599,18,0.004270228777,0.0001442566395,0.003663698285,0.01071073868,0.03824448193,0,0.03637506687,0.0465521541,0.04146361049,0.0465521541,0.005767822266,0.004880219576,0.006065919791,0.005473069684,0.006065919791,1.840892873,True,False,False
4,0.009222760605,0.02128254942,99.9,0.1216195741,0.1216200344,4599,18,0.004319007993,0.0001442566395,0.003663698285,0.01071073868,0.03824448193,0,0.03601789986,0.04644713194,0.0412325159,0.04644713194,0.005523681641,0.004832300669,0.006052235011,0.00544226784,0.006052235011,1.82450625,True,False,False
4,0.009222760605,0.02128254942,99.9,0.1216195741,0.1216200344,4599,18,0.004331266428,0.0001442566395,0.003663698285,0.01071073868,0.03824448193,0,0.03593417159,0.04640047825,0.04116732492,0.04640047825,0.005401611328,0.004821067361,0.006046155861,0.005433611611,0.006046155861,1.820417318,True,False,False
4,0.009222760605,0.02128254942,99.9,0.1216195741,0.1216200344,4599,18,0.004411528424,0.0001442566395,0.003663698285,0.01071073868,0.03824448193,0,0.03528087917,0.04623710436,0.04075899176,0.04623710436,0.004821777344,0.004733419124,0.006024867632,0.005379143378,0.006024867632,1.793927656,True,False,False
4,0.009222760605,0.02128254942,99.9,0.1216195741,0.1216200344,4599,18,0.004459287957,0.0001442566395,0.003663698285,0.01071073868,0.03824448193,0,0.03500789801,0.046102662,0.04055528001,0.046102662,0.004425048828,0.004696794917,0.00600734929,0.005352072103,0.00600734929,1.778392873,True,False,False
4,0.009222760605,0.02128254942,99.9,0.1216195741,0.1216200344,4599,18,0.004510226814,0.0001442566395,0.003663698285,0.01071073868,0.03824448193,0,0.03458383886,0.04596762391,0.04027573139,0.04596762391,0.004241943359,0.004639901502,0.005989753322,0.005314827412,0.005989753322,1.76200625,True,False,False
4,0.009222760605,0.02128254942,99.9,0.1216195741,0.1216200344,4599,18,0.004523027975,0.0001442566395,0.003663698285,0.01071073868,0.03824448193,0,0.03452199257,0.04599079163,0.0402563921,0.04599079163,0.004241943359,0.004631603965,0.005992772162,0.005312188063,0.005992772162,1.757917318,True,False,False
4,0.009222760605,0.02128254942,99.9,0.1216195741,0.1216200344,4599,18,0.004606843474,0.0001442566395,0.003663698285,0.01071073868,0.03824448193,0,0.03402894442,0.04587130048,0.03995012245,0.04587130048,0.003601074219,0.004565454719,0.005977202018,0.005271328369,0.005977202018,1.731427656,True,False,False
4,0.009222760605,0.02128254942,99.9,0.1216195741,0.1216200344,4599,18,0.004656717501,0.0001442566395,0.003663698285,0.01071073868,0.03824448193,0,0.03376309882,0.0458048232,0.03978396101,0.0458048232,0.00341796875,0.004529787846,0.00596853978,0.005249163813,0.00596853978,1.715892873,True,False,False
4,0.009222760605,0.02128254942,99.9,0.1216195741,0.1216200344,4599,18,0.004667027071,0.0001442566395,0.003663698285,0.01071073868,0.03824448193,0,0.03370238025,0.04582176275,0.0397620715,0.04582176275,0.003356933594,0.004521641608,0.005970747067,0.005246194337,0.005970747067,1.712702401,True,False,False
4,0.009222760605,0.02128254942,99.9,0.1216195741,0.1216200344,4599,18,0.004709911614,0.0001442566395,0.003663698285,0.01071073868,0.03824448193,0,0.03348275227,0.0457011104,0.03959193133,0.0457011104,0.003082275391,0.004492175469,0.005955025613,0.005223600541,0.005955025613,1.69950625,True,False,False
4,0.009222760605,0.02128254942,99.9,0.1216195741,0.1216200344,4599,18,0.004723279532,0.0001442566395,0.003663698285,0.01071073868,0.03824448193,0,0.03340386091,0.04569233453,0.03954809772,0.04569233453,0.002960205078,0.0044815911,0.005953882086,0.005217736593,0.005953882086,1.695417318,True,False,False
4,0.009222760605,0.02128254942,99.9,0.1216195741,0.1216200344,4599,18,0.00481080586,0.0001442566395,0.003663698285,0.01071073868,0.03824448193,0,0.03296994421,0.04561236441,0.03929115431,0.04561236441,0.002746582031,0.004423375157,0.005943461679,0.005183418418,0.005943461679,1.668927656,True,False,False
4,0.008457308765,0.0340289055,100,0.09317014149,0.09317044742,38395,20,0.01326193121,0.0001556336829,0.00117299562,0.003698588466,0.02940523608,7.629394531e-06,0.02282234105,0.03462336377,0.02872285241,0.03462336377,0,0.003061933493,0.004511553796,0.003786743644,0.004511553796,0.9805390803,False,False,False
4,0.008457308765,0.0340289055,100,0.09317014149,0.09317044742,38395,20,0.01349296811,0.0001556336829,0.00117299562,0.003698588466,0.02940523608,7.629394531e-06,0.02282329782,0.03463204818,0.028727673,0.03463204818,0,0.003062061857,0.004512685406,0.003787373632,0.004512685406,1.005455943,False,False,False
4,0.008457308765,0.0340289055,100,0.09317014149,0.09317044742,38395,20,0.01289442012,0.0001556336829,0.00117299562,0.003698588466,0.02940523608,7.629394531e-06,0.02278983884,0.0347215082,0.02875567352,0.0347215082,0,0.003057572871,0.004524342383,0.003790957627,0.004524342383,0.9399950979,False,False,False
4,0.008457308765,0.0340289055,100,0.09317014149,0.09317044742,38395,20,0.01319718496,0.0001556336829,0.00117299562,0.003698588466,0.02940523608,7.629394531e-06,0.02284582138,0.03467620614,0.02876101376,0.03467620614,0,0.003065083705,0.004518439354,0.003791761529,0.004518439354,0.9734784299,False,False,False
4,0.008457308765,0.0340289055,100,0.09317014149,0.09317044742,38395,20,0.01292091053,0.0001556336829,0.00117299562,0.003698588466,0.02940523608,7.629394531e-06,0.02281633667,0.03471178224,0.02876405945,0.03471178224,0,0.003061127922,0.004523075053,0.003792101487,0.004523075053,0.9429559428,False,False,False
4,0.007755386332,0.02782441062,99.99,0.09317014149,0.09317025313,62789,21,0.0121218361,0.0001954884649,0.001222227654,0.00463743739,0.02963885793,7.629394531e-06,0.02283830225,0.03476433298,0.02880131762,0.03476433298,0,0.003064074909,0.004529922611,0.00379699876,0.004529922611,0.6854498317,False,False,False
4,0.007755386332,0.02782441062,99.99,0.09317014149,0.09317025313,62789,21,0.01214927548,0.0001954884649,0.001222227654,0.00463743739,0.02963885793,7.629394531e-06,0.02284039312,0.034768802,0.02880459756,0.034768802,0,0.003064355429,0.004530504941,0.003797430185,0.004530504941,0.6887118722,False,False,False
4,0.007755386332,0.02782441062,99.99,0.09317014149,0.09317025313,62789,21,0.01210187197,0.0001954884649,0.001222227654,0.00463743739,0.02963885793,7.629394531e-06,0.02286580939,0.0347437323,0.02880477085,0.0347437323,0,0.003067765374,0.004527238265,0.00379750182,0.004527238265,0.6830718177,False,False,False
4,0.01005749176,0.0278037086,99.99,0.09317014149,0.09317067412,31371,20,0.01289302529,0.0001435012855,0.001223172369,0.004653301423,0.02962974254,7.629394531e-06,0.02270054189,0.03491049626,0.02880551908,0.03491049626,0,0.003045592446,0.004548968234,0.00379728034,0.004548968234,0.6483862665,False,False,False
4,0.007755386332,0.02782441062,99.99,0.09317014149,0.09317025313,62789,21,0.01326193121,0.0001954884649,0.001222227654,0.00463743739,0.02963885793,7.629394531e-06,0.02278952178,0.03483341678,0.02881146928,0.03483341678,0,0.003057530333,0.004538924489,0.003798227411,0.004538924489,0.8151324682,False,False,False
4,0.007755386332,0.02782441062,99.99,0.09317014149,0.09317025313,62789,21,0.01324887886,0.0001954884649,0.001222227654,0.00463743739,0.02963885793,7.629394531e-06,0.02279830447,0.03484805837,0.02882318142,0.03484805837,0,0.003058708653,0.004540832342,0.003799770497,0.004540832342,0.8137118722,False,False,False
4,0.008457308765,0.0340289055,100,0.09317014149,0.09317044742,38395,20,0.01409035285,0.0001556336829,0.00117299562,0.003698588466,0.02940523608,7.629394531e-06,0.02282190355,0.03483454253,0.02882822304,0.03483454253,0,0.003061874797,0.004539071178,0.003800472987,0.004539071178,1.067955943,False,False,False
4,0.007755386332,0.02782441062,99.99,0.09317014149,0.09317025313,62789,21,0.01216124454,0.0001954884649,0.001222227654,0.00463743739,0.02963885793,7.629394531e-06,0.02287430225,0.03481246678,0.02884338452,0.03481246678,0,0.003068904809,0.004536194626,0.003802549717,0.004536194626,0.6901324682,False,False,False
4,0.01005749176,0.0278037086,99.99,0.09317014149,0.09317067412,31371,20,0.01234640331,0.0001435012855,0.001223172369,0.004653301423,0.02962974254,7.629394531e-06,0.02275085387,0.03496249774,0.02885667581,0.03496249774,0,0.003052342496,0.004555744221,0.003804043359,0.004555744221,0.5858862665,False,False,False
4,0.008457308765,0.02782686424,99.99,0.09317085557,0.09317104971,31397,20,0.01283868794,0.0001556336829,0.001220070714,0.004634135768,0.0296358045,7.629394531e-06,0.02272275923,0.0350034898,0.02886312452,0.0350034898,0,0.003048573211,0.004561085639,0.003804829425,0.004561085639,0.6434542431,False,False,False
4,0.008457308765,0.02782686424,99.99,0.09317014149,0.09316956597,62795,21,0.01283848348,0.0001556336829,0.001220070714,0.004634135768,0.02963578516,7.629394531e-06,0.02272279475,0.03500349012,0.02886314244,0.03500349012,0,0.003048577977,0.004561085681,0.003804831829,0.004561085681,0.6434542431,False,False,False
4,0.008457308765,0.0340289055,100,0.09317014149,0.09317044742,38395,20,0.01378147426,0.0001556336829,0.00117299562,0.003698588466,0.02940523608,7.629394531e-06,0.02284515612,0.03488262218,0.02886388915,0.03488262218,0,0.00306499445,0.004545336136,0.003805165293,0.004545336136,1.03597843,False,False,False
4,0.007755386332,0.02782441062,99.99,0.09317014149,0.09317025313,62789,21,0.01283047716,0.0001954884649,0.001222227654,0.00463743739,0.02963885793,7.629394531e-06,0.02280243539,0.03492773048,0.02886508293,0.03492773048,0,0.003059262872,0.004551213916,0.003805238394,0.004551213916,0.7674164153,False,False,False
4,0.01005749176,0.0278037086,99.99,0.09317014149,0.09317067412,31371,20,0.01231388079,0.0001435012855,0.001223172369,0.004653301423,0.02962974254,7.629394531e-06,0.02279072078,0.03495986539,0.02887529308,0.03495986539,0,0.003057691195,0.004555401215,0.003806546205,0.004555401215,0.5820809481,False,False,False
4,0.007111720623,0.02861205285,99.995,0.09317014149,0.09317083866,32283,20,0.01326193121,0.0003004024234,0.00123837797,0.004393038416,0.02956885604,7.629394531e-06,0.02291565743,0.03484542491,0.02888054117,0.03484542491,0,0.003074453179,0.004540489193,0.003807471186,0.004540489193,0.9803952844,False,False,False
4,0.007755386332,0.02782441062,99.99,0.09317014149,0.09317025313,62789,21,0.01319718496,0.0001954884649,0.001222227654,0.00463743739,0.02963885793,7.629394531e-06,0.02285215633,0.03491218068,0.02888216851,0.03491218068,0,0.003065933626,0.00454918772,0.003807560673,0.00454918772,0.8080718177,False,False,False
5,0.007852951708,0.02837873855,99.99,0.04606653721,0.04606657287,13631,18,0.01671851329,0.000236903377,0.003035439846,0.003345725113,0.01232202567,2.288818359e-05,0.01036314129,0.0120993595,0.0112312504,0.0120993595,3.051757812e-05,0.001326381965,0.001481184449,0.001403783207,0.001481184449,0.7458743872,False,True,True
5,0.01211090714,0.02841458875,99.99,0.04606653721,0.04606647069,54593,20,0.01644540703,0.0001601162413,0.003048131893,0.003368868584,0.01234828234,2.288818359e-05,0.01044850911,0.01202417489,0.011236342,0.01202417489,3.051757812e-05,0.001337308221,0.001471980467,0.001404644344,0.001471980467,0.8452943698,False,False,False
5,0.0101840184,0.02838376796,99.99,0.04606653721,0.04606628819,27267,19,0.01644540703,0.0001683329363,0.003047602191,0.003350672437,0.01234474224,2.288818359e-05,0.01041420531,0.01207875335,0.01124647933,0.01207875335,3.051757812e-05,0.001332917666,0.001478661875,0.001405789771,0.001478661875,0.5968657997,False,False,False
5,0.007852951708,0.02837873855,99.99,0.04606653721,0.04606657287,13631,18,0.01644540703,0.000236903377,0.003035439846,0.003345725113,0.01232202567,2.288818359e-05,0.01046119394,0.01203122244,0.01124620819,0.01203122244,3.051757812e-05,0.001338931757,0.001472843217,0.001405887487,0.001472843217,0.7221125429,False,False,False
5,0.008563704562,0.02838516483,99.99,0.04606653721,0.0460668658,6817,17,0.01644540703,0.0001929804638,0.003039089499,0.003349539121,0.01232362748,2.288818359e-05,0.0103732265,0.01212877274,0.01125099962,0.01212877274,3.051757812e-05,0.001327672773,0.001484785171,0.001406228972,0.001484785171,0.596776712,False,False,False
5,0.008563704562,0.02838516483,99.99,0.04606653721,0.0460668658,6817,17,0.01663112593,0.0001929804638,0.003039089499,0.003349539121,0.01232362748,2.288818359e-05,0.01033652238,0.01218326449,0.01125989343,0.01218326449,3.051757812e-05,0.001322975001,0.001491455964,0.001407215482,0.001491455964,0.6129778394,False,False,False
5,0.0101840184,0.02838376796,99.99,0.04606653721,0.04606628819,27267,19,0.01620117436,0.0001683329363,0.003047602191,0.003350672437,0.01234474224,2.288818359e-05,0.01042310499,0.01209496099,0.01125903299,0.01209496099,3.051757812e-05,0.001334056739,0.001480645989,0.001407351364,0.001480645989,0.5752794759,False,False,False
5,0.007852951708,0.02837873855,99.99,0.04653486219,0.04653513328,53975,20,0.01614772917,0.000236903377,0.003035439846,0.003345725113,0.01236129058,2.288818359e-05,0.01056395685,0.01196596639,0.01126496162,0.01196596639,6.103515625e-05,0.001352084416,0.001464854674,0.001408469545,0.001464854674,0.6811590553,False,False,False
5,0.01211090714,0.02841458875,99.99,0.04606653721,0.04606647069,54593,20,0.01659158857,0.0001601162413,0.003048131893,0.003368868584,0.01234828234,2.288818359e-05,0.01045870185,0.01207617573,0.01126743879,0.01207617573,3.051757812e-05,0.001338612793,0.001478346327,0.00140847956,0.001478346327,0.8580616789,False,False,False
5,0.007852951708,0.02837873855,99.99,0.04653486219,0.04653513328,53975,20,0.01644354494,0.000236903377,0.003035439846,0.003345725113,0.01236129058,2.288818359e-05,0.01054377611,0.01200191804,0.01127284708,0.01200191804,3.051757812e-05,0.001349501476,0.001469255819,0.001409378648,0.001469255819,0.7073491122,False,False,False
5,0.007852951708,0.02837873855,99.99,0.04653486219,0.04653513328,53975,20,0.01644540703,0.000236903377,0.003035439846,0.003345725113,0.01236129058,2.288818359e-05,0.01055090598,0.01200432482,0.0112776154,0.01200432482,3.051757812e-05,0.001350414031,0.001469550453,0.001409982242,0.001469550453,0.7075124758,False,False,False
5,0.007852951708,0.02837873855,99.99,0.04606653721,0.04606657287,13631,18,0.01630796877,0.000236903377,0.003035439846,0.003345725113,0.01232202567,2.288818359e-05,0.01046708778,0.01209435544,0.01128072161,0.01209435544,3.051757812e-05,0.001339686111,0.001480571859,0.001410128985,0.001480571859,0.7100049263,False,False,False
5,0.009338786045,0.02838084108,99.99,0.04606653721,0.04606660632,213,12,0.01675517178,0.0001771697848,0.003044234885,0.00334477025,0.01233442548,2.288818359e-05,0.01040437619,0.01216561684,0.01128499652,0.01216561684,3.051757812e-05,0.001331659633,0.001489295568,0.0014104776,0.001489295568,0.4989263747,False,False,False
5,0.007852951708,0.02837873855,99.99,0.04267265678,0.04267301765,14715,18,0.01637204271,0.000236903377,0.003035439846,0.003345725113,0.01238620005,3.814697266e-05,0.0100402842,0.01254881275,0.01129454848,0.01254881275,3.051757812e-05,0.001285059376,0.001536205804,0.00141063259,0.001536205804,0.8260582999,False,False,False
5,0.01110575081,0.02841710219,99.99,0.04606653721,0.04606632647,27299,19,0.01644540703,0.0001629647455,0.00304687758,0.003365137395,0.01233473851,2.288818359e-05,0.01043046337,0.01215626349,0.01129336343,0.01215626349,3.051757812e-05,0.00133499854,0.001488150545,0.001411574543,0.001488150545,0.7201712769,False,False,False
5,0.01110575081,0.02841710219,99.99,0.04606653721,0.04606632647,27299,19,0.01669781042,0.0001629647455,0.00304687758,0.003365137395,0.01233473851,2.288818359e-05,0.01037011374,0.01221947439,0.01129479406,0.01221947439,3.051757812e-05,0.001327274371,0.001495888723,0.001411581547,0.001495888723,0.7421454959,False,False,False
5,0.009338786045,0.02838084108,99.99,0.04653486219,0.04653513235,53979,20,0.01618672339,0.0001771697848,0.003044234885,0.00334477025,0.01236098522,2.288818359e-05,0.01061475789,0.01196471732,0.0112897376,0.01196471732,6.103515625e-05,0.001358586458,0.001464701765,0.001411644112,0.001464701765,0.4345318825,False,False,False
5,0.01110575081,0.02841710219,99.99,0.04653486219,0.04653510385,1689,15,0.01684736919,0.0001629647455,0.00304687758,0.003365137395,0.01234998973,2.288818359e-05,0.01047760071,0.0121082108,0.01129290576,0.0121082108,3.051757812e-05,0.001341031665,0.001482268011,0.001411649838,0.001482268011,0.7404030147,False,False,False
5,0.01211090714,0.02841458875,99.99,0.04653486219,0.04653443184,13511,18,0.01633243319,0.0001601162413,0.003048131893,0.003368868584,0.01234859669,2.288818359e-05,0.01064120401,0.01193989352,0.01129054876,0.01193989352,3.051757812e-05,0.001361971306,0.001461662875,0.001411817091,0.001461662875,0.8207678716,False,False,False
5,0.007852951708,0.02837873855,99.99,0.04653486219,0.04653513328,53975,20,0.01686265022,0.000236903377,0.003035439846,0.003345725113,0.01236129058,2.288818359e-05,0.01049695664,0.01209317871,0.01129506768,0.01209317871,3.051757812e-05,0.001343509037,0.001480427806,0.001411968421,0.001480427806,0.7436590553,False,False,False
5,0.01211090714,0.02841458875,99.99,0.04606653721,0.04606647069,54593,20,0.01619469531,0.0001601162413,0.003048131893,0.003368868584,0.01234828234,2.288818359e-05,0.01051332319,0.01207810619,0.01129571469,0.01207810619,3.051757812e-05,0.001345603797,0.001478582652,0.001412093225,0.001478582652,0.8231309791,False,False,False
5,0.007852951708,0.02837873855,99.99,0.04267265678,0.04267301765,14715,18,0.01644540703,0.000236903377,0.003035439846,0.003345725113,0.01238620005,3.814697266e-05,0.0100369393,0.01257618548,0.01130656239,0.01257618548,3.051757812e-05,0.001284631261,0.00153955673,0.001412093996,0.00153955673,0.8325086799,False,False,False
5,0.008563704562,0.02838516483,99.99,0.04606653721,0.0460668658,6817,17,0.01629551638,0.0001929804638,0.003039089499,0.003349539121,0.01232362748,2.288818359e-05,0.01046715831,0.01213342756,0.01130029293,0.01213342756,3.051757812e-05,0.001339695138,0.001485355006,0.001412525072,0.001485355006,0.5835670662,False,False,False
5,0.01211090714,0.02841458875,99.99,0.04606653721,0.04606647069,54593,20,0.0171735074,0.0001601162413,0.003048131893,0.003368868584,0.01234828234,2.288818359e-05,0.01037515592,0.01222979281,0.01130247436,0.01222979281,3.051757812e-05,0.001327919721,0.001497151887,0.001412535804,0.001497151887,0.9077943698,False,False,False
5,0.0101840184,0.02838376796,99.99,0.04606653721,0.04606628819,27267,19,0.0171735074,0.0001683329363,0.003047602191,0.003350672437,0.01234474224,2.288818359e-05,0.01031994725,0.01229081319,0.01130538022,0.01229081319,3.051757812e-05,0.001320853545,0.001504621906,0.001412737725,0.001504621906,0.6593657997,False,False,False
5,0.01211090714,0.02841458875,99.99,0.04653486219,0.04653443184,13511,18,0.01674810137,0.0001601162413,0.003048131893,0.003368868584,0.01234859669,2.288818359e-05,0.01061804578,0.0119817899,0.01129991784,0.0119817899,3.051757812e-05,0.001359007276,0.001466791764,0.00141289952,0.001466791764,0.8570256894,False,False,False
5,0.009338786045,0.02838084108,99.99,0.04606653721,0.04606660632,213,12,0.01644540703,0.0001771697848,0.003044234885,0.00334477025,0.01233442548,2.288818359e-05,0.01048732839,0.01211899754,0.01130316296,0.01211899754,3.051757812e-05,0.001342276714,0.001483588506,0.00141293261,0.001483588506,0.4720046125,False,False,False
5,0.0101840184,0.02838376796,99.99,0.04606653721,0.04606628819,27267,19,0.01664374354,0.0001683329363,0.003047602191,0.003350672437,0.01234474224,2.288818359e-05,0.01046516877,0.01214712486,0.01130614681,0.01214712486,3.051757812e-05,0.001339440496,0.001487031808,0.001413236152,0.001487031808,0.6141610475,False,False,False
5,0.009338786045,0.02838084108,99.99,0.04606653721,0.04606660632,213,12,0.01625640725,0.0001771697848,0.003044234885,0.00334477025,0.01233442548,2.288818359e-05,0.01053240007,0.01207988581,0.01130614294,0.01207988581,3.051757812e-05,0.001348045453,0.00147880051,0.001413422982,0.00147880051,0.4553283463,False,False,False
5,0.0101840184,0.02838376796,99.99,0.04606653721,0.04606628819,27267,19,0.01593810342,0.0001683329363,0.003047602191,0.003350672437,0.01234474224,2.288818359e-05,0.01052677605,0.01209001749,0.01130839677,0.01209001749,6.103515625e-05,0.001347325632,0.001480040814,0.001413683223,0.001480040814,0.5516610475,False,False,False
5,0.007852951708,0.02837873855,99.99,0.04267265678,0.04267301765,14715,18,0.01617410586,0.000236903377,0.003035439846,0.003345725113,0.01238620005,3.814697266e-05,0.01001914437,0.01262486747,0.01132200592,0.01262486747,6.103515625e-05,0.001282353682,0.001545516302,0.001413934992,0.001545516302,0.8085099237,False,False,False
5,0.009338786045,0.02838084108,99.99,0.0465936092,0.04659382889,53911,20,0.01599291742,0.0001771697848,0.003044234885,0.00334477025,0.01236367377,2.288818359e-05,0.01064941933,0.01196745247,0.0113084359,0.01196745247,6.103515625e-05,0.001363022788,0.001465036598,0.001414029693,0.001465036598,0.4153490699,False,False,False
5,0.008563704562,0.02838516483,99.99,0.04653486219,0.04653446309,13497,18,0.01644540703,0.0001929804638,0.003039089499,0.003349539121,0.01235679105,2.288818359e-05,0.01058046232,0.01203992538,0.01131019385,0.01203992538,3.051757812e-05,0.001354196956,0.001473908617,0.001414052787,0.001473908617,0.5822065966,False,False,False
5,0.008563704562,0.0208242915,99.95,0.05984568318,0.05984602323,61595,21,0.002496617602,0.0001929804638,0.007912549643,0.006055461426,0.01749953121,0,0.05959029717,0.03076469336,0.04517749526,0.05959029717,0.025390625,0.007626982322,0.003766165089,0.005696573706,0.007626982322,3.492217656,True,False,False
5,0.008563704562,0.0208242915,99.95,0.05984568318,0.05984602323,61595,21,0.002537076066,0.0001929804638,0.007912549643,0.006055461426,0.01749953121,0,0.05861875912,0.02969689615,0.04415782763,0.05861875912,0.02304077148,0.007502634838,0.003635447045,0.005569040942,0.007502634838,3.469025747,True,False,False
5,0.008563704562,0.0208242915,99.95,0.05984568318,0.05984602323,61595,21,0.002607152307,0.0001929804638,0.007912549643,0.006055461426,0.01749953121,0,0.05699762397,0.02799318521,0.04249540459,0.05699762397,0.02029418945,0.007295145201,0.003426881447,0.005361013324,0.007295145201,3.429717656,True,False,False
5,0.008563704562,0.0208242915,99.95,0.05984568318,0.05984602323,61595,21,0.00264940202,0.0001929804638,0.007912549643,0.006055461426,0.01749953121,0,0.05609980365,0.02708872808,0.04159426587,0.05609980365,0.01840209961,0.007180232874,0.003316159236,0.005248196055,0.007180232874,3.406525747,True,False,False
5,0.008563704562,0.0208242915,99.95,0.05984568318,0.05984602323,61595,21,0.002722580801,0.0001929804638,0.007912549643,0.006055461426,0.01749953121,0,0.05467342921,0.02566784063,0.04017063492,0.05467342921,0.01559448242,0.006997670726,0.003142216443,0.005069943584,0.006997670726,3.367217656,True,False,False
5,0.008563704562,0.0208242915,99.95,0.05984568318,0.05984602323,61595,21,0.002766701069,0.0001929804638,0.007912549643,0.006055461426,0.01749953121,0,0.05384692137,0.02489602396,0.03937147266,0.05384692137,0.01400756836,0.006891885708,0.003047731867,0.004969808787,0.006891885708,3.344025747,True,False,False
5,0.008563704562,0.0208242915,99.95,0.05984568318,0.05984602323,61595,21,0.002829043747,0.0001929804638,0.007912549643,0.006055461426,0.01749953121,0,0.05275695431,0.02391578762,0.03833637096,0.05275695431,0.01260375977,0.006752380455,0.002927732884,0.00484005667,0.006752380455,3.311878036,True,False,False
5,0.008563704562,0.0208242915,99.95,0.05984568318,0.05984602323,61595,21,0.002843119751,0.0001929804638,0.007912549643,0.006055461426,0.01749953121,0,0.05253852743,0.02370002083,0.03811927413,0.05253852743,0.01226806641,0.006724423924,0.002901319056,0.00481287149,0.006724423924,3.304717656,True,False,False
5,0.008563704562,0.0208242915,99.95,0.05984568318,0.05984602323,61595,21,0.00287660371,0.0001929804638,0.007912549643,0.006055461426,0.01749953121,0,0.05202161644,0.02320813431,0.03761487538,0.05202161644,0.0114440918,0.006658264312,0.002841103086,0.004749683699,0.006658264312,3.287826038,True,False,False
5,0.008563704562,0.0208242915,99.95,0.05984568318,0.05984602323,61595,21,0.00288919339,0.0001929804638,0.007912549643,0.006055461426,0.01749953121,0,0.05180620671,0.02303134306,0.03741877489,0.05180620671,0.01107788086,0.006630693948,0.002819460581,0.004725077264,0.006630693948,3.281525747,True,False,False
5,0.008563704562,0.0208242915,99.95,0.05984568318,0.05984602323,61595,21,0.002954296215,0.0001929804638,0.007912549643,0.006055461426,0.01749953121,0,0.05082493414,0.02218939168,0.03650716291,0.05082493414,0.009948730469,0.006505100538,0.002716390225,0.004610745381,0.006505100538,3.249378036,True,False,False
5,0.008563704562,0.0208242915,99.95,0.05984568318,0.05984602323,61595,21,0.002968995416,0.0001929804638,0.007912549643,0.006055461426,0.01749953121,0,0.05063551933,0.02200906229,0.03632229081,0.05063551933,0.009704589844,0.006480857273,0.002694314586,0.00458758593,0.006480857273,3.242217656,True,False,False
5,0.008563704562,0.0208242915,99.95,0.05984568318,0.05984602323,61595,21,0.003003961837,0.0001929804638,0.007912549643,0.006055461426,0.01749953121,0,0.0501477183,0.02161637605,0.03588204717,0.0501477183,0.009094238281,0.006418423454,0.002646242557,0.004532333006,0.006418423454,3.225326038,True,False,False
5,0.008563704562,0.0208242915,99.95,0.05984568318,0.05984602323,61595,21,0.003017108909,0.0001929804638,0.007912549643,0.006055461426,0.01749953121,0,0.04994893966,0.02145160686,0.03570027326,0.04994893966,0.008941650391,0.006392981709,0.002626071774,0.004509526742,0.006392981709,3.219025747,True,False,False
5,0.008563704562,0.0208242915,99.95,0.05984568318,0.05984602323,61595,21,0.003085094082,0.0001929804638,0.007912549643,0.006055461426,0.01749953121,0,0.04904457163,0.02075306908,0.03489882035,0.04904457163,0.007995605469,0.006277231338,0.002540557884,0.004408894611,0.006277231338,3.186878036,True,False,False
5,0.008563704562,0.0208242915,99.95,0.05984568318,0.05984602323,61595,21,0.003100444073,0.0001929804638,0.007912549643,0.006055461426,0.01749953121,0,0.04886086745,0.02059123804,0.03472605275,0.04886086745,0.007843017578,0.006253718978,0.002520746785,0.004387232881,0.006253718978,3.179717656,True,False,False
5,0.008563704562,0.0208242915,99.95,0.05984568318,0.05984602323,61595,21,0.003136958589,0.0001929804638,0.007912549643,0.006055461426,0.01749953121,0,0.0484133391,0.02025037124,0.03433185517,0.0484133391,0.00732421875,0.006196439673,0.00247901841,0.004337729041,0.006196439673,3.162826038,True,False,False
5,0.008563704562,0.0208242915,99.95,0.05984568318,0.05984602323,61595,21,0.003150687733,0.0001929804638,0.007912549643,0.006055461426,0.01749953121,0,0.04825842291,0.02012650339,0.03419246315,0.04825842291,0.007080078125,0.006176611897,0.002463854704,0.0043202333,0.006176611897,3.156525747,True,False,False
5,0.008563704562,0.0208242915,99.95,0.05984568318,0.05984602323,61595,21,0.003221682867,0.0001929804638,0.007912549643,0.006055461426,0.01749953121,0,0.04741513639,0.01952874408,0.03347194023,0.04741513639,0.006286621094,0.006068679369,0.002390677955,0.004229678662,0.006068679369,3.124378036,True,False,False
5,0.008563704562,0.0208242915,99.95,0.05984568318,0.05984602323,61595,21,0.003237712459,0.0001929804638,0.007912549643,0.006055461426,0.01749953121,0,0.04725669953,0.01942420545,0.03334045249,0.04725669953,0.006103515625,0.006048400982,0.002377880501,0.004213140742,0.006048400982,3.117217656,True,False,False
5,0.008563704562,0.0208242915,99.95,0.05984568318,0.05984602323,61595,21,0.003275843611,0.0001929804638,0.007912549643,0.006055461426,0.01749953121,0,0.04682705986,0.01911889211,0.03297297598,0.04682705986,0.005584716797,0.005993411255,0.002340504525,0.00416695789,0.005993411255,3.100326038,True,False,False
5,0.008563704562,0.0208242915,99.95,0.05984568318,0.05984602323,61595,21,0.003290180596,0.0001929804638,0.007912549643,0.006055461426,0.01749953121,0,0.04668965854,0.01900718117,0.03284841986,0.04668965854,0.005401611328,0.005975825215,0.002326829049,0.004151327132,0.005975825215,3.094025747,True,False,False
5,0.008563704562,0.0208242915,99.95,0.05984568318,0.05984602323,61595,21,0.003364318953,0.0001929804638,0.007912549643,0.006055461426,0.01749953121,0,0.04595134942,0.01850363716,0.03222749329,0.04595134942,0.004638671875,0.005881328779,0.002265185988,0.004073257384,0.005881328779,3.061878036,True,False,False
5,0.008563704562,0.0208242915,99.95,0.05984568318,0.05984602323,61595,21,0.003381058236,0.0001929804638,0.007912549643,0.006055461426,0.01749953121,0,0.04576664898,0.01840797504,0.03208731201,0.04576664898,0.004577636719,0.005857688908,0.002253475182,0.004055582045,0.005857688908,3.054717656,True,False,False
5,0.008563704562,0.0208242915,99.95,0.05984568318,0.05984602323,61595,21,0.003420877599,0.0001929804638,0.007912549643,0.006055461426,0.01749953121,0,0.0454033975,0.01816283648,0.03178311699,0.0454033975,0.004058837891,0.005811196228,0.002223465707,0.004017330967,0.005811196228,3.037826038,True,False,False
5,0.008563704562,0.0208242915,99.95,0.05984568318,0.05984602323,61595,21,0.003435849336,0.0001929804638,0.007912549643,0.006055461426,0.01749953121,0,0.04530073645,0.01807959408,0.03169016526,0.04530073645,0.004028320312,0.005798056605,0.002213275305,0.004005665955,0.005798056605,3.031525747,True,False,False
5,0.008563704562,0.0208242915,99.95,0.05984568318,0.05984602323,61595,21,0.003513270078,0.0001929804638,0.007912549643,0.006055461426,0.01749953121,0,0.04457083092,0.01767649569,0.03112366331,0.04457083092,0.003814697266,0.00570463575,0.002163928637,0.003934282193,0.00570463575,2.999378036,True,False,False
5,0.008563704562,0.0208242915,99.95,0.05984568318,0.05984602323,61595,21,0.003530750473,0.0001929804638,0.007912549643,0.006055461426,0.01749953121,0,0.0444344517,0.0176028783,0.031018665,0.0444344517,0.003631591797,0.005687180527,0.002154916513,0.00392104852,0.005687180527,2.992217656,True,False,False
5,0.008563704562,0.0208242915,99.95,0.05984568318,0.05984602323,61595,21,0.003572332789,0.0001929804638,0.007912549643,0.006055461426,0.01749953121,0,0.04407255178,0.01739620384,0.03073437781,0.04407255178,0.003387451172,0.005640860834,0.002129615752,0.003885238293,0.005640860834,2.975326038,True,False,False
5,0.008563704562,0.0208242915,99.95,0.05984568318,0.05984602323,61595,21,0.003587967382,0.0001929804638,0.007912549643,0.006055461426,0.01749953121,0,0.04393065261,0.01731854183,0.03062459722,0.04393065261,0.003234863281,0.00562269911,0.002120108492,0.003871403801,0.00562269911,2.969025747,True,False,False
5,0.008563704562,0.0208242915,99.95,0.05984568318,0.05984602323,61595,21,0.003668815833,0.0001929804638,0.007912549643,0.006055461426,0.01749953121,0,0.04327065735,0.01693577989,0.03010321862,0.04327065735,0.002502441406,0.005538226093,0.002073251381,0.003805738737,0.005538226093,2.936878036,True,False,False
5,0.008563704562,0.0208242915,99.95,0.05984568318,0.05984602323,61595,21,0.003696828838,0.0001929804638,0.007912549643,0.006055461426,0.01749953121,0,0.04305103644,0.01683769106,0.02994436375,0.04305103644,0.002380371094,0.005510116739,0.002061243502,0.00378568012,0.005510116739,2.925904274,True,False,False
5,0.01211090714,0.02841458875,99.99,0.04606653721,0.04606647069,54593,20,0.0188943125,0.0001601162413,0.003048131893,0.003368868584,0.01234828234,2.288818359e-05,0.01062752236,0.01252379187,0.01157565712,0.01252379187,0,0.001360220187,0.001533142788,0.001446681488,0.001533142788,1.045561679,False,False,False
5,0.007852951708,0.02837873855,99.99,0.04267265678,0.04267301765,14715,18,0.01923436177,0.000236903377,0.003035439846,0.003345725113,0.01238620005,3.814697266e-05,0.01022770627,0.01292736582,0.01157753604,0.01292736582,0,0.00130904759,0.001582547672,0.001445797631,0.001582547672,1.058509924,False,False,False
5,0.0101840184,0.02838376796,99.99,0.04606653721,0.04606628819,27267,19,0.01895370598,0.0001683329363,0.003047602191,0.003350672437,0.01234474224,2.288818359e-05,0.01063151022,0.01256019647,0.01159585335,0.01256019647,0,0.001360730595,0.001537599382,0.001449164988,0.001537599382,0.8016610475,False,False,False
5,0.008563704562,0.02838516483,99.99,0.04606653721,0.0460668658,6817,17,0.0189393372,0.0001929804638,0.003039089499,0.003349539121,0.01232362748,2.288818359e-05,0.01069200926,0.01251067476,0.01160134201,0.01251067476,0,0.001368473887,0.001531537012,0.00145000545,0.001531537012,0.8004778394,False,False,False
5,0.008563704562,0.02838516483,99.99,0.0465936092,0.04659401312,53919,20,0.0190948569,0.0001929804638,0.003039089499,0.003349539121,0.01235764591,2.288818359e-05,0.01083492468,0.01242221802,0.01162857135,0.01242221802,0,0.00138676568,0.001520708277,0.001453736979,0.001520708277,0.7958859698,False,False,False
5,0.01211090714,0.02841458875,99.99,0.04653486219,0.04653443184,13511,18,0.0190725475,0.0001601162413,0.003048131893,0.003368868584,0.01234859669,2.288818359e-05,0.01077581535,0.01249696707,0.01163639121,0.01249696707,0,0.001379200257,0.001529858938,0.001454529597,0.001529858938,1.044525689,False,False,False
5,0.01110575081,0.02841710219,99.99,0.04606653721,0.04606632647,27299,19,0.01901527673,0.0001629647455,0.00304687758,0.003365137395,0.01233473851,2.288818359e-05,0.01065420923,0.0126204229,0.01163731607,0.0126204229,0,0.001363635849,0.001544972206,0.001454304027,0.001544972206,0.9296454959,False,False,False
5,0.008563704562,0.02838516483,99.99,0.04653486219,0.04653446309,13497,18,0.01910470448,0.0001929804638,0.003039089499,0.003349539121,0.01235679105,2.288818359e-05,0.01082303331,0.01246736949,0.0116452014,0.01246736949,0,0.0013852437,0.001526235649,0.001455739674,0.001526235649,0.7984498227,False,False,False
5,0.007852951708,0.02837873855,99.99,0.04272652803,0.04272673458,29393,19,0.01924986501,0.000236903377,0.003035439846,0.003345725113,0.01238972165,3.814697266e-05,0.01030089676,0.0130006429,0.01165076983,0.0130006429,0,0.001318415267,0.001591518136,0.001454966701,0.001591518136,1.057857367,False,False,False
5,0.007852951708,0.02837873855,99.99,0.04606653721,0.04606657287,13631,18,0.01903885292,0.000236903377,0.003035439846,0.003345725113,0.01232202567,2.288818359e-05,0.01071094785,0.01260105764,0.01165600274,0.01260105764,0,0.001370897843,0.001542601541,0.001456749692,0.001542601541,0.9333743872,False,False,False
5,0.01110575081,0.02841710219,99.99,0.04653486219,0.04653510385,1689,15,0.01918559256,0.0001629647455,0.00304687758,0.003365137395,0.01234998973,2.288818359e-05,0.01080500788,0.01253448536,0.01166974662,0.01253448536,0,0.001382936619,0.001534451868,0.001458694243,0.001534451868,0.9279030147,False,False,False
5,0.009338786045,0.02838084108,99.99,0.04606653721,0.04606660632,213,12,0.0190805992,0.0001771697848,0.003044234885,0.00334477025,0.01233442548,2.288818359e-05,0.0107631088,0.01259442298,0.01167876589,0.01259442298,0,0.001377573942,0.001541789336,0.001459681639,0.001541789336,0.6864263747,False,False,False
5,0.01110575081,0.02841710219,99.99,0.04606653721,0.04606632647,27299,19,0.01955699504,0.0001629647455,0.00304687758,0.003365137395,0.01233473851,2.288818359e-05,0.0107084116,0.01265380757,0.01168110958,0.01265380757,0,0.001370573228,0.001549059103,0.001459816166,0.001549059103,0.9701712769,False,False,False
5,0.009338786045,0.02838084108,99.99,0.0465936092,0.04659382889,53911,20,0.01925095867,0.0001771697848,0.003044234885,0.00334477025,0.01236367377,2.288818359e-05,0.01092675161,0.01243823428,0.01168249295,0.01243823428,0,0.001398518641,0.001522668963,0.001460593802,0.001522668963,0.6828462226,False,False,False
5,0.007852951708,0.02837873855,99.99,0.04606653721,0.04606657287,13631,18,0.01955699504,0.000236903377,0.003035439846,0.003345725113,0.01232202567,2.288818359e-05,0.01074888793,0.0126191615,0.01168402471,0.0126191615,0,0.001375753808,0.001544817786,0.001460285797,0.001544817786,0.9721125429,False,False,False
5,0.007852951708,0.02837873855,99.99,0.0465936092,0.04659383418,53907,20,0.01920136401,0.000236903377,0.003035439846,0.003345725113,0.01236346004,2.288818359e-05,0.01090940439,0.01247090681,0.0116901556,0.01247090681,0,0.001396298364,0.001526668682,0.001461483523,0.001526668682,0.9292317774,False,False,False
5,0.009338786045,0.02838084108,99.99,0.04653486219,0.04653513235,53979,20,0.01924936662,0.0001771697848,0.003044234885,0.00334477025,0.01236098522,2.288818359e-05,0.01092379958,0.01246166236,0.01169273097,0.01246166236,0,0.001398140809,0.001525536991,0.0014618389,0.001525536991,0.6845318825,False,False,False
5,0.01211090714,0.02841458875,99.99,0.04606653721,0.04606647069,54593,20,0.01955699504,0.0001601162413,0.003048131893,0.003368868584,0.01234828234,2.288818359e-05,0.01076760823,0.01263008708,0.01169884766,0.01263008708,0,0.001378149825,0.001546155279,0.001462152552,0.001546155279,1.09529437,False,False,False
5,0.0101840184,0.02838376796,99.99,0.04606653721,0.04606628819,27267,19,0.02042285719,0.0001683329363,0.003047602191,0.003350672437,0.01234474224,2.288818359e-05,0.01073517684,0.0126625869,0.01169888187,0.0126625869,0,0.001373998921,0.001550133855,0.001462066388,0.001550133855,0.9093657997,False,False,False
5,0.007852951708,0.02837873855,99.99,0.04267265678,0.04267301765,14715,18,0.01955699504,0.000236903377,0.003035439846,0.003345725113,0.01238620005,3.814697266e-05,0.01036025098,0.01303866476,0.01169945787,0.01303866476,0,0.001326012033,0.001596172713,0.001461092373,0.001596172713,1.08250868,False,False,False
5,0.01211090714,0.02841458875,99.99,0.04606653721,0.04606647069,54593,20,0.01973083518,0.0001601162413,0.003048131893,0.003368868584,0.01234828234,2.288818359e-05,0.01075069115,0.01265149078,0.01170109096,0.01265149078,0,0.001375984602,0.001548775486,0.001462380044,0.001548775486,1.108061679,False,False,False
5,0.01211090714,0.02841458875,99.99,0.04653486219,0.04653443184,13511,18,0.01991696132,0.0001601162413,0.003048131893,0.003368868584,0.01234859669,2.288818359e-05,0.01094428023,0.01246228744,0.01170328383,0.01246228744,0,0.001400762134,0.001525613512,0.001463187823,0.001525613512,1.107025689,False,False,False
5,0.008563704562,0.02838516483,99.99,0.04606653721,0.0460668658,6817,17,0.01955699504,0.0001929804638,0.003039089499,0.003349539121,0.01232362748,2.288818359e-05,0.01071346825,0.012701205,0.01170733662,0.012701205,0,0.001371220431,0.001554861422,0.001463040926,0.001554861422,0.846776712,False,False,False
5,0.01110575081,0.02841710219,99.99,0.04606653721,0.04606632647,27299,19,0.01985715495,0.0001629647455,0.00304687758,0.003365137395,0.01233473851,2.288818359e-05,0.01067076069,0.0127506928,0.01171072675,0.0127506928,0,0.001365754276,0.00156091964,0.001463336958,0.00156091964,0.9921454959,False,False,False
5,0.007852951708,0.02837873855,99.99,0.04272652803,0.04272673458,29393,19,0.01955699504,0.000236903377,0.003035439846,0.003345725113,0.01238972165,3.814697266e-05,0.01038814869,0.01303520974,0.01171167922,0.01303520974,0,0.00132958267,0.001595749754,0.001462666212,0.001595749754,1.080693753,False,False,False
5,0.01110575081,0.02841710219,99.99,0.04653486219,0.04653510385,1689,15,0.02003501131,0.0001629647455,0.00304687758,0.003365137395,0.01234998973,2.288818359e-05,0.01082365561,0.0126019447,0.01171280015,0.0126019447,0,0.001385323348,0.001542710134,0.001464016741,0.001542710134,0.9904030147,False,False,False
5,0.008563704562,0.02838516483,99.99,0.04606653721,0.0460668658,6817,17,0.01977785329,0.0001929804638,0.003039089499,0.003349539121,0.01232362748,2.288818359e-05,0.01076871029,0.01265714338,0.01171292683,0.01265714338,0,0.001378290878,0.001549467468,0.001463879173,0.001549467468,0.8629778394,False,False,False
5,0.008563704562,0.02838516483,99.99,0.04606653721,0.0460668658,6817,17,0.02042285719,0.0001929804638,0.003039089499,0.003349539121,0.01232362748,2.288818359e-05,0.01075438886,0.0126863076,0.01172034823,0.0126863076,0,0.001376457873,0.001553037706,0.00146474779,0.001553037706,0.909276712,False,False,False
6,0.01346486903,0.05417754389,100,0.07229452536,0.07229406427,48393,20,0.01541152264,0.0003176582903,0.005219699416,0.009799465752,0.02904237242,1.907348633e-05,0.02935237132,0.02764850304,0.02850043718,0.02935237132,3.051757812e-05,0.002796404061,0.003021868156,0.002909136108,0.003021868156,0.585870209,False,True,True
6,0.01346486903,0.05417754389,100,0.06922947466,0.06922977446,50535,20,0.01541152264,0.0003176582903,0.005219699416,0.009799465752,0.02884885764,1.907348633e-05,0.02981597103,0.0275582954,0.02868713321,0.02981597103,3.051757812e-05,0.002840571263,0.00301200883,0.002926290046,0.00301200883,0.64835476,False,False,False
6,0.01346486903,0.05417754389,100,0.06922947466,0.06922977446,50535,20,0.01609384904,0.0003176582903,0.005219699416,0.009799465752,0.02884885764,1.907348633e-05,0.02986308965,0.02751917262,0.02869113113,0.02986308965,3.051757812e-05,0.002845060259,0.00300773287,0.002926396565,0.00300773287,0.58585476,False,False,False
6,0.01346486903,0.05417754389,100,0.07229452536,0.07229406427,48393,20,0.01755046683,0.0003176582903,0.005219699416,0.009799465752,0.02904237242,1.907348633e-05,0.02986989725,0.02755482065,0.02871235895,0.02986989725,3.051757812e-05,0.00284570882,0.003011629054,0.002928668937,0.003011629054,0.398370209,False,False,False
6,0.01346486903,0.05417754389,100,0.07229452536,0.07229406427,48393,20,0.01609384904,0.0003176582903,0.005219699416,0.009799465752,0.02904237242,1.907348633e-05,0.02962057498,0.02777690827,0.02869874162,0.02962057498,3.051757812e-05,0.002821955856,0.003035902321,0.002928929089,0.003035902321,0.523370209,False,False,False
6,0.01346486903,0.05417754389,100,0.06922947466,0.06922977446,50535,20,0.01667617799,0.0003176582903,0.005219699416,0.009799465752,0.02884885764,1.907348633e-05,0.02998690401,0.02748784667,0.02873737534,0.02998690401,3.051757812e-05,0.002856856068,0.003004309073,0.002930582571,0.003004309073,0.5345754898,False,False,False
6,0.01346486903,0.05417754389,100,0.07229452536,0.07229406427,48393,20,0.01702435828,0.0003176582903,0.005219699416,0.009799465752,0.02904237242,1.907348633e-05,0.02975629578,0.02769420659,0.02872525119,0.02975629578,3.051757812e-05,0.002834885994,0.003026863367,0.00293087468,0.003026863367,0.442279197,False,False,False
6,0.01346486903,0.05417754389,100,0.07549527745,0.07549527745,46341,20,0.01541152264,0.0003176582903,0.005219699416,0.009799465752,0.02929640706,1.525878906e-05,0.02976710852,0.02774335789,0.0287552332,0.02976710852,6.103515625e-05,0.002835916125,0.003032235402,0.002934075764,0.003032235402,0.5233610075,False,False,False
6,0.01346486903,0.05417754389,100,0.07549527745,0.07549527745,46341,20,0.01609384904,0.0003176582903,0.005219699416,0.009799465752,0.02929640706,1.525878906e-05,0.02989002757,0.02763769101,0.02876385929,0.02989002757,3.051757812e-05,0.002847626638,0.003020686445,0.002934156542,0.003020686445,0.4608610075,False,False,False
6,0.01346486903,0.05417754389,100,0.06922947466,0.06922977446,50535,20,0.01680638461,0.0003176582903,0.005219699416,0.009799465752,0.02884885764,1.907348633e-05,0.03002196028,0.02752479078,0.02877337553,0.03002196028,3.051757812e-05,0.002860195884,0.003008346912,0.002934271398,0.003008346912,0.52335476,False,False,False
6,0.01346486903,0.05417754389,100,0.07229452536,0.07229406427,48393,20,0.01680638461,0.0003176582903,0.005219699416,0.009799465752,0.02904237242,1.907348633e-05,0.02970678354,0.02780218638,0.02875448496,0.02970678354,3.051757812e-05,0.002830168957,0.003038665116,0.002934417036,0.003038665116,0.460870209,False,False,False
6,0.01346486903,0.05417754389,100,0.07229452536,0.07229406427,48393,20,0.01777809101,0.0003176582903,0.005219699416,0.009799465752,0.02904237242,1.907348633e-05,0.02996882988,0.02758152252,0.0287751762,0.02996882988,3.051757812e-05,0.002855134144,0.003014547459,0.002934840801,0.003014547459,0.379779197,False,False,False
6,0.01346486903,0.05417754389,100,0.06922947466,0.06922977446,50535,20,0.01832749238,0.0003176582903,0.005219699416,0.009799465752,0.02884885764,1.907348633e-05,0.03004345192,0.02753514347,0.02878929769,0.03004345192,3.051757812e-05,0.002862243395,0.003009478418,0.002935860907,0.003009478418,0.39835476,False,False,False
6,0.01346486903,0.05417754389,100,0.07549527745,0.07549527745,46341,20,0.01680638461,0.0003176582903,0.005219699416,0.009799465752,0.02929640706,1.525878906e-05,0.02989559115,0.02766650342,0.02878104729,0.02989559115,3.051757812e-05,0.002848156682,0.003023835524,0.002935996103,0.003023835524,0.3983610075,False,False,False
6,0.01346486903,0.05417754389,100,0.07229452536,0.07229406427,48393,20,0.01266149537,0.0003176582903,0.005219699416,0.009799465752,0.02904237242,1.907348633e-05,0.02891666823,0.02854502775,0.02873084799,0.02891666823,6.103515625e-05,0.002754894574,0.003119854635,0.002937374604,0.003119854635,0.8694318123,False,False,False
6,0.01346486903,0.05417754389,100,0.07549527745,0.07549527745,46341,20,0.01677974619,0.0003176582903,0.005219699416,0.009799465752,0.02929640706,1.525878906e-05,0.02993157977,0.02771944177,0.02882551077,0.02993157977,3.051757812e-05,0.002851585321,0.003029621468,0.002940603395,0.003029621468,0.4006495198,False,False,False
6,0.01346486903,0.05417754389,100,0.06922947466,0.06922977446,50535,20,0.01818550105,0.0003176582903,0.005219699416,0.009799465752,0.02884885764,1.907348633e-05,0.03021095989,0.02749424846,0.02885260418,0.03021095989,3.051757812e-05,0.002878201901,0.003005008762,0.002941605331,0.003005008762,0.4095754898,False,False,False
6,0.01346486903,0.05417754389,100,0.06922947466,0.06922977446,50535,20,0.01290951179,0.0003176582903,0.005219699416,0.009799465752,0.02884885764,1.907348633e-05,0.0293200332,0.02827110272,0.02879556796,0.0293200332,6.103515625e-05,0.002793323204,0.003089915751,0.002941619478,0.003089915751,0.9039297235,False,False,False
6,0.01346486903,0.05417754389,100,0.07229452536,0.07229406427,48393,20,0.0121246895,0.0003176582903,0.005219699416,0.009799465752,0.02904237242,1.907348633e-05,0.02874418632,0.02891790408,0.0288310452,0.02891790408,6.103515625e-05,0.0027384622,0.003160608491,0.002949535345,0.003160608491,0.9319318123,False,False,False
6,0.01346486903,0.03001820651,99.995,0.09375440007,0.09375503368,41351,21,0.002463807446,0.0003176582903,0.00635949211,0.01774935402,0.04061361938,0,0.0415621682,0.07525155813,0.05840686317,0.07525155813,0.02255249023,0.003959632925,0.008224687133,0.006092160029,0.008224687133,4.332775956,True,False,False
6,0.01346486903,0.03001820651,99.995,0.09375440007,0.09375503368,41351,21,0.002485815015,0.0003176582903,0.00635949211,0.01774935402,0.04061361938,0,0.04124045025,0.07458802984,0.05791424005,0.07458802984,0.0217590332,0.003928982817,0.008152166208,0.006040574512,0.008152166208,4.319946526,True,False,False
6,0.01346486903,0.03001820651,99.995,0.09375440007,0.09375503368,41351,21,0.002572889521,0.0003176582903,0.00635949211,0.01774935402,0.04061361938,0,0.03993392505,0.07223861801,0.05608627153,0.07223861801,0.01867675781,0.003804509998,0.007895385116,0.005849947557,0.007895385116,4.270275956,False,False,False
6,0.01346486903,0.03001820651,99.995,0.09375440007,0.09375503368,41351,21,0.002595871448,0.0003176582903,0.00635949211,0.01774935402,0.04061361938,0,0.03971193343,0.07170500804,0.05570847074,0.07170500804,0.01773071289,0.00378336083,0.007837063731,0.00581021228,0.007837063731,4.257446526,False,False,False
6,0.01346486903,0.03001820651,99.995,0.09375440007,0.09375503368,41351,21,0.002686801072,0.0003176582903,0.00635949211,0.01774935402,0.04061361938,0,0.0386452645,0.06960883529,0.05412704989,0.06960883529,0.01501464844,0.003681739148,0.007607960634,0.005644849891,0.007607960634,4.207775956,False,False,False
6,0.01346486903,0.03001820651,99.995,0.09375440007,0.09375503368,41351,21,0.002710800495,0.0003176582903,0.00635949211,0.01774935402,0.04061361938,0,0.03840756336,0.06913044518,0.05376900427,0.06913044518,0.0143737793,0.003659093331,0.007555674554,0.005607383942,0.007555674554,4.194946526,False,False,False
6,0.01346486903,0.03001820651,99.995,0.09375440007,0.09375503368,41351,21,0.002770597275,0.0003176582903,0.00635949211,0.01774935402,0.04061361938,0,0.03785475058,0.06794846002,0.0529016053,0.06794846002,0.01293945312,0.003606426788,0.007426488417,0.005516457603,0.007426488417,4.163468445,False,False,False
6,0.01346486903,0.03001820651,99.995,0.09375440007,0.09375503368,41351,21,0.002789935452,0.0003176582903,0.00635949211,0.01774935402,0.04061361938,0,0.0376879486,0.06761629807,0.05265212334,0.06761629807,0.01263427734,0.003590535543,0.007390184476,0.00549036001,0.007390184476,4.153433721,False,False,False
6,0.01346486903,0.03001820651,99.995,0.09375440007,0.09375503368,41351,21,0.002805755918,0.0003176582903,0.00635949211,0.01774935402,0.04061361938,0,0.0375579422,0.06732578399,0.05244186309,0.06732578399,0.01229858398,0.003578149817,0.007358432476,0.005468291147,0.007358432476,4.145275956,False,False,False
6,0.01346486903,0.03001820651,99.995,0.09375440007,0.09375503368,41351,21,0.002830817887,0.0003176582903,0.00635949211,0.01774935402,0.04061361938,0,0.03730847994,0.06688006234,0.05209427114,0.06688006234,0.01165771484,0.003554383517,0.007309716925,0.005432050221,0.007309716925,4.132446526,False,False,False
6,0.01346486903,0.03001820651,99.995,0.09375440007,0.09375503368,41351,21,0.002893262096,0.0003176582903,0.00635949211,0.01774935402,0.04061361938,0,0.03683917848,0.06591332368,0.05137625108,0.06591332368,0.01040649414,0.003509673109,0.007204056349,0.005356864729,0.007204056349,4.100968445,False,False,False
6,0.01346486903,0.03001820651,99.995,0.09375440007,0.09375503368,41351,21,0.002913456448,0.0003176582903,0.00635949211,0.01774935402,0.04061361938,0,0.03672314245,0.06557099003,0.05114706624,0.06557099003,0.009918212891,0.003498618342,0.007166640683,0.005332629512,0.007166640683,4.090933721,False,False,False
6,0.01346486903,0.03001820651,99.995,0.09375440007,0.09375503368,41351,21,0.002929977345,0.0003176582903,0.00635949211,0.01774935402,0.04061361938,0,0.03658218793,0.06533943086,0.0509608094,0.06533943086,0.009521484375,0.003485189587,0.007141332214,0.0053132609,0.007141332214,4.082775956,False,False,False
6,0.01346486903,0.03001820651,99.995,0.09375440007,0.09375503368,41351,21,0.002956148902,0.0003176582903,0.00635949211,0.01774935402,0.04061361938,0,0.036429545,0.06497714845,0.05070334672,0.06497714845,0.009094238281,0.003470647276,0.007101736231,0.005286191753,0.007101736231,4.069946526,False,False,False
6,0.01346486903,0.03001820651,99.995,0.09375440007,0.09375503368,41351,21,0.003021357753,0.0003176582903,0.00635949211,0.01774935402,0.04061361938,0,0.03610601681,0.06411097926,0.05010849803,0.06411097926,0.008026123047,0.003439824705,0.007007067485,0.005223446095,0.007007067485,4.038468445,False,False,False
6,0.01346486903,0.03001820651,99.995,0.09375440007,0.09375503368,41351,21,0.003042446184,0.0003176582903,0.00635949211,0.01774935402,0.04061361938,0,0.03596321689,0.0638187875,0.0498910022,0.0638187875,0.007507324219,0.003426220139,0.006975132122,0.005200676131,0.006975132122,4.028433721,False,False,False
6,0.01346486903,0.03001820651,99.995,0.09375440007,0.09375503368,41351,21,0.003059698524,0.0003176582903,0.00635949211,0.01774935402,0.04061361938,0,0.03587939184,0.0635914104,0.04973540112,0.0635914104,0.007263183594,0.003418234116,0.006950280737,0.005184257427,0.006950280737,4.020275956,False,False,False
6,0.01346486903,0.03001820651,99.995,0.09375440007,0.09375503368,41351,21,0.003087028795,0.0003176582903,0.00635949211,0.01774935402,0.04061361938,0,0.03577893024,0.06330162965,0.04954027994,0.06330162965,0.007019042969,0.003408663127,0.006918608887,0.005163636007,0.006918608887,4.007446526,False,False,False
6,0.01346486903,0.03001820651,99.995,0.09375440007,0.09375503368,41351,21,0.003155124689,0.0003176582903,0.00635949211,0.01774935402,0.04061361938,0,0.03549315527,0.06251719579,0.04900517553,0.06251719579,0.006469726562,0.00338143731,0.006832873479,0.005107155394,0.006832873479,3.975968445,False,False,False
6,0.01346486903,0.03001820651,99.995,0.09375440007,0.09375503368,41351,21,0.003177146785,0.0003176582903,0.00635949211,0.01774935402,0.04061361938,0,0.03538997252,0.06224468697,0.04881732974,0.06224468697,0.006225585938,0.003371607076,0.00680308938,0.005087348228,0.00680308938,3.965933721,False,False,False
6,0.01346486903,0.03001820651,99.995,0.09375440007,0.09375503368,41351,21,0.003195162951,0.0003176582903,0.00635949211,0.01774935402,0.04061361938,0,0.03530777293,0.06206420045,0.04868598669,0.06206420045,0.005889892578,0.003363775912,0.006783362943,0.005073569427,0.006783362943,3.957775956,False,False,False
6,0.01346486903,0.03001820651,99.995,0.09375440007,0.09375503368,41351,21,0.003223703236,0.0003176582903,0.00635949211,0.01774935402,0.04061361938,0,0.03519319647,0.06181258594,0.04850289121,0.06181258594,0.005493164062,0.003352860198,0.006755862507,0.005054361353,0.006755862507,3.944946526,False,False,False
6,0.01346486903,0.03001820651,99.995,0.09375440007,0.09375503368,41351,21,0.003294813993,0.0003176582903,0.00635949211,0.01774935402,0.04061361938,0,0.03499695384,0.06115387202,0.04807541293,0.06115387202,0.004791259766,0.003334164138,0.006683867773,0.005009015956,0.006683867773,3.913468445,False,False,False
6,0.01346486903,0.03001820651,99.995,0.09375440007,0.09375503368,41351,21,0.00331781109,0.0003176582903,0.00635949211,0.01774935402,0.04061361938,0,0.03489622453,0.06095406209,0.04792514331,0.06095406209,0.004577636719,0.003324567645,0.006662029367,0.004993298506,0.006662029367,3.903433721,False,False,False
6,0.01346486903,0.03001820651,99.995,0.09375440007,0.09375503368,41351,21,0.0033366249,0.0003176582903,0.00635949211,0.01774935402,0.04061361938,0,0.0348948154,0.06080829219,0.0478515538,0.06080829219,0.004302978516,0.003324433396,0.006646097314,0.004985265355,0.006646097314,3.895275956,False,False,False
6,0.01346486903,0.03001820651,99.995,0.09375440007,0.09375503368,41351,21,0.003366428772,0.0003176582903,0.00635949211,0.01774935402,0.04061361938,0,0.03477706539,0.06055074273,0.04766390406,0.06055074273,0.004089355469,0.003313215338,0.006617948212,0.004965581775,0.006617948212,3.882446526,False,False,False
6,0.01346486903,0.03001820651,99.995,0.09375440007,0.09375503368,41351,21,0.003440687871,0.0003176582903,0.00635949211,0.01774935402,0.04061361938,0,0.03458837525,0.0599973932,0.04729288423,0.0599973932,0.003540039062,0.003295238806,0.006557469375,0.00492635409,0.006557469375,3.850968445,False,False,False
6,0.01346486903,0.03001820651,99.995,0.09375440007,0.09375503368,41351,21,0.003464703137,0.0003176582903,0.00635949211,0.01774935402,0.04061361938,0,0.03452997354,0.05979330397,0.04716163876,0.05979330397,0.003479003906,0.003289674867,0.006535163258,0.004912419063,0.006535163258,3.840933721,False,False,False
6,0.01346486903,0.03001820651,99.995,0.09375440007,0.09375503368,41351,21,0.003484349905,0.0003176582903,0.00635949211,0.01774935402,0.04061361938,0,0.03446291037,0.05967353431,0.04706822234,0.05967353431,0.003387451172,0.00328328575,0.006522072924,0.004902679337,0.006522072924,3.832775956,False,False,False
6,0.01346486903,0.03001820651,99.995,0.09375440007,0.09375503368,41351,21,0.003491759303,0.0003176582903,0.00635949211,0.01774935402,0.04061361938,0,0.03447591817,0.05960764392,0.04704178105,0.05960764392,0.003356933594,0.003284525005,0.006514871374,0.00489969819,0.006514871374,3.829711353,False,False,False
6,0.01346486903,0.03001820651,99.995,0.09375440007,0.09375503368,41351,21,0.00350251154,0.0003176582903,0.00635949211,0.01774935402,0.04061361938,0,0.03442224164,0.05953183649,0.04697703906,0.05953183649,0.003326416016,0.003279411235,0.006506585933,0.004892998584,0.006506585933,3.825275662,False,False,False
6,0.01346486903,0.03001820651,99.995,0.09375440007,0.09375503368,41351,21,0.003515473307,0.0003176582903,0.00635949211,0.01774935402,0.04061361938,0,0.03436429222,0.05946633654,0.04691531438,0.05946633654,0.003295898438,0.003273890387,0.006499427056,0.004886658722,0.006499427056,3.819946526,False,False,False
6,0.01346486903,0.05417754389,100,0.06922947466,0.06922977446,50535,20,0.01998627216,0.0003176582903,0.005219699416,0.009799465752,0.02884885764,1.907348633e-05,0.03044689366,0.02778340606,0.02911514986,0.03044689366,0,0.00290067934,0.003036612503,0.002968645922,0.003036612503,0.27335476,False,False,False
6,0.01346486903,0.05417754389,100,0.06922947466,0.06922977446,50535,20,0.01983142952,0.0003176582903,0.005219699416,0.009799465752,0.02884885764,1.907348633e-05,0.03052153627,0.02780375496,0.02916264561,0.03052153627,0,0.002907790551,0.003038836554,0.002973313552,0.003038836554,0.2845754898,False,False,False
6,0.01346486903,0.05417754389,100,0.06922947466,0.06922977446,50535,20,0.02031253661,0.0003176582903,0.005219699416,0.009799465752,0.02884885764,1.907348633e-05,0.03053008348,0.02784985035,0.02918996691,0.03053008348,0,0.002908604845,0.003043874592,0.002976239718,0.003043874592,0.2499937525,False,False,False
6,0.01346486903,0.05417754389,100,0.07549527745,0.07549527745,46341,20,0.01995459355,0.0003176582903,0.005219699416,0.009799465752,0.02929640706,1.525878906e-05,0.030653184,0.02800065637,0.02932692019,0.030653184,0,0.002920332646,0.003060357073,0.002990344859,0.003060357073,0.1506495198,False,False,False
6,0.01346486903,0.05417754389,100,0.07549527745,0.07549527745,46341,20,0.01998627216,0.0003176582903,0.005219699416,0.009799465752,0.02929640706,1.525878906e-05,0.03070253756,0.02806959441,0.02938606599,0.03070253756,0,0.002925034566,0.003067891718,0.002996463142,0.003067891718,0.1483610075,False,False,False
6,0.01346486903,0.05417754389,100,0.07229452536,0.07229406427,48393,20,0.02031253661,0.0003176582903,0.005219699416,0.009799465752,0.02904237242,1.907348633e-05,0.03057741975,0.02823475198,0.02940608586,0.03057741975,0,0.002913114576,0.003085942764,0.00299952867,0.003085942764,0.1875092015,False,False,False
6,0.01346486903,0.05417754389,100,0.07229452536,0.07229406427,48393,20,0.02087114003,0.0003176582903,0.005219699416,0.009799465752,0.02904237242,1.907348633e-05,0.03056873644,0.02824675483,0.02940774564,0.03056873644,0,0.002912287317,0.003087254627,0.002999770972,0.003087254627,0.148370209,False,False,False
6,0.01346486903,0.05417754389,100,0.07229452536,0.07229406427,48393,20,0.02024548799,0.0003176582903,0.005219699416,0.009799465752,0.02904237242,1.907348633e-05,0.03063133534,0.02823893248,0.02943513391,0.03063133534,0,0.002918251122,0.003086399676,0.003002325399,0.003086399676,0.192279197,False,False,False
6,0.01346486903,0.05417754389,100,0.06922947466,0.06922977446,50535,20,0.02070944191,0.0003176582903,0.005219699416,0.009799465752,0.02884885764,1.907348633e-05,0.03077103814,0.02812245184,0.02944674499,0.03077103814,0,0.002931560624,0.003073668818,0.003002614721,0.003073668818,0.2220754898,False,False,False
6,0.01346486903,0.05417754389,100,0.07229452536,0.07229406427,48393,20,0.02114183232,0.0003176582903,0.005219699416,0.009799465752,0.02904237242,1.907348633e-05,0.03066941772,0.02826090813,0.02946516292,0.03066941772,0,0.002921879234,0.003088801524,0.003005340379,0.003088801524,0.129779197,False,False,False
6,0.01346486903,0.05417754389,100,0.07229452536,0.07229406427,48393,20,0.02121184943,0.0003176582903,0.005219699416,0.009799465752,0.02904237242,1.907348633e-05,0.03068337983,0.0282755845,0.02947948217,0.03068337983,0,0.002923209407,0.003090405591,0.003006807499,0.003090405591,0.1250092015,False,False,False
6,0.01346486903,0.05417754389,100,0.06922947466,0.06922977446,50535,20,0.02087114003,0.0003176582903,0.005219699416,0.009799465752,0.02884885764,1.907348633e-05,0.03082566455,0.0281414458,0.02948355517,0.03082566455,0,0.002936764889,0.003075744781,0.003006254835,0.003075744781,0.21085476,False,False,False
6,0.01346486903,0.05417754389,100,0.07549527745,0.07549527745,46341,20,0.02031253661,0.0003176582903,0.005219699416,0.009799465752,0.02929640706,1.525878906e-05,0.03073055217,0.02825549828,0.02949302522,0.03073055217,0,0.002927703521,0.00308821025,0.003007956885,0.00308821025,0.125,False,False,False
6,0.01346486903,0.05417754389,100,0.07549527745,0.07549527745,46341,20,0.02087114003,0.0003176582903,0.005219699416,0.009799465752,0.02929640706,1.525878906e-05,0.03095491751,0.02822448007,0.02958969879,0.03095491751,0,0.002949078836,0.003084820087,0.003016949461,0.003084820087,0.08586100748,False,False,False
6,0.01346486903,0.05417754389,100,0.07549527745,0.07549527745,46341,20,0.02083805888,0.0003176582903,0.005219699416,0.009799465752,0.02929640706,1.525878906e-05,0.03100172433,0.02824699779,0.02962436106,0.03100172433,0,0.002953538127,0.003087281181,0.003020409654,0.003087281181,0.08814951976,False,False,False
6,0.01346486903,0.05417754389,100,0.07229452536,0.07229406427,48393,20,0.0220778612,0.0003176582903,0.005219699416,0.009799465752,0.02904237242,1.907348633e-05,0.03100245737,0.02824672383,0.0296245906,0.03100245737,0,0.002953607964,0.003087251238,0.003020429601,0.003087251238,0.06727919704,False,False,False
6,0.01346486903,0.05417754389,100,0.07229452536,0.07229406427,48393,20,0.02179518434,0.0003176582903,0.005219699416,0.009799465752,0.02904237242,1.907348633e-05,0.03088755057,0.02837294226,0.02963024641,0.03088755057,0,0.002942660778,0.003101046396,0.003021853587,0.003101046396,0.08587020895,False,False,False
6,0.01346486903,0.05417754389,100,0.06922947466,0.06922977446,50535,20,0.02121184943,0.0003176582903,0.005219699416,0.009799465752,0.02884885764,1.907348633e-05,0.03107799584,0.02820821332,0.02964310458,0.03107799584,0,0.002960804523,0.003083042198,0.00302192336,0.003083042198,0.1874937525,False,False,False
6,0.01346486903,0.05417754389,100,0.06922947466,0.06922977446,50535,20,0.02162632724,0.0003176582903,0.005219699416,0.009799465752,0.02884885764,1.907348633e-05,0.0311577719,0.02818013185,0.02966895188,0.0311577719,0,0.002968404798,0.003079973008,0.003024188903,0.003079973008,0.1595754898,False,False,False
7,0.01291202319,0.02660792861,99.99,0.03747716632,0.03747743101,7199,17,0.02054721951,0.0004987252039,0.003009787536,0.004772841121,0.0133789349,1.907348633e-05,0.01916965705,0.01123763579,0.01520364642,0.01916965705,3.051757812e-05,0.00149956816,0.0009201098899,0.001209839025,0.00149956816,0.9361740477,False,True,True
7,0.01291202319,0.02660792861,99.99,0.03747716632,0.03747743101,7199,17,0.02084882536,0.0004987252039,0.003009787536,0.004772841121,0.0133789349,1.907348633e-05,0.01929663233,0.01113428808,0.01521546021,0.01929663233,3.051757812e-05,0.001509500946,0.0009116480342,0.00121057449,0.001509500946,0.9571969721,False,False,False
7,0.01291202319,0.02660792861,99.99,0.03783467136,0.0378348094,7131,17,0.02054721951,0.0004987252039,0.003009787536,0.004772841121,0.01336066553,1.907348633e-05,0.01919184791,0.0112875207,0.01523968431,0.01919184791,3.051757812e-05,0.001501304065,0.000924194343,0.001212749204,0.001501304065,0.9224819334,False,False,False
7,0.01291202319,0.02660792861,99.99,0.03740269607,0.03740274501,57707,20,0.02054721951,0.0004987252039,0.003009787536,0.004772841121,0.01338638285,1.907348633e-05,0.01913856631,0.01134342498,0.01524099565,0.01913856631,3.051757812e-05,0.001497136052,0.0009287716473,0.00121295385,0.001497136052,0.9390519562,False,False,False
7,0.01291202319,0.02660792861,99.99,0.03783467136,0.0378348094,7131,17,0.02085830651,0.0004987252039,0.003009787536,0.004772841121,0.01336066553,1.907348633e-05,0.01936185925,0.01120775642,0.01528480783,0.01936185925,3.051757812e-05,0.001514603395,0.0009176634407,0.001216133418,0.001514603395,0.9441607844,False,False,False
7,0.01085767401,0.02662971903,99.99,0.03783467136,0.03783462328,57095,20,0.02054721951,0.000738035609,0.002988023727,0.004765351393,0.01336580202,1.907348633e-05,0.01925315456,0.01131182922,0.01528249189,0.01925315456,3.051757812e-05,0.001506099847,0.000926184665,0.001216142256,0.001506099847,1.171308027,False,False,False
7,0.01184037747,0.0266165405,99.99,0.03783467136,0.03783445409,57067,20,0.02054721951,0.0006045204669,0.003002636228,0.004782830506,0.01336467842,1.907348633e-05,0.01927834358,0.01130152566,0.01528993462,0.01927834358,3.051757812e-05,0.001508070288,0.0009253410348,0.001216705661,0.001508070288,1.047028617,False,False,False
7,0.009956530971,0.0266140129,99.99,0.03783467136,0.03783483913,57061,20,0.02054721951,0.0009000638486,0.002988289547,0.004767132566,0.01337377366,1.907348633e-05,0.01920080636,0.01138134323,0.01529107479,0.01920080636,3.051757812e-05,0.00150200485,0.0009318763002,0.001216940575,0.00150200485,1.297150944,False,False,False
7,0.01085767401,0.02662971903,99.99,0.03783467136,0.03783462328,57095,20,0.02071074592,0.000738035609,0.002988023727,0.004765351393,0.01336580202,1.907348633e-05,0.01934294563,0.01126169344,0.01530231954,0.01934294563,3.051757812e-05,0.001513123856,0.0009220796708,0.001217601764,0.001513123856,1.182744363,False,False,False
7,0.01184037747,0.0266165405,99.99,0.03783467136,0.03783445409,57067,20,0.02077436943,0.0006045204669,0.003002636228,0.004782830506,0.01336467842,1.907348633e-05,0.01937721318,0.01125109413,0.01531415366,0.01937721318,3.051757812e-05,0.001515804474,0.0009212118255,0.00121850815,0.001515804474,1.062890125,False,False,False
7,0.01291202319,0.02660792861,99.99,0.03740269607,0.03740274501,57707,20,0.02093469522,0.0004987252039,0.003009787536,0.004772841121,0.01338638285,1.907348633e-05,0.01940801221,0.01124567896,0.01532684558,0.01940801221,3.051757812e-05,0.001518213763,0.0009207684443,0.001219491103,0.001518213763,0.9660046918,False,False,False
7,0.009956530971,0.0266140129,99.99,0.03783467136,0.03783483913,57061,20,0.0208146314,0.0009000638486,0.002988289547,0.004767132566,0.01337377366,1.907348633e-05,0.01936839912,0.0112926089,0.01533050401,0.01936839912,3.051757812e-05,0.001515114984,0.0009246109526,0.001219862968,0.001515114984,1.315805776,False,False,False
7,0.009130179157,0.02661775204,99.99,0.03783467136,0.03783485027,57069,20,0.02065698398,0.001085893289,0.002991879207,0.00476669864,0.01337427416,1.907348633e-05,0.01933754643,0.01134820904,0.01534287774,0.01933754643,3.051757812e-05,0.001512701498,0.0009291633544,0.001220932426,0.001512701498,1.429634292,False,False,False
7,0.009130179157,0.02661775204,99.99,0.03783467136,0.03783485027,57069,20,0.02054721951,0.001085893289,0.002991879207,0.00476669864,0.01337427416,1.907348633e-05,0.01930060866,0.01140196747,0.01535128806,0.01930060866,3.051757812e-05,0.001509811998,0.0009335649621,0.00122168848,0.001509811998,1.421947842,False,False,False
7,0.01291202319,0.02660792861,99.99,0.03747716632,0.03747743101,7199,17,0.02177188171,0.0004987252039,0.003009787536,0.004772841121,0.0133789349,1.907348633e-05,0.01973161624,0.01099513433,0.01536337528,0.01973161624,3.051757812e-05,0.001543528055,0.0009002544688,0.001221891262,0.001543528055,1.019696972,False,False,False
7,0.009130179157,0.02661775204,99.99,0.03740269607,0.03740294259,451,13,0.02054721951,0.001085893289,0.002991879207,0.00476669864,0.01340759021,1.907348633e-05,0.01933379592,0.01137709236,0.01535544414,0.01933379592,3.051757812e-05,0.001512408109,0.0009315282499,0.001221968179,0.001512408109,1.438511803,False,False,False
7,0.009130179157,0.02661775204,99.99,0.03740269607,0.03740294259,451,13,0.02069400622,0.001085893289,0.002991879207,0.00476669864,0.01340759021,1.907348633e-05,0.01941034286,0.01130917565,0.01535975926,0.01941034286,3.051757812e-05,0.001518396081,0.0009259673966,0.001222181739,0.001518396081,1.448781592,False,False,False
7,0.01291202319,0.02660792861,99.99,0.03740269607,0.03740274501,57707,20,0.02186155336,0.0004987252039,0.003009787536,0.004772841121,0.01338638285,1.907348633e-05,0.01970672384,0.01102984862,0.01536828623,0.01970672384,3.051757812e-05,0.001541580819,0.0009030967886,0.001222338804,0.001541580819,1.028504692,False,False,False
7,0.01085767401,0.02662971903,99.99,0.03783467136,0.03783462328,57095,20,0.02145692263,0.000738035609,0.002988023727,0.004765351393,0.01336580202,1.907348633e-05,0.01968430796,0.0110705413,0.01537742463,0.01968430796,3.051757812e-05,0.001539827311,0.000906428605,0.001223127958,0.001539827311,1.233808027,False,False,False
7,0.01291202319,0.02660792861,99.99,0.03740269607,0.03740274501,57707,20,0.02145692263,0.0004987252039,0.003009787536,0.004772841121,0.01338638285,1.907348633e-05,0.01970539388,0.01106289193,0.01538414291,0.01970539388,3.051757812e-05,0.001541476781,0.0009058022936,0.001223639537,0.001541476781,1.001551956,False,False,False
7,0.009130179157,0.02661775204,99.99,0.03740269607,0.03740294259,451,13,0.02145692263,0.001085893289,0.002991879207,0.00476669864,0.01340759021,1.907348633e-05,0.01958574276,0.01117770251,0.01538172264,0.01958574276,3.051757812e-05,0.001532116937,0.0009152027005,0.001223659819,0.001532116937,1.501011803,False,False,False
7,0.009956530971,0.0266140129,99.99,0.03783467136,0.03783483913,57061,20,0.02145692263,0.0009000638486,0.002988289547,0.004767132566,0.01337377366,1.907348633e-05,0.01966316862,0.01110540378,0.0153842862,0.01966316862,3.051757812e-05,0.001538173662,0.0009092830589,0.001223728361,0.001538173662,1.359650944,False,False,False
7,0.009130179157,0.02661775204,99.99,0.03708176345,0.03708176599,14557,18,0.02061444158,0.001085893289,0.002991879207,0.00476669864,0.01351433458,1.907348633e-05,0.01934075272,0.01141958451,0.01538016862,0.01934075272,3.051757812e-05,0.001512952313,0.0009350074022,0.001223979858,0.001512952313,1.455665827,False,False,False
7,0.009130179157,0.02661775204,99.99,0.03740269607,0.03740294259,451,13,0.02161020815,0.001085893289,0.002991879207,0.00476669864,0.01340759021,1.907348633e-05,0.01970003476,0.01108967822,0.01539485649,0.01970003476,3.051757812e-05,0.001541057558,0.0009079954887,0.001224526523,0.001541057558,1.511281592,False,False,False
7,0.009956530971,0.0266140129,99.99,0.03783467136,0.03783483913,57061,20,0.02173617386,0.0009000638486,0.002988289547,0.004767132566,0.01337377366,1.907348633e-05,0.01973317144,0.01106049362,0.01539683253,0.01973317144,3.051757812e-05,0.001543649712,0.0009056059258,0.001224627819,0.001543649712,1.378305776,False,False,False
7,0.01291202319,0.02660792861,99.99,0.03783467136,0.0378348094,7131,17,0.02178178263,0.0004987252039,0.003009787536,0.004772841121,0.01336066553,1.907348633e-05,0.01972303914,0.01109040779,0.01540672347,0.01972303914,3.051757812e-05,0.001542857102,0.0009080552242,0.001225456163,0.001542857102,1.006660784,False,False,False
7,0.01085767401,0.02662971903,99.99,0.03783467136,0.03783462328,57095,20,0.02162768898,0.000738035609,0.002988023727,0.004765351393,0.01336580202,1.907348633e-05,0.01974295855,0.01108425571,0.01541360713,0.01974295855,3.051757812e-05,0.00154441532,0.0009075515071,0.001225983413,0.00154441532,1.245244363,False,False,False
7,0.009130179157,0.02661775204,99.99,0.03708176345,0.03708176599,14557,18,0.02054721951,0.001085893289,0.002991879207,0.00476669864,0.01351433458,1.907348633e-05,0.01936254821,0.01145432576,0.01540843698,0.01936254821,3.051757812e-05,0.00151465729,0.0009378519298,0.00122625461,0.00151465729,1.450953625,False,False,False
7,0.01291202319,0.02660792861,99.99,0.03783467136,0.0378348094,7131,17,0.02145692263,0.0004987252039,0.003009787536,0.004772841121,0.01336066553,1.907348633e-05,0.0197022887,0.01115496722,0.01542862796,0.0197022887,3.051757812e-05,0.001541233875,0.0009133411909,0.001227287533,0.001541233875,0.9849819334,False,False,False
7,0.01291202319,0.02660792861,99.99,0.03740269607,0.03740274501,57707,20,0.02240690176,0.0004987252039,0.003009787536,0.004772841121,0.01338638285,1.907348633e-05,0.01979257878,0.01109473739,0.01544365808,0.01979257878,3.051757812e-05,0.001548296919,0.0009084097209,0.00122835332,0.001548296919,1.064051956,False,False,False
7,0.009130179157,0.02661775204,99.99,0.04043794978,0.0404381884,53395,20,0.02068013742,0.001085893289,0.002991879207,0.00476669864,0.01350403257,1.14440918e-05,0.01912891105,0.01174102199,0.01543496652,0.01912891105,3.051757812e-05,0.001496380758,0.00096132591,0.001228853334,0.001496380758,1.435400005,False,False,False
7,0.009130179157,0.02661775204,99.99,0.03872351337,0.03872374092,55759,20,0.02145692263,0.001085893289,0.002991879207,0.00476669864,0.01342354497,1.525878906e-05,0.01959486572,0.01129745058,0.01544615815,0.01959486572,3.051757812e-05,0.00153283059,0.000925007377,0.001228918984,0.00153283059,1.450945247,False,False,False
7,0.01826035831,0.02656106246,99.99,0.05153142488,0.05153185731,41811,20,0.002011418699,0.0003472174182,0.003050841589,0.004820974027,0.0153628489,0,0.026159725,0.08387031614,0.05501502057,0.08387031614,0.02304077148,0.002046374152,0.006867094536,0.004456734344,0.006867094536,3.720683651,True,False,False
7,0.01826035831,0.02656106246,99.99,0.05153142488,0.05153185731,41811,20,0.002017654824,0.0003472174182,0.003050841589,0.004820974027,0.0153628489,0,0.02604597432,0.0836111774,0.05482857586,0.0836111774,0.02258300781,0.002037475876,0.006845876896,0.004441676386,0.006845876896,3.716217694,True,False,False
7,0.01826035831,0.02656106246,99.99,0.05153142488,0.05153185731,41811,20,0.002100471813,0.0003472174182,0.003050841589,0.004820974027,0.0153628489,0,0.02491836009,0.08048185142,0.05270010576,0.08048185142,0.01898193359,0.001949266974,0.006589655406,0.00426946119,0.006589655406,3.658183651,True,False,False
7,0.01826035831,0.02656106246,99.99,0.05153142488,0.05153185731,41811,20,0.002106984034,0.0003472174182,0.003050841589,0.004820974027,0.0153628489,0,0.02482984705,0.08025713913,0.05254349309,0.08025713913,0.01873779297,0.001942342942,0.006571256518,0.00425679973,0.006571256518,3.653717694,True,False,False
7,0.01826035831,0.02656106246,99.99,0.05153142488,0.05153185731,41811,20,0.002193467645,0.0003472174182,0.003050841589,0.004820974027,0.0153628489,0,0.02388228717,0.07745958171,0.05067093444,0.07745958171,0.0149230957,0.001868218995,0.006342199419,0.004105209207,0.006342199419,3.595683651,True,False,False
7,0.01826035831,0.02656106246,99.99,0.05153142488,0.05153185731,41811,20,0.002200268187,0.0003472174182,0.003050841589,0.004820974027,0.0153628489,0,0.02382319292,0.07725776195,0.05054047744,0.07725776195,0.01473999023,0.001863596281,0.006325674915,0.004094635598,0.006325674915,3.591217694,True,False,False
7,0.01826035831,0.02656106246,99.99,0.05153142488,0.05153185731,41811,20,0.002252792225,0.0003472174182,0.003050841589,0.004820974027,0.0153628489,0,0.02334991797,0.07577047524,0.0495601966,0.07577047524,0.01266479492,0.001826573811,0.006203899549,0.00401523668,0.006203899549,3.557182816,True,False,False
7,0.01826035831,0.02656106246,99.99,0.05153142488,0.05153185731,41811,20,0.002275200674,0.0003472174182,0.003050841589,0.004820974027,0.0153628489,0,0.02312489741,0.07516795052,0.04914642396,0.07516795052,0.01202392578,0.001808971322,0.006154566312,0.003981768817,0.006154566312,3.542903279,True,False,False
7,0.01826035831,0.02656106246,99.99,0.05153142488,0.05153185731,41811,20,0.002290580754,0.0003472174182,0.003050841589,0.004820974027,0.0153628489,0,0.02304523536,0.07475740359,0.04890131947,0.07475740359,0.01171875,0.001802739668,0.006120951742,0.003961845705,0.006120951742,3.533183651,True,False,False
7,0.01826035831,0.02656106246,99.99,0.05153142488,0.05153185731,41811,20,0.002297682382,0.0003472174182,0.003050841589,0.004820974027,0.0153628489,0,0.02298048849,0.07459682491,0.0487886567,0.07459682491,0.01156616211,0.001797674771,0.006107803956,0.003952739364,0.006107803956,3.528717694,True,False,False
7,0.01826035831,0.02656106246,99.99,0.05153142488,0.05153185731,41811,20,0.002352531858,0.0003472174182,0.003050841589,0.004820974027,0.0153628489,0,0.02258858307,0.0732615135,0.04792504828,0.0732615135,0.01043701172,0.001767017525,0.005998471953,0.003882744739,0.005998471953,3.494682816,True,False,False
7,0.01826035831,0.02656106246,99.99,0.05153142488,0.05153185731,41811,20,0.002375932413,0.0003472174182,0.003050841589,0.004820974027,0.0153628489,0,0.02243920507,0.0727175983,0.04757840169,0.0727175983,0.009796142578,0.001755332262,0.005953937519,0.00385463489,0.005953937519,3.480403279,True,False,False
7,0.01826035831,0.02656106246,99.99,0.05153142488,0.05153185731,41811,20,0.002391993428,0.0003472174182,0.003050841589,0.004820974027,0.0153628489,0,0.02232457652,0.07234474347,0.04733465999,0.07234474347,0.009552001953,0.001746365313,0.005923409085,0.003834887199,0.005923409085,3.470683651,True,False,False
7,0.01826035831,0.02656106246,99.99,0.05153142488,0.05153185731,41811,20,0.002399409472,0.0003472174182,0.003050841589,0.004820974027,0.0153628489,0,0.0222809485,0.07218516988,0.04723305919,0.07218516988,0.009368896484,0.001742952462,0.005910343593,0.003826648027,0.005910343593,3.466217694,True,False,False
7,0.01826035831,0.02656106246,99.99,0.05153142488,0.05153185731,41811,20,0.002456687341,0.0003472174182,0.003050841589,0.004820974027,0.0153628489,0,0.0219722635,0.07099548658,0.04648387504,0.07099548658,0.008026123047,0.001718805227,0.00581293526,0.003765870244,0.00581293526,3.432182816,True,False,False
7,0.01826035831,0.02656106246,99.99,0.05153142488,0.05153185731,41811,20,0.002481123928,0.0003472174182,0.003050841589,0.004820974027,0.0153628489,0,0.02184926753,0.07050189124,0.04617557939,0.07050189124,0.007659912109,0.001709183728,0.005772520892,0.00374085231,0.005772520892,3.417903279,True,False,False
7,0.01826035831,0.02656106246,99.99,0.05153142488,0.05153185731,41811,20,0.002497896024,0.0003472174182,0.003050841589,0.004820974027,0.0153628489,0,0.02178987265,0.07019019705,0.04599003485,0.07019019705,0.007507324219,0.001704537496,0.005747000141,0.003725768818,0.005747000141,3.408183651,True,False,False
7,0.01826035831,0.02656106246,99.99,0.05153142488,0.05153185731,41811,20,0.002505640405,0.0003472174182,0.003050841589,0.004820974027,0.0153628489,0,0.02173107555,0.07003883868,0.04588495711,0.07003883868,0.007354736328,0.001699938027,0.00573460729,0.003717272659,0.00573460729,3.403717694,True,False,False
7,0.01826035831,0.02656106246,99.99,0.05153142488,0.05153185731,41811,20,0.002565454182,0.0003472174182,0.003050841589,0.004820974027,0.0153628489,0,0.02147422515,0.0689423997,0.04520831243,0.0689423997,0.006408691406,0.001679845613,0.005644833573,0.003662339593,0.005644833573,3.369682816,True,False,False
7,0.01826035831,0.02656106246,99.99,0.05153142488,0.05153185731,41811,20,0.002590972669,0.0003472174182,0.003050841589,0.004820974027,0.0153628489,0,0.0214042645,0.06851069772,0.04495748111,0.06851069772,0.006103515625,0.001674372862,0.00560948688,0.003641929871,0.00560948688,3.355403279,True,False,False
7,0.01826035831,0.02656106246,99.99,0.05153142488,0.05153185731,41811,20,0.002608487329,0.0003472174182,0.003050841589,0.004820974027,0.0153628489,0,0.02132992608,0.06821144014,0.04477068311,0.06821144014,0.005737304688,0.001668557655,0.005584984408,0.003626771031,0.005584984408,3.345683651,True,False,False
7,0.01826035831,0.02656106246,99.99,0.05153142488,0.05153185731,41811,20,0.002616574583,0.0003472174182,0.003050841589,0.004820974027,0.0153628489,0,0.02127459261,0.06807419901,0.04467439581,0.06807419901,0.005645751953,0.001664229131,0.005573747443,0.003618988287,0.005573747443,3.341217694,True,False,False
7,0.01826035831,0.02656106246,99.99,0.05153142488,0.05153185731,41811,20,0.002679036542,0.0003472174182,0.003050841589,0.004820974027,0.0153628489,0,0.02109565149,0.06707401012,0.04408483081,0.06707401012,0.0048828125,0.001650231259,0.005491854444,0.003571042852,0.005491854444,3.307182816,True,False,False
7,0.01826035831,0.02656106246,99.99,0.05153142488,0.05153185731,41811,20,0.002705684829,0.0003472174182,0.003050841589,0.004820974027,0.0153628489,0,0.02098312949,0.06670438149,0.04384375549,0.06670438149,0.004486083984,0.001641429098,0.005461590164,0.003551509631,0.005461590164,3.292903279,True,False,False
7,0.01826035831,0.02656106246,99.99,0.05153142488,0.05153185731,41811,20,0.00272397493,0.0003472174182,0.003050841589,0.004820974027,0.0153628489,0,0.02092978196,0.06643546509,0.04368262353,0.06643546509,0.004333496094,0.001637255927,0.005439571953,0.00353841394,0.005439571953,3.283183651,True,False,False
7,0.01826035831,0.02656106246,99.99,0.05153142488,0.05153185731,41811,20,0.002732420237,0.0003472174182,0.003050841589,0.004820974027,0.0153628489,0,0.02089752611,0.06629588463,0.04359670537,0.06629588463,0.004333496094,0.001634732677,0.005428143449,0.003531438063,0.005428143449,3.278717694,True,False,False
7,0.01826035831,0.02656106246,99.99,0.05153142488,0.05153185731,41811,20,0.002797647623,0.0003472174182,0.003050841589,0.004820974027,0.0153628489,0,0.02074865971,0.06537384647,0.04306125309,0.06537384647,0.003753662109,0.001623087434,0.005352649239,0.003487868337,0.005352649239,3.244682816,True,False,False
7,0.01826035831,0.02656106246,99.99,0.05153142488,0.05153185731,41811,20,0.002825475731,0.0003472174182,0.003050841589,0.004820974027,0.0153628489,0,0.0206738879,0.06502220219,0.04284804505,0.06502220219,0.003570556641,0.001617238324,0.005323857474,0.003470547899,0.005323857474,3.230403279,True,False,False
7,0.01826035831,0.02656106246,99.99,0.05153142488,0.05153185731,41811,20,0.002844575603,0.0003472174182,0.003050841589,0.004820974027,0.0153628489,0,0.02062418132,0.06476231951,0.04269325042,0.06476231951,0.003356933594,0.00161334997,0.005302578921,0.003457964446,0.005302578921,3.220683651,True,False,False
7,0.01826035831,0.02656106246,99.99,0.05153142488,0.05153185731,41811,20,0.002853394816,0.0003472174182,0.003050841589,0.004820974027,0.0153628489,0,0.02058218074,0.06465404019,0.04261811046,0.06465404019,0.003265380859,0.001610064428,0.005293713277,0.003451888852,0.005293713277,3.216217694,True,False,False
7,0.01826035831,0.02656106246,99.99,0.05153142488,0.05153185731,41811,20,0.002921510066,0.0003472174182,0.003050841589,0.004820974027,0.0153628489,0,0.02046258537,0.06379204356,0.04212731446,0.06379204356,0.002868652344,0.001600708944,0.00522313512,0.003411922032,0.00522313512,3.182182816,True,False,False
7,0.01826035831,0.02656106246,99.99,0.05153142488,0.05153185731,41811,20,0.002946371957,0.0003472174182,0.003050841589,0.004820974027,0.0153628489,0,0.02041410037,0.06349945718,0.04195677877,0.06349945718,0.002624511719,0.00159691615,0.005199178869,0.00339804751,0.005199178869,3.169957505,True,False,False
7,0.01085767401,0.02662971903,99.99,0.03783467136,0.03783462328,57095,20,0.02443489963,0.000738035609,0.002988023727,0.004765351393,0.01336580202,1.907348633e-05,0.02039772175,0.01115818925,0.0157779555,0.02039772175,0,0.001595634914,0.0009136050029,0.001254619958,0.001595634914,1.421308027,False,False,False
7,0.01184037747,0.0266165405,99.99,0.03783467136,0.03783445409,57067,20,0.02443489963,0.0006045204669,0.003002636228,0.004782830506,0.01336467842,1.907348633e-05,0.02042973358,0.01112664355,0.01577818856,0.02042973358,0,0.001598139075,0.0009110221192,0.001254580597,0.001598139075,1.297028617,False,False,False
7,0.01085767401,0.02662971903,99.99,0.03783467136,0.03783462328,57095,20,0.02462936641,0.000738035609,0.002988023727,0.004765351393,0.01336580202,1.907348633e-05,0.02049958834,0.0111879741,0.01584378122,0.02049958834,0,0.001603603543,0.000916043713,0.001259823628,0.001603603543,1.432744363,False,False,False
7,0.01291202319,0.02660792861,99.99,0.03783467136,0.0378348094,7131,17,0.02480484651,0.0004987252039,0.003009787536,0.004772841121,0.01336066553,1.907348633e-05,0.020446579,0.011270326,0.0158584525,0.020446579,0,0.001599456828,0.0009227864831,0.001261121655,0.001599456828,1.194160784,False,False,False
7,0.009130179157,0.02661775204,99.99,0.03783467136,0.03783485027,57069,20,0.02443489963,0.001085893289,0.002991879207,0.00476669864,0.01337427416,1.907348633e-05,0.02055699478,0.01118001919,0.01586850698,0.02055699478,0,0.001608094227,0.0009153923844,0.001261743306,0.001608094227,1.671947842,False,False,False
7,0.01291202319,0.02660792861,99.99,0.03747716632,0.03747743101,7199,17,0.02479357145,0.0004987252039,0.003009787536,0.004772841121,0.0133789349,1.907348633e-05,0.02049332973,0.01134373835,0.01591853404,0.02049332973,0,0.001603113957,0.0009287973056,0.001265955631,0.001603113957,1.207196972,False,False,False
7,0.01184037747,0.0266165405,99.99,0.03783467136,0.03783445409,57067,20,0.02470502794,0.0006045204669,0.003002636228,0.004782830506,0.01336467842,1.907348633e-05,0.02061095395,0.0112280951,0.01591952453,0.02061095395,0,0.001612315245,0.0009193287215,0.001265821983,0.001612315245,1.312890125,False,False,False
7,0.009130179157,0.02661775204,99.99,0.03783467136,0.03783485027,57069,20,0.02456543232,0.001085893289,0.002991879207,0.00476669864,0.01337427416,1.907348633e-05,0.02058639412,0.01130085486,0.01594362449,0.02058639412,0,0.001610394024,0.0009252861108,0.001267840068,0.001610394024,1.679634292,False,False,False
7,0.009956530971,0.0266140129,99.99,0.03783467136,0.03783483913,57061,20,0.02475290776,0.0009000638486,0.002988289547,0.004767132566,0.01337377366,1.907348633e-05,0.02067522782,0.01127955385,0.01597739083,0.02067522782,0,0.001617343141,0.0009235420373,0.001270442589,0.001617343141,1.565805776,False,False,False
7,0.01291202319,0.02660792861,99.99,0.03740269607,0.03740274501,57707,20,0.0248956885,0.0004987252039,0.003009787536,0.004772841121,0.01338638285,1.907348633e-05,0.02054358811,0.01148323356,0.01601341083,0.02054358811,0,0.001607045475,0.0009402188288,0.001273632152,0.001607045475,1.216004692,False,False,False
7,0.009130179157,0.02661775204,99.99,0.03740269607,0.03740294259,451,13,0.02443489963,0.001085893289,0.002991879207,0.00476669864,0.01340759021,1.907348633e-05,0.02071446289,0.01132795717,0.01602121003,0.02071446289,0,0.001620412349,0.0009275051816,0.001273958765,0.001620412349,1.688511803,False,False,False
7,0.009130179157,0.02661775204,99.99,0.03740269607,0.03740294259,451,13,0.02460945944,0.001085893289,0.002991879207,0.00476669864,0.01340759021,1.907348633e-05,0.02072677636,0.01142933955,0.01607805795,0.02072677636,0,0.001621375584,0.0009358061203,0.001278590852,0.001621375584,1.698781592,False,False,False
7,0.009130179157,0.02661775204,99.99,0.03872351337,0.03872374092,55759,20,0.02443489963,0.001085893289,0.002991879207,0.00476669864,0.01342354497,1.525878906e-05,0.02066401003,0.01149374761,0.01607887882,0.02066401003,0,0.001616465616,0.0009410796937,0.001278772655,0.001616465616,1.638445247,False,False,False
7,0.009130179157,0.02661775204,99.99,0.03708176345,0.03708176599,14557,18,0.02443489963,0.001085893289,0.002991879207,0.00476669864,0.01351433458,1.907348633e-05,0.02073762673,0.01142373794,0.01608068234,0.02073762673,0,0.001622224367,0.0009353474748,0.001278785921,0.001622224367,1.700953625,False,False,False
7,0.009130179157,0.02661775204,99.99,0.03872351337,0.03872374092,55759,20,0.02460767997,0.001085893289,0.002991879207,0.00476669864,0.01342354497,1.525878906e-05,0.02059916632,0.01157552872,0.01608734752,0.02059916632,0,0.001611393144,0.0009477757293,0.001279584437,0.001611393144,1.648610714,False,False,False
7,0.009130179157,0.02661775204,99.99,0.03708176345,0.03708176599,14557,18,0.02451484059,0.001085893289,0.002991879207,0.00476669864,0.01351433458,1.907348633e-05,0.02072967507,0.01146830361,0.01609898934,0.02072967507,0,0.001621602339,0.0009389964018,0.00128029937,0.001621602339,1.705665827,False,False,False
7,0.01291202319,0.02660792861,99.99,0.03747716632,0.03747743101,7199,17,0.02551672506,0.0004987252039,0.003009787536,0.004772841121,0.0133789349,1.907348633e-05,0.02064717351,0.01164072836,0.01614395094,0.02064717351,0,0.001615148561,0.000953114115,0.001284131338,0.001615148561,1.248674048,False,False,False
7,0.009130179157,0.02661775204,99.99,0.03950975537,0.03950955297,27325,19,0.02443489963,0.001085893289,0.002991879207,0.00476669864,0.01343168284,1.14440918e-05,0.02073244405,0.01165392952,0.01619318679,0.02073244405,0,0.001621818946,0.0009541949932,0.001288006969,0.001621818946,1.642580568,False,False,False
7,0.01291202319,0.02660792861,99.99,0.03740269607,0.03740274501,57707,20,0.02551672506,0.0004987252039,0.003009787536,0.004772841121,0.01338638285,1.907348633e-05,0.02084767851,0.01161128088,0.01622947969,0.02084767851,0,0.001630833292,0.0009507030278,0.00129076816,0.001630833292,1.251551956,False,False,False
7,0.01291202319,0.02660792861,99.99,0.03783467136,0.0378348094,7131,17,0.02551672506,0.0004987252039,0.003009787536,0.004772841121,0.01336066553,1.907348633e-05,0.02083933784,0.01164490024,0.01624211904,0.02083933784,0,0.001630180833,0.0009534556977,0.001291818265,0.001630180833,1.234981933,False,False,False
7,0.01184037747,0.0266165405,99.99,0.03783467136,0.03783445409,57067,20,0.02551672506,0.0006045204669,0.003002636228,0.004782830506,0.01336467842,1.907348633e-05,0.02089572994,0.01160349162,0.01624961078,0.02089572994,0,0.001634592169,0.000950065262,0.001292328716,0.001634592169,1.359528617,False,False,False
7,0.009130179157,0.02661775204,99.99,0.04043794978,0.0404381884,53395,20,0.02443489963,0.001085893289,0.002991879207,0.00476669864,0.01350403257,1.14440918e-05,0.02058047741,0.01193687559,0.0162586765,0.02058047741,0,0.001609931183,0.0009773619191,0.001293646551,0.001609931183,1.676097412,False,False,False
7,0.009130179157,0.02661775204,99.99,0.04043794978,0.0404381884,53395,20,0.02459296655,0.001085893289,0.002991879207,0.00476669864,0.01350403257,1.14440918e-05,0.02063651005,0.01189242372,0.01626446689,0.02063651005,0,0.001614314399,0.0009737223101,0.001294018355,0.001614314399,1.685400005,False,False,False
7,0.009130179157,0.02661775204,99.99,0.03950975537,0.03950955297,27325,19,0.02467839891,0.001085893289,0.002991879207,0.00476669864,0.01343168284,1.14440918e-05,0.02081842047,0.01173584922,0.01627713485,0.02081842047,0,0.001628544549,0.000960902376,0.001294723462,0.001628544549,1.656886187,False,False,False
7,0.009956530971,0.0266140129,99.99,0.03783467136,0.03783483913,57061,20,0.02551672506,0.0009000638486,0.002988289547,0.004767132566,0.01337377366,1.907348633e-05,0.02092890599,0.01164411158,0.01628650879,0.02092890599,0,0.001637187403,0.0009533911248,0.001295289264,0.001637187403,1.609650944,False,False,False
7,0.01291202319,0.02995845432,99.995,0.04020958194,0.04020964375,30219,19,0.02443489963,0.0004987252039,0.002817435671,0.004595950553,0.01338158498,1.14440918e-05,0.0205616318,0.01202063273,0.01629113226,0.0205616318,0,0.001608456964,0.0009842197467,0.001296338355,0.001608456964,0.9973461437,False,False,False
7,0.01085767401,0.02662971903,99.99,0.03783467136,0.03783462328,57095,20,0.02551672506,0.000738035609,0.002988023727,0.004765351393,0.01336580202,1.907348633e-05,0.02095550861,0.01163210164,0.01629380512,0.02095550861,0,0.001639268423,0.0009524077802,0.001295838102,0.001639268423,1.483808027,False,False,False
7,0.01085767401,0.02662971903,99.99,0.03783467136,0.03783462328,57095,20,0.02571980162,0.000738035609,0.002988023727,0.004765351393,0.01336580202,1.907348633e-05,0.02097055004,0.01163352901,0.01630203952,0.02097055004,0,0.001640445056,0.0009525246498,0.001296484853,0.001640445056,1.495244363,False,False,False
7,0.009130179157,0.02661775204,99.99,0.03740269607,0.03740294259,451,13,0.02551672506,0.001085893289,0.002991879207,0.00476669864,0.01340759021,1.907348633e-05,0.02098562856,0.01163839782,0.01631201319,0.02098562856,0,0.001641624591,0.0009529232961,0.001297273944,0.001641624591,1.751011803,False,False,False
7,0.01291202319,0.02995845432,99.995,0.04020958194,0.04020964375,30219,19,0.02445167359,0.0004987252039,0.002817435671,0.004595950553,0.01338158498,1.14440918e-05,0.02060452575,0.0120279709,0.01631624832,0.02060452575,0,0.001611812391,0.0009848205781,0.001298316485,0.001611812391,0.9983361783,False,False,False
7,0.01184037747,0.02998918015,99.995,0.04078792929,0.0407880837,29821,19,0.02443489963,0.0006045204669,0.002823112145,0.004602300353,0.01334312396,1.14440918e-05,0.0208014275,0.011846664,0.01632404575,0.0208014275,0,0.001627215254,0.0009699756166,0.001298595435,0.001627215254,1.144431208,False,False,False
7,0.01291202319,0.02660792861,99.99,0.03783467136,0.0378348094,7131,17,0.02590305088,0.0004987252039,0.003009787536,0.004772841121,0.01336066553,1.907348633e-05,0.02090107467,0.01179689177,0.01634898322,0.02090107467,0,0.001635010267,0.0009659003892,0.001300455328,0.001635010267,1.256660784,False,False,False
8,0.02364889338,0.02811431987,99.995,0.03314272828,0.03314283057,41801,19,0.008665688457,0.0003852775992,0.001818265261,0.004842340759,0.01074723044,3.433227539e-05,0.009525570768,0.01145103748,0.01048830412,0.01145103748,3.051757812e-05,0.0005838138167,0.0007718675496,0.0006778406831,0.0007718675496,0.5178141107,False,True,True
8,0.02364889338,0.02811431987,99.995,0.03314272828,0.03314283057,41801,19,0.008689491982,0.0003852775992,0.001818265261,0.004842340759,0.01074723044,3.433227539e-05,0.009544219519,0.01145900246,0.01050161099,0.01145900246,3.051757812e-05,0.0005849567822,0.0007724044365,0.0006786806094,0.0007724044365,0.5217715744,False,False,False
8,0.01823578969,0.02812440017,99.995,0.0329432362,0.03294350217,42069,19,0.008340393444,0.0007809832556,0.001792367383,0.004803954784,0.01077825776,3.814697266e-05,0.00956929174,0.01144577142,0.01050753158,0.01144577142,3.051757812e-05,0.0005864934364,0.0007715125864,0.0006790030114,0.0007715125864,0.5958008887,False,False,False
8,0.01823578969,0.02812440017,99.995,0.0329618089,0.03296152292,21023,18,0.00832108603,0.0007809832556,0.001792367383,0.004803954784,0.01078037123,3.814697266e-05,0.00957564736,0.01144316638,0.01050940687,0.01144316638,3.051757812e-05,0.0005868829668,0.0007713369911,0.0006791099789,0.0007713369911,0.5916683141,False,False,False
8,0.01823578969,0.02812440017,99.995,0.0329618089,0.03296152292,21023,18,0.008344955805,0.0007809832556,0.001792367383,0.004803954784,0.01078037123,3.814697266e-05,0.00955858606,0.01145981678,0.01050920142,0.01145981678,3.051757812e-05,0.0005858372948,0.0007724593262,0.0006791483105,0.0007724593262,0.5958008887,False,False,False
8,0.02364889338,0.02811431987,99.995,0.03314272828,0.03314283057,41801,19,0.007946471353,0.0003852775992,0.001818265261,0.004842340759,0.01074723044,3.433227539e-05,0.009499737532,0.01151557923,0.01050765838,0.01151557923,3.051757812e-05,0.0005822305205,0.0007762180449,0.0006792242827,0.0007762180449,0.3928141107,False,False,False
8,0.01406171613,0.02810790009,99.995,0.03295403306,0.03295394139,42031,19,0.007985517028,0.001566455492,0.001766000409,0.004763494655,0.01075705214,3.433227539e-05,0.009575612921,0.01144904808,0.0105123305,0.01144904808,3.051757812e-05,0.000586880856,0.0007717334526,0.0006793071543,0.0007717334526,0.9084608248,False,False,False
8,0.01823578969,0.02812440017,99.995,0.03391644648,0.03391660205,20431,18,0.008689491982,0.0007809832556,0.001792367383,0.004803954784,0.01075979969,2.288818359e-05,0.00973437113,0.01131097131,0.01052267122,0.01131097131,3.051757812e-05,0.0005966110064,0.0007624262624,0.0006795186344,0.0007624262624,0.6544505052,False,False,False
8,0.01672229287,0.0281600416,99.995,0.03319662762,0.03319673007,41801,19,0.008482313201,0.001001466972,0.001773273693,0.004782727789,0.0107341836,3.433227539e-05,0.009603174508,0.0114330074,0.01051809096,0.0114330074,3.051757812e-05,0.0005885700814,0.0007706522161,0.0006796111487,0.0007706522161,0.7329891501,False,False,False
8,0.01672229287,0.0281600416,99.995,0.03319662762,0.03319673007,41801,19,0.007928422173,0.001001466972,0.001773273693,0.004782727789,0.0107341836,3.433227539e-05,0.009501351478,0.01152660936,0.01051398042,0.01152660936,3.051757812e-05,0.0005823294378,0.0007769615406,0.0006796454892,0.0007769615406,0.6355651813,False,False,False
8,0.01823578969,0.02812440017,99.995,0.0329432362,0.03294350217,42069,19,0.009095263544,0.0007809832556,0.001792367383,0.004803954784,0.01077825776,3.814697266e-05,0.009630171538,0.01141263864,0.01052140509,0.01141263864,3.051757812e-05,0.0005902247055,0.0007692792413,0.0006797519734,0.0007692792413,0.7208008887,False,False,False
8,0.01672229287,0.0281600416,99.995,0.03319662762,0.03319673007,41801,19,0.007929122608,0.001001466972,0.001773273693,0.004782727789,0.0107341836,3.433227539e-05,0.009501038099,0.01153220219,0.01051662014,0.01153220219,3.051757812e-05,0.0005823102311,0.0007773385304,0.0006798243807,0.0007773385304,0.6356926303,False,False,False
8,0.01672229287,0.0281600416,99.995,0.03319662762,0.03319673007,41801,19,0.00885785729,0.001001466972,0.001773273693,0.004782727789,0.0107341836,3.433227539e-05,0.009580234224,0.01146097277,0.01052060349,0.01146097277,3.051757812e-05,0.0005871640916,0.0007725372466,0.0006798506691,0.0007725372466,0.7954891501,False,False,False
8,0.01406171613,0.02810790009,99.995,0.03389654832,0.03389670379,20431,18,0.009074208659,0.001566455492,0.001766000409,0.004763494655,0.01073722429,2.288818359e-05,0.009723601909,0.01133101137,0.01052730664,0.01133101137,3.051757812e-05,0.0005959509704,0.0007637770811,0.0006798640257,0.0007637770811,1.091950505,False,False,False
8,0.01823578969,0.02812440017,99.995,0.0329432362,0.03294350217,42069,19,0.00832108603,0.0007809832556,0.001792367383,0.004803954784,0.01077825776,3.814697266e-05,0.00959758393,0.01144777996,0.01052268194,0.01144777996,3.051757812e-05,0.0005882274398,0.0007716479735,0.0006799377067,0.0007716479735,0.5924572813,False,False,False
8,0.01823578969,0.02812440017,99.995,0.03391644648,0.03391660205,20431,18,0.00832108603,0.0007809832556,0.001792367383,0.004803954784,0.01075979969,2.288818359e-05,0.009704609403,0.01135284377,0.01052872659,0.01135284377,3.051757812e-05,0.0005947869365,0.000765248714,0.0006800178252,0.000765248714,0.5919505052,False,False,False
8,0.01533441018,0.02811661954,99.995,0.0329432362,0.03294300212,21029,18,0.008689491982,0.001266873168,0.001769903162,0.004781480787,0.01076920397,3.814697266e-05,0.009581967291,0.01146707202,0.01052451966,0.01146707202,3.051757812e-05,0.0005872703098,0.0007729483727,0.0006801093412,0.0007729483727,0.9053783576,False,False,False
8,0.01823578969,0.02812440017,99.995,0.0329432362,0.03294350217,42069,19,0.009074208659,0.0007809832556,0.001792367383,0.004803954784,0.01077825776,3.814697266e-05,0.009636763178,0.0114193256,0.01052804439,0.0114193256,3.051757812e-05,0.0005906287013,0.0007697299815,0.0006801793414,0.0007697299815,0.7174572813,False,False,False
8,0.02364889338,0.02811431987,99.995,0.03343238262,0.03343235746,41439,19,0.008234565877,0.0003852775992,0.001818265261,0.004842340759,0.01078170105,3.051757812e-05,0.009679788142,0.01138023411,0.01053001113,0.01138023411,3.051757812e-05,0.0005932656633,0.0007670949843,0.0006801803238,0.0007670949843,0.431644066,False,False,False
8,0.01533441018,0.02811661954,99.995,0.0329432362,0.03294300212,21029,18,0.008122801296,0.001266873168,0.001769903162,0.004781480787,0.01076920397,3.814697266e-05,0.009617145722,0.01143784991,0.01052749782,0.01143784991,3.051757812e-05,0.0005894263647,0.0007709786298,0.0006802024973,0.0007709786298,0.808083876,False,False,False
8,0.01823578969,0.02812440017,99.995,0.03391644648,0.03391660205,20431,18,0.008754340075,0.0007809832556,0.001792367383,0.004803954784,0.01075979969,2.288818359e-05,0.009780930792,0.01128943383,0.01053518231,0.01128943383,3.051757812e-05,0.000599464607,0.0007609745092,0.0006802195581,0.0007609745092,0.6651770993,False,False,False
8,0.01406171613,0.02810790009,99.995,0.0329432362,0.0329429685,42045,19,0.007991495999,0.001566455492,0.001766000409,0.004763494655,0.01076359721,3.814697266e-05,0.009586060053,0.01146888625,0.01052747315,0.01146888625,3.051757812e-05,0.0005875211515,0.0007730706622,0.0006802959069,0.0007730706622,0.9100210687,False,False,False
8,0.01823578969,0.02812440017,99.995,0.0329432362,0.03294350217,42069,19,0.008709654209,0.0007809832556,0.001792367383,0.004803954784,0.01077825776,3.814697266e-05,0.00961821032,0.01144087884,0.01052954458,0.01144087884,3.051757812e-05,0.000589491613,0.0007711827971,0.0006803372051,0.0007711827971,0.6583008887,False,False,False
8,0.01406171613,0.02810790009,99.995,0.03389654832,0.03389670379,20431,18,0.009109438536,0.001566455492,0.001766000409,0.004763494655,0.01073722429,2.288818359e-05,0.00971944228,0.01134901136,0.01053422682,0.01134901136,3.051757812e-05,0.0005956960304,0.0007649903868,0.0006803432086,0.0007649903868,1.097540806,False,False,False
8,0.02364889338,0.02811431987,99.995,0.03340469849,0.03340494926,41473,19,0.008250499394,0.0003852775992,0.001818265261,0.004842340759,0.01075977653,3.051757812e-05,0.009681870138,0.011383621,0.01053274557,0.011383621,3.051757812e-05,0.000593393267,0.0007673232807,0.0006803582739,0.0007673232807,0.4356161406,False,False,False
8,0.01406171613,0.02810790009,99.995,0.03295403306,0.03295394139,42031,19,0.007928422173,0.001566455492,0.001766000409,0.004763494655,0.01075705214,3.433227539e-05,0.009551472353,0.01150226702,0.01052686969,0.01150226702,3.051757812e-05,0.000585401302,0.0007753207234,0.0006803610127,0.0007753207234,0.898108791,False,False,False
8,0.01406171613,0.02810790009,99.995,0.03389654832,0.03389670379,20431,18,0.007999235555,0.001566455492,0.001766000409,0.004763494655,0.01073722429,2.288818359e-05,0.00967456936,0.01139050275,0.01053253606,0.01139050275,3.051757812e-05,0.0005929458088,0.0007677871516,0.0006803664802,0.0007677871516,0.9100408065,False,False,False
8,0.01672229287,0.0281600416,99.995,0.03343238262,0.03343267272,20753,18,0.00832108603,0.001001466972,0.001773273693,0.004782727789,0.0107563295,3.051757812e-05,0.009664376056,0.01140157323,0.01053297464,0.01140157323,3.051757812e-05,0.0005923210702,0.0007685333669,0.0006804272185,0.0007685333669,0.6951107152,False,False,False
8,0.01823578969,0.02812440017,99.995,0.0329618089,0.03296152292,21023,18,0.009074208659,0.0007809832556,0.001792367383,0.004803954784,0.01078037123,3.814697266e-05,0.009640720021,0.01142338332,0.01053205167,0.01142338332,3.051757812e-05,0.0005908712127,0.0007700034957,0.0006804373542,0.0007700034957,0.7166683141,False,False,False
8,0.01823578969,0.02812440017,99.995,0.0329618089,0.03296152292,21023,18,0.007991157057,0.0007809832556,0.001792367383,0.004803954784,0.01078037123,3.814697266e-05,0.009550616052,0.01150579874,0.01052820739,0.01150579874,3.051757812e-05,0.00058534882,0.0007755587817,0.0006804538009,0.0007755587817,0.5333008887,False,False,False
8,0.01406171613,0.02810790009,99.995,0.03295403306,0.03295394139,42031,19,0.007929122608,0.001566455492,0.001766000409,0.004763494655,0.01075705214,3.433227539e-05,0.009552422175,0.01150466822,0.0105285452,0.01150466822,3.051757812e-05,0.0005854595157,0.0007754825784,0.0006804710471,0.0007754825784,0.89823624,False,False,False
8,0.02364889338,0.02811431987,99.995,0.03314272828,0.03314283057,41801,19,0.007929122608,0.0003852775992,0.001818265261,0.004842340759,0.01074723044,3.433227539e-05,0.009527402584,0.01153268733,0.01053004496,0.01153268733,3.051757812e-05,0.0005839260871,0.000777371232,0.0006806486595,0.000777371232,0.3896609741,False,False,False
8,0.01823578969,0.02812440017,99.995,0.0329618089,0.03296152292,21023,18,0.007592953822,0.0007809832556,0.001792367383,0.004803954784,0.01078037123,3.814697266e-05,0.009475079475,0.01158960867,0.01053234407,0.01158960867,3.051757812e-05,0.00058071925,0.0007812080662,0.0006809636581,0.0007812080662,0.4595577138,False,False,False
8,0.01823578969,0.02812440017,99.995,0.0329432362,0.03294350217,42069,19,0.007592953822,0.0007809832556,0.001792367383,0.004803954784,0.01077825776,3.814697266e-05,0.009468876102,0.01159683925,0.01053285768,0.01159683925,3.051757812e-05,0.0005803390507,0.0007816954504,0.0006810172505,0.0007816954504,0.460346681,False,False,False
8,0.01823578969,0.01955239696,99.95,0.0404774158,0.04047780892,23803,19,0.002015899694,0.0007809832556,0.005047781557,0.009648442096,0.01569812995,0,0.02940689963,0.0295492475,0.02947807356,0.0295492475,0.02450561523,0.001802322898,0.001991793783,0.00189705834,0.001991793783,2.77743879,True,False,False
8,0.01823578969,0.01955239696,99.95,0.0404774158,0.04047780892,23803,19,0.002043622668,0.0007809832556,0.005047781557,0.009648442096,0.01569812995,0,0.02864583558,0.02879220559,0.02871902059,0.02879220559,0.02313232422,0.001755677955,0.001940764688,0.001848221321,0.001940764688,2.757733802,True,False,False
8,0.01823578969,0.01955239696,99.95,0.0404774158,0.04047780892,23803,19,0.002105151198,0.0007809832556,0.005047781557,0.009648442096,0.01569812995,0,0.02703601799,0.02733131318,0.02718366558,0.02733131318,0.01974487305,0.001657013657,0.001842291912,0.001749652784,0.001842291912,2.71493879,True,False,False
8,0.01823578969,0.01955239696,99.95,0.0404774158,0.04047780892,23803,19,0.002134101574,0.0007809832556,0.005047781557,0.009648442096,0.01569812995,0,0.02641166641,0.02670252274,0.02655709458,0.02670252274,0.01809692383,0.0016187477,0.001799907723,0.001709327712,0.001799907723,2.695233802,True,False,False
8,0.01823578969,0.01955239696,99.95,0.0404774158,0.04047780892,23803,19,0.002198354204,0.0007809832556,0.005047781557,0.009648442096,0.01569812995,0,0.02504871591,0.0254730809,0.02526089841,0.0254730809,0.01544189453,0.001535213668,0.001717036083,0.001626124875,0.001717036083,2.65243879,True,False,False
8,0.01823578969,0.01955239696,99.95,0.0404774158,0.04047780892,23803,19,0.002228586322,0.0007809832556,0.005047781557,0.009648442096,0.01569812995,0,0.02446334362,0.02496976509,0.02471655435,0.02496976509,0.01446533203,0.001499336717,0.001683109625,0.001591223171,0.001683109625,2.632733802,True,False,False
8,0.01823578969,0.01955239696,99.95,0.0404774158,0.04047780892,23803,19,0.002262356702,0.0007809832556,0.005047781557,0.009648442096,0.01569812995,0,0.02389692371,0.02442768042,0.02416230207,0.02442768042,0.01324462891,0.001464621342,0.001646569917,0.001555595629,0.001646569917,2.611036231,True,False,False
8,0.01823578969,0.01955239696,99.95,0.0404774158,0.04047780892,23803,19,0.002278348069,0.0007809832556,0.005047781557,0.009648442096,0.01569812995,0,0.02361196688,0.02418894319,0.02390045504,0.02418894319,0.01284790039,0.001447156589,0.001630477618,0.001538817104,0.001630477618,2.600874478,True,False,False
8,0.01823578969,0.01955239696,99.95,0.0404774158,0.04047780892,23803,19,0.00229568366,0.0007809832556,0.005047781557,0.009648442096,0.01569812995,0,0.02333883577,0.02394373896,0.02364128737,0.02394373896,0.01226806641,0.001430416625,0.001613949405,0.001522183015,0.001613949405,2.58993879,True,False,False
8,0.01823578969,0.01955239696,99.95,0.0404774158,0.04047780892,23803,19,0.002327254268,0.0007809832556,0.005047781557,0.009648442096,0.01569812995,0,0.02285318501,0.023521713,0.023187449,0.023521713,0.01168823242,0.001400651519,0.001585502362,0.001493076941,0.001585502362,2.570233802,True,False,False
8,0.01823578969,0.01955239696,99.95,0.0404774158,0.04047780892,23803,19,0.00236251979,0.0007809832556,0.005047781557,0.009648442096,0.01569812995,0,0.02233617864,0.02306549594,0.02270083729,0.02306549594,0.0104675293,0.001368964655,0.001554750638,0.001461857647,0.001554750638,2.548536231,True,False,False
8,0.01823578969,0.01955239696,99.95,0.0404774158,0.04047780892,23803,19,0.002379219155,0.0007809832556,0.005047781557,0.009648442096,0.01569812995,0,0.02212173002,0.02285534286,0.02248853644,0.02285534286,0.009979248047,0.001355821289,0.00154058508,0.001448203184,0.00154058508,2.538374478,True,False,False
8,0.01823578969,0.01955239696,99.95,0.0404774158,0.04047780892,23803,19,0.002397322259,0.0007809832556,0.005047781557,0.009648442096,0.01569812995,0,0.02189020846,0.0226752038,0.02228270613,0.0226752038,0.009521484375,0.001341631537,0.001528442644,0.00143503709,0.001528442644,2.52743879,True,False,False
8,0.01823578969,0.01955239696,99.95,0.0404774158,0.04047780892,23803,19,0.002430290617,0.0007809832556,0.005047781557,0.009648442096,0.01569812995,0,0.02149989633,0.02228841745,0.02189415689,0.02228841745,0.0087890625,0.001317709651,0.001502370959,0.001410040305,0.001502370959,2.507733802,True,False,False
8,0.01823578969,0.01955239696,99.95,0.0404774158,0.04047780892,23803,19,0.002467117477,0.0007809832556,0.005047781557,0.009648442096,0.01569812995,0,0.02104479265,0.02191514513,0.02147996889,0.02191514513,0.007629394531,0.001289816749,0.001477210201,0.001383513475,0.001477210201,2.486036231,True,False,False
8,0.01823578969,0.01955239696,99.95,0.0404774158,0.04047780892,23803,19,0.002484556186,0.0007809832556,0.005047781557,0.009648442096,0.01569812995,0,0.02086104411,0.02174965304,0.02130534858,0.02174965304,0.007385253906,0.001278554963,0.001466055057,0.00137230501,0.001466055057,2.475874478,True,False,False
8,0.01823578969,0.01955239696,99.95,0.0404774158,0.04047780892,23803,19,0.002503460783,0.0007809832556,0.005047781557,0.009648442096,0.01569812995,0,0.02068917574,0.02156715337,0.02112816455,0.02156715337,0.007110595703,0.001268021303,0.001453753501,0.001360887402,0.001453753501,2.46493879,True,False,False
8,0.01823578969,0.01955239696,99.95,0.0404774158,0.04047780892,23803,19,0.002537888775,0.0007809832556,0.005047781557,0.009648442096,0.01569812995,0,0.02031933533,0.02129217173,0.02080575353,0.02129217173,0.006561279297,0.001245354111,0.001435218114,0.001340286113,0.001435218114,2.445233802,True,False,False
8,0.01823578969,0.01955239696,99.95,0.0404774158,0.04047780892,23803,19,0.0025763461,0.0007809832556,0.005047781557,0.009648442096,0.01569812995,0,0.01996776636,0.02096296943,0.0204653679,0.02096296943,0.005859375,0.001223806759,0.001413027936,0.001318417347,0.001413027936,2.423536231,True,False,False
8,0.01823578969,0.01955239696,99.95,0.0404774158,0.04047780892,23803,19,0.002594556886,0.0007809832556,0.005047781557,0.009648442096,0.01569812995,0,0.01981538102,0.02086403902,0.02033971002,0.02086403902,0.005828857422,0.001214467196,0.001406359441,0.001310413319,0.001406359441,2.413374478,True,False,False
8,0.01823578969,0.01955239696,99.95,0.0404774158,0.04047780892,23803,19,0.002614298461,0.0007809832556,0.005047781557,0.009648442096,0.01569812995,0,0.01966067938,0.02069012274,0.02017540106,0.02069012274,0.005615234375,0.00120498567,0.001394636457,0.001299811063,0.001394636457,2.40243879,True,False,False
8,0.01823578969,0.01955239696,99.95,0.0404774158,0.04047780892,23803,19,0.002650250711,0.0007809832556,0.005047781557,0.009648442096,0.01569812995,0,0.01937299754,0.02044790869,0.01991045312,0.02044790869,0.005218505859,0.001187353904,0.0013783098,0.001282831852,0.0013783098,2.382733802,True,False,False
8,0.01823578969,0.01955239696,99.95,0.0404774158,0.04047780892,23803,19,0.002690410686,0.0007809832556,0.005047781557,0.009648442096,0.01569812995,0,0.0190587933,0.02016968768,0.01961424049,0.02016968768,0.004699707031,0.001168096603,0.001359556061,0.001263826332,0.001359556061,2.361036231,True,False,False
8,0.01823578969,0.01955239696,99.95,0.0404774158,0.04047780892,23803,19,0.002709427734,0.0007809832556,0.005047781557,0.009648442096,0.01569812995,0,0.0189213307,0.02007225781,0.01949679426,0.02007225781,0.004516601562,0.001159671642,0.001352988712,0.001256330177,0.001352988712,2.350874478,True,False,False
8,0.01823578969,0.01955239696,99.95,0.0404774158,0.04047780892,23803,19,0.002730043342,0.0007809832556,0.005047781557,0.009648442096,0.01569812995,0,0.01880264438,0.01995187186,0.01937725812,0.01995187186,0.004333496094,0.001152397462,0.001344873988,0.001248635725,0.001344873988,2.33993879,True,False,False
8,0.01823578969,0.01955239696,99.95,0.0404774158,0.04047780892,23803,19,0.002767587334,0.0007809832556,0.005047781557,0.009648442096,0.01569812995,0,0.01855473557,0.01976023987,0.01915748772,0.01976023987,0.003814697266,0.00113720335,0.00133195686,0.001234580105,0.00133195686,2.320233802,True,False,False
8,0.01823578969,0.01955239696,99.95,0.0404774158,0.04047780892,23803,19,0.002789041404,0.0007809832556,0.005047781557,0.009648442096,0.01569812995,0,0.01841891768,0.01965570881,0.01903731325,0.01965570881,0.003540039062,0.001128879192,0.00132491085,0.001226895021,0.00132491085,2.309093294,True,False,False
8,0.01823578969,0.01955239696,99.95,0.0404774158,0.04047780892,23803,19,0.002809525344,0.0007809832556,0.005047781557,0.009648442096,0.01569812995,0,0.01832026829,0.01955738204,0.01893882516,0.01955738204,0.003326416016,0.001122833058,0.001318283044,0.001220558051,0.001318283044,2.298536231,True,False,False
8,0.01823578969,0.01955239696,99.95,0.0404774158,0.04047780892,23803,19,0.002828705121,0.0007809832556,0.005047781557,0.009648442096,0.01569812995,0,0.01822068476,0.01943949122,0.01883008799,0.01943949122,0.003173828125,0.001116729671,0.001310336507,0.001213533089,0.001310336507,2.288720855,True,False,False
8,0.01823578969,0.01955239696,99.95,0.0404774158,0.04047780892,23803,19,0.002829384348,0.0007809832556,0.005047781557,0.009648442096,0.01569812995,0,0.01821768201,0.01944152839,0.0188296052,0.01944152839,0.003143310547,0.001116545635,0.001310473824,0.00121350973,0.001310473824,2.288374478,True,False,False
8,0.01823578969,0.01955239696,99.95,0.0404774158,0.04047780892,23803,19,0.002850912687,0.0007809832556,0.005047781557,0.009648442096,0.01569812995,0,0.01810694785,0.01935246169,0.01872970477,0.01935246169,0.002990722656,0.001109758836,0.001304470203,0.00120711452,0.001304470203,2.27743879,True,False,False
8,0.01823578969,0.01955239696,99.95,0.0404774158,0.04047780892,23803,19,0.002890118894,0.0007809832556,0.005047781557,0.009648442096,0.01569812995,0,0.01790721823,0.01918434072,0.01854577947,0.01918434072,0.002624511719,0.001097517584,0.001293137856,0.00119532772,0.001293137856,2.257733802,True,False,False
8,0.02364889338,0.02811431987,99.995,0.03340469849,0.03340494926,41473,19,0.009475958199,0.0003852775992,0.001818265261,0.004842340759,0.01075977653,3.051757812e-05,0.009789001541,0.01129151103,0.01054025629,0.01129151103,0,0.000599959256,0.0007611145252,0.0006805368906,0.0007611145252,0.6354065284,False,False,False
8,0.01823578969,0.02812440017,99.995,0.0329618089,0.03296152292,21023,18,0.009475958199,0.0007809832556,0.001792367383,0.004803954784,0.01078037123,3.814697266e-05,0.009634328026,0.01144961196,0.01054196999,0.01144961196,0,0.000590479453,0.0007717714614,0.0006811254572,0.0007717714614,0.7791683141,False,False,False
8,0.01406171613,0.02810790009,99.995,0.03389654832,0.03389670379,20431,18,0.009475958199,0.001566455492,0.001766000409,0.004763494655,0.01073722429,2.288818359e-05,0.009817711787,0.01127366235,0.01054568707,0.01127366235,0,0.0006017188817,0.0007599114185,0.0006808151501,0.0007599114185,1.154450505,False,False,False
8,0.02364889338,0.02811431987,99.995,0.03314272828,0.03314283057,41801,19,0.009450000272,0.0003852775992,0.001818265261,0.004842340759,0.01074723044,3.433227539e-05,0.009661316516,0.01144208485,0.01055170069,0.01144208485,0,0.0005921335537,0.0007712640898,0.0006816988218,0.0007712640898,0.6428141107,False,False,False
8,0.01823578969,0.02812440017,99.995,0.0329618089,0.03296152292,21023,18,0.009503140829,0.0007809832556,0.001792367383,0.004803954784,0.01078037123,3.814697266e-05,0.009627208477,0.01147887593,0.0105530422,0.01147887593,0,0.0005900431021,0.0007737440258,0.0006818935639,0.0007737440258,0.7833008887,False,False,False
8,0.01406171613,0.02810790009,99.995,0.03389654832,0.03389670379,20431,18,0.009512747836,0.001566455492,0.001766000409,0.004763494655,0.01073722429,2.288818359e-05,0.009826485811,0.01128345517,0.01055497049,0.01128345517,0,0.0006022566339,0.0007605715125,0.0006814140732,0.0007605715125,1.160040806,False,False,False
8,0.01823578969,0.02812440017,99.995,0.0329432362,0.03294350217,42069,19,0.009497945263,0.0007809832556,0.001792367383,0.004803954784,0.01077825776,3.814697266e-05,0.009644629177,0.01146594315,0.01055528617,0.01146594315,0,0.0005911108014,0.0007728722801,0.0006819915408,0.0007728722801,0.7833008887,False,False,False
8,0.02364889338,0.02811431987,99.995,0.03343238262,0.03343235746,41439,19,0.009377430033,0.0003852775992,0.001818265261,0.004842340759,0.01078170105,3.051757812e-05,0.009843201437,0.01129323414,0.01056821779,0.01129323414,0,0.0006032811198,0.0007612306725,0.0006822558961,0.0007612306725,0.619144066,False,False,False
8,0.02364889338,0.02811431987,99.995,0.03314272828,0.03314283057,41801,19,0.009475958199,0.0003852775992,0.001818265261,0.004842340759,0.01074723044,3.433227539e-05,0.009683692439,0.01145465802,0.01056917523,0.01145465802,0,0.0005935049542,0.0007721115953,0.0006828082748,0.0007721115953,0.6467715744,False,False,False
8,0.01823578969,0.02812440017,99.995,0.0329432362,0.03294350217,42069,19,0.009475958199,0.0007809832556,0.001792367383,0.004803954784,0.01077825776,3.814697266e-05,0.009660304551,0.01149424545,0.010577275,0.01149424545,0,0.0005920715312,0.0007747800221,0.0006834257766,0.0007747800221,0.7799572813,False,False,False
8,0.01406171613,0.02810790009,99.995,0.0329432362,0.0329429685,42045,19,0.009475958199,0.001566455492,0.001766000409,0.004763494655,0.01076359721,3.814697266e-05,0.009729302604,0.01144409845,0.01058670053,0.01144409845,0,0.0005963003609,0.0007713998183,0.0006838500896,0.0007713998183,1.155827304,False,False,False
8,0.01823578969,0.02812440017,99.995,0.03391644648,0.03391660205,20431,18,0.009475958199,0.0007809832556,0.001792367383,0.004803954784,0.01075979969,2.288818359e-05,0.009905480369,0.01128016482,0.0105928226,0.01128016482,0,0.0006070981405,0.0007603497235,0.000683723932,0.0007603497235,0.7794505052,False,False,False
8,0.01406171613,0.02810790009,99.995,0.03295403306,0.03295394139,42031,19,0.009475958199,0.001566455492,0.001766000409,0.004763494655,0.01075705214,3.433227539e-05,0.009742070251,0.01144426416,0.0105931672,0.01144426416,0,0.0005970828787,0.0007714109879,0.0006842469333,0.0007714109879,1.15534684,False,False,False
8,0.01672229287,0.0281600416,99.995,0.03340469849,0.03340450432,41541,19,0.009895494711,0.001001466972,0.001773273693,0.004782727789,0.01075427778,3.051757812e-05,0.009767511394,0.01142056006,0.01059403573,0.01142056006,0,0.0005986421439,0.0007698131917,0.0006842276678,0.0007698131917,0.9463017205,False,False,False
8,0.01406171613,0.02810790009,99.995,0.0329432362,0.0329429685,42045,19,0.009503543902,0.001566455492,0.001766000409,0.004763494655,0.01076359721,3.814697266e-05,0.009753863862,0.01143578976,0.01059482681,0.01143578976,0,0.0005978056987,0.0007708397631,0.0006843227309,0.0007708397631,1.160021069,False,False,False
8,0.02364889338,0.02811431987,99.995,0.03343238262,0.03343235746,41439,19,0.009475958199,0.0003852775992,0.001818265261,0.004842340759,0.01078170105,3.051757812e-05,0.009846179065,0.01134975708,0.01059796807,0.01134975708,0,0.000603463616,0.0007650406528,0.0006842521344,0.0007650406528,0.6342233068,False,False,False
8,0.02364889338,0.02811431987,99.995,0.03340469849,0.03340494926,41473,19,0.009395574941,0.0003852775992,0.001818265261,0.004842340759,0.01075977653,3.051757812e-05,0.009837890647,0.01136137645,0.01059963355,0.01136137645,0,0.0006029556262,0.0007658238666,0.0006843897464,0.0007658238666,0.6231161406,False,False,False
8,0.01672229287,0.0281600416,99.995,0.03319662762,0.03319673007,41801,19,0.009895494711,0.001001466972,0.001773273693,0.004782727789,0.0107341836,3.433227539e-05,0.009718803201,0.01148489906,0.01060185113,0.01148489906,0,0.0005956568618,0.0007741500204,0.0006849034411,0.0007741500204,0.9553032306,False,False,False
8,0.01406171613,0.02810790009,99.995,0.03340469849,0.03340457048,5183,16,0.009475958199,0.001566455492,0.001766000409,0.004763494655,0.01074026231,3.051757812e-05,0.00978059265,0.01142589983,0.01060324624,0.01142589983,0,0.0005994438825,0.0007701731233,0.0006848085029,0.0007701731233,1.135752358,False,False,False
8,0.01406171613,0.02810790009,99.995,0.03295403306,0.03295394139,42031,19,0.009496433667,0.001566455492,0.001766000409,0.004763494655,0.01075705214,3.433227539e-05,0.009764681714,0.01144315961,0.01060392066,0.01144315961,0,0.0005984687153,0.0007713365345,0.0006849026249,0.0007713365345,1.158460825,False,False,False
8,0.01533441018,0.02811661954,99.995,0.0329432362,0.03294300212,21029,18,0.009659693095,0.001266873168,0.001769903162,0.004781480787,0.01076920397,3.814697266e-05,0.009780117436,0.0114305053,0.01060531137,0.0114305053,0,0.0005994147571,0.0007704835597,0.0006849491584,0.0007704835597,1.058083876,False,False,False
8,0.01672229287,0.0281600416,99.995,0.03343238262,0.03343267272,20753,18,0.009475958199,0.001001466972,0.001773273693,0.004782727789,0.0107563295,3.051757812e-05,0.009821567241,0.01139878964,0.01061017844,0.01139878964,0,0.000601955179,0.000768345737,0.000685150458,0.000768345737,0.8826107152,False,False,False
8,0.02364889338,0.02811431987,99.995,0.03314272828,0.03314283057,41801,19,0.009895494711,0.0003852775992,0.001818265261,0.004842340759,0.01074723044,3.433227539e-05,0.009737553516,0.01148598127,0.01061176739,0.01148598127,0,0.000596806052,0.0007742229677,0.0006855145098,0.0007742229677,0.7092715744,False,False,False
8,0.01406171613,0.02810790009,99.995,0.03340469849,0.03340457048,5183,16,0.009411717772,0.001566455492,0.001766000409,0.004763494655,0.01074026231,3.051757812e-05,0.009771569679,0.01145226995,0.01061191981,0.01145226995,0,0.0005988908726,0.0007719506253,0.0006854207489,0.0007719506253,1.125938582,False,False,False
8,0.01823578969,0.02812440017,99.995,0.03391644648,0.03391660205,20431,18,0.009546675546,0.0007809832556,0.001792367383,0.004803954784,0.01075979969,2.288818359e-05,0.009915977025,0.01130861105,0.01061229404,0.01130861105,0,0.0006077414713,0.0007622671669,0.0006850043191,0.0007622671669,0.7901770993,False,False,False
8,0.01533441018,0.02811661954,99.995,0.03295269,0.03295240411,21023,18,0.009667793127,0.001266873168,0.001769903162,0.004781480787,0.01077283623,3.814697266e-05,0.009779951518,0.01144561933,0.01061278542,0.01144561933,0,0.0005994045881,0.0007715023342,0.0006854534611,0.0007715023342,1.058881437,False,False,False
8,0.01533441018,0.02811661954,99.995,0.0329432362,0.03294300212,21029,18,0.009895494711,0.001266873168,0.001769903162,0.004781480787,0.01076920397,3.814697266e-05,0.009815191182,0.01141266096,0.01061392607,0.01141266096,0,0.000601564396,0.0007692807459,0.0006854225709,0.0007692807459,1.092878358,False,False,False
8,0.01406171613,0.02810790009,99.995,0.03295403306,0.03295394139,42031,19,0.009895494711,0.001566455492,0.001766000409,0.004763494655,0.01075705214,3.433227539e-05,0.009764451485,0.01146587258,0.01061516203,0.01146587258,0,0.0005984546048,0.0007728675233,0.0006856610641,0.0007728675233,1.21784684,False,False,False
8,0.01672229287,0.0281600416,99.995,0.03319662762,0.03319673007,41801,19,0.00965956187,0.001001466972,0.001773273693,0.004782727789,0.0107341836,3.433227539e-05,0.009747027696,0.01148497297,0.01061600033,0.01148497297,0,0.0005973867162,0.0007741550018,0.000685770859,0.0007741550018,0.9204891501,False,False,False
9,0.008150216325,0.03279314414,100,0.03935089831,0.03935128396,47791,19,0.01036087844,0.0002955032676,0.001787617683,0.006417009656,0.01230782377,1.907348633e-05,0.011007879,0.01201117194,0.01150952547,0.01201117194,0,0.0008861879335,0.0009340990888,0.0009101435111,0.0009340990888,0.08365775245,False,True,True
9,0.008150216325,0.03279314414,100,0.03935089831,0.03935128396,47791,19,0.01031835557,0.0002955032676,0.001787617683,0.006417009656,0.01230782377,1.907348633e-05,0.01101970522,0.01201747815,0.01151859168,0.01201747815,3.051757812e-05,0.0008871400015,0.0009345895178,0.0009108647597,0.0009345895178,0.07772449341,False,False,False
9,0.008150216325,0.03279314414,100,0.03935089831,0.03935128396,47791,19,0.009500967422,0.0002955032676,0.001787617683,0.006417009656,0.01230782377,1.907348633e-05,0.01112343066,0.01191248496,0.01151795781,0.01191248496,3.051757812e-05,0.0008954904056,0.0009264242827,0.0009109573442,0.0009264242827,0.07179123437,False,False,False
9,0.008150216325,0.03279314414,100,0.03935089831,0.03935128396,47791,19,0.009593309025,0.0002955032676,0.001787617683,0.006417009656,0.01230782377,1.907348633e-05,0.01112004544,0.01191814757,0.0115190965,0.01191814757,3.051757812e-05,0.0008952178784,0.0009268646593,0.0009110412689,0.0009268646593,0.05783712498,False,False,False
9,0.008150216325,0.03279314414,100,0.03935089831,0.03935128396,47791,19,0.009060817129,0.0002955032676,0.001787617683,0.006417009656,0.01230782377,1.907348633e-05,0.01118604832,0.01187051869,0.01152828351,0.01187051869,3.051757812e-05,0.0009005314323,0.0009231606002,0.0009118460163,0.0009231606002,0.1402244934,False,False,False
9,0.008150216325,0.03279314414,100,0.03935089831,0.03935128396,47791,19,0.009461973775,0.0002955032676,0.001787617683,0.006417009656,0.01230782377,1.907348633e-05,0.01111659045,0.0119455856,0.01153108803,0.0119455856,3.051757812e-05,0.0008949397351,0.0009289984926,0.0009119691138,0.0009289984926,0.07772449341,False,False,False
9,0.008150216325,0.03279314414,100,0.03935089831,0.03935128396,47791,19,0.009186584195,0.0002955032676,0.001787617683,0.006417009656,0.01230782377,1.907348633e-05,0.01120164558,0.01186505827,0.01153335192,0.01186505827,3.051757812e-05,0.0009017870874,0.0009227359474,0.0009122615174,0.0009227359474,0.120337125,False,False,False
9,0.008150216325,0.03279314414,100,0.03935089831,0.03935128396,47791,19,0.009098157574,0.0002955032676,0.001787617683,0.006417009656,0.01230782377,1.907348633e-05,0.0111901991,0.01188506428,0.01153763169,0.01188506428,3.051757812e-05,0.0009008655903,0.0009242917984,0.0009125786944,0.0009242917984,0.1342912344,False,False,False
9,0.008150216325,0.03279314414,100,0.03935089831,0.03935128396,47791,19,0.0100180411,0.0002955032676,0.001787617683,0.006417009656,0.01230782377,1.907348633e-05,0.01112559262,0.01195585199,0.01154072231,0.01195585199,3.051757812e-05,0.0008956644538,0.0009297969017,0.0009127306777,0.0009297969017,0.03511186185,False,False,False
9,0.008150216325,0.03279314414,100,0.03935089831,0.03935128396,47791,19,0.009921611187,0.0002955032676,0.001787617683,0.006417009656,0.01230782377,1.907348633e-05,0.01114247184,0.01194895988,0.01154571586,0.01194895988,3.051757812e-05,0.000897023313,0.0009292609074,0.0009131421102,0.0009292609074,0.02115775245,False,False,False
9,0.008150216325,0.03279314414,100,0.03935089831,0.03935128396,47791,19,0.00897723299,0.0002955032676,0.001787617683,0.006417009656,0.01230782377,1.907348633e-05,0.01119943521,0.01190119846,0.01155031683,0.01190119846,3.051757812e-05,0.0009016091419,0.0009255465407,0.0009135778413,0.0009255465407,0.1535948172,False,False,False
9,0.008150216325,0.03279314414,100,0.03935089831,0.03935128396,47791,19,0.00937468905,0.0002955032676,0.001787617683,0.006417009656,0.01230782377,1.907348633e-05,0.01119354693,0.0119203856,0.01155696627,0.0119203856,3.051757812e-05,0.000901135107,0.000927038709,0.000914086908,0.000927038709,0.0910948172,False,False,False
9,0.008150216325,0.03279314414,100,0.03935089831,0.03935128396,47791,19,0.01046157767,0.0002955032676,0.001787617683,0.006417009656,0.01230782377,1.907348633e-05,0.01106176253,0.01206585622,0.01156380938,0.01206585622,0,0.0008905258199,0.0009383518414,0.0009144388306,0.0009383518414,0.09761186185,False,False,False
9,0.008150216325,0.03279314414,100,0.03935089831,0.03935128396,47791,19,0.008960847666,0.0002955032676,0.001787617683,0.006417009656,0.01230782377,1.907348633e-05,0.01122382761,0.01190100436,0.01156241599,0.01190100436,3.051757812e-05,0.0009035728497,0.0009255314458,0.0009145521477,0.0009255314458,0.1562304428,False,False,False
9,0.008150216325,0.03279314414,100,0.03935089831,0.03935128396,47791,19,0.009880891143,0.0002955032676,0.001787617683,0.006417009656,0.01230782377,1.907348633e-05,0.01116080502,0.01197751518,0.0115691601,0.01197751518,3.051757812e-05,0.0008984992237,0.0009314816298,0.0009149904268,0.0009314816298,0.01522449341,False,False,False
9,0.008150216325,0.03279314414,100,0.03935089831,0.03935128396,47791,19,0.008676668208,0.0002955032676,0.001787617683,0.006417009656,0.01230782377,1.907348633e-05,0.01123938004,0.01190029111,0.01156983558,0.01190029111,3.051757812e-05,0.0009048248961,0.0009254759771,0.0009151504366,0.0009254759771,0.2027244934,False,False,False
9,0.008150216325,0.03279314414,100,0.03935089831,0.03935128396,47791,19,0.008596627763,0.0002955032676,0.001787617683,0.006417009656,0.01230782377,1.907348633e-05,0.01127960996,0.01187166334,0.01157563665,0.01187166334,6.103515625e-05,0.0009080636003,0.0009232496188,0.0009156566096,0.0009232496188,0.2160948172,False,False,False
9,0.008887873926,0.03576141366,100,0.03962048173,0.03962024957,51763,19,0.0100180411,0.0002478462102,0.002120466038,0.006532425033,0.01218765905,1.907348633e-05,0.01113109256,0.01203951716,0.01158530486,0.01203951716,3.051757812e-05,0.0008961072255,0.0009363034737,0.0009162053496,0.0009363034737,0.2949486574,False,False,False
9,0.008887873926,0.03576141366,100,0.03962048173,0.03962024957,51763,19,0.008907336321,0.0002478462102,0.002120466038,0.006532425033,0.01218765905,1.907348633e-05,0.01129026988,0.01187672925,0.01158349957,0.01187672925,3.051757812e-05,0.0009089217759,0.0009236435904,0.0009162826832,0.0009236435904,0.4247083832,False,False,False
9,0.008150216325,0.03279314414,100,0.03935089831,0.03935128396,47791,19,0.008580937123,0.0002955032676,0.001787617683,0.006417009656,0.01230782377,1.907348633e-05,0.01129200654,0.01188453317,0.01158826985,0.01188453317,6.103515625e-05,0.0009090615857,0.0009242504944,0.0009166560401,0.0009242504944,0.2187304428,False,False,False
9,0.008150216325,0.03279314414,100,0.04109311142,0.04109335107,45765,19,0.009880891143,0.0002955032676,0.001787617683,0.006417009656,0.01234258962,1.525878906e-05,0.01141583898,0.01175844688,0.01158714293,0.01175844688,3.051757812e-05,0.0009190307007,0.0009144448661,0.0009167377834,0.0009190307007,0.07771876826,False,False,False
9,0.008150216325,0.03279314414,100,0.03935089831,0.03935128396,47791,19,0.008712425541,0.0002955032676,0.001787617683,0.006417009656,0.01230782377,1.907348633e-05,0.01127023862,0.0119115477,0.01159089316,0.0119115477,3.051757812e-05,0.0009073091616,0.0009263513924,0.000916830277,0.0009263513924,0.1967912344,False,False,False
9,0.008887873926,0.03576141366,100,0.03962048173,0.03962024957,51763,19,0.008529694484,0.0002478462102,0.002120466038,0.006532425033,0.01218765905,1.907348633e-05,0.01134271819,0.01184179001,0.0115922541,0.01184179001,3.051757812e-05,0.000913144121,0.0009209263935,0.0009170352573,0.0009209263935,0.4872083832,False,False,False
9,0.008887873926,0.03576141366,100,0.03962048173,0.03962024957,51763,19,0.01031835557,0.0002478462102,0.002120466038,0.006532425033,0.01218765905,1.907348633e-05,0.0111985347,0.01199371671,0.01159612571,0.01199371671,0,0.0009015366465,0.0009327416102,0.0009171391283,0.0009327416102,0.337561289,False,False,False
9,0.008150216325,0.03279314414,100,0.03935089831,0.03935128396,47791,19,0.008308805942,0.0002955032676,0.001787617683,0.006417009656,0.01230782377,1.907348633e-05,0.01135859009,0.01183093003,0.01159476006,0.01183093003,6.103515625e-05,0.0009144218857,0.0009200818219,0.0009172518538,0.0009200818219,0.2652244934,False,False,False
9,0.008887873926,0.03576141366,100,0.03962048173,0.03962024957,51763,19,0.008580937123,0.0002478462102,0.002120466038,0.006532425033,0.01218765905,1.907348633e-05,0.01135596692,0.01183423488,0.0115951009,0.01183423488,3.051757812e-05,0.0009142107078,0.0009203388374,0.0009172747726,0.0009203388374,0.4785672384,False,False,False
9,0.008887873926,0.03576141366,100,0.03962048173,0.03962024957,51763,19,0.009186584195,0.0002478462102,0.002120466038,0.006532425033,0.01218765905,1.907348633e-05,0.01124750379,0.0119492573,0.01159838055,0.0119492573,3.051757812e-05,0.0009054788972,0.000929284038,0.0009173814676,0.000929284038,0.3801739206,False,False,False
9,0.008150216325,0.03279314414,100,0.04109311142,0.04109335107,45765,19,0.008874288107,0.0002955032676,0.001787617683,0.006417009656,0.01234258962,1.525878906e-05,0.01146268047,0.01172845031,0.01159556539,0.01172845031,3.051757812e-05,0.0009228016692,0.0009121120572,0.0009174568632,0.0009228016692,0.232728539,False,False,False
9,0.008150216325,0.03279314414,100,0.04109311142,0.04109335107,45765,19,0.009060817129,0.0002955032676,0.001787617683,0.006417009656,0.01234258962,1.525878906e-05,0.01150420585,0.01169167866,0.01159794226,0.01169167866,3.051757812e-05,0.0009261446649,0.0009092523561,0.0009176985105,0.0009261446649,0.2027187683,False,False,False
9,0.008150216325,0.03279314414,100,0.03935089831,0.03935128396,47791,19,0.008096145741,0.0002955032676,0.001787617683,0.006417009656,0.01230782377,1.907348633e-05,0.01140736188,0.01179334002,0.01160035095,0.01179334002,6.103515625e-05,0.0009183482533,0.0009171584777,0.0009177533655,0.0009183482533,0.3026303951,False,False,False
9,0.008150216325,0.03279314414,100,0.0388623424,0.0388625643,6049,16,0.00886417138,0.0002955032676,0.001787617683,0.006417009656,0.01233736727,1.907348633e-05,0.01120962722,0.01199901627,0.01160432174,0.01199901627,3.051757812e-05,0.0009024296486,0.0009331537524,0.0009177917005,0.0009331537524,0.1594605044,False,False,False
9,0.008150216325,0.03279314414,100,0.04109311142,0.04109335107,45765,19,0.009267186408,0.0002955032676,0.001787617683,0.006417009656,0.01234258962,1.525878906e-05,0.01144818654,0.0117558687,0.01160202762,0.0117558687,3.051757812e-05,0.0009216348371,0.0009142443631,0.0009179396001,0.0009216348371,0.170228539,False,False,False
9,0.008150216325,0.03279314414,100,0.04109311142,0.04109335107,45765,19,0.009461973775,0.0002955032676,0.001787617683,0.006417009656,0.01234258962,1.525878906e-05,0.0114336933,0.01177406029,0.01160387679,0.01177406029,3.051757812e-05,0.0009204680609,0.0009156591081,0.0009180635845,0.0009204680609,0.1402187683,False,False,False
9,0.009692295243,0.03899813035,100,0.05253259777,0.05253291487,42573,19,0.002147763547,0.0002300650689,0.001981282428,0.006189470648,0.01446351978,0,0.03730907355,0.02633408486,0.03182157921,0.03730907355,0.02597045898,0.003003562338,0.002047980397,0.002525771367,0.003003562338,3.133852141,True,False,False
9,0.009692295243,0.03899813035,100,0.05253259777,0.05253291487,42573,19,0.002150467757,0.0002300650689,0.001981282428,0.006189470648,0.01446351978,0,0.0372430441,0.02626073392,0.03175188901,0.0372430441,0.02590942383,0.002998246645,0.002042275954,0.002520261299,0.002998246645,3.132036812,True,False,False
9,0.009692295243,0.03899813035,100,0.05253259777,0.05253291487,42573,19,0.002242853163,0.0002300650689,0.001981282428,0.006189470648,0.01446351978,0,0.03517432892,0.02396958425,0.02957195658,0.03517432892,0.02044677734,0.002831704986,0.001864095104,0.002347900045,0.002831704986,3.071352141,True,False,False
9,0.009692295243,0.03899813035,100,0.05253259777,0.05253291487,42573,19,0.002245677099,0.0002300650689,0.001981282428,0.006189470648,0.01446351978,0,0.03512781863,0.02390804703,0.02951793283,0.03512781863,0.02038574219,0.002827960681,0.001859309405,0.002343635043,0.002827960681,3.069536812,True,False,False
9,0.009692295243,0.03899813035,100,0.05253259777,0.05253291487,42573,19,0.002342152756,0.0002300650689,0.001981282428,0.006189470648,0.01446351978,0,0.03331469557,0.02202824389,0.02767146973,0.03331469557,0.015625,0.002681995434,0.001713118641,0.002197557038,0.002681995434,3.008852141,True,False,False
9,0.009692295243,0.03899813035,100,0.05253259777,0.05253291487,42573,19,0.002345101718,0.0002300650689,0.001981282428,0.006189470648,0.01446351978,0,0.03326324346,0.02198116067,0.02762220207,0.03326324346,0.01556396484,0.002677853288,0.001709457017,0.002193655153,0.002677853288,3.007036812,True,False,False
9,0.009692295243,0.03899813035,100,0.05253259777,0.05253291487,42573,19,0.002402024723,0.0002300650689,0.001981282428,0.006189470648,0.01446351978,0,0.03233895757,0.02105988002,0.02669941879,0.03233895757,0.01354980469,0.002603443767,0.001637809769,0.002120626768,0.002603443767,2.972436313,True,False,False
9,0.009692295243,0.03899813035,100,0.05253259777,0.05253291487,42573,19,0.002419217421,0.0002300650689,0.001981282428,0.006189470648,0.01446351978,0,0.03209943574,0.02080565188,0.02645254381,0.03209943574,0.0129699707,0.002584161092,0.001618038653,0.002101099873,0.002584161092,2.962146879,True,False,False
9,0.009692295243,0.03899813035,100,0.05253259777,0.05253291487,42573,19,0.002445848717,0.0002300650689,0.001981282428,0.006189470648,0.01446351978,0,0.03169079728,0.0204193702,0.02605508374,0.03169079728,0.01245117188,0.002551263704,0.00158799784,0.002069630772,0.002551263704,2.946352141,True,False,False
9,0.009692295243,0.03899813035,100,0.05253259777,0.05253291487,42573,19,0.002448928241,0.0002300650689,0.001981282428,0.006189470648,0.01446351978,0,0.03164226885,0.02037978552,0.02601102719,0.03164226885,0.01232910156,0.002547356928,0.001584919372,0.00206613815,0.002547356928,2.944536812,True,False,False
9,0.009692295243,0.03899813035,100,0.05253259777,0.05253291487,42573,19,0.002508371443,0.0002300650689,0.001981282428,0.006189470648,0.01446351978,0,0.03085184128,0.01959068526,0.02522126327,0.03085184128,0.01062011719,0.002483723655,0.001523551686,0.00200363767,0.002483723655,2.909936313,True,False,False
9,0.009692295243,0.03899813035,100,0.05253259777,0.05253291487,42573,19,0.002526325327,0.0002300650689,0.001981282428,0.006189470648,0.01446351978,0,0.03061014861,0.0193787615,0.02499445506,0.03061014861,0.01031494141,0.002464266217,0.001507070547,0.001985668382,0.002464266217,2.899646879,True,False,False
9,0.009692295243,0.03899813035,100,0.05253259777,0.05253291487,42573,19,0.002554135691,0.0002300650689,0.001981282428,0.006189470648,0.01446351978,0,0.03026406893,0.01904825055,0.02465615974,0.03026406893,0.009704589844,0.002436405115,0.001481366979,0.001958886047,0.002436405115,2.883852141,True,False,False
9,0.009692295243,0.03899813035,100,0.05253259777,0.05253291487,42573,19,0.002557351558,0.0002300650689,0.001981282428,0.006189470648,0.01446351978,0,0.03021137851,0.01901908404,0.02461523128,0.03021137851,0.009674072266,0.002432163279,0.001479098723,0.001955631001,0.002432163279,2.882036812,True,False,False
9,0.009692295243,0.03899813035,100,0.05253259777,0.05253291487,42573,19,0.002619426534,0.0002300650689,0.001981282428,0.006189470648,0.01446351978,0,0.02949625188,0.01837130312,0.0239337775,0.02949625188,0.008178710938,0.002374592098,0.001428721327,0.001901656712,0.002374592098,2.847436313,True,False,False
9,0.009692295243,0.03899813035,100,0.05253259777,0.05253291487,42573,19,0.002638175304,0.0002300650689,0.001981282428,0.006189470648,0.01446351978,0,0.02929026943,0.01818927457,0.023739772,0.02929026943,0.007873535156,0.002358009507,0.001414565114,0.00188628731,0.002358009507,2.837146879,True,False,False
9,0.009692295243,0.03899813035,100,0.05253259777,0.05253291487,42573,19,0.002667216939,0.0002300650689,0.001981282428,0.006189470648,0.01446351978,0,0.02900489131,0.01794875168,0.0234768215,0.02900489131,0.007415771484,0.002335035177,0.001395859844,0.00186544751,0.002335035177,2.821352141,True,False,False
9,0.009692295243,0.03899813035,100,0.05253259777,0.05253291487,42573,19,0.002670575184,0.0002300650689,0.001981282428,0.006189470648,0.01446351978,0,0.02896676822,0.01791495379,0.02344086101,0.02896676822,0.007415771484,0.002331966082,0.00139323141,0.001862598746,0.002331966082,2.819536812,True,False,False
9,0.009692295243,0.03899813035,100,0.05253259777,0.05253291487,42573,19,0.002735398455,0.0002300650689,0.001981282428,0.006189470648,0.01446351978,0,0.02829443753,0.01739098498,0.02284271125,0.02829443753,0.006439208984,0.002277840183,0.001352482781,0.001815161482,0.002277840183,2.784936313,False,False,False
9,0.009692295243,0.03899813035,100,0.05253259777,0.05253291487,42573,19,0.002754977304,0.0002300650689,0.001981282428,0.006189470648,0.01446351978,0,0.02815146918,0.01724574942,0.0226986093,0.02815146918,0.006134033203,0.002266330534,0.001341187929,0.001803759232,0.002266330534,2.774646879,False,False,False
9,0.009692295243,0.03899813035,100,0.05253259777,0.05253291487,42573,19,0.002785304722,0.0002300650689,0.001981282428,0.006189470648,0.01446351978,0,0.02783705235,0.01702373881,0.02243039558,0.02783705235,0.005554199219,0.002241018446,0.001323922344,0.001782470395,0.002241018446,2.758852141,False,False,False
9,0.009692295243,0.03899813035,100,0.05253259777,0.05253291487,42573,19,0.002788811649,0.0002300650689,0.001981282428,0.006189470648,0.01446351978,0,0.02780538616,0.01699932847,0.02240235731,0.02780538616,0.005523681641,0.002238469163,0.001322023972,0.001780246568,0.002238469163,2.757036812,False,False,False
9,0.009692295243,0.03899813035,100,0.05253259777,0.05253291487,42573,19,0.002856504891,0.0002300650689,0.001981282428,0.006189470648,0.01446351978,0,0.0272150943,0.01659669605,0.02190589518,0.0272150943,0.005035400391,0.00219094779,0.001290711576,0.001740829683,0.00219094779,2.722436313,False,False,False
9,0.009692295243,0.03899813035,100,0.05253259777,0.05253291487,42573,19,0.00287695057,0.0002300650689,0.001981282428,0.006189470648,0.01446351978,0,0.02704343269,0.01646162238,0.02175252754,0.02704343269,0.004730224609,0.002177128194,0.001280207006,0.0017286676,0.002177128194,2.712146879,False,False,False
9,0.009692295243,0.03899813035,100,0.05253259777,0.05253291487,42573,19,0.002908620697,0.0002300650689,0.001981282428,0.006189470648,0.01446351978,0,0.02680523257,0.01630547976,0.02155535617,0.02680523257,0.004425048828,0.002157951923,0.001268063921,0.001713007922,0.002157951923,2.696352141,False,False,False
9,0.009692295243,0.03899813035,100,0.05253259777,0.05253291487,42573,19,0.002912282889,0.0002300650689,0.001981282428,0.006189470648,0.01446351978,0,0.02679033822,0.01628645099,0.0215383946,0.02679033822,0.004364013672,0.002156752855,0.001266584069,0.001711668462,0.002156752855,2.694536812,False,False,False
9,0.009692295243,0.03899813035,100,0.05253259777,0.05253291487,42573,19,0.002982973167,0.0002300650689,0.001981282428,0.006189470648,0.01446351978,0,0.02625842183,0.01593879213,0.02109860698,0.02625842183,0.003570556641,0.002113930992,0.001239546922,0.001676738957,0.002113930992,2.659936313,False,False,False
9,0.009692295243,0.03899813035,100,0.05253259777,0.05253291487,42573,19,0.003004324053,0.0002300650689,0.001981282428,0.006189470648,0.01446351978,0,0.02609141561,0.01585234726,0.02097188144,0.02609141561,0.003387451172,0.002100486177,0.001232824175,0.001666655176,0.002100486177,2.649646879,False,False,False
9,0.009692295243,0.03899813035,100,0.05253259777,0.05253291487,42573,19,0.003037396337,0.0002300650689,0.001981282428,0.006189470648,0.01446351978,0,0.02581791492,0.01571226632,0.02076509062,0.02581791492,0.003143310547,0.002078468038,0.001221930193,0.001650199116,0.002078468038,2.633852141,False,False,False
9,0.009692295243,0.03899813035,100,0.05253259777,0.05253291487,42573,19,0.003041220668,0.0002300650689,0.001981282428,0.006189470648,0.01446351978,0,0.02580606421,0.01569916949,0.02075261685,0.02580606421,0.003143310547,0.002077513998,0.001220911664,0.001649212831,0.002077513998,2.632036812,False,False,False
9,0.009692295243,0.03899813035,100,0.05253259777,0.05253291487,42573,19,0.003102396632,0.0002300650689,0.001981282428,0.006189470648,0.01446351978,0,0.02542187001,0.01549729457,0.02045958229,0.02542187001,0.002807617188,0.002046584491,0.001205212016,0.001625898253,0.002046584491,2.60330417,False,False,False
9,0.009692295243,0.03899813035,100,0.05253259777,0.05253291487,42573,19,0.00311203781,0.0002300650689,0.001981282428,0.006189470648,0.01446351978,0,0.02535910426,0.0154820139,0.02042055908,0.02535910426,0.002716064453,0.002041531543,0.00120402365,0.001622777596,0.002041531543,2.598827724,False,False,False
9,0.008887873926,0.03576141366,100,0.03962048173,0.03962024957,51763,19,0.01009483856,0.0002478462102,0.002120466038,0.006532425033,0.01218765905,1.907348633e-05,0.01116143474,0.01206198448,0.01161170961,0.01206198448,0,0.0008985499192,0.0009380507391,0.0009183003292,0.0009380507391,0.3059660599,False,False,False
9,0.008150216325,0.03279314414,100,0.04109311142,0.04109335107,45765,19,0.01031835557,0.0002955032676,0.001787617683,0.006417009656,0.01234258962,1.525878906e-05,0.01143098903,0.01180196441,0.01161647672,0.01180196441,0,0.000920250354,0.0009178291894,0.0009190397717,0.000920250354,0.1402187683,False,False,False
9,0.008150216325,0.03279314414,100,0.03935089831,0.03935128396,47791,19,0.0107751882,0.0002955032676,0.001787617683,0.006417009656,0.01230782377,1.907348633e-05,0.01117428188,0.01207771692,0.0116259994,0.01207771692,0,0.0008995841761,0.0009392742382,0.0009194292072,0.0009392742382,0.1402244934,False,False,False
9,0.008150216325,0.03279314414,100,0.03935089831,0.03935128396,47791,19,0.01081959372,0.0002955032676,0.001787617683,0.006417009656,0.01230782377,1.907348633e-05,0.01117660119,0.01208584471,0.01163122295,0.01208584471,0,0.0008997708918,0.0009399063295,0.0009198386107,0.0009399063295,0.1461577525,False,False,False
9,0.01056952291,0.04252776531,100,0.03862131254,0.03862140351,63149,19,0.01007796923,0.0002246461822,0.002022111009,0.006209068439,0.01234122178,1.907348633e-05,0.01087043238,0.01239754233,0.01163398736,0.01239754233,0,0.0008751228104,0.0009641468004,0.0009196348054,0.0009641468004,0.7902883281,False,False,False
9,0.008150216325,0.03279314414,100,0.04109311142,0.04109335107,45765,19,0.01046157767,0.0002955032676,0.001787617683,0.006417009656,0.01234258962,1.525878906e-05,0.01141045061,0.0118641282,0.0116372894,0.0118641282,0,0.0009185969105,0.0009226636169,0.0009206302637,0.0009226636169,0.1601061367,False,False,False
9,0.008150216325,0.03279314414,100,0.04109311142,0.04109335107,45765,19,0.01034591673,0.0002955032676,0.001787617683,0.006417009656,0.01234258962,1.525878906e-05,0.01141924737,0.01185704069,0.01163814403,0.01185704069,0,0.0009193050929,0.0009221124269,0.0009207087599,0.0009221124269,0.1440671864,False,False,False
9,0.008887873926,0.03576141366,100,0.03962048173,0.03962024957,51763,19,0.01054177524,0.0002478462102,0.002120466038,0.006532425033,0.01218765905,1.907348633e-05,0.01123423135,0.01205113129,0.01164268132,0.01205113129,0,0.000904410401,0.0009372066951,0.000920808548,0.0009372066951,0.3684660599,False,False,False
9,0.008150216325,0.03279314414,100,0.04109311142,0.04109335107,45765,19,0.0108039696,0.0002955032676,0.001787617683,0.006417009656,0.01234258962,1.525878906e-05,0.01142366622,0.0118695043,0.01164658526,0.0118695043,0,0.0009196608321,0.0009230817116,0.0009213712718,0.0009230817116,0.2065671864,False,False,False
9,0.008887873926,0.03576141366,100,0.03962048173,0.03962024957,51763,19,0.01046157767,0.0002478462102,0.002120466038,0.006532425033,0.01218765905,1.907348633e-05,0.0112148787,0.01207877176,0.01164682523,0.01207877176,0,0.000902852418,0.0009393562723,0.0009211043452,0.0009393562723,0.3574486574,False,False,False
9,0.008150216325,0.03279314414,100,0.04109311142,0.04109335107,45765,19,0.0107751882,0.0002955032676,0.001787617683,0.006417009656,0.01234258962,1.525878906e-05,0.01145275103,0.01185983918,0.0116562951,0.01185983918,0,0.000922002301,0.0009223300629,0.0009221661819,0.0009223300629,0.2027187683,False,False,False
9,0.01056952291,0.04252776531,100,0.038938102,0.03893834135,62635,19,0.01013974988,0.0002246461822,0.002022111009,0.006209068439,0.01235870492,1.907348633e-05,0.01086392875,0.01245419415,0.01165906145,0.01245419415,0,0.0008745992361,0.0009685525665,0.0009215759013,0.0009685525665,0.787325031,False,False,False
9,0.01056952291,0.04252776531,100,0.038938102,0.03893834135,62635,19,0.01031835557,0.0002246461822,0.002022111009,0.006209068439,0.01235870492,1.907348633e-05,0.0109002377,0.01242780408,0.01166402089,0.01242780408,0,0.0008775222837,0.0009665002322,0.000922011258,0.0009665002322,0.8125160327,False,False,False
9,0.008150216325,0.03279314414,100,0.03935089831,0.03935128396,47791,19,0.01092475129,0.0002955032676,0.001787617683,0.006417009656,0.01230782377,1.907348633e-05,0.01120296612,0.01213461991,0.01166879301,0.01213461991,0,0.0009018933975,0.0009436995374,0.0009227964674,0.0009436995374,0.1601118618,False,False,False
9,0.008150216325,0.03279314414,100,0.0388623424,0.0388625643,6049,16,0.01020190424,0.0002955032676,0.001787617683,0.006417009656,0.01233736727,1.907348633e-05,0.01118216448,0.01215801653,0.01167009051,0.01215801653,0,0.0009002187643,0.0009455190736,0.000922868919,0.0009455190736,0.0489305132,False,False,False
9,0.008150216325,0.03279314414,100,0.038938102,0.03893820058,24149,18,0.0102484248,0.0002955032676,0.001787617683,0.006417009656,0.0123371813,1.907348633e-05,0.01113466818,0.01220736665,0.01167101742,0.01220736665,0,0.0008963950803,0.0009493569925,0.0009228760364,0.0009493569925,0.0526891148,False,False,False
9,0.01056952291,0.04252776531,100,0.0388623424,0.03886264497,62757,19,0.01031835557,0.0002246461822,0.002022111009,0.006209068439,0.01236358803,1.907348633e-05,0.01090375,0.01245309408,0.01167842204,0.01245309408,0,0.0008778050407,0.000968467015,0.0009231360279,0.000968467015,0.8153129393,False,False,False
9,0.01056952291,0.04252776531,100,0.0388623424,0.03886264497,62757,19,0.01015320249,0.0002246461822,0.002022111009,0.006209068439,0.01236358803,1.907348633e-05,0.01092207764,0.01246028334,0.01169118049,0.01246028334,0,0.0008792805053,0.0009690261178,0.0009241533115,0.0009690261178,0.7920347211,False,False,False
9,0.01056952291,0.04252776531,100,0.03862131254,0.03862140351,63149,19,0.01031835557,0.0002246461822,0.002022111009,0.006209068439,0.01234122178,1.907348633e-05,0.0109472556,0.01244029773,0.01169377666,0.01244029773,0,0.0008813074536,0.0009674718535,0.0009243896536,0.0009674718535,0.8242964394,False,False,False
9,0.008150216325,0.03279314414,100,0.04109311142,0.04109335107,45765,19,0.01092475129,0.0002955032676,0.001787617683,0.006417009656,0.01234258962,1.525878906e-05,0.01148593945,0.01190939854,0.011697669,0.01190939854,0,0.0009246741306,0.0009261842544,0.0009254291925,0.0009261842544,0.2226061367,False,False,False
9,0.01056952291,0.04252776531,100,0.038938102,0.03893834135,62635,19,0.01046157767,0.0002246461822,0.002022111009,0.006209068439,0.01235870492,1.907348633e-05,0.01093001901,0.01246562423,0.01169782162,0.01246562423,0,0.0008799198245,0.0009694414746,0.0009246806495,0.0009694414746,0.8324034011,False,False,False
9,0.008887873926,0.03576141366,100,0.03962048173,0.03962024957,51763,19,0.0107751882,0.0002478462102,0.002120466038,0.006532425033,0.01218765905,1.907348633e-05,0.0113203566,0.01207911183,0.01169973421,0.01207911183,0,0.0009113439033,0.0009393827188,0.0009253633111,0.0009393827188,0.400061289,False,False,False
9,0.009692295243,0.03899813035,100,0.0388623424,0.03886225277,57549,19,0.01031835557,0.0002300650689,0.001981282428,0.006189470648,0.01222770597,1.907348633e-05,0.01106217853,0.01234073416,0.01170145634,0.01234073416,0,0.0008905593102,0.0009597288749,0.0009251440926,0.0009597288749,0.5653274107,False,False,False
9,0.008150216325,0.03279314414,100,0.038938102,0.03893820058,24149,18,0.01031835557,0.0002955032676,0.001787617683,0.006417009656,0.0123371813,1.907348633e-05,0.01117884176,0.01222530437,0.01170207307,0.01222530437,0,0.0008999512692,0.0009507519942,0.0009253516317,0.0009507519942,0.0625,False,False,False
10,0.009931273097,0.03995968831,100,0.05009910237,0.05009949243,62757,21,0.01519782284,0.0003962715703,0.002252157103,0.003030623719,0.01270138056,2.288818359e-05,0.01378553308,0.0135182917,0.01365191239,0.01378553308,3.051757812e-05,0.00102810307,0.001159223312,0.001093663191,0.001159223312,0.4940197475,False,True,True
10,0.009931273097,0.03995968831,100,0.05009910237,0.05009949243,62757,21,0.01476947391,0.0003962715703,0.002252157103,0.003030623719,0.01270138056,2.288818359e-05,0.01371503679,0.01366868549,0.01369186114,0.01371503679,3.051757812e-05,0.00102284557,0.001172119911,0.00109748274,0.001172119911,0.4527735199,False,False,False
10,0.009931273097,0.03995968831,100,0.05048320571,0.05048320241,7785,18,0.01548171409,0.0003962715703,0.002252157103,0.003030623719,0.01270297487,2.288818359e-05,0.01399368082,0.01343023512,0.01371195797,0.01399368082,3.051757812e-05,0.001043626397,0.001151672266,0.001097649332,0.001151672266,0.531727737,False,False,False
10,0.009931273097,0.03995968831,100,0.05009910237,0.05009949243,62757,21,0.01657334333,0.0003962715703,0.002252157103,0.003030623719,0.01270138056,2.288818359e-05,0.01407780965,0.01341004686,0.01374392825,0.01407780965,3.051757812e-05,0.001049900591,0.001149941078,0.001099920835,0.001149941078,0.6190197475,False,False,False
10,0.009931273097,0.03995968831,100,0.05052669485,0.05052701196,31113,20,0.01689259871,0.0003962715703,0.002252157103,0.003030623719,0.01269738256,2.288818359e-05,0.01423966343,0.0132976344,0.01376864891,0.01423966343,3.051757812e-05,0.001061971388,0.001140301462,0.001101136425,0.001140301462,0.6588052451,False,False,False
10,0.009931273097,0.03995968831,100,0.05009910237,0.05009949243,62757,21,0.01681930903,0.0003962715703,0.002252157103,0.003030623719,0.01270138056,2.288818359e-05,0.01410212006,0.01343947675,0.0137707984,0.01410212006,3.051757812e-05,0.001051713622,0.001152464756,0.001102089189,0.001152464756,0.6402735199,False,False,False
10,0.009931273097,0.03995968831,100,0.05009910237,0.05009949243,62757,21,0.01542337438,0.0003962715703,0.002252157103,0.003030623719,0.01270138056,2.288818359e-05,0.01394876093,0.01358115047,0.0137649557,0.01394876093,3.051757812e-05,0.001040276344,0.00116461359,0.001102444967,0.00116461359,0.5152735199,False,False,False
10,0.009931273097,0.03995968831,100,0.05009910237,0.05009949243,62757,21,0.01587068794,0.0003962715703,0.002252157103,0.003030623719,0.01270138056,2.288818359e-05,0.01401054539,0.01353727414,0.01377390976,0.01401054539,3.051757812e-05,0.00104488413,0.001160851098,0.001102867614,0.001160851098,0.5565197475,False,False,False
10,0.009931273097,0.03995968831,100,0.05052669485,0.05052701196,31113,20,0.01549058132,0.0003962715703,0.002252157103,0.003030623719,0.01269738256,2.288818359e-05,0.01405387923,0.013501064,0.01377747161,0.01405387923,3.051757812e-05,0.001048115899,0.001157745998,0.001102930949,0.001157745998,0.5338052451,False,False,False
10,0.009931273097,0.03995968831,100,0.05009910237,0.05009949243,62757,21,0.01610622551,0.0003962715703,0.002252157103,0.003030623719,0.01270138056,2.288818359e-05,0.01409489016,0.01347292734,0.01378390875,0.01409489016,3.051757812e-05,0.001051174428,0.001155333218,0.001103253823,0.001155333218,0.5777735199,False,False,False
10,0.009931273097,0.03995968831,100,0.05052669485,0.05052701196,31113,20,0.01657334333,0.0003962715703,0.002252157103,0.003030623719,0.01269738256,2.288818359e-05,0.01422443431,0.0133672281,0.0137958312,0.01422443431,3.051757812e-05,0.001060835625,0.001146269275,0.00110355245,0.001146269275,0.6312786256,False,False,False
10,0.009931273097,0.03995968831,100,0.05131557091,0.05131538838,30635,20,0.01493512057,0.0003962715703,0.002252157103,0.003030623719,0.01269259122,2.288818359e-05,0.01401940506,0.01358219449,0.01380079978,0.01401940506,3.051757812e-05,0.00104554487,0.001164703117,0.001105123994,0.001164703117,0.5034595034,False,False,False
10,0.009931273097,0.03995968831,100,0.05048320571,0.05048320241,7785,18,0.01587068794,0.0003962715703,0.002252157103,0.003030623719,0.01270297487,2.288818359e-05,0.01417020052,0.01345311593,0.01381165822,0.01417020052,3.051757812e-05,0.001056790955,0.001153634346,0.00110521265,0.001153634346,0.5675271913,False,False,False
10,0.009931273097,0.03995968831,100,0.05048320571,0.05048320241,7785,18,0.01688292893,0.0003962715703,0.002252157103,0.003030623719,0.01270297487,2.288818359e-05,0.0142909339,0.01335530695,0.01382312043,0.0142909339,3.051757812e-05,0.001065795058,0.00114524701,0.001105521034,0.00114524701,0.656727737,False,False,False
10,0.009931273097,0.03995968831,100,0.05052669485,0.05052701196,31113,20,0.01587068794,0.0003962715703,0.002252157103,0.003030623719,0.01269738256,2.288818359e-05,0.01413183923,0.01350253149,0.01381718536,0.01413183923,3.051757812e-05,0.001053930031,0.001157871839,0.001105900935,0.001157871839,0.5687786256,False,False,False
10,0.009931273097,0.03995968831,100,0.05131557091,0.05131538838,30635,20,0.01628686447,0.0003962715703,0.002252157103,0.003030623719,0.01269259122,2.288818359e-05,0.01428238775,0.01338156412,0.01383197593,0.01428238775,3.051757812e-05,0.001065157699,0.001147498621,0.00110632816,0.001147498621,0.6284595034,False,False,False
10,0.009931273097,0.03995968831,100,0.05048320571,0.05048320241,7785,18,0.0148253402,0.0003962715703,0.002252157103,0.003030623719,0.01270297487,2.288818359e-05,0.01390383043,0.01371393617,0.0138088833,0.01390383043,3.051757812e-05,0.001036925498,0.001176000256,0.001106462877,0.001176000256,0.469227737,False,False,False
10,0.009931273097,0.03995968831,100,0.05052669485,0.05052701196,31113,20,0.01617640794,0.0003962715703,0.002252157103,0.003030623719,0.01269738256,2.288818359e-05,0.01420472679,0.01345418478,0.01382945579,0.01420472679,3.051757812e-05,0.001059365869,0.001153726003,0.001106545936,0.001153726003,0.5963052451,False,False,False
10,0.009931273097,0.03995968831,100,0.05052669485,0.05052701196,31113,20,0.01519782284,0.0003962715703,0.002252157103,0.003030623719,0.01269738256,2.288818359e-05,0.01404068835,0.01359832601,0.01381950718,0.01404068835,3.051757812e-05,0.001047132144,0.00116608643,0.001106609287,0.00116608643,0.5062786256,False,False,False
10,0.009931273097,0.03995968831,100,0.05052669485,0.05052701196,31113,20,0.01483383149,0.0003962715703,0.002252157103,0.003030623719,0.01269738256,2.288818359e-05,0.01396069149,0.01369320965,0.01382695057,0.01396069149,3.051757812e-05,0.001041166106,0.001174222911,0.001107694508,0.001174222911,0.4713052451,False,False,False
10,0.009931273097,0.03995968831,100,0.05131557091,0.05131538838,30635,20,0.01657334333,0.0003962715703,0.002252157103,0.003030623719,0.01269259122,2.288818359e-05,0.01437120703,0.01333695947,0.01385408325,0.01437120703,3.051757812e-05,0.001071781699,0.001143673674,0.001107727687,0.001143673674,0.6536152844,False,False,False
10,0.009931273097,0.03995968831,100,0.05048320571,0.05048320241,7785,18,0.01616714813,0.0003962715703,0.002252157103,0.003030623719,0.01270297487,2.288818359e-05,0.0142540086,0.01344644482,0.01385022671,0.0142540086,3.051757812e-05,0.001063041227,0.001153062283,0.001108051755,0.001153062283,0.594227737,False,False,False
10,0.009931273097,0.03995968831,100,0.05048320571,0.05048320241,7785,18,0.01657334333,0.0003962715703,0.002252157103,0.003030623719,0.01270297487,2.288818359e-05,0.01424891765,0.01345432633,0.01385162199,0.01424891765,3.051757812e-05,0.001062661553,0.00115373814,0.001108199846,0.00115373814,0.6300271913,False,False,False
10,0.009931273097,0.03995968831,100,0.05131557091,0.05131538838,30635,20,0.01587068794,0.0003962715703,0.002252157103,0.003030623719,0.01269259122,2.288818359e-05,0.01414411138,0.013552052,0.01384808169,0.01414411138,3.051757812e-05,0.001054845268,0.001162118332,0.0011084818,0.001162118332,0.5911152844,False,False,False
10,0.009931273097,0.03995968831,100,0.05048320571,0.05048320241,7785,18,0.01519782284,0.0003962715703,0.002252157103,0.003030623719,0.01270297487,2.288818359e-05,0.01404694535,0.01364130699,0.01384412617,0.01404694535,3.051757812e-05,0.001047598781,0.001169772144,0.001108685463,0.001169772144,0.5050271913,False,False,False
10,0.009931273097,0.03995968831,100,0.08310641265,0.08310673098,4729,18,0.002241010423,0.0003962715703,0.002252157103,0.003030623719,0.02104905945,0,0.04560788224,0.04792050919,0.04676419572,0.04792050919,0.02713012695,0.003401363118,0.004109289295,0.003755326207,0.004109289295,2.997792996,True,False,False
10,0.009931273097,0.03995968831,100,0.08310641265,0.08310673098,4729,18,0.002245484332,0.0003962715703,0.002252157103,0.003030623719,0.02104905945,0,0.04549345853,0.04784087847,0.0466671685,0.04784087847,0.02694702148,0.00339282958,0.004102460785,0.003747645183,0.004102460785,2.994915699,True,False,False
10,0.009931273097,0.03995968831,100,0.08310641265,0.08310673098,4729,18,0.002340228431,0.0003962715703,0.002252157103,0.003030623719,0.02104905945,0,0.04311428867,0.04620515922,0.04465972395,0.04620515922,0.0217590332,0.003215394886,0.003962194254,0.00358879457,0.003962194254,2.935292996,True,False,False
10,0.009931273097,0.03995968831,100,0.08310641265,0.08310673098,4729,18,0.002344900416,0.0003962715703,0.002252157103,0.003030623719,0.02104905945,0,0.04300524641,0.04613421393,0.04456973017,0.04613421393,0.02154541016,0.003207262689,0.003956110539,0.003581686614,0.003956110539,2.932415699,True,False,False
10,0.009931273097,0.03995968831,100,0.08310641265,0.08310673098,4729,18,0.002443839195,0.0003962715703,0.002252157103,0.003030623719,0.02104905945,0,0.04099752916,0.04482096009,0.04290924462,0.04482096009,0.01684570312,0.003057530338,0.003843496127,0.003450513233,0.003843496127,2.872792996,True,False,False
10,0.009931273097,0.03995968831,100,0.08310641265,0.08310673098,4729,18,0.002448718027,0.0003962715703,0.002252157103,0.003030623719,0.02104905945,0,0.04090664344,0.04477405702,0.04284035023,0.04477405702,0.0166015625,0.003050752226,0.003839474086,0.003445113156,0.003839474086,2.869915699,True,False,False
10,0.009931273097,0.03995968831,100,0.08310641265,0.08310673098,4729,18,0.002491404796,0.0003962715703,0.002252157103,0.003030623719,0.02104905945,0,0.04014710409,0.04427142885,0.04220926647,0.04427142885,0.01480102539,0.002994106993,0.003796372612,0.003395239802,0.003796372612,2.844982909,True,False,False
10,0.009931273097,0.03995968831,100,0.08310641265,0.08310673098,4729,18,0.002505034181,0.0003962715703,0.002252157103,0.003030623719,0.02104905945,0,0.03989027933,0.04411282812,0.04200155372,0.04411282812,0.01443481445,0.002974953412,0.00378277225,0.003378862831,0.00378277225,2.837112066,True,False,False
10,0.009931273097,0.03995968831,100,0.08310641265,0.08310673098,4729,18,0.0025520372,0.0003962715703,0.002252157103,0.003030623719,0.02104905945,0,0.03913754214,0.04365587612,0.04139670913,0.04365587612,0.01287841797,0.002918815472,0.003743587608,0.00333120154,0.003743587608,2.810292996,True,False,False
10,0.009931273097,0.03995968831,100,0.08310641265,0.08310673098,4729,18,0.002557132036,0.0003962715703,0.002252157103,0.003030623719,0.02104905945,0,0.03907435319,0.04361897646,0.04134666482,0.04361897646,0.01272583008,0.002914102942,0.003740423381,0.003327263161,0.003740423381,2.807415699,True,False,False
10,0.009931273097,0.03995968831,100,0.08310641265,0.08310673098,4729,18,0.00260170871,0.0003962715703,0.002252157103,0.003030623719,0.02104905945,0,0.0383890142,0.04323012584,0.04080957002,0.04323012584,0.01129150391,0.002862991453,0.003707078584,0.003285035018,0.003707078584,2.782482909,True,False,False
10,0.009931273097,0.03995968831,100,0.08310641265,0.08310673098,4729,18,0.002615941519,0.0003962715703,0.002252157103,0.003030623719,0.02104905945,0,0.03821264204,0.04310093198,0.04065678701,0.04310093198,0.01089477539,0.002849837898,0.003695999926,0.003272918912,0.003695999926,2.774612066,True,False,False
10,0.009931273097,0.03995968831,100,0.08310641265,0.08310673098,4729,18,0.00266502554,0.0003962715703,0.002252157103,0.003030623719,0.02104905945,0,0.03756089742,0.04268644315,0.04012367029,0.04268644315,0.009704589844,0.002801231824,0.003660456595,0.00323084421,0.003660456595,2.747792996,True,False,False
10,0.009931273097,0.03995968831,100,0.08310641265,0.08310673098,4729,18,0.002670345944,0.0003962715703,0.002252157103,0.003030623719,0.02104905945,0,0.03750273123,0.04264729459,0.04007501291,0.04264729459,0.009613037109,0.002796893882,0.00365709952,0.003226996701,0.00365709952,2.744915699,True,False,False
10,0.009931273097,0.03995968831,100,0.08310641265,0.08310673098,4729,18,0.002716896196,0.0003962715703,0.002252157103,0.003030623719,0.02104905945,0,0.03692077331,0.04231733244,0.03961905288,0.04231733244,0.008666992188,0.002753492389,0.003628804538,0.003191148463,0.003628804538,2.719982909,True,False,False
10,0.009931273097,0.03995968831,100,0.08310641265,0.08310673098,4729,18,0.002731759145,0.0003962715703,0.002252157103,0.003030623719,0.02104905945,0,0.03676592513,0.04220641588,0.03948617051,0.04220641588,0.008422851562,0.002741944059,0.003619293198,0.003180618628,0.003619293198,2.712112066,True,False,False
10,0.009931273097,0.03995968831,100,0.08310641265,0.08310673098,4729,18,0.002783016301,0.0003962715703,0.002252157103,0.003030623719,0.02104905945,0,0.03618622835,0.04186218663,0.03902420749,0.04186218663,0.007537841797,0.002698711197,0.003589774781,0.003144242989,0.003589774781,2.685292996,True,False,False
10,0.009931273097,0.03995968831,100,0.08310641265,0.08310673098,4729,18,0.002788572259,0.0003962715703,0.002252157103,0.003030623719,0.02104905945,0,0.03614328255,0.04184341051,0.03899334653,0.04184341051,0.007446289062,0.002695508368,0.003588164687,0.003141836528,0.003588164687,2.682415699,True,False,False
10,0.009931273097,0.03995968831,100,0.08310641265,0.08310673098,4729,18,0.002837183467,0.0003962715703,0.002252157103,0.003030623719,0.02104905945,0,0.03565783563,0.04147661647,0.03856722605,0.04147661647,0.006561279297,0.002659304511,0.00355671129,0.003108007901,0.00355671129,2.657482909,True,False,False
10,0.009931273097,0.03995968831,100,0.08310641265,0.08310673098,4729,18,0.002852704455,0.0003962715703,0.002252157103,0.003030623719,0.02104905945,0,0.03551564701,0.04141655776,0.03846610238,0.04141655776,0.006317138672,0.002648700311,0.003551561123,0.003100130717,0.003551561123,2.649612066,True,False,False
10,0.009931273097,0.03995968831,100,0.08310641265,0.08310673098,4729,18,0.002906230959,0.0003962715703,0.002252157103,0.003030623719,0.02104905945,0,0.03501263093,0.04113800015,0.03807531554,0.04113800015,0.005584716797,0.002611186174,0.003527674194,0.003069430184,0.003527674194,2.622792996,True,False,False
10,0.009931273097,0.03995968831,100,0.08310641265,0.08310673098,4729,18,0.002912032901,0.0003962715703,0.002252157103,0.003030623719,0.02104905945,0,0.03496765152,0.04108537056,0.03802651104,0.04108537056,0.005554199219,0.002607831681,0.00352316109,0.003065496385,0.00352316109,2.619915699,True,False,False
10,0.009931273097,0.03995968831,100,0.08310641265,0.08310673098,4729,18,0.00296279631,0.0003962715703,0.002252157103,0.003030623719,0.02104905945,0,0.03454491976,0.04081672637,0.03768082306,0.04081672637,0.004974365234,0.00257630502,0.003500124259,0.00303821464,0.003500124259,2.594982909,True,False,False
10,0.009931273097,0.03995968831,100,0.08310641265,0.08310673098,4729,18,0.002979004471,0.0003962715703,0.002252157103,0.003030623719,0.02104905945,0,0.03442706674,0.04072496555,0.03757601614,0.04072496555,0.004730224609,0.00256751573,0.003492255566,0.003029885648,0.003492255566,2.587112066,True,False,False
10,0.009931273097,0.03995968831,100,0.08310641265,0.08310673098,4729,18,0.003034900796,0.0003962715703,0.002252157103,0.003030623719,0.02104905945,0,0.03402670623,0.04041853036,0.0372226183,0.04041853036,0.004089355469,0.002537657482,0.003465978074,0.003001817778,0.003465978074,2.560292996,True,False,False
10,0.009931273097,0.03995968831,100,0.08310641265,0.08310673098,4729,18,0.003040959612,0.0003962715703,0.002252157103,0.003030623719,0.02104905945,0,0.03398358707,0.04038591556,0.03718475131,0.04038591556,0.004089355469,0.002534441723,0.003463181283,0.002998811503,0.003463181283,2.557415699,True,False,False
10,0.009931273097,0.03995968831,100,0.08310641265,0.08310673098,4729,18,0.003065447887,0.0003962715703,0.002252157103,0.003030623719,0.02104905945,0,0.03382151476,0.04029630371,0.03705890924,0.04029630371,0.003936767578,0.002522354629,0.003455496869,0.002988925749,0.003455496869,2.545844476,True,False,False
10,0.009931273097,0.03995968831,100,0.08310641265,0.08310673098,4729,18,0.003093970509,0.0003962715703,0.002252157103,0.003030623719,0.02104905945,0,0.03359947352,0.04017632804,0.03688790078,0.04017632804,0.003662109375,0.002505795148,0.003445208691,0.002975501919,0.003445208691,2.532482909,True,False,False
10,0.009931273097,0.03995968831,100,0.08310641265,0.08310673098,4729,18,0.003096486758,0.0003962715703,0.002252157103,0.003030623719,0.02104905945,0,0.0335818509,0.04016609715,0.03687397403,0.04016609715,0.003570556641,0.00250448088,0.00344433137,0.002974406125,0.00344433137,2.531310078,True,False,False
10,0.009931273097,0.03995968831,100,0.08310641265,0.08310673098,4729,18,0.003110896267,0.0003962715703,0.002252157103,0.003030623719,0.02104905945,0,0.03349122235,0.04011554848,0.03680338542,0.04011554848,0.003448486328,0.002497721948,0.00343999671,0.002968859329,0.00343999671,2.524612066,True,False,False
10,0.009931273097,0.03995968831,100,0.08310641265,0.08310673098,4729,18,0.003169267334,0.0003962715703,0.002252157103,0.003030623719,0.02104905945,0,0.03314710655,0.03982179191,0.03648444923,0.03982179191,0.002899169922,0.00247205834,0.003414806436,0.002943432388,0.003414806436,2.497792996,True,False,False
10,0.009931273097,0.03995968831,100,0.08310641265,0.08310673098,4729,18,0.003175594396,0.0003962715703,0.002252157103,0.003030623719,0.02104905945,0,0.03311202392,0.03978391268,0.0364479683,0.03978391268,0.002807617188,0.002469441934,0.003411558209,0.002940500071,0.003411558209,2.494915699,True,False,False
10,0.009931273097,0.03995968831,100,0.05131557091,0.05131538838,30635,20,0.01776095165,0.0003962715703,0.002252157103,0.003030623719,0.01269259122,2.288818359e-05,0.01442420889,0.01335139426,0.01388780157,0.01442420889,0,0.001075734494,0.001144911488,0.001110322991,0.001144911488,0.7534595034,False,False,False
10,0.009931273097,0.03995968831,100,0.05009910237,0.05009949243,62757,21,0.01807335906,0.0003962715703,0.002252157103,0.003030623719,0.01270138056,2.288818359e-05,0.01426285289,0.01351728824,0.01389007056,0.01426285289,0,0.001063700821,0.001159137263,0.001111419042,0.001159137263,0.7440197475,False,False,False
10,0.009931273097,0.03995968831,100,0.05052669485,0.05052701196,31113,20,0.01764049795,0.0003962715703,0.002252157103,0.003030623719,0.01269738256,2.288818359e-05,0.01440271495,0.01338139345,0.0138920542,0.01440271495,0,0.00107413151,0.001147483985,0.001110807748,0.001147483985,0.7213052451,False,False,False
10,0.009931273097,0.03995968831,100,0.05009910237,0.05009949243,62757,21,0.01756396346,0.0003962715703,0.002252157103,0.003030623719,0.01270138056,2.288818359e-05,0.01433717184,0.01354232711,0.01393974948,0.01433717184,0,0.001069243409,0.001161284402,0.001115263906,0.001161284402,0.7027735199,False,False,False
10,0.009931273097,0.03995968831,100,0.05048320571,0.05048320241,7785,18,0.01763040005,0.0003962715703,0.002252157103,0.003030623719,0.01270297487,2.288818359e-05,0.01442162698,0.0134953635,0.01395849524,0.01442162698,0,0.001075541939,0.001157257169,0.001116399554,0.001157257169,0.719227737,False,False,False
10,0.009931273097,0.03995968831,100,0.05009910237,0.05009949243,62757,21,0.01834158655,0.0003962715703,0.002252157103,0.003030623719,0.01270138056,2.288818359e-05,0.01431232343,0.01362627061,0.01396929702,0.01431232343,0,0.001067390255,0.001168482741,0.001117936498,0.001168482741,0.7652735199,False,False,False
10,0.009931273097,0.03995968831,100,0.05131557091,0.05131538838,30635,20,0.01807335906,0.0003962715703,0.002252157103,0.003030623719,0.01269259122,2.288818359e-05,0.01453726311,0.01349557595,0.01401641953,0.01453726311,0,0.001084165897,0.001157275387,0.001120720642,0.001157275387,0.7786152844,False,False,False
10,0.009931273097,0.03995968831,100,0.05052669485,0.05052701196,31113,20,0.01807335906,0.0003962715703,0.002252157103,0.003030623719,0.01269738256,2.288818359e-05,0.01442248968,0.01364323102,0.01403286035,0.01442248968,0,0.001075606278,0.001169937134,0.001122771706,0.001169937134,0.7562786256,False,False,False
10,0.009931273097,0.03995968831,100,0.05052669485,0.05052701196,31113,20,0.01842150952,0.0003962715703,0.002252157103,0.003030623719,0.01269738256,2.288818359e-05,0.01451521132,0.01355392291,0.01403456711,0.01451521132,0,0.00108252131,0.001162278766,0.001122400038,0.001162278766,0.7838052451,False,False,False
10,0.009931273097,0.03995968831,100,0.05048320571,0.05048320241,7785,18,0.01841096455,0.0003962715703,0.002252157103,0.003030623719,0.01270297487,2.288818359e-05,0.01452656436,0.01359042992,0.01405849714,0.01452656436,0,0.001083368002,0.001165409323,0.001124388663,0.001165409323,0.781727737,False,False,False
10,0.009931273097,0.03995968831,100,0.05009910237,0.05009949243,62757,21,0.01915363797,0.0003962715703,0.002252157103,0.003030623719,0.01270138056,2.288818359e-05,0.01436021629,0.013766193,0.01406320465,0.01436021629,0,0.001070962028,0.001180481395,0.001125721711,0.001180481395,0.8277735199,False,False,False
10,0.009931273097,0.03995968831,100,0.05048320571,0.05048320241,7785,18,0.01807335906,0.0003962715703,0.002252157103,0.003030623719,0.01270297487,2.288818359e-05,0.01452095036,0.01361359285,0.01406727161,0.01452095036,0,0.001082949319,0.001167395596,0.001125172457,0.001167395596,0.7550271913,False,False,False
10,0.009931273097,0.03995968831,100,0.05009910237,0.05009949243,62757,21,0.01887353502,0.0003962715703,0.002252157103,0.003030623719,0.01270138056,2.288818359e-05,0.01439390255,0.01376168854,0.01407779554,0.01439390255,0,0.001073474295,0.001180095127,0.001126784711,0.001180095127,0.8065197475,False,False,False
10,0.009931273097,0.03995968831,100,0.05131557091,0.05131538838,30635,20,0.01854729616,0.0003962715703,0.002252157103,0.003030623719,0.01269259122,2.288818359e-05,0.01451838555,0.01366147286,0.01408992921,0.01451838555,0,0.001082758039,0.001171501412,0.001127129726,0.001171501412,0.8159595034,False,False,False
10,0.009931273097,0.03995968831,100,0.05048320571,0.05048320241,7785,18,0.01887353502,0.0003962715703,0.002252157103,0.003030623719,0.01270297487,2.288818359e-05,0.01447324897,0.01374087015,0.01410705956,0.01447324897,0,0.001079391825,0.001178309905,0.001128850865,0.001178309905,0.8175271913,False,False,False
10,0.01083013011,0.04357635024,100,0.05231758646,0.05231797882,65535,21,0.01762320122,0.000387539738,0.002667554147,0.003391422578,0.01287754543,2.288818359e-05,0.01451757407,0.01372974339,0.01412365873,0.01451757407,0,0.00108269752,0.00117735576,0.00113002664,0.00117735576,1.02014195,False,False,False
10,0.009931273097,0.03995968831,100,0.05131557091,0.05131538838,30635,20,0.01887353502,0.0003962715703,0.002252157103,0.003030623719,0.01269259122,2.288818359e-05,0.01464621758,0.01363086402,0.0141385408,0.01464621758,0,0.001092291548,0.001168876637,0.001130584092,0.001168876637,0.8411152844,False,False,False
10,0.009931273097,0.03995968831,100,0.05231717913,0.05231698498,60097,21,0.01771389198,0.0003962715703,0.002252157103,0.003030623719,0.01266915839,2.288818359e-05,0.01449185746,0.01379284355,0.01414235051,0.01449185746,0,0.001080779616,0.001182766739,0.001131773177,0.001182766739,0.7775197221,False,False,False
10,0.009931273097,0.03995968831,100,0.05052669485,0.05052701196,31113,20,0.01887353502,0.0003962715703,0.002252157103,0.003030623719,0.01269738256,2.288818359e-05,0.01461526653,0.0136780366,0.01414665157,0.01461526653,0,0.001089983268,0.001172921789,0.001131452529,0.001172921789,0.8187786256,False,False,False
10,0.009931273097,0.03995968831,100,0.05231758646,0.05231785554,939,15,0.01772980677,0.0003962715703,0.002252157103,0.003030623719,0.01266817261,2.288818359e-05,0.01453097248,0.01380014522,0.01416555885,0.01453097248,0,0.001083696752,0.001183392873,0.001133544812,0.001183392873,0.7788393147,False,False,False
10,0.009931273097,0.03995968831,100,0.05231758646,0.05231785554,939,15,0.01807335906,0.0003962715703,0.002252157103,0.003030623719,0.01266817261,2.288818359e-05,0.01454773939,0.01380104447,0.01417439193,0.01454773939,0,0.001084947201,0.001183469985,0.001134208593,0.001183469985,0.8065271676,False,False,False
10,0.009931273097,0.03995968831,100,0.05463345854,0.05463333588,57549,21,0.01799421606,0.0003962715703,0.002252157103,0.003030623719,0.01275302002,2.288818359e-05,0.01449317316,0.01386421781,0.01417869548,0.01449317316,0,0.001080877739,0.001188887238,0.001134882489,0.001188887238,0.862673861,False,False,False
10,0.009931273097,0.03995968831,100,0.0546338839,0.05463428523,14387,19,0.01799452874,0.0003962715703,0.002252157103,0.003030623719,0.01275302242,2.288818359e-05,0.01449326776,0.0138642721,0.01417876993,0.01449326776,0,0.001080884794,0.001188891894,0.001134888344,0.001188891894,0.8627239994,False,False,False
10,0.009931273097,0.03995968831,100,0.05231717913,0.05231698498,60097,21,0.01807335906,0.0003962715703,0.002252157103,0.003030623719,0.01266915839,2.288818359e-05,0.01455436796,0.01383149503,0.01419293149,0.01455436796,0,0.00108544155,0.001186081188,0.001135761369,0.001186081188,0.8065031613,False,False,False
10,0.008351171946,0.03360181483,100,0.04692808103,0.04692828869,28169,20,0.01695610742,0.0004502804325,0.002190699591,0.003402065783,0.01293563631,1.907348633e-05,0.01461066976,0.01378261597,0.01419664287,0.01461066976,0,0.001089640448,0.001181889701,0.001135765074,0.001181889701,1.246304404,False,False,False
10,0.009931273097,0.03995968831,100,0.0546338839,0.05463428523,14387,19,0.01807335906,0.0003962715703,0.002252157103,0.003030623719,0.01275302242,2.288818359e-05,0.01450997216,0.01388440265,0.0141971874,0.01450997216,0,0.001082130582,0.001190618132,0.001136374357,0.001190618132,0.8690303453,False,False,False
10,0.008351171946,0.03360181483,100,0.04838452875,0.04838486747,27321,20,0.01730710792,0.0004502804325,0.002190699591,0.003402065783,0.01293699052,1.907348633e-05,0.01443626303,0.01396116715,0.01419871509,0.01443626303,0,0.001076633473,0.001197200858,0.001136917165,0.001197200858,1.231765999,False,False,False
11,0.01065246017,0.04286147353,100,0.07125145687,0.07125116614,59063,20,0.03708033204,0.0001888721458,0.001397607373,0.003777005901,0.01310039767,1.907348633e-05,0.01922255979,0.01484902272,0.01703579126,0.01922255979,3.051757812e-05,0.002743803009,0.00185471278,0.002299257894,0.002743803009,0.8516918331,False,True,True
11,0.01065246017,0.04286147353,100,0.07125145687,0.07125116614,59063,20,0.03718438358,0.0001888721458,0.001397607373,0.003777005901,0.01310039767,1.907348633e-05,0.01932153859,0.01486904818,0.01709529339,0.01932153859,3.051757812e-05,0.002757931113,0.001857214054,0.002307572583,0.002757931113,0.8557345269,False,False,False
11,0.009768349047,0.03930414268,100,0.06823062886,0.06823025384,56559,20,0.03628236568,0.000196296153,0.001299889769,0.003730950279,0.01311029385,1.907348633e-05,0.02000342342,0.01411970086,0.01706156214,0.02000342342,3.051757812e-05,0.00285526246,0.00176361705,0.002309439755,0.00285526246,0.632808171,False,False,False
11,0.009768349047,0.03930414268,100,0.06833914904,0.06833899886,56469,20,0.03637638704,0.000196296153,0.001299889769,0.003730950279,0.01310941501,1.907348633e-05,0.02005085032,0.01407905315,0.01706495173,0.02005085032,3.051757812e-05,0.002862032114,0.001758539959,0.002310286036,0.002862032114,0.6342443756,False,False,False
11,0.01065246017,0.04286147353,100,0.07136478165,0.07136474462,58969,20,0.03875034546,0.0001888721458,0.001397607373,0.003777005901,0.01308388275,1.907348633e-05,0.01964695564,0.01454819261,0.01709757413,0.01964695564,3.051757812e-05,0.002804380716,0.001817137684,0.0023107592,0.002804380716,0.912948934,False,False,False
11,0.01065246017,0.04286147353,100,0.07136478165,0.07136474462,58969,20,0.03710745794,0.0001888721458,0.001397607373,0.003777005901,0.01308388275,1.907348633e-05,0.01932788004,0.01491657345,0.01712222675,0.01932788004,3.051757812e-05,0.002758836283,0.001863150185,0.002310993234,0.002758836283,0.850448934,False,False,False
11,0.009768349047,0.03930414268,100,0.07312580369,0.07312517626,52773,20,0.03813513479,0.000196296153,0.001299889769,0.003730950279,0.01310881067,1.525878906e-05,0.01951083374,0.01471526699,0.01711305036,0.01951083374,3.051757812e-05,0.002784950854,0.00183800606,0.002311478457,0.002784950854,0.6047038312,False,False,False
11,0.009768349047,0.03930414268,100,0.06827780873,0.06827733416,7065,17,0.03634078164,0.000196296153,0.001299889769,0.003730950279,0.01310825878,1.907348633e-05,0.02008020804,0.01407007718,0.01707514261,0.02008020804,3.051757812e-05,0.002866222596,0.001757418819,0.002311820707,0.002866222596,0.6341339491,False,False,False
11,0.01065246017,0.04286147353,100,0.07136478165,0.07136474462,58969,20,0.03883067689,0.0001888721458,0.001397607373,0.003777005901,0.01308388275,1.907348633e-05,0.01967925249,0.01453725175,0.01710825212,0.01967925249,3.051757812e-05,0.002808990726,0.00181577112,0.002312380923,0.002808990726,0.9159366185,False,False,False
11,0.009768349047,0.03930414268,100,0.06827780873,0.06827733416,7065,17,0.0379497255,0.000196296153,0.001299889769,0.003730950279,0.01310825878,1.907348633e-05,0.02032090021,0.01382769908,0.01707429964,0.02032090021,3.051757812e-05,0.002900578681,0.001727144654,0.002313861667,0.002900578681,0.6966339491,False,False,False
11,0.01065246017,0.04286147353,100,0.07125145687,0.07125116614,59063,20,0.03872201859,0.0001888721458,0.001397607373,0.003777005901,0.01310039767,1.907348633e-05,0.01966889421,0.01457744338,0.0171231688,0.01966889421,3.051757812e-05,0.002807512199,0.001820791243,0.002314151721,0.002807512199,0.9141918331,False,False,False
11,0.009768349047,0.03930414268,100,0.06833914904,0.06833899886,56469,20,0.03718438358,0.000196296153,0.001299889769,0.003730950279,0.01310941501,1.907348633e-05,0.02023877423,0.01393788258,0.01708832841,0.02023877423,3.051757812e-05,0.002888856127,0.001740907091,0.002314881609,0.002888856127,0.6659389725,False,False,False
11,0.009768349047,0.03930414268,100,0.07312580369,0.07312517626,52773,20,0.03718438358,0.000196296153,0.001299889769,0.003730950279,0.01310881067,1.525878906e-05,0.01937338416,0.0149310423,0.01715221323,0.01937338416,3.051757812e-05,0.002765331482,0.001864957411,0.002315144446,0.002765331482,0.5682798885,False,False,False
11,0.01065246017,0.04286147353,100,0.07125145687,0.07125116614,59063,20,0.03883067689,0.0001888721458,0.001397607373,0.003777005901,0.01310039767,1.907348633e-05,0.01968043775,0.01458873843,0.01713458809,0.01968043775,3.051757812e-05,0.002809159909,0.001822202048,0.002315680978,0.002809159909,0.9182345269,False,False,False
11,0.008957615571,0.03604203365,100,0.06891285087,0.0689129377,51351,20,0.03689947918,0.0002179803971,0.001485696446,0.0039404765,0.01309950797,1.907348633e-05,0.02012047707,0.01412239413,0.0171214356,0.02012047707,3.051757812e-05,0.002871970545,0.001763953451,0.002317961998,0.002871970545,0.892777788,False,False,False
11,0.009768349047,0.03930414268,100,0.06823062886,0.06823025384,56559,20,0.03788872324,0.000196296153,0.001299889769,0.003730950279,0.01311029385,1.907348633e-05,0.02033547999,0.0138873111,0.01711139554,0.02033547999,3.051757812e-05,0.002902659779,0.001734590475,0.002318625127,0.002902659779,0.695308171,False,False,False
11,0.009768349047,0.03930414268,100,0.07312580369,0.07312517626,52773,20,0.03982352145,0.000196296153,0.001299889769,0.003730950279,0.01310881067,1.525878906e-05,0.01964982696,0.01467240071,0.01716111383,0.01964982696,3.051757812e-05,0.002804790564,0.00183265186,0.002318721212,0.002804790564,0.6672038312,False,False,False
11,0.009768349047,0.03930414268,100,0.06827780873,0.06827733416,7065,17,0.03718438358,0.000196296153,0.001299889769,0.003730950279,0.01310825878,1.907348633e-05,0.02029538983,0.01393466514,0.01711502748,0.02029538983,3.051757812e-05,0.002896937363,0.001740505218,0.00231872129,0.002896937363,0.6672413551,False,False,False
11,0.01065246017,0.04286147353,100,0.07136478165,0.07136474462,58969,20,0.03718438358,0.0001888721458,0.001397607373,0.003777005901,0.01308388275,1.907348633e-05,0.01941696928,0.01494272918,0.01717984923,0.01941696928,3.051757812e-05,0.002771552764,0.001866417158,0.002318984961,0.002771552764,0.8534366185,False,False,False
11,0.009768349047,0.03930414268,100,0.06823062886,0.06823025384,56559,20,0.03718438358,0.000196296153,0.001299889769,0.003730950279,0.01311029385,1.907348633e-05,0.02026919285,0.01398446531,0.01712682908,0.02026919285,3.051757812e-05,0.00289319804,0.001746725493,0.002319961767,0.00289319804,0.668236502,False,False,False
11,0.009768349047,0.03930414268,100,0.06833914904,0.06833899886,56469,20,0.03798690729,0.000196296153,0.001299889769,0.003730950279,0.01310941501,1.907348633e-05,0.02034203339,0.01390218978,0.01712211158,0.02034203339,3.051757812e-05,0.002903595204,0.001736448892,0.002320022048,0.002903595204,0.6967443756,False,False,False
11,0.008957615571,0.03604203365,100,0.06891285087,0.0689129377,51351,20,0.03718438358,0.0002179803971,0.001485696446,0.0039404765,0.01309950797,1.907348633e-05,0.02022171524,0.01405578766,0.01713875145,0.02022171524,3.051757812e-05,0.002886421148,0.00175563399,0.002321027569,0.002886421148,0.9038741908,False,False,False
11,0.009768349047,0.03930414268,100,0.07312580369,0.07312517626,52773,20,0.03651833018,0.000196296153,0.001299889769,0.003730950279,0.01310881067,1.525878906e-05,0.01925238713,0.01519673815,0.01722456264,0.01925238713,3.051757812e-05,0.002748060523,0.001898144073,0.002323102298,0.002748060523,0.5422038312,False,False,False
11,0.009768349047,0.03930414268,100,0.07136478165,0.0713644924,54075,20,0.03718438358,0.000196296153,0.001299889769,0.003730950279,0.01310649998,1.907348633e-05,0.01978021753,0.01459435671,0.01718728712,0.01978021753,3.051757812e-05,0.002823402343,0.001822903798,0.002323153071,0.002823402343,0.6034416496,False,False,False
11,0.009768349047,0.03930414268,100,0.06823062886,0.06823025384,56559,20,0.03883067689,0.000196296153,0.001299889769,0.003730950279,0.01311029385,1.907348633e-05,0.02042184702,0.01391289541,0.01716737121,0.02042184702,3.051757812e-05,0.002914987697,0.001737786076,0.002326386886,0.002914987697,0.730736502,False,False,False
11,0.01065246017,0.04286147353,100,0.1101302478,0.1101305251,9553,18,0.003216172061,0.0001888721458,0.001397607373,0.003777005901,0.01986504653,0,0.07884298764,0.09399743819,0.08642021292,0.09399743819,0.02557373047,0.01125394479,0.01174072215,0.01149733347,0.01174072215,3.803774837,True,False,False
11,0.01065246017,0.04286147353,100,0.1101302478,0.1101305251,9553,18,0.003226595256,0.0001888721458,0.001397607373,0.003777005901,0.01986504653,0,0.07860830802,0.09385053376,0.08622942089,0.09385053376,0.02508544922,0.01122044693,0.01172237309,0.01147141001,0.01172237309,3.79910681,True,False,False
11,0.01065246017,0.04286147353,100,0.1101302478,0.1101305251,9553,18,0.003358564163,0.0001888721458,0.001397607373,0.003777005901,0.01986504653,0,0.07588113528,0.09185678449,0.08386895989,0.09185678449,0.02038574219,0.01083117387,0.01147334443,0.01115225915,0.01147334443,3.741274837,True,False,False
11,0.01065246017,0.04286147353,100,0.1101302478,0.1101305251,9553,18,0.003369448832,0.0001888721458,0.001397607373,0.003777005901,0.01986504653,0,0.07566353089,0.09170880093,0.08368616591,0.09170880093,0.01995849609,0.0108001133,0.01145486059,0.01112748694,0.01145486059,3.73660681,True,False,False
11,0.01065246017,0.04286147353,100,0.1101302478,0.1101305251,9553,18,0.003507260502,0.0001888721458,0.001397607373,0.003777005901,0.01986504653,0,0.0732408227,0.08998660073,0.08161371172,0.08998660073,0.01696777344,0.01045429911,0.01123974968,0.0108470244,0.01123974968,3.678774837,True,False,False
11,0.01065246017,0.04286147353,100,0.1101302478,0.1101305251,9553,18,0.003518627077,0.0001888721458,0.001397607373,0.003777005901,0.01986504653,0,0.07306328617,0.08984125726,0.08145227171,0.08984125726,0.01663208008,0.01042895778,0.0112215956,0.01082527669,0.0112215956,3.67410681,True,False,False
11,0.01065246017,0.04286147353,100,0.1101302478,0.1101305251,9553,18,0.003598288287,0.0001888721458,0.001397607373,0.003777005901,0.01986504653,0,0.07182547058,0.08895923692,0.08039235375,0.08895923692,0.01480102539,0.0102522736,0.01111142711,0.01068185036,0.01111142711,3.641808651,True,False,False
11,0.01065246017,0.04286147353,100,0.1101302478,0.1101305251,9553,18,0.00366254019,0.0001888721458,0.001397607373,0.003777005901,0.01986504653,0,0.07092212454,0.08829238293,0.07960725373,0.08829238293,0.01333618164,0.01012333117,0.01102813391,0.01057573254,0.01102813391,3.616274837,True,False,False
11,0.01065246017,0.04286147353,100,0.1101302478,0.1101305251,9553,18,0.003666704367,0.0001888721458,0.001397607373,0.003777005901,0.01986504653,0,0.07086015449,0.08825170264,0.07955592856,0.08825170264,0.01324462891,0.01011448564,0.01102305275,0.0105687692,0.01102305275,3.614635476,True,False,False
11,0.01065246017,0.04286147353,100,0.1101302478,0.1101305251,9553,18,0.003674410006,0.0001888721458,0.001397607373,0.003777005901,0.01986504653,0,0.07076141167,0.08815330675,0.07945735921,0.08815330675,0.01303100586,0.01010039122,0.01101076264,0.01055557693,0.01101076264,3.61160681,True,False,False
11,0.01065246017,0.04286147353,100,0.1101302478,0.1101305251,9553,18,0.003757598119,0.0001888721458,0.001397607373,0.003777005901,0.01986504653,0,0.06964830925,0.0873680323,0.07850817078,0.0873680323,0.01095581055,0.009941508443,0.01091267817,0.01042709331,0.01091267817,3.579308651,True,False,False
11,0.01065246017,0.04286147353,100,0.1101302478,0.1101305251,9553,18,0.003824694698,0.0001888721458,0.001397607373,0.003777005901,0.01986504653,0,0.06883994974,0.08678879269,0.07781437122,0.08678879269,0.009857177734,0.009826124265,0.01084032842,0.01033322634,0.01084032842,3.553774837,True,False,False
11,0.01065246017,0.04286147353,100,0.1101302478,0.1101305251,9553,18,0.003829043239,0.0001888721458,0.001397607373,0.003777005901,0.01986504653,0,0.06879724093,0.08675642918,0.07777683506,0.08675642918,0.009826660156,0.009820028065,0.01083628606,0.01032815706,0.01083628606,3.552135476,True,False,False
11,0.01065246017,0.04286147353,100,0.1101302478,0.1101305251,9553,18,0.003837090036,0.0001888721458,0.001397607373,0.003777005901,0.01986504653,0,0.06870376819,0.08667502529,0.07768939674,0.08667502529,0.009735107422,0.009806685889,0.01082611833,0.01031640211,0.01082611833,3.54910681,True,False,False
11,0.01065246017,0.04286147353,100,0.1101302478,0.1101305251,9553,18,0.003923961201,0.0001888721458,0.001397607373,0.003777005901,0.01986504653,0,0.067703623,0.08591853583,0.07681107941,0.08591853583,0.008636474609,0.009663926473,0.01073162924,0.01019777786,0.01073162924,3.516808651,True,False,False
11,0.01065246017,0.04286147353,100,0.1101302478,0.1101305251,9553,18,0.003994028399,0.0001888721458,0.001397607373,0.003777005901,0.01986504653,0,0.06697729498,0.0854165393,0.07619691714,0.0854165393,0.007873535156,0.009560251363,0.01066892752,0.01011458944,0.01066892752,3.491274837,True,False,False
11,0.01065246017,0.04286147353,100,0.1101302478,0.1101305251,9553,18,0.003998569466,0.0001888721458,0.001397607373,0.003777005901,0.01986504653,0,0.06692504254,0.08538790486,0.0761564737,0.08538790486,0.007781982422,0.009552792919,0.01066535094,0.01010907193,0.01066535094,3.489635476,True,False,False
11,0.01065246017,0.04286147353,100,0.1101302478,0.1101305251,9553,18,0.004006972525,0.0001888721458,0.001397607373,0.003777005901,0.01986504653,0,0.06684198024,0.08530252516,0.0760722527,0.08530252516,0.007659912109,0.009540936716,0.01065468661,0.01009781166,0.01065468661,3.48660681,True,False,False
11,0.01065246017,0.04286147353,100,0.1101302478,0.1101305251,9553,18,0.004097689806,0.0001888721458,0.001397607373,0.003777005901,0.01986504653,0,0.0659470523,0.08461434453,0.07528069841,0.08461434453,0.006591796875,0.009413195873,0.01056872961,0.009990962744,0.01056872961,3.454308651,True,False,False
11,0.01065246017,0.04286147353,100,0.1101302478,0.1101305251,9553,18,0.004170859143,0.0001888721458,0.001397607373,0.003777005901,0.01986504653,0,0.06528221947,0.08413166951,0.07470694449,0.08413166951,0.006134033203,0.009318298506,0.01050844123,0.00991336987,0.01050844123,3.428774837,True,False,False
11,0.01065246017,0.04286147353,100,0.1101302478,0.1101305251,9553,18,0.00417560126,0.0001888721458,0.001397607373,0.003777005901,0.01986504653,0,0.06524930856,0.08409891617,0.07467411236,0.08409891617,0.006103515625,0.009313600845,0.01050435019,0.009908975517,0.01050435019,3.427135476,True,False,False
11,0.01065246017,0.04286147353,100,0.1101302478,0.1101305251,9553,18,0.004184376355,0.0001888721458,0.001397607373,0.003777005901,0.01986504653,0,0.06515351376,0.08402463313,0.07458907345,0.08402463313,0.006072998047,0.009299927221,0.01049507189,0.009897499554,0.01049507189,3.42410681,True,False,False
11,0.01065246017,0.04286147353,100,0.1101302478,0.1101305251,9553,18,0.004279110032,0.0001888721458,0.001397607373,0.003777005901,0.01986504653,0,0.06431503747,0.08341886502,0.07386695125,0.08341886502,0.005401611328,0.009180244214,0.0104194086,0.009799826407,0.0104194086,3.391808651,True,False,False
11,0.01065246017,0.04286147353,100,0.1101302478,0.1101305251,9553,18,0.004355518853,0.0001888721458,0.001397607373,0.003777005901,0.01986504653,0,0.06371359172,0.08296005968,0.0733368257,0.08296005968,0.004730224609,0.009094394636,0.01036210166,0.009728248146,0.01036210166,3.366274837,True,False,False
11,0.01065246017,0.04286147353,100,0.1101302478,0.1101305251,9553,18,0.004360470922,0.0001888721458,0.001397607373,0.003777005901,0.01986504653,0,0.06365164751,0.0829155814,0.07328361445,0.0829155814,0.004699707031,0.009085552799,0.01035654611,0.009721049455,0.01035654611,3.364635476,True,False,False
11,0.01065246017,0.04286147353,100,0.1101302478,0.1101305251,9553,18,0.004369634523,0.0001888721458,0.001397607373,0.003777005901,0.01986504653,0,0.0635928349,0.08285868014,0.07322575752,0.08285868014,0.004669189453,0.009077157965,0.01034943887,0.00971329842,0.01034943887,3.36160681,True,False,False
11,0.01065246017,0.04286147353,100,0.1101302478,0.1101305251,9553,18,0.004468562419,0.0001888721458,0.001397607373,0.003777005901,0.01986504653,0,0.06284748616,0.08229260434,0.07257004525,0.08229260434,0.004028320312,0.008970767862,0.01027873334,0.009624750603,0.01027873334,3.329308651,True,False,False
11,0.01065246017,0.04286147353,100,0.1101302478,0.1101305251,9553,18,0.004548354148,0.0001888721458,0.001397607373,0.003777005901,0.01986504653,0,0.06220521022,0.08186914401,0.07203717711,0.08186914401,0.003631591797,0.008879090235,0.01022584116,0.009552465696,0.01022584116,3.303774837,True,False,False
11,0.01065246017,0.04286147353,100,0.1101302478,0.1101305251,9553,18,0.004553525463,0.0001888721458,0.001397607373,0.003777005901,0.01986504653,0,0.06215548965,0.08184737421,0.07200143193,0.08184737421,0.003601074219,0.008871993187,0.01022312201,0.009547557597,0.01022312201,3.302135476,True,False,False
11,0.01065246017,0.04286147353,100,0.1101302478,0.1101305251,9553,18,0.004563094771,0.0001888721458,0.001397607373,0.003777005901,0.01986504653,0,0.06209002372,0.08179955865,0.07194479119,0.08179955865,0.003540039062,0.008862648665,0.01021714962,0.009539899142,0.01021714962,3.29910681,True,False,False
11,0.01065246017,0.04286147353,100,0.1101302478,0.1101305251,9553,18,0.004602172339,0.0001888721458,0.001397607373,0.003777005901,0.01986504653,0,0.06185203424,0.08158885964,0.07172044694,0.08158885964,0.003295898438,0.008828678358,0.01019083232,0.00950975534,0.01019083232,3.286804418,True,False,False
11,0.01065246017,0.04286147353,100,0.1101302478,0.1101305251,9553,18,0.004666402579,0.0001888721458,0.001397607373,0.003777005901,0.01986504653,0,0.06141382863,0.08127816011,0.07134599437,0.08127816011,0.0029296875,0.008766129463,0.01015202449,0.009459076976,0.01015202449,3.266808651,True,False,False
11,0.009768349047,0.03930414268,100,0.07312580369,0.07312517626,52773,20,0.04342785808,0.000196296153,0.001299889769,0.003730950279,0.01310881067,1.525878906e-05,0.02029860028,0.01476487054,0.01753173541,0.02029860028,0,0.002897395618,0.001844201777,0.002370798698,0.002897395618,0.7922038312,False,False,False
11,0.009768349047,0.03930414268,100,0.07130072557,0.07130120146,54123,20,0.04305280536,0.000196296153,0.001299889769,0.003730950279,0.01310341971,1.907348633e-05,0.0209595359,0.0145160525,0.0177377942,0.0209595359,0,0.002991736703,0.001813123234,0.002402429968,0.002991736703,0.8161320902,False,False,False
11,0.009768349047,0.03930414268,100,0.07136478165,0.0713644924,54075,20,0.04314461402,0.000196296153,0.001299889769,0.003730950279,0.01310649998,1.907348633e-05,0.02099459995,0.01448387425,0.0177392371,0.02099459995,0,0.0029967417,0.001809104019,0.002402922859,0.0029967417,0.8179252641,False,False,False
11,0.009768349047,0.03930414268,100,0.06823062886,0.06823025384,56559,20,0.04314724741,0.000196296153,0.001299889769,0.003730950279,0.01311029385,1.907348633e-05,0.02143048431,0.01405868879,0.01774458655,0.02143048431,0,0.003058959263,0.001755996355,0.002407477809,0.003058959263,0.882808171,False,False,False
11,0.009768349047,0.03930414268,100,0.07125145687,0.07125117569,54161,20,0.043022599,0.000196296153,0.001299889769,0.003730950279,0.01310939502,1.907348633e-05,0.02100043005,0.01455306557,0.01777674781,0.02100043005,0,0.00299757388,0.00181774634,0.00240766011,0.00299757388,0.8161320902,False,False,False
11,0.009768349047,0.03930414268,100,0.07312580369,0.07312517626,52773,20,0.04421993352,0.000196296153,0.001299889769,0.003730950279,0.01310881067,1.525878906e-05,0.02065234369,0.01491634926,0.01778434647,0.02065234369,0,0.00294788849,0.001863122181,0.002405505335,0.00294788849,0.8182798885,False,False,False
11,0.009768349047,0.03930414268,100,0.06833914904,0.06833899886,56469,20,0.04325905829,0.000196296153,0.001299889769,0.003730950279,0.01310941501,1.907348633e-05,0.02145295537,0.01416183911,0.01780739724,0.02145295537,0,0.003062166752,0.001768880315,0.002415523534,0.003062166752,0.8842443756,False,False,False
11,0.01065246017,0.04286147353,100,0.07125145687,0.07125116614,59063,20,0.04409619468,0.0001888721458,0.001397607373,0.003777005901,0.01310039767,1.907348633e-05,0.02061446065,0.01503126037,0.01782286051,0.02061446065,0,0.002942481113,0.00187747512,0.002409978117,0.002942481113,1.101691833,False,False,False
11,0.01065246017,0.04286147353,100,0.07125145687,0.07125116614,59063,20,0.04421993352,0.0001888721458,0.001397607373,0.003777005901,0.01310039767,1.907348633e-05,0.02060571052,0.01506933156,0.01783752104,0.02060571052,0,0.002941232132,0.00188223039,0.002411731261,0.002941232132,1.105734527,False,False,False
11,0.009768349047,0.03930414268,100,0.06827780873,0.06827733416,7065,17,0.04321671609,0.000196296153,0.001299889769,0.003730950279,0.01310825878,1.907348633e-05,0.02151972756,0.01416058604,0.0178401568,0.02151972756,0,0.003071697727,0.0017687238,0.002420210763,0.003071697727,0.8841339491,False,False,False
11,0.01065246017,0.04286147353,100,0.06883433949,0.06883405508,61137,20,0.04374001537,0.0001888721458,0.001397607373,0.003777005901,0.01306900149,1.907348633e-05,0.02131778149,0.01443745449,0.01787761799,0.02131778149,0,0.003042872209,0.001803305973,0.002423089091,0.003042872209,1.139782521,False,False,False
11,0.01065246017,0.04286147353,100,0.07136478165,0.07136474462,58969,20,0.044128453,0.0001888721458,0.001397607373,0.003777005901,0.01308388275,1.907348633e-05,0.02071800571,0.01507118936,0.01789459754,0.02071800571,0,0.002957261,0.001882462439,0.002419861719,0.002957261,1.100448934,False,False,False
11,0.01065246017,0.04286147353,100,0.07136478165,0.07136474462,58969,20,0.04421993352,0.0001888721458,0.001397607373,0.003777005901,0.01308388275,1.907348633e-05,0.02074786477,0.01504736577,0.01789761527,0.02074786477,0,0.002961523043,0.001879486759,0.002420504901,0.002961523043,1.103436618,False,False,False
11,0.009768349047,0.03930414268,100,0.07136478165,0.0713644924,54075,20,0.04421993352,0.000196296153,0.001299889769,0.003730950279,0.01310649998,1.907348633e-05,0.02097875847,0.01484275358,0.01791075603,0.02097875847,0,0.002994480508,0.001853929735,0.002424205121,0.002994480508,0.8534416496,False,False,False
11,0.009768349047,0.03930414268,100,0.07312580369,0.07312517626,52773,20,0.04535057362,0.000196296153,0.001299889769,0.003730950279,0.01310881067,1.525878906e-05,0.02085285727,0.01504822104,0.01795053915,0.02085285727,0,0.002976509535,0.001879593587,0.002428051561,0.002976509535,0.8547038312,False,False,False
11,0.01065246017,0.04286147353,100,0.06883433949,0.06883405508,61137,20,0.04421993352,0.0001888721458,0.001397607373,0.003777005901,0.01306900149,1.907348633e-05,0.02142179609,0.01448297452,0.01795238531,0.02142179609,0,0.003057719117,0.001808991638,0.002433355378,0.003057719117,1.15552565,False,False,False
11,0.0138145317,0.03468776885,99.995,0.06705665765,0.06705613769,25395,19,0.04387649099,0.0001907492743,0.001373029986,0.00384966135,0.01311916639,1.907348633e-05,0.02219836605,0.01370871249,0.01795353927,0.02219836605,0,0.003168565696,0.001712282669,0.002440424183,0.003168565696,1.612284325,False,False,False
11,0.009768349047,0.03930414268,100,0.07130072557,0.07130120146,54123,20,0.04421993352,0.000196296153,0.001299889769,0.003730950279,0.01310341971,1.907348633e-05,0.02113783682,0.0147789816,0.01795840921,0.02113783682,0,0.003017187143,0.001845964315,0.002431575729,0.003017187143,0.8547216985,False,False,False
11,0.01065246017,0.04286147353,100,0.06705665765,0.06705718287,62757,20,0.04348974383,0.0001888721458,0.001397607373,0.003777005901,0.01307623921,1.907348633e-05,0.02181842025,0.01412240829,0.01797041427,0.02181842025,0,0.00311433273,0.00176395522,0.002439143975,0.00311433273,1.169234632,False,False,False
11,0.008957615571,0.03604203365,100,0.06833914904,0.06833935082,25891,19,0.04375179504,0.0002179803971,0.001485696446,0.0039404765,0.01308389307,1.907348633e-05,0.02193575971,0.01407450926,0.01800513448,0.02193575971,0,0.003131081611,0.001757972406,0.002444527008,0.003131081611,1.15057786,False,False,False
11,0.008957615571,0.03604203365,100,0.06823062886,0.06822998677,51865,20,0.04370243942,0.0002179803971,0.001485696446,0.0039404765,0.01308692481,1.907348633e-05,0.02204725468,0.01397775026,0.01801250247,0.02204725468,0,0.003146996258,0.001745886752,0.002446441505,0.003146996258,1.151260069,False,False,False
11,0.009768349047,0.03930414268,100,0.07125145687,0.07125117569,54161,20,0.04421993352,0.000196296153,0.001299889769,0.003730950279,0.01310939502,1.907348633e-05,0.02122766782,0.01481551575,0.01802159178,0.02122766782,0,0.003030009503,0.001850527601,0.002440268552,0.003030009503,0.8557342657,False,False,False
11,0.01065246017,0.04286147353,100,0.06823062886,0.06823028674,30839,19,0.04372990386,0.0001888721458,0.001397607373,0.003777005901,0.01310373066,1.907348633e-05,0.02168917995,0.0143559909,0.01802258542,0.02168917995,0,0.00309588514,0.001793130786,0.002444507963,0.00309588514,1.152159194,False,False,False
11,0.009768349047,0.03930414268,100,0.06833914904,0.06833899886,56469,20,0.04421993352,0.000196296153,0.001299889769,0.003730950279,0.01310941501,1.907348633e-05,0.02170227066,0.01438008139,0.01804117602,0.02170227066,0,0.003097753689,0.001796139802,0.002446946746,0.003097753689,0.9159389725,False,False,False
11,0.009768349047,0.03930414268,100,0.06823062886,0.06823025384,56559,20,0.04421993352,0.000196296153,0.001299889769,0.003730950279,0.01311029385,1.907348633e-05,0.02175850143,0.01433612425,0.01804731284,0.02175850143,0,0.003105779997,0.001790649349,0.002448214673,0.003105779997,0.918236502,False,False,False
12,0.01064629327,0.03393269728,99.995,0.07296128004,0.07296058035,40033,21,0.01478619817,0.0001871353568,0.001270996591,0.002044117396,0.01113525787,2.288818359e-05,0.01110823849,0.0138965046,0.01250237155,0.0138965046,3.051757812e-05,0.001613592517,0.00179765748,0.001705624999,0.00179765748,0.8553269451,False,True,True
12,0.01064629327,0.03393269728,99.995,0.07296151173,0.0729624029,1251,16,0.01478619817,0.0001871353568,0.001270996591,0.002044117396,0.0111352469,2.288818359e-05,0.0111112754,0.01389795662,0.01250461601,0.01389795662,3.051757812e-05,0.001614033661,0.001797845315,0.001705939488,0.001797845315,0.8553353123,False,False,False
12,0.01064629327,0.03393269728,99.995,0.07296151173,0.0729624029,1251,16,0.01415931187,0.0001871353568,0.001270996591,0.002044117396,0.0111352469,2.288818359e-05,0.01116624631,0.01386206836,0.01251415733,0.01386206836,3.051757812e-05,0.001622018783,0.001793202795,0.001707610789,0.001793202795,0.7928353123,False,False,False
12,0.01064629327,0.03393269728,99.995,0.07296128004,0.07296058035,40033,21,0.01415931187,0.0001871353568,0.001270996591,0.002044117396,0.01113525787,2.288818359e-05,0.01116523796,0.01386447308,0.01251485552,0.01386447308,3.051757812e-05,0.00162187231,0.001793513871,0.00170769309,0.001793513871,0.7928269451,False,False,False
12,0.01064629327,0.03393269728,99.995,0.07296151173,0.0729624029,1251,16,0.01451499959,0.0001871353568,0.001270996591,0.002044117396,0.0111352469,2.288818359e-05,0.01116236749,0.01387388191,0.0125181247,0.01387388191,3.051757812e-05,0.001621455342,0.001794731,0.001708093171,0.001794731,0.8286286891,False,False,False
12,0.01064629327,0.03393269728,99.995,0.07296128004,0.07296058035,40033,21,0.01451463701,0.0001871353568,0.001270996591,0.002044117396,0.01113525787,2.288818359e-05,0.01116200915,0.01387447334,0.01251824124,0.01387447334,3.051757812e-05,0.001621403289,0.001794807508,0.001708105399,0.001794807508,0.8285842838,False,False,False
12,0.01064629327,0.03393269728,99.995,0.07296151173,0.0729624029,1251,16,0.01582871929,0.0001871353568,0.001270996591,0.002044117396,0.0111352469,2.288818359e-05,0.01109764956,0.01395657781,0.01252711368,0.01395657781,3.051757812e-05,0.001612054359,0.001805428576,0.001708741467,0.001805428576,0.9536286891,False,False,False
12,0.01064629327,0.03393269728,99.995,0.07296128004,0.07296058035,40033,21,0.0158283239,0.0001871353568,0.001270996591,0.002044117396,0.01113525787,2.288818359e-05,0.01109724879,0.01395715385,0.01252720132,0.01395715385,3.051757812e-05,0.001611996144,0.001805503093,0.001708749618,0.001805503093,0.9535842838,False,False,False
12,0.01064629327,0.03393269728,99.995,0.07296151173,0.0729624029,1251,16,0.01544083909,0.0001871353568,0.001270996591,0.002044117396,0.0111352469,2.288818359e-05,0.01114070168,0.01391827573,0.01252948871,0.01391827573,3.051757812e-05,0.001618308149,0.001800473804,0.001709390976,0.001800473804,0.9178353123,False,False,False
12,0.01064629327,0.03393269728,99.995,0.07296128004,0.07296058035,40033,21,0.01544083909,0.0001871353568,0.001270996591,0.002044117396,0.01113525787,2.288818359e-05,0.01114188999,0.0139196575,0.01253077374,0.0139196575,3.051757812e-05,0.001618480763,0.001800652549,0.001709566656,0.001800652549,0.9178269451,False,False,False
12,0.01064629327,0.03393269728,99.995,0.07296151173,0.0729624029,1251,16,0.01515763352,0.0001871353568,0.001270996591,0.002044117396,0.0111352469,2.288818359e-05,0.01111100863,0.01396816294,0.01253958579,0.01396816294,3.051757812e-05,0.00161399491,0.001806927234,0.001710461072,0.001806927234,0.8911286891,False,False,False
12,0.01064629327,0.03393269728,99.995,0.07296128004,0.07296058035,40033,21,0.01515725489,0.0001871353568,0.001270996591,0.002044117396,0.01113525787,2.288818359e-05,0.01111063167,0.01396874526,0.01253968846,0.01396874526,3.051757812e-05,0.001613940152,0.001807002562,0.001710471357,0.001807002562,0.8910842838,False,False,False
12,0.009762693978,0.0339524251,99.995,0.07296128004,0.07296108018,5007,18,0.0151645211,0.0001911119404,0.001268202995,0.002047360577,0.0111377363,2.288818359e-05,0.01105821948,0.0140437229,0.01255097119,0.0140437229,3.051757812e-05,0.001606326711,0.001816701699,0.001711514205,0.001816701699,1.015927334,False,False,False
12,0.01266064771,0.03397286114,99.995,0.07296128004,0.07296128004,2505,17,0.01390760723,0.0001889847365,0.001277590623,0.002047590547,0.01114236711,2.288818359e-05,0.01117918469,0.01390894444,0.01254406457,0.01390894444,3.051757812e-05,0.001623898225,0.001799266704,0.001711582464,0.001799266704,0.515229574,False,False,False
12,0.01266064771,0.03397286114,99.995,0.07296128004,0.07296128004,2505,17,0.01478619817,0.0001889847365,0.001277590623,0.002047590547,0.01114236711,2.288818359e-05,0.01113882181,0.01395483993,0.01254683087,0.01395483993,3.051757812e-05,0.001618035076,0.001805203763,0.00171161942,0.001805203763,0.6036064983,False,False,False
12,0.01266064771,0.03397286114,99.995,0.07296128004,0.07296128004,2505,17,0.01516635323,0.0001889847365,0.001277590623,0.002047590547,0.01114236711,2.288818359e-05,0.0111261554,0.01397427292,0.01255021416,0.01397427292,3.051757812e-05,0.001616195143,0.001807717623,0.001711956383,0.001807717623,0.640229574,False,False,False
12,0.00895242985,0.0339541647,99.995,0.07296128004,0.07296117548,20029,20,0.01451218339,0.0002030754127,0.001264153938,0.00204022779,0.01114310808,2.288818359e-05,0.01111761317,0.01398653218,0.01255207268,0.01398653218,3.051757812e-05,0.001614954291,0.001809303485,0.001712128888,0.001809303485,1.077416187,False,False,False
12,0.01266064771,0.03397286114,99.995,0.07296128004,0.07296128004,2505,17,0.01452334961,0.0001889847365,0.001277590623,0.002047590547,0.01114236711,2.288818359e-05,0.01115885156,0.0139447872,0.01255181938,0.0139447872,3.051757812e-05,0.001620944615,0.001803903338,0.001712423977,0.001803903338,0.577729574,False,False,False
12,0.01160986514,0.03397735075,99.995,0.07296128004,0.07296182007,40085,21,0.01478619817,0.0001876629349,0.001278114129,0.002053869421,0.01114337478,2.288818359e-05,0.01111115078,0.01400092632,0.01255603855,0.01400092632,3.051757812e-05,0.001614015558,0.001811165517,0.001712590537,0.001811165517,0.7288078204,False,False,False
12,0.01064629327,0.03393269728,99.995,0.07296151173,0.0729624029,1251,16,0.01389961122,0.0001871353568,0.001270996591,0.002044117396,0.0111352469,2.288818359e-05,0.01124594207,0.0138692848,0.01255761344,0.0138692848,3.051757812e-05,0.00163359546,0.001794136317,0.001713865888,0.001794136317,0.7661286891,False,False,False
12,0.01064629327,0.03393269728,99.995,0.07296128004,0.07296058035,40033,21,0.01389926402,0.0001871353568,0.001270996591,0.002044117396,0.01113525787,2.288818359e-05,0.01124558074,0.01386987999,0.01255773037,0.01386987999,3.051757812e-05,0.001633542973,0.001794213311,0.001713878142,0.001794213311,0.7660842838,False,False,False
12,0.01266064771,0.03397286114,99.995,0.07296128004,0.07296128004,2505,17,0.01415931187,0.0001889847365,0.001277590623,0.002047590547,0.01114236711,2.288818359e-05,0.01116937126,0.01396480256,0.01256708691,0.01396480256,3.051757812e-05,0.001622472717,0.001806492533,0.001714482625,0.001806492533,0.5411064983,False,False,False
12,0.01064629327,0.03393269728,99.995,0.07296128004,0.07296058035,40033,21,0.01612446344,0.0001871353568,0.001270996591,0.002044117396,0.01113525787,2.288818359e-05,0.01113192801,0.01400855351,0.01257024076,0.01400855351,3.051757812e-05,0.001617033678,0.001812152174,0.001714592926,0.001812152174,0.9803269451,False,False,False
12,0.009762693978,0.0339524251,99.995,0.07296128004,0.07296108018,5007,18,0.01415931187,0.0001911119404,0.001268202995,0.002047360577,0.0111377363,2.288818359e-05,0.01119833851,0.01393477419,0.01256655635,0.01393477419,3.051757812e-05,0.001626680525,0.00180260805,0.001714644288,0.00180260805,0.9169785503,False,False,False
12,0.008209414369,0.03303136984,99.995,0.1007750377,0.1007743385,14107,20,0.00327319136,0.000234273673,0.001244588664,0.002062445871,0.01526298688,0,0.0316154423,0.02550210977,0.02855877603,0.0316154423,0.02514648438,0.004592487021,0.003298963281,0.003945725151,0.004592487021,2.703346094,True,False,False
12,0.008209414369,0.03303136984,99.995,0.1007750377,0.1007743385,14107,20,0.003303978211,0.000234273673,0.001244588664,0.002062445871,0.01526298688,0,0.03128094608,0.02494216718,0.02811155663,0.03128094608,0.02386474609,0.004543897806,0.003226528879,0.003885213343,0.004543897806,2.68983987,True,False,False
12,0.008209414369,0.03303136984,99.995,0.1007750377,0.1007743385,14107,20,0.003418107922,0.000234273673,0.001244588664,0.002062445871,0.01526298688,0,0.03018355845,0.02302971758,0.02660663802,0.03018355845,0.02014160156,0.004384490311,0.002979133623,0.003681811967,0.004384490311,2.640846094,True,False,False
12,0.008209414369,0.03303136984,99.995,0.1007750377,0.1007743385,14107,20,0.003450257824,0.000234273673,0.001244588664,0.002062445871,0.01526298688,0,0.02992914295,0.02252363958,0.02622639126,0.02992914295,0.01922607422,0.004347533691,0.002913667167,0.003630600429,0.004347533691,2.62733987,True,False,False
12,0.008209414369,0.03303136984,99.995,0.1007750377,0.1007743385,14107,20,0.003569440488,0.000234273673,0.001244588664,0.002062445871,0.01526298688,0,0.02900032589,0.02096475192,0.02498253891,0.02900032589,0.01620483398,0.004212612907,0.002712008826,0.003462310867,0.004212612907,2.578346094,False,False,False
12,0.008209414369,0.03303136984,99.995,0.1007750377,0.1007743385,14107,20,0.003603013788,0.000234273673,0.001244588664,0.002062445871,0.01526298688,0,0.02877499448,0.02056424177,0.02466961812,0.02877499448,0.01547241211,0.004179881068,0.00266019867,0.003420039869,0.004179881068,2.56483987,False,False,False
12,0.008209414369,0.03303136984,99.995,0.1007750377,0.1007743385,14107,20,0.003625135469,0.000234273673,0.001244588664,0.002062445871,0.01526298688,0,0.02863006,0.02030156778,0.02446581389,0.02863006,0.01504516602,0.004158827757,0.002626219057,0.003392523407,0.004158827757,2.556009134,False,False,False
12,0.008209414369,0.03303136984,99.995,0.1007750377,0.1007743385,14107,20,0.003634959453,0.000234273673,0.001244588664,0.002062445871,0.01526298688,0,0.0285823808,0.02019323274,0.02438780677,0.0285823808,0.01489257812,0.004151901835,0.002612204791,0.003382053313,0.004151901835,2.552104771,False,False,False
12,0.008209414369,0.03303136984,99.995,0.1007750377,0.1007743385,14107,20,0.00372747312,0.000234273673,0.001244588664,0.002062445871,0.01526298688,0,0.0280016795,0.01924344053,0.02362256002,0.0280016795,0.01287841797,0.004067548652,0.002489339285,0.003278443969,0.004067548652,2.515846094,False,False,False
12,0.008209414369,0.03303136984,99.995,0.1007750377,0.1007743385,14107,20,0.003762532837,0.000234273673,0.001244588664,0.002062445871,0.01526298688,0,0.02779335636,0.01891478656,0.02335407146,0.02779335636,0.01248168945,0.004037287448,0.002446824474,0.003242055961,0.004037287448,2.50233987,False,False,False
12,0.008209414369,0.03303136984,99.995,0.1007750377,0.1007743385,14107,20,0.003785633928,0.000234273673,0.001244588664,0.002062445871,0.01526298688,0,0.02765728441,0.0187047999,0.02318104215,0.02765728441,0.01196289062,0.004017521517,0.002419660514,0.003218591016,0.004017521517,2.493509134,False,False,False
12,0.008209414369,0.03303136984,99.995,0.1007750377,0.1007743385,14107,20,0.003795892857,0.000234273673,0.001244588664,0.002062445871,0.01526298688,0,0.0276008215,0.01861581935,0.02310832043,0.0276008215,0.01181030273,0.004009319665,0.002408149955,0.00320873481,0.004009319665,2.489604771,False,False,False
12,0.008209414369,0.03303136984,99.995,0.1007750377,0.1007743385,14107,20,0.003892502454,0.000234273673,0.001244588664,0.002062445871,0.01526298688,0,0.02715587198,0.01787455784,0.02251521491,0.02715587198,0.01007080078,0.003944685905,0.002312260064,0.003128472985,0.003944685905,2.453346094,False,False,False
12,0.008209414369,0.03303136984,99.995,0.1007750377,0.1007743385,14107,20,0.003929114397,0.000234273673,0.001244588664,0.002062445871,0.01526298688,0,0.02696662857,0.01763447962,0.02230055409,0.02696662857,0.009460449219,0.003917196241,0.002281203448,0.003099199844,0.003917196241,2.43983987,False,False,False
12,0.008209414369,0.03303136984,99.995,0.1007750377,0.1007743385,14107,20,0.003953238261,0.000234273673,0.001244588664,0.002062445871,0.01526298688,0,0.0268384171,0.01745976206,0.02214908958,0.0268384171,0.009124755859,0.00389857213,0.002258601914,0.003078587022,0.00389857213,2.431009134,False,False,False
12,0.008209414369,0.03303136984,99.995,0.1007750377,0.1007743385,14107,20,0.003963951391,0.000234273673,0.001244588664,0.002062445871,0.01526298688,0,0.02681383839,0.017405581,0.02210970969,0.02681383839,0.008941650391,0.003895001804,0.002251593029,0.003073297417,0.003895001804,2.427104771,False,False,False
12,0.008209414369,0.03303136984,99.995,0.1007750377,0.1007743385,14107,20,0.004064838261,0.000234273673,0.001244588664,0.002062445871,0.01526298688,0,0.02637418491,0.01680945892,0.02159182191,0.02637418491,0.007781982422,0.003831137353,0.002174478435,0.003002807894,0.003831137353,2.390846094,False,False,False
12,0.008209414369,0.03303136984,99.995,0.1007750377,0.1007743385,14107,20,0.004103071153,0.000234273673,0.001244588664,0.002062445871,0.01526298688,0,0.02624933958,0.01660437432,0.02142685695,0.02624933958,0.007385253906,0.003813002209,0.002147948609,0.002980475409,0.003813002209,2.37733987,False,False,False
12,0.008209414369,0.03303136984,99.995,0.1007750377,0.1007743385,14107,20,0.004128263071,0.000234273673,0.001244588664,0.002062445871,0.01526298688,0,0.02613877373,0.01650267158,0.02132072266,0.02613877373,0.006988525391,0.003796941317,0.002134792301,0.002965866809,0.003796941317,2.368509134,False,False,False
12,0.008209414369,0.03303136984,99.995,0.1007750377,0.1007743385,14107,20,0.004139450513,0.000234273673,0.001244588664,0.002062445871,0.01526298688,0,0.02612204552,0.01643611727,0.02127908139,0.02612204552,0.006866455078,0.003794511363,0.002126182807,0.002960347085,0.003794511363,2.364604771,False,False,False
12,0.008209414369,0.03303136984,99.995,0.1007750377,0.1007743385,14107,20,0.004244804025,0.000234273673,0.001244588664,0.002062445871,0.01526298688,0,0.02575042664,0.01598970487,0.02087006576,0.02575042664,0.005554199219,0.003740529677,0.002068434718,0.002904482198,0.003740529677,2.328346094,False,False,False
12,0.008209414369,0.03303136984,99.995,0.1007750377,0.1007743385,14107,20,0.004284729632,0.000234273673,0.001244588664,0.002062445871,0.01526298688,0,0.02563455445,0.01582923931,0.02073189688,0.02563455445,0.005035400391,0.003723697979,0.002047676828,0.002885687404,0.003723697979,2.31483987,False,False,False
12,0.008209414369,0.03303136984,99.995,0.1007750377,0.1007743385,14107,20,0.004311036892,0.000234273673,0.001244588664,0.002062445871,0.01526298688,0,0.0255634789,0.01575057915,0.02065702902,0.0255634789,0.004821777344,0.003713373482,0.002037501318,0.0028754374,0.003713373482,2.306009134,False,False,False
12,0.008209414369,0.03303136984,99.995,0.1007750377,0.1007743385,14107,20,0.004322719644,0.000234273673,0.001244588664,0.002062445871,0.01526298688,0,0.02553593496,0.01570609493,0.02062101495,0.02553593496,0.004638671875,0.003709372426,0.002031746821,0.002870559624,0.003709372426,2.302104771,False,False,False
12,0.008209414369,0.03303136984,99.995,0.1007750377,0.1007743385,14107,20,0.004432737555,0.000234273673,0.001244588664,0.002062445871,0.01526298688,0,0.02521493951,0.01536634375,0.02029064163,0.02521493951,0.003692626953,0.003662744344,0.001987796471,0.002825270407,0.003662744344,2.265846094,False,False,False
12,0.008209414369,0.03303136984,99.995,0.1007750377,0.1007743385,14107,20,0.004433836793,0.000234273673,0.001244588664,0.002062445871,0.01526298688,0,0.02522032144,0.0153615503,0.02029093587,0.02522032144,0.003662109375,0.003663526127,0.001987176388,0.002825351258,0.003663526127,2.265488376,False,False,False
12,0.008209414369,0.03303136984,99.995,0.1007750377,0.1007743385,14107,20,0.00447443082,0.000234273673,0.001244588664,0.002062445871,0.01526298688,0,0.02512838222,0.01524851668,0.02018844945,0.02512838222,0.003479003906,0.003650170955,0.001972554313,0.002811362634,0.003650170955,2.25233987,False,False,False
12,0.008209414369,0.03303136984,99.995,0.1007750377,0.1007743385,14107,20,0.004501902802,0.000234273673,0.001244588664,0.002062445871,0.01526298688,0,0.02504864559,0.01517581773,0.02011223166,0.02504864559,0.003387451172,0.003638588342,0.001963149948,0.002800869145,0.003638588342,2.243509134,False,False,False
12,0.008209414369,0.03303136984,99.995,0.1007750377,0.1007743385,14107,20,0.004514102793,0.000234273673,0.001244588664,0.002062445871,0.01526298688,0,0.02501292263,0.01512005299,0.02006648781,0.02501292263,0.003295898438,0.003633399193,0.001955936198,0.002794667696,0.003633399193,2.239604771,False,False,False
12,0.008209414369,0.03303136984,99.995,0.1007750377,0.1007743385,14107,20,0.00452773363,0.000234273673,0.001244588664,0.002062445871,0.01526298688,0,0.02497588096,0.01510525371,0.02004056734,0.02497588096,0.003234863281,0.003628018488,0.001954021757,0.002791020123,0.003628018488,2.235254957,False,False,False
12,0.008209414369,0.03303136984,99.995,0.1007750377,0.1007743385,14107,20,0.004628991613,0.000234273673,0.001244588664,0.002062445871,0.01526298688,0,0.02472958662,0.01488117218,0.0198053794,0.02472958662,0.002685546875,0.003592241556,0.001925034479,0.002758638017,0.003592241556,2.203346094,False,False,False
12,0.008209414369,0.03303136984,99.995,0.1007750377,0.1007743385,14107,20,0.004630139518,0.000234273673,0.001244588664,0.002062445871,0.01526298688,0,0.02472685745,0.01486742319,0.01979714032,0.02472685745,0.002685546875,0.003591845113,0.001923255905,0.002757550509,0.003591845113,2.202988376,False,False,False
12,0.01266064771,0.03397286114,99.995,0.07296128004,0.07296128004,2505,17,0.01653902548,0.0001889847365,0.001277590623,0.002047590547,0.01114236711,2.288818359e-05,0.01114509497,0.01404111476,0.01259310486,0.01404111476,0,0.001618946321,0.00181636431,0.001717655315,0.00181636431,0.765229574,False,False,False
12,0.01064629327,0.03393269728,99.995,0.07296151173,0.0729624029,1251,16,0.01652951656,0.0001871353568,0.001270996591,0.002044117396,0.0111352469,2.288818359e-05,0.01122623743,0.01398150977,0.0126038736,0.01398150977,0,0.001630733147,0.001808653784,0.001719693466,0.001808653784,1.016128689,False,False,False
12,0.01064629327,0.03393269728,99.995,0.07296128004,0.07296058035,40033,21,0.01652910366,0.0001871353568,0.001270996591,0.002044117396,0.01113525787,2.288818359e-05,0.01122581081,0.01398208004,0.01260394543,0.01398208004,0,0.001630671176,0.001808727555,0.001719699366,0.001808727555,1.016084284,False,False,False
12,0.01064629327,0.03393269728,99.995,0.07296151173,0.0729624029,1251,16,0.01683835442,0.0001871353568,0.001270996591,0.002044117396,0.0111352469,2.288818359e-05,0.01117023651,0.01404854998,0.01260939324,0.01404854998,0,0.001622598403,0.001817326133,0.001719962268,0.001817326133,1.042835312,False,False,False
12,0.01064629327,0.03393269728,99.995,0.07296128004,0.07296058035,40033,21,0.01683835442,0.0001871353568,0.001270996591,0.002044117396,0.01113525787,2.288818359e-05,0.01117135144,0.01404904849,0.01261019997,0.01404904849,0,0.00162276036,0.00181739062,0.00172007549,0.00181739062,1.042826945,False,False,False
12,0.01266064771,0.03397286114,99.995,0.07296128004,0.07296128004,2505,17,0.01727127069,0.0001889847365,0.001277590623,0.002047590547,0.01114236711,2.288818359e-05,0.01120212891,0.01403334722,0.01261773806,0.01403334722,0,0.001627231122,0.001815359498,0.00172129531,0.001815359498,0.827729574,False,False,False
12,0.01160986514,0.03397735075,99.995,0.07296128004,0.07296182007,40085,21,0.01649521273,0.0001876629349,0.001278114129,0.002053869421,0.01114337478,2.288818359e-05,0.0111042064,0.01414685007,0.01262552823,0.01414685007,0,0.001613006812,0.001830042272,0.001721524542,0.001830042272,0.88660405,False,False,False
12,0.01064629327,0.03393269728,99.995,0.07296128004,0.07296058035,40033,21,0.01758385206,0.0001871353568,0.001270996591,0.002044117396,0.01113525787,2.288818359e-05,0.01124703439,0.01400711276,0.01262707357,0.01400711276,0,0.001633754131,0.001811965798,0.001722859964,0.001811965798,1.105326945,False,False,False
12,0.01064629327,0.03393269728,99.995,0.07296151173,0.0729624029,1251,16,0.01758385206,0.0001871353568,0.001270996591,0.002044117396,0.0111352469,2.288818359e-05,0.01124919121,0.01400804895,0.01262862008,0.01400804895,0,0.001634067433,0.001812086904,0.001723077169,0.001812086904,1.105335312,False,False,False
12,0.01064629327,0.03393269728,99.995,0.07296151173,0.0729624029,1251,16,0.01726134078,0.0001871353568,0.001270996591,0.002044117396,0.0111352469,2.288818359e-05,0.01124711914,0.01401684034,0.01263197974,0.01401684034,0,0.001633766442,0.001813224161,0.001723495302,0.001813224161,1.078628689,False,False,False
12,0.01064629327,0.03393269728,99.995,0.07296128004,0.07296058035,40033,21,0.0172609096,0.0001871353568,0.001270996591,0.002044117396,0.01113525787,2.288818359e-05,0.01124669149,0.01401741326,0.01263205238,0.01401741326,0,0.001633704321,0.001813298275,0.001723501298,0.001813298275,1.078584284,False,False,False
12,0.009762693978,0.0339524251,99.995,0.07296128004,0.07296108018,5007,18,0.01653702752,0.0001911119404,0.001268202995,0.002047360577,0.0111377363,2.288818359e-05,0.0111889467,0.01413151634,0.01266023152,0.01413151634,0,0.001625316262,0.001828058696,0.001726687479,0.001828058696,1.140927334,False,False,False
12,0.01266064771,0.03397286114,99.995,0.07296128004,0.07296128004,2505,17,0.01683835442,0.0001889847365,0.001277590623,0.002047590547,0.01114236711,2.288818359e-05,0.0111609795,0.01417399506,0.01266748728,0.01417399506,0,0.001621253722,0.00183355376,0.001727403741,0.00183355376,0.7911064983,False,False,False
12,0.00895242985,0.0339541647,99.995,0.07296128004,0.07296117548,20029,20,0.01652630951,0.0002030754127,0.001264153938,0.00204022779,0.01114310808,2.288818359e-05,0.01121156639,0.01415507038,0.01268331838,0.01415507038,0,0.001628602018,0.001831105656,0.001729853837,0.001831105656,1.264916187,False,False,False
12,0.01266064771,0.03397286114,99.995,0.07296128004,0.07296128004,2505,17,0.01758385206,0.0001889847365,0.001277590623,0.002047590547,0.01114236711,2.288818359e-05,0.01125135749,0.01412617265,0.01268876507,0.01412617265,0,0.001634382108,0.001827367433,0.001730874771,0.001827367433,0.8536064983,False,False,False
12,0.01160986514,0.03397735075,99.995,0.07296128004,0.07296182007,40085,21,0.01683835442,0.0001876629349,0.001278114129,0.002053869421,0.01114337478,2.288818359e-05,0.0112041743,0.01417639583,0.01269028507,0.01417639583,0,0.001627528237,0.001833864324,0.001730696281,0.001833864324,0.9163078204,False,False,False
12,0.01160986514,0.03397735075,99.995,0.07296128004,0.07296182007,40085,21,0.01758385206,0.0001876629349,0.001278114129,0.002053869421,0.01114337478,2.288818359e-05,0.01124451601,0.01413804962,0.01269128281,0.01413804962,0,0.001633388309,0.001828903843,0.001731146076,0.001828903843,0.9788078204,False,False,False
12,0.009762693978,0.0339524251,99.995,0.07296128004,0.07296108018,5007,18,0.01726918428,0.0001911119404,0.001268202995,0.002047360577,0.0111377363,2.288818359e-05,0.01123301375,0.01415743516,0.01269522445,0.01415743516,0,0.00163171748,0.001831411564,0.001731564522,0.001831411564,1.203427334,False,False,False
12,0.009762693978,0.0339524251,99.995,0.07296128004,0.07296108018,5007,18,0.01683835442,0.0001911119404,0.001268202995,0.002047360577,0.0111377363,2.288818359e-05,0.01121613327,0.01417793326,0.01269703326,0.01417793326,0,0.001629265408,0.001834063206,0.001731664307,0.001834063206,1.16697855,False,False,False
12,0.00895242985,0.0339541647,99.995,0.07296128004,0.07296117548,20029,20,0.01725799174,0.0002030754127,0.001264153938,0.00204022779,0.01114310808,2.288818359e-05,0.01124651719,0.01415360005,0.01270005862,0.01415360005,0,0.001633679002,0.001830915452,0.001732297227,0.001830915452,1.327416187,False,False,False
13,0.01283236353,0.0516325808,100,0.2067300009,0.2067282459,33363,21,0.03046898976,0.0002739279318,0.001825049217,0.00292177634,0.03613180019,1.14440918e-05,0.02921822624,0.0462287177,0.03772347197,0.0462287177,6.103515625e-05,0.005901361962,0.01012979453,0.008015578245,0.01012979453,1.588330907,False,True,True
13,0.01283236353,0.0516325808,100,0.2067300009,0.2067282459,33363,21,0.03020249459,0.0002739279318,0.001825049217,0.00292177634,0.03613180019,1.14440918e-05,0.02918676613,0.04633324483,0.03776000548,0.04633324483,6.103515625e-05,0.005895007796,0.01015269887,0.008023853333,0.01015269887,1.575656955,False,False,False
13,0.01283236353,0.0516325808,100,0.2067300009,0.2067282459,33363,21,0.0285867369,0.0002739279318,0.001825049217,0.00292177634,0.03613180019,1.14440918e-05,0.02936904379,0.04618580606,0.03777742492,0.04618580606,6.103515625e-05,0.005931823391,0.01012039158,0.008026107487,0.01012039158,1.49633519,False,False,False
13,0.01283236353,0.0516325808,100,0.2067300009,0.2067282459,33363,21,0.03192229625,0.0002739279318,0.001825049217,0.00292177634,0.03613180019,1.14440918e-05,0.02912474985,0.04642774223,0.03777624604,0.04642774223,3.051757812e-05,0.005882482034,0.01017340546,0.008027943749,0.01017340546,1.655553673,False,False,False
13,0.01283236353,0.0516325808,100,0.2067300009,0.2067282459,33363,21,0.0289220079,0.0002739279318,0.001825049217,0.00292177634,0.03613180019,1.14440918e-05,0.02936524395,0.04621745544,0.0377913497,0.04621745544,6.103515625e-05,0.005931055918,0.0101273267,0.008029191311,0.0101273267,1.513156955,False,False,False
13,0.01283236353,0.0516325808,100,0.2067300009,0.2067282459,33363,21,0.02985237987,0.0002739279318,0.001825049217,0.00292177634,0.03613180019,1.14440918e-05,0.0293073234,0.04627211033,0.03778971686,0.04627211033,6.103515625e-05,0.005919357394,0.01013930287,0.008029330131,0.01013930287,1.55883519,False,False,False
13,0.01079068849,0.04341765207,100,0.2067300009,0.2067306561,56109,22,0.03030149867,0.0002973703579,0.00179511447,0.003103549489,0.03623079695,1.14440918e-05,0.03018288484,0.04547207829,0.03782748156,0.04547207829,6.103515625e-05,0.006096199236,0.009963997116,0.008030098176,0.009963997116,1.580370713,False,False,False
13,0.01283236353,0.0516325808,100,0.2067300009,0.2067282459,33363,21,0.03056889562,0.0002739279318,0.001825049217,0.00292177634,0.03613180019,1.14440918e-05,0.02928709368,0.04629832069,0.03779270719,0.04629832069,6.103515625e-05,0.005915271489,0.01014504617,0.008030158832,0.01014504617,1.593053673,False,False,False
13,0.01283236353,0.0516325808,100,0.2067300009,0.2067282459,33363,21,0.03117405764,0.0002739279318,0.001825049217,0.00292177634,0.03613180019,1.14440918e-05,0.02918439266,0.04642656792,0.03780548029,0.04642656792,3.051757812e-05,0.005894528413,0.01017314815,0.008033838279,0.01017314815,1.62133519,False,False,False
13,0.01079068849,0.04341765207,100,0.2067300009,0.2067306561,56109,22,0.03046898976,0.0002973703579,0.00179511447,0.003103549489,0.03623079695,1.14440918e-05,0.03016556481,0.04553970724,0.03785263602,0.04553970724,6.103515625e-05,0.006092701017,0.009978816203,0.00803575861,0.009978816203,1.58832323,False,False,False
13,0.01283236353,0.0516325808,100,0.2067300009,0.2067282459,33363,21,0.03181796719,0.0002739279318,0.001825049217,0.00292177634,0.03613180019,1.14440918e-05,0.02913642759,0.04648917972,0.03781280365,0.04648917972,3.051757812e-05,0.00588484065,0.01018686786,0.008035854253,0.01018686786,1.650830907,False,False,False
13,0.01079068849,0.04341765207,100,0.2067300009,0.2067306561,56109,22,0.02985237987,0.0002973703579,0.00179511447,0.003103549489,0.03623079695,1.14440918e-05,0.03014949832,0.04555769099,0.03785359466,0.04555769099,6.103515625e-05,0.006089455982,0.009982756865,0.008036106423,0.009982756865,1.558827513,False,False,False
13,0.01283236353,0.0516325808,100,0.2067300009,0.2067282459,33363,21,0.02927287473,0.0002739279318,0.001825049217,0.00292177634,0.03613180019,1.14440918e-05,0.02933556584,0.04631782251,0.03782669417,0.04631782251,6.103515625e-05,0.00592506167,0.01014931948,0.008037190574,0.01014931948,1.530553673,False,False,False
13,0.01079068849,0.04341765207,100,0.2067300009,0.2067306561,56109,22,0.0300344328,0.0002973703579,0.00179511447,0.003103549489,0.03623079695,1.14440918e-05,0.03008464498,0.04562760032,0.03785612265,0.04562760032,6.103515625e-05,0.006076357204,0.009998075636,0.00803721642,0.009998075636,1.567598982,False,False,False
13,0.0166415166,0.04257251767,99.995,0.2067300009,0.2067300009,55017,22,0.03046898976,0.0002745685409,0.001776849853,0.00323239405,0.03635196346,1.14440918e-05,0.03006040025,0.04566611903,0.03786325964,0.04566611903,6.103515625e-05,0.006071460367,0.01000651599,0.008038988177,0.01000651599,0.9349593593,False,False,False
13,0.01079068849,0.04341765207,100,0.2067300009,0.2067306561,56109,22,0.03136417075,0.0002973703579,0.00179511447,0.003103549489,0.03623079695,1.14440918e-05,0.02999420612,0.04573792443,0.03786606528,0.04573792443,6.103515625e-05,0.006058090784,0.01002225023,0.008040170507,0.01002225023,1.630098982,False,False,False
13,0.01283236353,0.0516325808,100,0.2067300009,0.2067282459,33363,21,0.03153967326,0.0002739279318,0.001825049217,0.00292177634,0.03613180019,1.14440918e-05,0.0292588416,0.04646116453,0.03786000306,0.04646116453,3.051757812e-05,0.005909565264,0.01018072907,0.008045147168,0.01018072907,1.638156955,False,False,False
13,0.009073851268,0.03650972983,99.99,0.2976663646,0.2976663633,1,7,0.004908076846,0.0004022005754,0.002466767901,0.00745725646,0.04937740418,0,0.08566864392,0.07561660332,0.08064262362,0.08566864392,0.02517700195,0.01730295578,0.01656936841,0.01693616209,0.01730295578,3.321742418,True,False,False
13,0.009073851268,0.03650972983,99.99,0.2976663646,0.2976663633,1,7,0.005125375973,0.0004022005754,0.002466767901,0.00745725646,0.04937740418,0,0.08377862903,0.07250517274,0.07814190088,0.08377862903,0.02059936523,0.01692121933,0.01588758111,0.01640440022,0.01692121933,3.259242418,True,False,False
13,0.009073851268,0.03650972983,99.99,0.2976663646,0.2976663633,1,7,0.005130668587,0.0004022005754,0.002466767901,0.00745725646,0.04937740418,0,0.08375000349,0.07243327572,0.0780916396,0.08375000349,0.02044677734,0.01691543767,0.01587182679,0.01639363223,0.01691543767,3.257753417,True,False,False
13,0.009073851268,0.03650972983,99.99,0.2976663646,0.2976663633,1,7,0.005352295753,0.0004022005754,0.002466767901,0.00745725646,0.04937740418,0,0.08215411096,0.06977785274,0.07596598185,0.08215411096,0.01629638672,0.0165931067,0.01528996144,0.01594153407,0.0165931067,3.196742418,True,False,False
13,0.009073851268,0.03650972983,99.99,0.2976663646,0.2976663633,1,7,0.005357822692,0.0004022005754,0.002466767901,0.00745725646,0.04937740418,0,0.08212588443,0.0697047477,0.07591531607,0.08212588443,0.01617431641,0.01658740563,0.01527394241,0.01593067402,0.01658740563,3.195253417,True,False,False
13,0.009073851268,0.03650972983,99.99,0.2976663646,0.2976663633,1,7,0.00541033966,0.0004022005754,0.002466767901,0.00745725646,0.04937740418,0,0.08178002461,0.06914397817,0.07546200139,0.08178002461,0.01528930664,0.01651755047,0.01515106468,0.01583430757,0.01651755047,3.181181086,True,False,False
13,0.009073851268,0.03650972983,99.99,0.2976663646,0.2976663633,1,7,0.005589262131,0.0004022005754,0.002466767901,0.00745725646,0.04937740418,0,0.08069445328,0.06737545205,0.07403495266,0.08069445328,0.01260375977,0.0162982918,0.01476353919,0.0155309155,0.0162982918,3.134242418,False,False,False
13,0.009073851268,0.03650972983,99.99,0.2976663646,0.2976663633,1,7,0.005595033768,0.0004022005754,0.002466767901,0.00745725646,0.04937740418,0,0.08065340591,0.06734617199,0.07399978895,0.08065340591,0.01248168945,0.01629000124,0.01475712324,0.01552356224,0.01629000124,3.132753417,False,False,False
13,0.009073851268,0.03650972983,99.99,0.2976663646,0.2976663633,1,7,0.005649875861,0.0004022005754,0.002466767901,0.00745725646,0.04937740418,0,0.08037910093,0.06686878737,0.07362394415,0.08037910093,0.01177978516,0.01623459839,0.0146525171,0.01544355775,0.01623459839,3.118681086,False,False,False
13,0.009073851268,0.03650972983,99.99,0.2976663646,0.2976663633,1,7,0.005722591745,0.0004022005754,0.002466767901,0.00745725646,0.04937740418,0,0.07996700767,0.0662523197,0.07310966368,0.07996700767,0.01080322266,0.01615136571,0.01451743459,0.01533440015,0.01615136571,3.100231568,False,False,False
13,0.009073851268,0.03650972983,99.99,0.2976663646,0.2976663633,1,7,0.005836719906,0.0004022005754,0.002466767901,0.00745725646,0.04937740418,0,0.07946002275,0.06536154183,0.07241078229,0.07946002275,0.009582519531,0.01604896724,0.01432224431,0.01518560577,0.01604896724,3.071742418,False,False,False
13,0.009073851268,0.03650972983,99.99,0.2976663646,0.2976663633,1,7,0.005842747076,0.0004022005754,0.002466767901,0.00745725646,0.04937740418,0,0.07947750518,0.06531168148,0.07239459333,0.07947750518,0.009582519531,0.01605249826,0.01431131874,0.0151819085,0.01605249826,3.070253417,False,False,False
13,0.009073851268,0.03650972983,99.99,0.2976663646,0.2976663633,1,7,0.005900017235,0.0004022005754,0.002466767901,0.00745725646,0.04937740418,0,0.07914767596,0.06491565257,0.07203166427,0.07914767596,0.008941650391,0.01598588088,0.01422453953,0.01510521021,0.01598588088,3.056181086,False,False,False
13,0.009073851268,0.03650972983,99.99,0.2976663646,0.2976663633,1,7,0.005975952527,0.0004022005754,0.002466767901,0.00745725646,0.04937740418,0,0.07882145003,0.06441845785,0.07161995394,0.07882145003,0.008117675781,0.01591999128,0.01411559252,0.0150177919,0.01591999128,3.037731568,False,False,False
13,0.009073851268,0.03650972983,99.99,0.2976663646,0.2976663633,1,7,0.006095133574,0.0004022005754,0.002466767901,0.00745725646,0.04937740418,0,0.07829372158,0.06363681564,0.07096526861,0.07829372158,0.007049560547,0.01581340314,0.01394431641,0.01487885977,0.01581340314,3.009242418,False,False,False
13,0.009073851268,0.03650972983,99.99,0.2976663646,0.2976663633,1,7,0.006101427589,0.0004022005754,0.002466767901,0.00745725646,0.04937740418,0,0.07827421772,0.06357480665,0.07092451218,0.07827421772,0.007019042969,0.01580946384,0.01393072879,0.01487009631,0.01580946384,3.007753417,False,False,False
13,0.009073851268,0.03650972983,99.99,0.2976663646,0.2976663633,1,7,0.006161233315,0.0004022005754,0.002466767901,0.00745725646,0.04937740418,0,0.07805281769,0.06322231997,0.07063756883,0.07805281769,0.006713867188,0.01576474648,0.0138534907,0.01480911859,0.01576474648,2.993681086,False,False,False
13,0.009073851268,0.03650972983,99.99,0.2976663646,0.2976663633,1,7,0.006240530549,0.0004022005754,0.002466767901,0.00745725646,0.04937740418,0,0.07772039584,0.06277064652,0.07024552118,0.07772039584,0.006103515625,0.01569760546,0.01375451847,0.01472606197,0.01569760546,2.975231568,False,False,False
13,0.009073851268,0.03650972983,99.99,0.2976663646,0.2976663633,1,7,0.006364988191,0.0004022005754,0.002466767901,0.00745725646,0.04937740418,0,0.07724394865,0.06208199369,0.06966297117,0.07724394865,0.005310058594,0.01560137486,0.01360361851,0.01460249669,0.01560137486,2.946742418,False,False,False
13,0.009073851268,0.03650972983,99.99,0.2976663646,0.2976663633,1,7,0.006371560866,0.0004022005754,0.002466767901,0.00745725646,0.04937740418,0,0.07722515953,0.06205439027,0.0696397749,0.07722515953,0.005249023438,0.01559757992,0.01359756996,0.01459757494,0.01559757992,2.945253417,False,False,False
13,0.009073851268,0.03650972983,99.99,0.2976663646,0.2976663633,1,7,0.006434014418,0.0004022005754,0.002466767901,0.00745725646,0.04937740418,0,0.07703205594,0.0617450435,0.06938854972,0.07703205594,0.004791259766,0.01555857776,0.01352978484,0.0145441813,0.01555857776,2.931181086,False,False,False
13,0.009073851268,0.03650972983,99.99,0.2976663646,0.2976663633,1,7,0.006516822441,0.0004022005754,0.002466767901,0.00745725646,0.04937740418,0,0.07677382169,0.06136869258,0.06907125714,0.07677382169,0.004364013672,0.0155064208,0.01344731754,0.01447686917,0.0155064208,2.912731568,False,False,False
13,0.009073851268,0.03650972983,99.99,0.2976663646,0.2976663633,1,7,0.006646790294,0.0004022005754,0.002466767901,0.00745725646,0.04937740418,0,0.07628966873,0.06077884629,0.06853425751,0.07628966873,0.003753662109,0.01540863382,0.0133180684,0.01436335111,0.01540863382,2.884242418,False,False,False
13,0.009073851268,0.03650972983,99.99,0.2976663646,0.2976663633,1,7,0.006653653966,0.0004022005754,0.002466767901,0.00745725646,0.04937740418,0,0.07625004133,0.06074931971,0.06849968052,0.07625004133,0.003753662109,0.01540063007,0.01331159844,0.01435611425,0.01540063007,2.882753417,False,False,False
13,0.009073851268,0.03650972983,99.99,0.2976663646,0.2976663633,1,7,0.006718872573,0.0004022005754,0.002466767901,0.00745725646,0.04937740418,0,0.07606382912,0.06046376958,0.06826379935,0.07606382912,0.003601074219,0.01536301979,0.01324902772,0.01430602375,0.01536301979,2.868681086,False,False,False
13,0.009073851268,0.03650972983,99.99,0.2976663646,0.2976663633,1,7,0.00680534682,0.0004022005754,0.002466767901,0.00745725646,0.04937740418,0,0.07581803731,0.06010716394,0.06796260062,0.07581803731,0.00341796875,0.0153133759,0.01317088707,0.01424213149,0.0153133759,2.850231568,False,False,False
13,0.009073851268,0.03650972983,99.99,0.2976663646,0.2976663633,1,7,0.006941068841,0.0004022005754,0.002466767901,0.00745725646,0.04937740418,0,0.07540570064,0.05957339195,0.06748954629,0.07540570064,0.003173828125,0.01523009405,0.01305392513,0.01414200959,0.01523009405,2.821742418,False,False,False
13,0.009073851268,0.03650972983,99.99,0.2976663646,0.2976663633,1,7,0.006948236394,0.0004022005754,0.002466767901,0.00745725646,0.04937740418,0,0.07537720076,0.05955066858,0.06746393467,0.07537720076,0.003173828125,0.01522433777,0.01304894591,0.01413664184,0.01522433777,2.820253417,False,False,False
13,0.009073851268,0.03650972983,99.99,0.2976663646,0.2976663633,1,7,0.007016342475,0.0004022005754,0.002466767901,0.00745725646,0.04937740418,0,0.07513765046,0.05927271297,0.06720518172,0.07513765046,0.003021240234,0.01517595451,0.01298803933,0.01408199692,0.01517595451,2.806181086,False,False,False
13,0.009073851268,0.03650972983,99.99,0.2976663646,0.2976663633,1,7,0.007106645264,0.0004022005754,0.002466767901,0.00745725646,0.04937740418,0,0.07487406998,0.05896364269,0.06691885634,0.07487406998,0.002716064453,0.01512271775,0.01292031479,0.01402151627,0.01512271775,2.787731568,False,False,False
13,0.009073851268,0.03650972983,99.99,0.2976663646,0.2976663633,1,7,0.007116424547,0.0004022005754,0.002466767901,0.00745725646,0.04937740418,0,0.07484306384,0.05894188496,0.0668924744,0.07484306384,0.002655029297,0.01511645527,0.01291554716,0.01401600122,0.01511645527,2.785747675,False,False,False
13,0.009073851268,0.03650972983,99.99,0.2976663646,0.2976663633,1,7,0.0072558611,0.0004022005754,0.002466767901,0.00745725646,0.04937740418,0,0.07445083966,0.0585010639,0.06647595178,0.07445083966,0.002349853516,0.01503723565,0.01281895295,0.0139280943,0.01503723565,2.757753417,False,False,False
13,0.01283236353,0.0516325808,100,0.2067300009,0.2067282459,33363,21,0.03322666894,0.0002739279318,0.001825049217,0.00292177634,0.03613180019,1.14440918e-05,0.02937888383,0.04652276045,0.03795082214,0.04652276045,0,0.005933810838,0.01019422618,0.008064018509,0.01019422618,1.713330907,False,False,False
13,0.0166415166,0.04257251767,99.995,0.2067300009,0.2067300009,55017,22,0.03322666894,0.0002745685409,0.001776849853,0.00323239405,0.03635196346,1.14440918e-05,0.02999470019,0.04591255466,0.03795362742,0.04591255466,0,0.006058190573,0.0100605158,0.008059353188,0.0100605158,1.059959359,False,False,False
13,0.01283236353,0.0516325808,100,0.2067300009,0.2067282459,33363,21,0.0329360539,0.0002739279318,0.001825049217,0.00292177634,0.03613180019,1.14440918e-05,0.02933711991,0.04659180462,0.03796446226,0.04659180462,0,0.005925375554,0.01020935537,0.008067365464,0.01020935537,1.700656955,False,False,False
13,0.01079068849,0.04341765207,100,0.2067300009,0.2067306561,56109,22,0.03275278122,0.0002973703579,0.00179511447,0.003103549489,0.03623079695,1.14440918e-05,0.0301006806,0.04585341647,0.03797704854,0.04585341647,0,0.006079596006,0.01004755724,0.008063576623,0.01004755724,1.692598982,False,False,False
13,0.0166415166,0.04257251767,99.995,0.2067300009,0.2067300009,55017,22,0.0330917274,0.0002745685409,0.001776849853,0.00323239405,0.03635196346,1.14440918e-05,0.03009534331,0.04593576644,0.03801555487,0.04593576644,0,0.006078518005,0.01006560205,0.008072060026,0.01006560205,1.054088296,False,False,False
13,0.01283236353,0.0516325808,100,0.2067300009,0.2067282459,33363,21,0.03255425109,0.0002739279318,0.001825049217,0.00292177634,0.03613180019,1.14440918e-05,0.0293640297,0.04669790182,0.03803096576,0.04669790182,0,0.00593081067,0.01023260376,0.008081707212,0.01023260376,1.68383519,False,False,False
13,0.01283236353,0.0516325808,100,0.2067300009,0.2067282459,33363,21,0.03439425758,0.0002739279318,0.001825049217,0.00292177634,0.03613180019,1.14440918e-05,0.02939751385,0.04669085521,0.03804418453,0.04669085521,0,0.005937573644,0.01023105968,0.008084316661,0.01023105968,1.763156955,False,False,False
13,0.01079068849,0.04341765207,100,0.2067300009,0.2067306561,56109,22,0.03304401861,0.0002973703579,0.00179511447,0.003103549489,0.03623079695,1.14440918e-05,0.03022763551,0.04588573767,0.03805668659,0.04588573767,0,0.006105237769,0.01005463957,0.008079938671,0.01005463957,1.705370713,False,False,False
13,0.01283236353,0.0516325808,100,0.2067300009,0.2067282459,33363,21,0.03469773925,0.0002739279318,0.001825049217,0.00292177634,0.03613180019,1.14440918e-05,0.0294094618,0.04674190815,0.03807568498,0.04674190815,0,0.005939986836,0.01024224657,0.008091116704,0.01024224657,1.775830907,False,False,False
13,0.0166415166,0.04257251767,99.995,0.2067300009,0.2067300009,55017,22,0.03455682334,0.0002745685409,0.001776849853,0.00323239405,0.03635196346,1.14440918e-05,0.0303031821,0.04592957939,0.03811638074,0.04592957939,0,0.00612049632,0.01006424632,0.00809237132,0.01006424632,1.116588296,False,False,False
13,0.0166415166,0.04257251767,99.995,0.2067300009,0.2067300009,55017,22,0.03469773925,0.0002745685409,0.001776849853,0.00323239405,0.03635196346,1.14440918e-05,0.0303579115,0.04590761338,0.03813276244,0.04590761338,0,0.00613155031,0.01005943305,0.008095491682,0.01005943305,1.122459359,False,False,False
13,0.01399379165,0.04263069231,99.995,0.2067300009,0.2067306757,13773,20,0.03322666894,0.0002717496952,0.001773378834,0.003212904952,0.03635236733,1.14440918e-05,0.030275413,0.04600301587,0.03813921444,0.04600301587,0,0.006114887645,0.01008033797,0.008097612809,0.01008033797,1.311934141,False,False,False
13,0.0166415166,0.04257251767,99.995,0.2067300009,0.2067300009,55017,22,0.03608678462,0.0002745685409,0.001776849853,0.00323239405,0.03635196346,1.14440918e-05,0.03026555858,0.04604982828,0.03815769343,0.04604982828,0,0.006112897297,0.01009059567,0.008101746483,0.01009059567,1.179088296,False,False,False
13,0.01079068849,0.04341765207,100,0.2067300009,0.2067306561,56109,22,0.0345070023,0.0002973703579,0.00179511447,0.003103549489,0.03623079695,1.14440918e-05,0.03033304777,0.04600696263,0.0381700052,0.04600696263,0,0.00612652845,0.0100812028,0.008103865625,0.0100812028,1.767870713,False,False,False
13,0.01283236353,0.04262899534,99.995,0.2067300009,0.2067299514,27545,21,0.03469773925,0.0002739279318,0.00176328739,0.003207580218,0.03635423376,1.14440918e-05,0.03044907597,0.04589821409,0.03817364503,0.04589821409,0,0.006149963289,0.01005737345,0.008103668368,0.01005737345,1.499372349,False,False,False
13,0.01283236353,0.04262899534,99.995,0.2067300009,0.2067299514,27545,21,0.03468413753,0.0002739279318,0.00176328739,0.003207580218,0.03635423376,1.14440918e-05,0.03045058718,0.04591739094,0.03818398906,0.04591739094,0,0.006150268516,0.01006157554,0.00810592203,0.01006157554,1.498806693,False,False,False
14,0.01427811904,0.05744975457,100,0.2467256162,0.2467275371,62757,22,0.01555501262,0.0001815017839,0.002975634832,0.003759128139,0.03414856381,1.525878906e-05,0.03462292447,0.03405667459,0.03433979953,0.03462292447,9.155273438e-05,0.005285182521,0.007152973287,0.006219077904,0.007152973287,0.388861044,False,True,True
14,0.01427811904,0.05744975457,100,0.2467247006,0.2467236057,31379,21,0.01555476476,0.0001815017839,0.002975634832,0.003759128139,0.03414853084,1.525878906e-05,0.03462209822,0.03405764691,0.03433987257,0.03462209822,9.155273438e-05,0.005285056396,0.007153177505,0.00621911695,0.007153177505,0.388861044,False,False,False
14,0.01427811904,0.05744975457,100,0.2467256162,0.2467275371,62757,22,0.01640032066,0.0001815017839,0.002975634832,0.003759128139,0.03414856381,1.525878906e-05,0.03456830225,0.03412506014,0.03434668119,0.03456830225,6.103515625e-05,0.005276844451,0.007167336405,0.006222090428,0.007167336405,0.3125165862,False,False,False
14,0.01427811904,0.05744975457,100,0.2467247006,0.2467236057,31379,21,0.01640032066,0.0001815017839,0.002975634832,0.003759128139,0.03414853084,1.525878906e-05,0.03456710519,0.03413104412,0.03434907465,0.03456710519,6.103515625e-05,0.00527666172,0.007168593228,0.006222627474,0.007168593228,0.3124935978,False,False,False
14,0.01427811904,0.05744975457,100,0.2467247006,0.2467236057,31379,21,0.01439525721,0.0001815017839,0.002975634832,0.003759128139,0.03414853084,1.525878906e-05,0.03458195275,0.03412054929,0.03435125102,0.03458195275,0.0001525878906,0.005278928197,0.007166388985,0.006222658591,0.007166388985,0.5006240538,False,False,False
14,0.01427811904,0.05744975457,100,0.2467256162,0.2467275371,62757,22,0.01439525721,0.0001815017839,0.002975634832,0.003759128139,0.03414856381,1.525878906e-05,0.03457925529,0.0341227342,0.03435099474,0.03457925529,0.0001525878906,0.00527851643,0.007166847883,0.006222682156,0.007166847883,0.5006470422,False,False,False
14,0.01427811904,0.05744975457,100,0.2467256162,0.2467275371,62757,22,0.01440154929,0.0001815017839,0.002975634832,0.003759128139,0.03414856381,1.525878906e-05,0.03458196704,0.03412526152,0.03435361428,0.03458196704,0.0001525878906,0.005278930378,0.0071673787,0.006223154539,0.0071673787,0.5000165862,False,False,False
14,0.01427811904,0.05744975457,100,0.2467256162,0.2467275371,62757,22,0.01480521086,0.0001815017839,0.002975634832,0.003759128139,0.03414856381,1.525878906e-05,0.03464850195,0.03407773115,0.03436311655,0.03464850195,0.0001220703125,0.005289086919,0.007157395828,0.006223241374,0.007157395828,0.460135571,False,False,False
14,0.01427811904,0.05744975457,100,0.2467247006,0.2467236057,31379,21,0.01480497495,0.0001815017839,0.002975634832,0.003759128139,0.03414853084,1.525878906e-05,0.03464768354,0.0340787081,0.03436319582,0.03464768354,0.0001220703125,0.005288961989,0.007157601018,0.006223281504,0.007157601018,0.460135571,False,False,False
14,0.01427811904,0.05744975457,100,0.2467247006,0.2467236057,31379,21,0.01440154929,0.0001815017839,0.002975634832,0.003759128139,0.03414853084,1.525878906e-05,0.03458412708,0.03412718919,0.03435565814,0.03458412708,0.0001525878906,0.005279260108,0.007167783573,0.006223521841,0.007167783573,0.4999935978,False,False,False
14,0.01427811904,0.05744975457,100,0.2467256162,0.2467275371,62757,22,0.01522916612,0.0001815017839,0.002975634832,0.003759128139,0.03414856381,1.525878906e-05,0.03461934847,0.03410166084,0.03436050466,0.03461934847,9.155273438e-05,0.005284636646,0.007162421816,0.006223529231,0.007162421816,0.4194036602,False,False,False
14,0.01427811904,0.05744975457,100,0.2467247006,0.2467236057,31379,21,0.01522916612,0.0001815017839,0.002975634832,0.003759128139,0.03414853084,1.525878906e-05,0.03462223931,0.03410481356,0.03436352644,0.03462223931,9.155273438e-05,0.005285077932,0.007163083986,0.006224080959,0.007163083986,0.4193806718,False,False,False
14,0.01427811904,0.05744975457,100,0.2467256162,0.2467275371,62757,22,0.01675334937,0.0001815017839,0.002975634832,0.003759128139,0.03414856381,1.525878906e-05,0.03459463067,0.03412509186,0.03435986126,0.03459463067,3.051757812e-05,0.005280863479,0.007167343066,0.006224103272,0.007167343066,0.3432421147,False,False,False
14,0.01427811904,0.05744975457,100,0.2467256162,0.2467275371,62757,22,0.01710215163,0.0001815017839,0.002975634832,0.003759128139,0.03414856381,1.525878906e-05,0.03466557581,0.03407532825,0.03437045203,0.03466557581,3.051757812e-05,0.005291693241,0.007156891143,0.006224292192,0.007156891143,0.3729704064,False,False,False
14,0.01427811904,0.05744975457,100,0.2467247006,0.2467236057,31379,21,0.01710187912,0.0001815017839,0.002975634832,0.003759128139,0.03414853084,1.525878906e-05,0.03466472262,0.03407629726,0.03437050994,0.03466472262,3.051757812e-05,0.005291563001,0.007157094666,0.006224328834,0.007157094666,0.3729244296,False,False,False
14,0.01427811904,0.05744975457,100,0.2467256162,0.2467275371,62757,22,0.01919998306,0.0001815017839,0.002975634832,0.003759128139,0.03414856381,1.525878906e-05,0.03457949168,0.03413937041,0.03435943104,0.03457949168,0,0.005278552515,0.00717034201,0.006224447263,0.00717034201,0.5398976014,False,False,False
14,0.01427811904,0.05744975457,100,0.2467247006,0.2467236057,31379,21,0.01919967712,0.0001815017839,0.002975634832,0.003759128139,0.03414853084,1.525878906e-05,0.03457863865,0.03414033611,0.03435948738,0.03457863865,0,0.005278422301,0.007170544839,0.00622448357,0.007170544839,0.5398516246,False,False,False
14,0.01427811904,0.05744975457,100,0.2467256162,0.2467275371,62757,22,0.01536288911,0.0001815017839,0.002975634832,0.003759128139,0.03414856381,1.525878906e-05,0.034634624,0.03410018343,0.03436740371,0.034634624,9.155273438e-05,0.005286968453,0.007162111512,0.006224539982,0.007162111512,0.4067910578,False,False,False
14,0.01427811904,0.05744975457,100,0.2467247006,0.2467236057,31379,21,0.01675334937,0.0001815017839,0.002975634832,0.003759128139,0.03414853084,1.525878906e-05,0.03459520531,0.03412902207,0.03436211369,0.03459520531,3.051757812e-05,0.005280951197,0.007168168534,0.006224559865,0.007168168534,0.3432191263,False,False,False
14,0.01427811904,0.05744975457,100,0.2467247006,0.2467236057,31379,21,0.01536288911,0.0001815017839,0.002975634832,0.003759128139,0.03414853084,1.525878906e-05,0.03463192917,0.03410260984,0.03436726951,0.03463192917,9.155273438e-05,0.005286557088,0.007162621135,0.006224589111,0.007162621135,0.4067680694,False,False,False
14,0.01427811904,0.05744975457,100,0.2467256162,0.2467275371,62757,22,0.014381138,0.0001815017839,0.002975634832,0.003759128139,0.03414856381,1.525878906e-05,0.03458919924,0.03413698311,0.03436309118,0.03458919924,0.0001525878906,0.005280034373,0.007169840604,0.006224937488,0.007169840604,0.502062766,False,False,False
14,0.01427811904,0.05744975457,100,0.2467256162,0.2467275371,62757,22,0.01489553111,0.0001815017839,0.002975634832,0.003759128139,0.03414856381,1.525878906e-05,0.0346013457,0.03412849761,0.03436492165,0.0346013457,0.0001220703125,0.005281888527,0.007168058382,0.006224973454,0.007168058382,0.451361044,False,False,False
14,0.01427811904,0.05744975457,100,0.2467247006,0.2467236057,31379,21,0.01438090885,0.0001815017839,0.002975634832,0.003759128139,0.03414853084,1.525878906e-05,0.03458837759,0.03413796869,0.03436317314,0.03458837759,0.0001525878906,0.005279908947,0.007170047606,0.006224978276,0.007170047606,0.502062766,False,False,False
14,0.01427811904,0.05744975457,100,0.2467247006,0.2467236057,31379,21,0.01489529376,0.0001815017839,0.002975634832,0.003759128139,0.03414853084,1.525878906e-05,0.03460051927,0.03412947511,0.03436499719,0.03460051927,0.0001220703125,0.005281762373,0.007168263687,0.00622501303,0.007168263687,0.451361044,False,False,False
14,0.01427811904,0.05744975457,100,0.2576481363,0.2576481363,60097,22,0.01522916612,0.0001815017839,0.002975634832,0.003759128139,0.03437452333,1.14440918e-05,0.03716598716,0.03226501514,0.03471550115,0.03716598716,9.155273438e-05,0.005673380534,0.006776668426,0.00622502448,0.006776668426,0.481887074,False,False,False
14,0.01427811904,0.05744975457,100,0.2467256162,0.2467275371,62757,22,0.01501784538,0.0001815017839,0.002975634832,0.003759128139,0.03414856381,1.525878906e-05,0.0346452394,0.0340992849,0.03437226215,0.0346452394,9.155273438e-05,0.005288588891,0.007161922793,0.006225255842,0.007161922793,0.439562766,False,False,False
14,0.01427811904,0.05744975457,100,0.2467247006,0.2467236057,31379,21,0.01501760608,0.0001815017839,0.002975634832,0.003759128139,0.03414853084,1.525878906e-05,0.03464440557,0.03410026119,0.03437233338,0.03464440557,9.155273438e-05,0.005288461608,0.007162127844,0.006225294726,0.007162127844,0.439562766,False,False,False
14,0.01427811904,0.05744975457,100,0.2467247006,0.2467236057,31379,21,0.01712642489,0.0001815017839,0.002975634832,0.003759128139,0.03414853084,1.525878906e-05,0.03467193021,0.03408125666,0.03437659343,0.03467193021,3.051757812e-05,0.005292663238,0.007158136295,0.006225399767,0.007158136295,0.3749935978,False,False,False
14,0.01427811904,0.05744975457,100,0.2467256162,0.2467275371,62757,22,0.01931711393,0.0001815017839,0.002975634832,0.003759128139,0.03414856381,1.525878906e-05,0.03461319667,0.03412431863,0.03436875765,0.03461319667,0,0.005283697575,0.007167180664,0.006225439119,0.007167180664,0.5486721284,False,False,False
14,0.01427811904,0.05744975457,100,0.2467247006,0.2467236057,31379,21,0.01931680613,0.0001815017839,0.002975634832,0.003759128139,0.03414853084,1.525878906e-05,0.03461234147,0.03412528863,0.03436881505,0.03461234147,0,0.005283567029,0.007167384394,0.006225475711,0.007167384394,0.5486261516,False,False,False
14,0.01427811904,0.05744975457,100,0.2467256162,0.2467275371,62757,22,0.01624369186,0.0001815017839,0.002975634832,0.003759128139,0.03414856381,1.525878906e-05,0.03461890437,0.03412148276,0.03437019356,0.03461890437,6.103515625e-05,0.005284568855,0.007166585041,0.006225576948,0.007166585041,0.326361044,False,False,False
14,0.01309309289,0.05268165723,100,0.2362643827,0.2362643827,60097,22,0.01604306232,0.0001971123324,0.002874623124,0.005078622235,0.03427294748,1.525878906e-05,0.0322530404,0.03620828346,0.03423066193,0.03620828346,6.103515625e-05,0.004923420191,0.007604878852,0.006264149521,0.007604878852,0.03177447156,False,False,False
14,0.01309309289,0.05268165723,100,0.2362643827,0.2362643827,60097,22,0.01616642314,0.0001971123324,0.002874623124,0.005078622235,0.03427294748,1.525878906e-05,0.03228025568,0.03620976816,0.03424501192,0.03620976816,3.051757812e-05,0.004927574598,0.007605190686,0.006266382642,0.007605190686,0.02072350848,False,False,False
14,0.01309309289,0.05268165723,100,0.2362643827,0.2362643827,60097,22,0.01596855842,0.0001971123324,0.002874623124,0.005078622235,0.03427294748,1.525878906e-05,0.03221296824,0.03629144258,0.03425220541,0.03629144258,6.103515625e-05,0.004917303183,0.007622344885,0.006269824034,0.007622344885,0.03848994529,False,False,False
14,0.01309309289,0.05268165723,100,0.2362643827,0.2362643827,60097,22,0.0173428013,0.0001971123324,0.002874623124,0.005078622235,0.03427294748,1.525878906e-05,0.03230127061,0.03622176722,0.03426151892,0.03622176722,3.051757812e-05,0.004930782523,0.007607710867,0.006269246695,0.007607710867,0.08061292599,False,False,False
14,0.01309309289,0.05268165723,100,0.2362643827,0.2362643827,60097,22,0.01445074952,0.0001971123324,0.002874623124,0.005078622235,0.03427294748,1.525878906e-05,0.03235663436,0.03617036385,0.0342634991,0.03617036385,0.0001525878906,0.004939233789,0.00759691454,0.006268074164,0.00759691454,0.1825796996,False,False,False
14,0.01309309289,0.05268165723,100,0.2362643827,0.2362643827,60097,22,0.01522916612,0.0001971123324,0.002874623124,0.005078622235,0.03427294748,1.525878906e-05,0.03230257281,0.03623493736,0.03426875508,0.03623493736,9.155273438e-05,0.004930981303,0.007610477009,0.006270729156,0.007610477009,0.106887074,False,False,False
14,0.01309309289,0.05268165723,100,0.2362643827,0.2362643827,60097,22,0.01590341891,0.0001971123324,0.002874623124,0.005078622235,0.03427294748,1.525878906e-05,0.03226653701,0.03627781524,0.03427217612,0.03627781524,6.103515625e-05,0.004925480445,0.007619482714,0.00627248158,0.007619482714,0.04438707401,False,False,False
14,0.01309309289,0.05268165723,100,0.2362643827,0.2362643827,60097,22,0.01529154393,0.0001971123324,0.002874623124,0.005078622235,0.03427294748,1.525878906e-05,0.03234823342,0.03619626248,0.03427224795,0.03619626248,9.155273438e-05,0.004937951387,0.007602354068,0.006270152727,0.007602354068,0.1009899453,False,False,False
14,0.01309309289,0.05268165723,100,0.2362643827,0.2362643827,60097,22,0.01575865409,0.0001971123324,0.002874623124,0.005078622235,0.03427294748,1.525878906e-05,0.03230769075,0.03623680775,0.03427224925,0.03623680775,6.103515625e-05,0.004931762556,0.00761086985,0.006271316203,0.00761086985,0.0575796996,False,False,False
14,0.01309309289,0.05268165723,100,0.2362643827,0.2362643827,60097,22,0.01645634932,0.0001971123324,0.002874623124,0.005078622235,0.03427294748,1.525878906e-05,0.03235185084,0.03619321815,0.0342725345,0.03619321815,3.051757812e-05,0.004938503585,0.007601714663,0.006270109124,0.007601714663,0.0049203004,False,False,False
14,0.01309309289,0.05268165723,100,0.2362643827,0.2362643827,60097,22,0.01741383643,0.0001971123324,0.002874623124,0.005078622235,0.03427294748,1.525878906e-05,0.03232965003,0.03621613367,0.03427289185,0.03621613367,0,0.004935114635,0.007606527643,0.006270821139,0.007606527643,0.08651005471,False,False,False
14,0.01309309289,0.05268165723,100,0.2362643827,0.2362643827,60097,22,0.01548101983,0.0001971123324,0.002874623124,0.005078622235,0.03427294748,1.525878906e-05,0.0323195364,0.03624853834,0.03428403737,0.03624853834,6.103515625e-05,0.004933570792,0.007613333644,0.006273452218,0.007613333644,0.08322350848,False,False,False
14,0.01309309289,0.05268165723,100,0.2362643827,0.2362643827,60097,22,0.01640032066,0.0001971123324,0.002874623124,0.005078622235,0.03427294748,1.525878906e-05,0.03232991296,0.03624369611,0.03428680454,0.03624369611,3.051757812e-05,0.004935154772,0.007612316623,0.006273735698,0.007612316623,0,False,False,False
14,0.01309309289,0.05268165723,100,0.2362643827,0.2362643827,60097,22,0.01660752342,0.0001971123324,0.002874623124,0.005078622235,0.03427294748,1.525878906e-05,0.03234963992,0.03622586573,0.03428775283,0.03622586573,3.051757812e-05,0.004938166088,0.007608571683,0.006273368885,0.007608571683,0.01811292599,False,False,False
14,0.01309309289,0.05268165723,100,0.2362643827,0.2362643827,60097,22,0.01688217184,0.0001971123324,0.002874623124,0.005078622235,0.03427294748,1.525878906e-05,0.03233195806,0.03624402584,0.03428799195,0.03624402584,3.051757812e-05,0.004935466956,0.007612385877,0.006273926417,0.007612385877,0.04177649152,False,False,False
14,0.01309309289,0.05268165723,100,0.2362643827,0.2362643827,60097,22,0.01440154929,0.0001971123324,0.002874623124,0.005078622235,0.03427294748,1.525878906e-05,0.0323739363,0.03621489288,0.03429441459,0.03621489288,0.0001525878906,0.004941874925,0.007606267037,0.006274070981,0.007606267037,0.1875,False,False,False
14,0.01100993488,0.04429981669,99.995,0.2846647127,0.2846649908,41943,22,0.005789089692,0.0002715129569,0.003943005174,0.01267771244,0.0397160976,0,0.05479302416,0.06319501107,0.05899401762,0.06319501107,0.02322387695,0.008364144221,0.01327294081,0.01081854252,0.01327294081,2.271178528,False,False,False
14,0.01100993488,0.04429981669,99.995,0.2846647127,0.2846649908,41943,22,0.00604539459,0.0002715129569,0.003943005174,0.01267771244,0.0397160976,0,0.05344175,0.05929046107,0.05636610553,0.05929046107,0.01879882812,0.008157872489,0.01245286245,0.01030536747,0.01245286245,2.208678528,False,False,False
14,0.01100993488,0.04429981669,99.995,0.2846647127,0.2846649908,41943,22,0.00620233992,0.0002715129569,0.003943005174,0.01267771244,0.0397160976,0,0.05274565205,0.05718080885,0.05496323045,0.05718080885,0.01721191406,0.008051613276,0.0120097691,0.01003069119,0.0120097691,2.171702442,False,False,False
14,0.01100993488,0.04429981669,99.995,0.2846647127,0.2846649908,41943,22,0.006313047074,0.0002715129569,0.003943005174,0.01267771244,0.0397160976,0,0.05233398323,0.05589196524,0.05411297424,0.05589196524,0.01571655273,0.007988772113,0.01173907139,0.009863921752,0.01173907139,2.146178528,False,False,False
14,0.01100993488,0.04429981669,99.995,0.2846647127,0.2846649908,41943,22,0.006476940968,0.0002715129569,0.003943005174,0.01267771244,0.0397160976,0,0.051710054,0.05404178404,0.05287591902,0.05404178404,0.01342773438,0.00789352944,0.01135047512,0.00962200228,0.01135047512,2.109202442,False,False,False
14,0.01100993488,0.04429981669,99.995,0.2846647127,0.2846649908,41943,22,0.006592549547,0.0002715129569,0.003943005174,0.01267771244,0.0397160976,0,0.05131326583,0.0529477759,0.05213052087,0.0529477759,0.01187133789,0.007832959805,0.01112069899,0.009476829397,0.01112069899,2.083678528,False,False,False
14,0.01100993488,0.04429981669,99.995,0.2846647127,0.2846649908,41943,22,0.006689040948,0.0002715129569,0.003943005174,0.01267771244,0.0397160976,0,0.05103845405,0.05203302657,0.05153574031,0.05203302657,0.01116943359,0.007791009841,0.01092857284,0.009359791343,0.01092857284,2.06271566,False,False,False
14,0.01100993488,0.04429981669,99.995,0.2846647127,0.2846649908,41943,22,0.006763699644,0.0002715129569,0.003943005174,0.01267771244,0.0397160976,0,0.05077987541,0.05141029011,0.05109508276,0.05141029011,0.01058959961,0.007751537864,0.01079777859,0.009274658228,0.01079777859,2.046702442,False,False,False
14,0.01100993488,0.04429981669,99.995,0.2846647127,0.2846649908,41943,22,0.006884426651,0.0002715129569,0.003943005174,0.01267771244,0.0397160976,0,0.0504194619,0.05041107065,0.05041526627,0.0504194619,0.009582519531,0.007696520813,0.01058791106,0.009142215939,0.01058791106,2.021178528,False,False,False
14,0.01100993488,0.04429981669,99.995,0.2846647127,0.2846649908,41943,22,0.006985190091,0.0002715129569,0.003943005174,0.01267771244,0.0397160976,0,0.05009749208,0.04964075844,0.04986912526,0.05009749208,0.009063720703,0.007647372185,0.01042612126,0.009036746724,0.01042612126,2.00021566,False,False,False
14,0.01100993488,0.04429981669,99.995,0.2846647127,0.2846649908,41943,22,0.00706315421,0.0002715129569,0.003943005174,0.01267771244,0.0397160976,0,0.04994262807,0.04905181871,0.04949722339,0.04994262807,0.008575439453,0.007623732225,0.01030242539,0.008963078807,0.01030242539,1.984202442,False,False,False
14,0.01100993488,0.04429981669,99.995,0.2846647127,0.2846649908,41943,22,0.007153697897,0.0002715129569,0.003943005174,0.01267771244,0.0397160976,0,0.0496345111,0.04842885102,0.04903168106,0.0496345111,0.008117675781,0.007576698231,0.01017158257,0.008874140401,0.01017158257,1.965825843,False,False,False
14,0.01100993488,0.04429981669,99.995,0.2846647127,0.2846649908,41943,22,0.007189226259,0.0002715129569,0.003943005174,0.01267771244,0.0397160976,0,0.04958784062,0.04822010559,0.0489039731,0.04958784062,0.007843017578,0.00756957399,0.01012773946,0.008848656726,0.01012773946,1.958678528,False,False,False
14,0.01100993488,0.04429981669,99.995,0.2846647127,0.2846649908,41943,22,0.007294450878,0.0002715129569,0.003943005174,0.01267771244,0.0397160976,0,0.04936725309,0.04751979529,0.04844352419,0.04936725309,0.007354736328,0.007535901348,0.009980652262,0.008758276805,0.009980652262,1.93771566,False,False,False
14,0.01100993488,0.04429981669,99.995,0.2846647127,0.2846649908,41943,22,0.007375866763,0.0002715129569,0.003943005174,0.01267771244,0.0397160976,0,0.04916379344,0.04707557793,0.04811968568,0.04916379344,0.006805419922,0.007504843273,0.009887352639,0.008696097956,0.009887352639,1.921702442,False,False,False
14,0.01100993488,0.04429981669,99.995,0.2846647127,0.2846649908,41943,22,0.007470419161,0.0002715129569,0.003943005174,0.01267771244,0.0397160976,0,0.04888757652,0.04655442163,0.04772099908,0.04888757652,0.006378173828,0.007462678815,0.009777893418,0.008620286117,0.009777893418,1.903325843,False,False,False
14,0.01100993488,0.04429981669,99.995,0.2846647127,0.2846649908,41943,22,0.007507520498,0.0002715129569,0.003943005174,0.01267771244,0.0397160976,0,0.04881251948,0.04632916694,0.04757084321,0.04881251948,0.006195068359,0.007451221373,0.009730582846,0.008590902109,0.009730582846,1.896178528,False,False,False
14,0.01100993488,0.04429981669,99.995,0.2846647127,0.2846649908,41943,22,0.007617403809,0.0002715129569,0.003943005174,0.01267771244,0.0397160976,0,0.04864409597,0.04576854186,0.04720631892,0.04864409597,0.005981445312,0.007425511559,0.009612833938,0.008519172748,0.009612833938,1.87521566,False,False,False
14,0.01100993488,0.04429981669,99.995,0.2846647127,0.2846649908,41943,22,0.007702424283,0.0002715129569,0.003943005174,0.01267771244,0.0397160976,0,0.04839613137,0.04535749784,0.04687681461,0.04839613137,0.005645751953,0.007387659812,0.00952650176,0.008457080786,0.00952650176,1.859202442,False,False,False
14,0.01100993488,0.04429981669,99.995,0.2846647127,0.2846649908,41943,22,0.007801162873,0.0002715129569,0.003943005174,0.01267771244,0.0397160976,0,0.04821188481,0.04491343997,0.04656266239,0.04821188481,0.005310058594,0.007359534611,0.009433235635,0.008396385123,0.009433235635,1.840825843,False,False,False
14,0.01100993488,0.04429981669,99.995,0.2846647127,0.2846649908,41943,22,0.007839906827,0.0002715129569,0.003943005174,0.01267771244,0.0397160976,0,0.04821723398,0.04476386509,0.04649054954,0.04821723398,0.005279541016,0.00736035116,0.009401820204,0.008381085682,0.009401820204,1.833678528,False,False,False
14,0.01100993488,0.04429981669,99.995,0.2846647127,0.2846649908,41943,22,0.007954655088,0.0002715129569,0.003943005174,0.01267771244,0.0397160976,0,0.04795148605,0.04427462527,0.04611305566,0.04795148605,0.004760742188,0.007319784791,0.009299064447,0.008309424619,0.009299064447,1.81271566,False,False,False
14,0.01100993488,0.04429981669,99.995,0.2846647127,0.2846649908,41943,22,0.00804343974,0.0002715129569,0.003943005174,0.01267771244,0.0397160976,0,0.0477673276,0.04398987426,0.04587860093,0.0477673276,0.004486083984,0.007291673041,0.009239257774,0.008265465408,0.009239257774,1.796702442,False,False,False
14,0.01100993488,0.04429981669,99.995,0.2846647127,0.2846649908,41943,22,0.008146549861,0.0002715129569,0.003943005174,0.01267771244,0.0397160976,0,0.04759943609,0.04356752667,0.04558348138,0.04759943609,0.004272460938,0.007266044435,0.009150551491,0.008208297963,0.009150551491,1.778325843,False,False,False
14,0.01100993488,0.04429981669,99.995,0.2846647127,0.2846649908,41943,22,0.008187009157,0.0002715129569,0.003943005174,0.01267771244,0.0397160976,0,0.04754101865,0.0434327909,0.04548690478,0.04754101865,0.004241943359,0.007257127025,0.00912225274,0.008189689883,0.00912225274,1.771178528,False,False,False
14,0.01100993488,0.04429981669,99.995,0.2846647127,0.2846649908,41943,22,0.008306837756,0.0002715129569,0.003943005174,0.01267771244,0.0397160976,0,0.04736561966,0.04306693855,0.04521627911,0.04736561966,0.003784179688,0.007230352404,0.009045412235,0.00813788232,0.009045412235,1.75021566,False,False,False
14,0.01100993488,0.04429981669,99.995,0.2846647127,0.2846649908,41943,22,0.008399553241,0.0002715129569,0.003943005174,0.01267771244,0.0397160976,0,0.04718584941,0.04283064277,0.04500824609,0.04718584941,0.003723144531,0.007202910511,0.008995782686,0.008099346598,0.008995782686,1.734202442,False,False,False
14,0.01100993488,0.04429981669,99.995,0.2846647127,0.2846649908,41943,22,0.008498717565,0.0002715129569,0.003943005174,0.01267771244,0.0397160976,0,0.0470371464,0.04250630501,0.0447717257,0.0470371464,0.003540039062,0.007180211026,0.00892766155,0.008053936288,0.00892766155,1.717269879,False,False,False
14,0.01100993488,0.04429981669,99.995,0.2846647127,0.2846649908,41943,22,0.008507228437,0.0002715129569,0.003943005174,0.01267771244,0.0397160976,0,0.04699760724,0.04249397135,0.04474578929,0.04699760724,0.003479003906,0.007174175381,0.008925071093,0.008049623237,0.008925071093,1.715825843,False,False,False
14,0.01100993488,0.04429981669,99.995,0.2846647127,0.2846649908,41943,22,0.008674612884,0.0002715129569,0.003943005174,0.01267771244,0.0397160976,0,0.04683930334,0.04206868141,0.04445399238,0.04683930334,0.003082275391,0.007150010323,0.008835746824,0.007992878573,0.008835746824,1.68771566,False,False,False
14,0.01100993488,0.04429981669,99.995,0.2846647127,0.2846649908,41943,22,0.008771433234,0.0002715129569,0.003943005174,0.01267771244,0.0397160976,0,0.04665546565,0.04182317625,0.04423932095,0.04665546565,0.002807617188,0.007121947536,0.008784183015,0.007953065275,0.008784183015,1.671702442,False,False,False
14,0.01100993488,0.04429981669,99.995,0.2846647127,0.2846649908,41943,22,0.008874987938,0.0002715129569,0.003943005174,0.01267771244,0.0397160976,0,0.04663368836,0.04166293753,0.04414831294,0.04663368836,0.002349853516,0.007118623237,0.008750527841,0.007934575539,0.008750527841,1.654769879,False,False,False
14,0.01309309289,0.05268165723,100,0.2362643827,0.2362643827,60097,22,0.01811063271,0.0001971123324,0.002874623124,0.005078622235,0.03427294748,1.525878906e-05,0.03228331589,0.03631151521,0.03429741555,0.03631151521,0,0.004928041739,0.007626560768,0.006277301253,0.007626560768,0.143112926,False,False,False
14,0.01309309289,0.05268165723,100,0.2362643827,0.2362643827,60097,22,0.01866833895,0.0001971123324,0.002874623124,0.005078622235,0.03427294748,1.525878906e-05,0.03230456281,0.03633833559,0.0343214492,0.03633833559,0,0.004931285077,0.007632193892,0.006281739484,0.007632193892,0.1868695441,False,False,False
14,0.01309309289,0.05268165723,100,0.2362643827,0.2362643827,60097,22,0.01794577618,0.0001971123324,0.002874623124,0.005078622235,0.03427294748,1.525878906e-05,0.03236486903,0.03628930434,0.03432708669,0.03628930434,0,0.004940490808,0.007621895787,0.006281193298,0.007621895787,0.1299203004,False,False,False
14,0.01309309289,0.05268165723,100,0.2362643827,0.2362643827,60097,22,0.0178846765,0.0001971123324,0.002874623124,0.005078622235,0.03427294748,1.525878906e-05,0.03239036867,0.03626976784,0.03433006825,0.03626976784,0,0.004944383324,0.007617792506,0.006281087915,0.007617792506,0.125,False,False,False
14,0.01309309289,0.05268165723,100,0.2362643827,0.2362643827,60097,22,0.01818481284,0.0001971123324,0.002874623124,0.005078622235,0.03427294748,1.525878906e-05,0.03232381024,0.03634028206,0.03433204615,0.03634028206,0,0.004934223192,0.007632602711,0.006283412952,0.007632602711,0.1490100547,False,False,False
14,0.01309309289,0.05268165723,100,0.2362643827,0.2362643827,60097,22,0.01867649877,0.0001971123324,0.002874623124,0.005078622235,0.03427294748,1.525878906e-05,0.03229161246,0.03637431731,0.03433296488,0.03637431731,0,0.004929308208,0.007639751184,0.006284529696,0.007639751184,0.1875,False,False,False
14,0.01309309289,0.05268165723,100,0.2362643827,0.2362643827,60097,22,0.01874030357,0.0001971123324,0.002874623124,0.005078622235,0.03427294748,1.525878906e-05,0.03233235695,0.03633794087,0.03433514891,0.03633794087,0,0.004935527847,0.007632110988,0.006283819417,0.007632110988,0.1924203004,False,False,False
14,0.01309309289,0.05268165723,100,0.2362643827,0.2362643827,60097,22,0.01787686262,0.0001971123324,0.002874623124,0.005078622235,0.03427294748,1.525878906e-05,0.0324053818,0.03627795938,0.03434167059,0.03627795938,0,0.004946675075,0.007619512988,0.006283094031,0.007619512988,0.1243695441,False,False,False
14,0.01309309289,0.05268165723,100,0.2362643827,0.2362643827,60097,22,0.01891245892,0.0001971123324,0.002874623124,0.005078622235,0.03427294748,1.525878906e-05,0.03237848884,0.03632973013,0.03435410948,0.03632973013,0,0.00494256987,0.007630386474,0.006286478172,0.007630386474,0.205612926,False,False,False
14,0.01309309289,0.05268165723,100,0.2362643827,0.2362643827,60097,22,0.01749508351,0.0001971123324,0.002874623124,0.005078622235,0.03427294748,1.525878906e-05,0.03241464289,0.03630767424,0.03436115856,0.03630767424,0,0.004948088778,0.007625754043,0.006286921411,0.007625754043,0.09322552844,False,False,False
14,0.01309309289,0.05268165723,100,0.2362643827,0.2362643827,60097,22,0.01762960944,0.0001971123324,0.002874623124,0.005078622235,0.03427294748,1.525878906e-05,0.03241411101,0.03631335161,0.03436373131,0.03631335161,0,0.004948007587,0.00762694647,0.006287477028,0.00762694647,0.1042764915,False,False,False
14,0.01427811904,0.05744975457,100,0.2467256162,0.2467275371,62757,22,0.01907852385,0.0001815017839,0.002975634832,0.003759128139,0.03414856381,1.525878906e-05,0.03453941162,0.03421691335,0.03437816249,0.03453941162,0,0.005272434302,0.00718662847,0.006229531386,0.00718662847,0.5307421147,False,False,False
14,0.01427811904,0.05744975457,100,0.2467247006,0.2467236057,31379,21,0.01907852385,0.0001815017839,0.002975634832,0.003759128139,0.03414853084,1.525878906e-05,0.03454111647,0.03421721188,0.03437916418,0.03454111647,0,0.005272694547,0.00718669117,0.006229692858,0.00718669117,0.5307191263,False,False,False
14,0.01427811904,0.05744975457,100,0.2467256162,0.2467275371,62757,22,0.01867649877,0.0001815017839,0.002975634832,0.003759128139,0.03414856381,1.525878906e-05,0.03469634141,0.03408284629,0.03438959385,0.03469634141,0,0.005296389603,0.007158470168,0.006227429886,0.007158470168,0.5000165862,False,False,False
14,0.01427811904,0.05744975457,100,0.2467247006,0.2467236057,31379,21,0.01867649877,0.0001815017839,0.002975634832,0.003759128139,0.03414853084,1.525878906e-05,0.03469741478,0.03408969528,0.03439355503,0.03469741478,0,0.005296553453,0.00715990867,0.006228231061,0.00715990867,0.4999935978,False,False,False
15,0.01392064902,0.05601143033,100,0.2229254201,0.2229254201,4871,18,0.03799604964,0.000177884118,0.002312676846,0.002843892055,0.01876303053,1.525878906e-05,0.02391892616,0.01510257918,0.01951075267,0.02391892616,3.051757812e-05,0.004961226156,0.003144241486,0.004052733821,0.004961226156,0.3127843604,False,True,True
15,0.01392064902,0.05601143033,100,0.2229254201,0.2229254201,4871,18,0.03811789137,0.000177884118,0.002312676846,0.002843892055,0.01876303053,1.525878906e-05,0.02391815311,0.01511558944,0.01951687127,0.02391815311,3.051757812e-05,0.00496106581,0.003146950123,0.004054007966,0.00496106581,0.3081654795,False,False,False
15,0.01392064902,0.05601143033,100,0.2229254201,0.2229254201,4871,18,0.03632402383,0.000177884118,0.002312676846,0.002843892055,0.01876303053,1.525878906e-05,0.02396664201,0.01513701092,0.01955182646,0.02396664201,3.051757812e-05,0.004971123302,0.003151409911,0.004061266606,0.004971123302,0.3777097656,False,False,False
15,0.01392064902,0.05601143033,100,0.2229254201,0.2229254201,4871,18,0.03638514179,0.000177884118,0.002312676846,0.002843892055,0.01876303053,1.525878906e-05,0.02398466294,0.01516626697,0.01957546496,0.02398466294,3.051757812e-05,0.004974861176,0.003157500797,0.004066180987,0.004974861176,0.3752843604,False,False,False
15,0.01392064902,0.05601143033,100,0.2229254201,0.2229254201,4871,18,0.03650181783,0.000177884118,0.002312676846,0.002843892055,0.01876303053,1.525878906e-05,0.02396826008,0.01519415156,0.01958120582,0.02396826008,3.051757812e-05,0.00497145892,0.003163306156,0.004067382538,0.00497145892,0.3706654795,False,False,False
15,0.01392064902,0.05601143033,100,0.2229254201,0.2229254201,4871,18,0.03967827847,0.000177884118,0.002312676846,0.002843892055,0.01876303053,1.525878906e-05,0.02390838708,0.01532372442,0.01961605575,0.02390838708,3.051757812e-05,0.004959040157,0.003190282234,0.004074661195,0.004959040157,0.2502843604,False,False,False
15,0.01392064902,0.05601143033,100,0.2229254201,0.2229254201,4871,18,0.03968609998,0.000177884118,0.002312676846,0.002843892055,0.01876303053,1.525878906e-05,0.02391315171,0.01532244387,0.01961779779,0.02391315171,3.051757812e-05,0.004960028429,0.003190015633,0.004075022031,0.004960028429,0.25,False,False,False
15,0.01392064902,0.05601143033,100,0.2229254201,0.2229254201,4871,18,0.03409059932,0.000177884118,0.002312676846,0.002843892055,0.01876303053,1.525878906e-05,0.02415582311,0.01509067902,0.01962325106,0.02415582311,3.051757812e-05,0.00501036295,0.003141763963,0.004076063457,0.00501036295,0.4692598305,False,False,False
15,0.01392064902,0.05601143033,100,0.2229254201,0.2229254201,4871,18,0.0355999191,0.000177884118,0.002312676846,0.002843892055,0.01876303053,1.525878906e-05,0.02408973823,0.01515798394,0.01962386108,0.02408973823,3.051757812e-05,0.004996655727,0.003155776333,0.00407621603,0.004996655727,0.4067598305,False,False,False
15,0.01392064902,0.05601143033,100,0.2229254201,0.2229254201,4871,18,0.03422613435,0.000177884118,0.002312676846,0.002843892055,0.01876303053,1.525878906e-05,0.02414585871,0.01511346403,0.01962966137,0.02414585871,3.051757812e-05,0.005008296149,0.003146507629,0.004077401889,0.005008296149,0.463535436,False,False,False
15,0.01392064902,0.05601143033,100,0.2229254201,0.2229254201,4871,18,0.0398055146,0.000177884118,0.002312676846,0.002843892055,0.01876303053,1.525878906e-05,0.02395714307,0.0153048267,0.01963098488,0.02395714307,3.051757812e-05,0.004969153047,0.003186347873,0.00407775046,0.004969153047,0.2456654795,False,False,False
15,0.01392064902,0.05601143033,100,0.2229254201,0.2229254201,4871,18,0.03330927672,0.000177884118,0.002312676846,0.002843892055,0.01876303053,1.525878906e-05,0.0241872484,0.01507954019,0.0196333943,0.0241872484,3.051757812e-05,0.005016881134,0.003139444945,0.00407816304,0.005016881134,0.5027097656,False,False,False
15,0.01392064902,0.05601143033,100,0.2254305291,0.2254303301,38535,21,0.04106051261,0.000177884118,0.002312676846,0.002843892055,0.01858774975,1.525878906e-05,0.023697787,0.01558994363,0.01964386531,0.023697787,3.051757812e-05,0.004915357817,0.003245707038,0.004080532427,0.004915357817,0.2170026517,False,False,False
15,0.01392064902,0.05601143033,100,0.2229254201,0.2229254201,4871,18,0.03361277143,0.000177884118,0.002312676846,0.002843892055,0.01876303053,1.525878906e-05,0.02413539037,0.01517974957,0.01965756997,0.02413539037,3.051757812e-05,0.005006124823,0.003160307772,0.004083216298,0.005006124823,0.4896242929,False,False,False
15,0.01392064902,0.05601143033,100,0.2229254201,0.2229254201,4871,18,0.03478400439,0.000177884118,0.002312676846,0.002843892055,0.01876303053,1.525878906e-05,0.02415967265,0.0151557451,0.01965770888,0.02415967265,3.051757812e-05,0.005011161416,0.003155310225,0.004083235821,0.005011161416,0.4402097656,False,False,False
15,0.01392064902,0.05601143033,100,0.2229254201,0.2229254201,4871,18,0.04144315373,0.000177884118,0.002312676846,0.002843892055,0.01876303053,1.525878906e-05,0.02392690214,0.01539538132,0.01966114173,0.02392690214,3.051757812e-05,0.004962880522,0.003205200652,0.004084040587,0.004962880522,0.1875,False,False,False
15,0.01392064902,0.05601143033,100,0.2229254201,0.2229254201,4871,18,0.04143498594,0.000177884118,0.002312676846,0.002843892055,0.01876303053,1.525878906e-05,0.02393897992,0.01539169037,0.01966533514,0.02393897992,3.051757812e-05,0.004965385674,0.003204432226,0.00408490895,0.004965385674,0.1877843604,False,False,False
15,0.01392064902,0.05601143033,100,0.2229254201,0.2229254201,4871,18,0.03189707266,0.000177884118,0.002312676846,0.002843892055,0.01876303053,1.525878906e-05,0.02429647684,0.01504365442,0.01967006563,0.02429647684,3.051757812e-05,0.005039537126,0.003131973802,0.004085755464,0.005039537126,0.5652097656,False,False,False
15,0.01392064902,0.05601143033,100,0.2254305291,0.2254303301,38535,21,0.04143498594,0.000177884118,0.002312676846,0.002843892055,0.01858774975,1.525878906e-05,0.02371633501,0.01562295974,0.01966964738,0.02371633501,3.051757812e-05,0.004919205018,0.003252580739,0.004085892878,0.004919205018,0.2039048577,False,False,False
15,0.01392064902,0.05601143033,100,0.2254305291,0.2254303301,38535,21,0.03931968159,0.000177884118,0.002312676846,0.002843892055,0.01858774975,1.525878906e-05,0.02377442058,0.01556713023,0.0196707754,0.02377442058,3.051757812e-05,0.004931253035,0.003240957462,0.004086105248,0.004931253035,0.2795026517,False,False,False
15,0.01392064902,0.05601143033,100,0.2254305291,0.2254303301,38535,21,0.03422613435,0.000177884118,0.002312676846,0.002843892055,0.01858774975,1.525878906e-05,0.02397714509,0.01537561871,0.0196763819,0.02397714509,3.051757812e-05,0.004973301835,0.003201086229,0.004087194032,0.004973301835,0.4796559333,False,False,False
15,0.01392064902,0.05601143033,100,0.2254305291,0.2254303301,38535,21,0.04144315373,0.000177884118,0.002312676846,0.002843892055,0.01858774975,1.525878906e-05,0.02372440539,0.01562758047,0.01967599293,0.02372440539,3.051757812e-05,0.004920878962,0.003253542739,0.004087210851,0.004920878962,0.2036204973,False,False,False
15,0.01392064902,0.05601143033,100,0.2229254201,0.2229254201,4871,18,0.03264526975,0.000177884118,0.002312676846,0.002843892055,0.01876303053,1.525878906e-05,0.02433505749,0.01502641784,0.01968073767,0.02433505749,3.051757812e-05,0.005047539464,0.003128385278,0.004087962371,0.005047539464,0.5317598305,False,False,False
15,0.01392064902,0.05601143033,100,0.2229254201,0.2229254201,4871,18,0.04326946949,0.000177884118,0.002312676846,0.002843892055,0.01876303053,1.525878906e-05,0.0239149062,0.01544755862,0.01968123241,0.0239149062,0,0.004960392342,0.003216063567,0.004088227954,0.004960392342,0.1252843604,False,False,False
15,0.01392064902,0.05601143033,100,0.2229254201,0.2229254201,4871,18,0.03277505853,0.000177884118,0.002312676846,0.002843892055,0.01876303053,1.525878906e-05,0.02433442991,0.01503023379,0.01968233185,0.02433442991,3.051757812e-05,0.005047409293,0.003129179729,0.004088294511,0.005047409293,0.526035436,False,False,False
15,0.01392064902,0.05601143033,100,0.2229254201,0.2229254201,4871,18,0.0432779989,0.000177884118,0.002312676846,0.002843892055,0.01876303053,1.525878906e-05,0.02391134448,0.01545381255,0.01968257852,0.02391134448,0,0.004959653575,0.003217365589,0.004088509582,0.004959653575,0.125,False,False,False
15,0.01392064902,0.05601143033,100,0.2229254201,0.2229254201,4871,18,0.03218770019,0.000177884118,0.002312676846,0.002843892055,0.01876303053,1.525878906e-05,0.02430235252,0.01506619891,0.01968427572,0.02430235252,3.051757812e-05,0.00504075585,0.003136667393,0.004088711622,0.00504075585,0.5521242929,False,False,False
15,0.01392064902,0.05601143033,100,0.2229254201,0.2229254201,4871,18,0.04156785529,0.000177884118,0.002312676846,0.002843892055,0.01876303053,1.525878906e-05,0.02397486462,0.01540163134,0.01968824798,0.02397486462,3.051757812e-05,0.004972828823,0.003206501859,0.004089665341,0.004972828823,0.1831654795,False,False,False
15,0.01392064902,0.05601143033,100,0.2229254201,0.2229254201,4871,18,0.03138550358,0.000177884118,0.002312676846,0.002843892055,0.01876303053,1.525878906e-05,0.02448115117,0.01490299303,0.0196920721,0.02448115117,3.051757812e-05,0.005077841986,0.003102689176,0.004090265581,0.005077841986,0.588535436,False,False,False
15,0.01392064902,0.05601143033,100,0.2280689619,0.2280699879,38089,21,0.03632402383,0.000177884118,0.002312676846,0.002843892055,0.0186534535,1.525878906e-05,0.02378372226,0.01559913027,0.01969142626,0.02378372226,3.051757812e-05,0.004933182374,0.003247619625,0.004090401,0.004933182374,0.4106252425,False,False,False
15,0.01392064902,0.05601143033,100,0.2280689619,0.2280699879,38089,21,0.03646799946,0.000177884118,0.002312676846,0.002843892055,0.0186534535,1.525878906e-05,0.02375276744,0.01563903626,0.01969590185,0.02375276744,3.051757812e-05,0.004926761774,0.003255927747,0.004091344761,0.004926761774,0.4049182104,False,False,False
15,0.01392064902,0.05601143033,100,0.2254305291,0.2254303301,38535,21,0.03638514179,0.000177884118,0.002312676846,0.002843892055,0.01858774975,1.525878906e-05,0.02396521744,0.01543263163,0.01969892454,0.02396521744,3.051757812e-05,0.004970827821,0.003212955882,0.004091891852,0.004970827821,0.3914048577,False,False,False
15,0.01392064902,0.05601143033,100,0.3215310358,0.3215307771,54035,22,0.007429028412,0.000177884118,0.002312676846,0.002843892055,0.02591584003,0,0.06375057264,0.04545633425,0.05460345344,0.06375057264,0.02355957031,0.01322304381,0.009463661156,0.01134335248,0.01322304381,3.195784048,True,False,False
15,0.01392064902,0.05601143033,100,0.3215310358,0.3215307771,54035,22,0.007477035638,0.000177884118,0.002312676846,0.002843892055,0.02591584003,0,0.063309734,0.04500571413,0.05415772407,0.063309734,0.02270507812,0.01313160575,0.009369845495,0.01125072562,0.01313160575,3.186491182,True,False,False
15,0.01392064902,0.05601143033,100,0.3215310358,0.3215307771,54035,22,0.0077579396,0.000177884118,0.002312676846,0.002843892055,0.02591584003,0,0.06099938838,0.04278727394,0.05189333116,0.06099938838,0.01922607422,0.01265239748,0.008907983213,0.01078019035,0.01265239748,3.133284048,True,False,False
15,0.01392064902,0.05601143033,100,0.3215310358,0.3215307771,54035,22,0.007808072287,0.000177884118,0.002312676846,0.002843892055,0.02591584003,0,0.06058599098,0.04240068791,0.05149333944,0.06058599098,0.01870727539,0.01256665124,0.008827498957,0.0106970751,0.01256665124,3.123991182,True,False,False
15,0.01392064902,0.05601143033,100,0.3215310358,0.3215307771,54035,22,0.00810141293,0.000177884118,0.002312676846,0.002843892055,0.02591584003,0,0.05848303835,0.04050203933,0.04949253884,0.05848303835,0.01559448242,0.0121304601,0.008432214844,0.01028133747,0.0121304601,3.070784048,True,False,False
15,0.01392064902,0.05601143033,100,0.3215310358,0.3215307771,54035,22,0.00815376518,0.000177884118,0.002312676846,0.002843892055,0.02591584003,0,0.05814484912,0.04016568371,0.04915526642,0.05814484912,0.01489257812,0.01206031343,0.008362188177,0.0102112508,0.01206031343,3.061491182,True,False,False
15,0.01392064902,0.05601143033,100,0.3215310358,0.3215307771,54035,22,0.008419272091,0.000177884118,0.002312676846,0.002843892055,0.02591584003,0,0.05647399849,0.03875943196,0.04761671522,0.05647399849,0.01275634766,0.01171374821,0.008069417315,0.009891582761,0.01171374821,3.015262085,True,False,False
15,0.01392064902,0.05601143033,100,0.3215310358,0.3215307771,54035,22,0.008460093123,0.000177884118,0.002312676846,0.002843892055,0.02591584003,0,0.05624332251,0.03854602602,0.04739467427,0.05624332251,0.0124206543,0.01166590176,0.008024987832,0.009845444795,0.01166590176,3.008284048,True,False,False
15,0.01392064902,0.05601143033,100,0.3215310358,0.3215307771,54035,22,0.008460907281,0.000177884118,0.002312676846,0.002843892055,0.02591584003,0,0.05623287088,0.0385446779,0.04738877439,0.05623287088,0.0124206543,0.0116637339,0.008024707162,0.009844220529,0.0116637339,3.008145217,True,False,False
15,0.01392064902,0.05601143033,100,0.3215310358,0.3215307771,54035,22,0.008514763206,0.000177884118,0.002312676846,0.002843892055,0.02591584003,0,0.05590763461,0.03826994245,0.04708878853,0.05590763461,0.01217651367,0.0115962739,0.007967509343,0.009781891622,0.0115962739,2.998991182,True,False,False
15,0.01392064902,0.05601143033,100,0.3215310358,0.3215307771,54035,22,0.008792025112,0.000177884118,0.002312676846,0.002843892055,0.02591584003,0,0.05438112112,0.0370039122,0.04569251666,0.05438112112,0.01022338867,0.01127964687,0.007703931528,0.009491789196,0.01127964687,2.952762085,True,False,False
15,0.01392064902,0.05601143033,100,0.3215310358,0.3215307771,54035,22,0.008834653445,0.000177884118,0.002312676846,0.002843892055,0.02591584003,0,0.05415189671,0.03685367302,0.04550278486,0.05415189671,0.009948730469,0.0112321015,0.007672652878,0.009452377188,0.0112321015,2.945784048,True,False,False
15,0.01392064902,0.05601143033,100,0.3215310358,0.3215307771,54035,22,0.008835503649,0.000177884118,0.002312676846,0.002843892055,0.02591584003,0,0.05414761491,0.03685817277,0.04550289384,0.05414761491,0.009948730469,0.01123121337,0.007673589692,0.009452401532,0.01123121337,2.945645217,True,False,False
15,0.01392064902,0.05601143033,100,0.3215310358,0.3215307771,54035,22,0.008891743979,0.000177884118,0.002312676846,0.002843892055,0.02591584003,0,0.05386724945,0.03662578815,0.0452465188,0.05386724945,0.009613037109,0.01117306041,0.007625208993,0.009399134702,0.01117306041,2.936491182,True,False,False
15,0.01392064902,0.05601143033,100,0.3215310358,0.3215307771,54035,22,0.009181281319,0.000177884118,0.002312676846,0.002843892055,0.02591584003,0,0.05245360105,0.03555244604,0.04400302355,0.05245360105,0.008239746094,0.01087984368,0.007401747373,0.009140795524,0.01087984368,2.890262085,True,False,False
15,0.01392064902,0.05601143033,100,0.3215310358,0.3215307771,54035,22,0.00922579697,0.000177884118,0.002312676846,0.002843892055,0.02591584003,0,0.05227464314,0.03541689572,0.04384576943,0.05227464314,0.007904052734,0.01084272451,0.007373526834,0.00910812567,0.01084272451,2.883284048,True,False,False
15,0.01392064902,0.05601143033,100,0.3215310358,0.3215307771,54035,22,0.009226684815,0.000177884118,0.002312676846,0.002843892055,0.02591584003,0,0.05227402923,0.03541312235,0.04384357579,0.05227402923,0.007904052734,0.01084259717,0.007372741245,0.009107669208,0.01084259717,2.883145217,True,False,False
15,0.01392064902,0.05601143033,100,0.3215310358,0.3215307771,54035,22,0.009285415118,0.000177884118,0.002312676846,0.002843892055,0.02591584003,0,0.05201826008,0.03518091516,0.04359958762,0.05201826008,0.007659912109,0.01078954593,0.007324397485,0.009056971709,0.01078954593,2.873991182,True,False,False
15,0.01392064902,0.05601143033,100,0.3215310358,0.3215307771,54035,22,0.009587771371,0.000177884118,0.002312676846,0.002843892055,0.02591584003,0,0.05068350929,0.03428452619,0.04248401774,0.05068350929,0.006591796875,0.01051269402,0.007137776157,0.008825235088,0.01051269402,2.827762085,True,False,False
15,0.01392064902,0.05601143033,100,0.3215310358,0.3215307771,54035,22,0.009634257898,0.000177884118,0.002312676846,0.002843892055,0.02591584003,0,0.05052644167,0.03417819958,0.04235232063,0.05052644167,0.006408691406,0.0104801153,0.007115639771,0.008797877535,0.0104801153,2.820784048,True,False,False
15,0.01392064902,0.05601143033,100,0.3215310358,0.3215307771,54035,22,0.009635185051,0.000177884118,0.002312676846,0.002843892055,0.02591584003,0,0.05052443993,0.03417343694,0.04234893844,0.05052443993,0.006408691406,0.0104797001,0.007114648225,0.008797174163,0.0104797001,2.820645217,True,False,False
15,0.01392064902,0.05601143033,100,0.3215310358,0.3215307771,54035,22,0.009696515566,0.000177884118,0.002312676846,0.002843892055,0.02591584003,0,0.05027090079,0.0340087618,0.04213983129,0.05027090079,0.006195068359,0.01042711141,0.007080364121,0.008753737765,0.01042711141,2.811491182,True,False,False
15,0.01392064902,0.05601143033,100,0.3215310358,0.3215307771,54035,22,0.01001225827,0.000177884118,0.002312676846,0.002843892055,0.02591584003,0,0.04907165947,0.03323257086,0.04115211517,0.04907165947,0.005004882812,0.01017836666,0.006918767103,0.008548566879,0.01017836666,2.765262085,True,False,False
15,0.01392064902,0.05601143033,100,0.3215310358,0.3215307771,54035,22,0.01006080294,0.000177884118,0.002312676846,0.002843892055,0.02591584003,0,0.04889865906,0.03313514673,0.0410169029,0.04889865906,0.004852294922,0.01014248318,0.006898484145,0.008520483663,0.01014248318,2.758284048,True,False,False
15,0.01392064902,0.05601143033,100,0.3215310358,0.3215307771,54035,22,0.01006177114,0.000177884118,0.002312676846,0.002843892055,0.02591584003,0,0.04889108479,0.03313205092,0.04101156785,0.04889108479,0.004852294922,0.01014091214,0.006897839619,0.008519375879,0.01014091214,2.758145217,True,False,False
15,0.01392064902,0.05601143033,100,0.3215310358,0.3215307771,54035,22,0.01012581699,0.000177884118,0.002312676846,0.002843892055,0.02591584003,0,0.04863396365,0.03296332468,0.04079864416,0.04863396365,0.004638671875,0.01008758047,0.006862712106,0.008475146291,0.01008758047,2.748991182,True,False,False
15,0.01392064902,0.05601143033,100,0.3215310358,0.3215307771,54035,22,0.01045553882,0.000177884118,0.002312676846,0.002843892055,0.02591584003,0,0.04754716845,0.032305555,0.03992636172,0.04754716845,0.00390625,0.009862159119,0.006725769489,0.008293964304,0.009862159119,2.702762085,True,False,False
15,0.01392064902,0.05601143033,100,0.3215310358,0.3215307771,54035,22,0.01050623274,0.000177884118,0.002312676846,0.002843892055,0.02591584003,0,0.04738181961,0.03225323013,0.03981752487,0.04738181961,0.003784179688,0.009827862722,0.006714875851,0.008271369286,0.009827862722,2.695784048,True,False,False
15,0.01392064902,0.05601143033,100,0.3215310358,0.3215307771,54035,22,0.0105072438,0.000177884118,0.002312676846,0.002843892055,0.02591584003,0,0.04738707636,0.03225606797,0.03982157217,0.04738707636,0.003784179688,0.009828953069,0.006715466669,0.008272209869,0.009828953069,2.695645217,True,False,False
15,0.01392064902,0.05601143033,100,0.3215310358,0.3215307771,54035,22,0.0105741252,0.000177884118,0.002312676846,0.002843892055,0.02591584003,0,0.04714865968,0.03209726356,0.03962296162,0.04714865968,0.003662109375,0.009779501056,0.006682404804,0.00823095293,0.009779501056,2.686491182,True,False,False
15,0.01392064902,0.05601143033,100,0.3215310358,0.3215307771,54035,22,0.01091844507,0.000177884118,0.002312676846,0.002843892055,0.02591584003,0,0.0461008084,0.03149937071,0.03880008956,0.0461008084,0.002960205078,0.009562157386,0.006557928086,0.008060042736,0.009562157386,2.640262085,False,False,False
15,0.01392064902,0.05601143033,100,0.3215310358,0.3215307771,54035,22,0.01097243923,0.000177884118,0.002312676846,0.002843892055,0.02591584003,0,0.04594404537,0.03141682605,0.03868043571,0.04594404537,0.002807617188,0.009529641844,0.00654074292,0.008035192382,0.009529641844,2.633145217,False,False,False
15,0.01392064902,0.05601143033,100,0.2229254201,0.2229254201,4871,18,0.04340822147,0.000177884118,0.002312676846,0.002843892055,0.01876303053,1.525878906e-05,0.02398305601,0.01546371309,0.01972338455,0.02398305601,0,0.004974527869,0.003219426805,0.004096977337,0.004974527869,0.1206654795,False,False,False
15,0.01392064902,0.05601143033,100,0.2229254201,0.2229254201,4871,18,0.04519407961,0.000177884118,0.002312676846,0.002843892055,0.01876303053,1.525878906e-05,0.02409025396,0.01547938359,0.01978481877,0.02409025396,0,0.004996762699,0.003222689283,0.004109725991,0.004996762699,0.0625,False,False,False
15,0.01392064902,0.05601143033,100,0.2229254201,0.2229254201,4871,18,0.04518517257,0.000177884118,0.002312676846,0.002843892055,0.01876303053,1.525878906e-05,0.024103124,0.01548367139,0.01979339769,0.024103124,0,0.004999432182,0.003223581969,0.004111507075,0.004999432182,0.06278436041,False,False,False
15,0.01392064902,0.05601143033,100,0.2229254201,0.2229254201,4871,18,0.04533006763,0.000177884118,0.002312676846,0.002843892055,0.01876303053,1.525878906e-05,0.02407429106,0.01554154562,0.01980791834,0.02407429106,0,0.004993451701,0.003235630941,0.004114541321,0.004993451701,0.05816547948,False,False,False
15,0.01392064902,0.05601143033,100,0.2280689619,0.2280699879,38089,21,0.04326946949,0.000177884118,0.002312676846,0.002843892055,0.0186534535,1.525878906e-05,0.02376332693,0.01585435861,0.01980884277,0.02376332693,0,0.004928952008,0.003300756214,0.004114854111,0.004928952008,0.1581998373,False,False,False
15,0.01392064902,0.05601143033,100,0.2280689619,0.2280699879,38089,21,0.04336800443,0.000177884118,0.002312676846,0.002843892055,0.0186534535,1.525878906e-05,0.02376459135,0.01585935664,0.019811974,0.02376459135,0,0.004929214271,0.003301796766,0.004115505519,0.004929214271,0.1549182104,False,False,False
15,0.01392064902,0.05601143033,100,0.2280689619,0.2280699879,38089,21,0.0432779989,0.000177884118,0.002312676846,0.002843892055,0.0186534535,1.525878906e-05,0.02376317458,0.01586660996,0.01981489227,0.02376317458,0,0.004928920407,0.003303306852,0.004116113629,0.004928920407,0.1579154768,False,False,False
15,0.01392064902,0.05601143033,100,0.2254305291,0.2254303301,38535,21,0.04287841682,0.000177884118,0.002312676846,0.002843892055,0.01858774975,1.525878906e-05,0.02400879926,0.01564295267,0.01982587596,0.02400879926,0,0.004979867493,0.003256743114,0.004118305304,0.004979867493,0.1545026517,False,False,False
15,0.01392064902,0.05601143033,100,0.2254305291,0.2254303301,38535,21,0.0432779989,0.000177884118,0.002312676846,0.002843892055,0.01858774975,1.525878906e-05,0.02406105877,0.01562196088,0.01984150983,0.02406105877,0,0.004990707078,0.003252372785,0.004121539932,0.004990707078,0.1411204973,False,False,False
15,0.01392064902,0.05601143033,100,0.2254305291,0.2254303301,38535,21,0.04326946949,0.000177884118,0.002312676846,0.002843892055,0.01858774975,1.525878906e-05,0.02406126737,0.01562967832,0.01984547284,0.02406126737,0,0.004990750347,0.003253979496,0.004122364921,0.004990750347,0.1414048577,False,False,False
15,0.01392064902,0.05601143033,100,0.2254305291,0.2254303301,38535,21,0.04519407961,0.000177884118,0.002312676846,0.002843892055,0.01858774975,1.525878906e-05,0.02394310885,0.01577350472,0.01985830679,0.02394310885,0,0.004966242091,0.003283923053,0.004125082572,0.004966242091,0.07862049733,False,False,False
15,0.01392064902,0.05601143033,100,0.2254305291,0.2254303301,38535,21,0.04518517257,0.000177884118,0.002312676846,0.002843892055,0.01858774975,1.525878906e-05,0.02394112514,0.01578249784,0.01986181149,0.02394112514,0,0.004965830633,0.003285795351,0.004125812992,0.004965830633,0.07890485774,False,False,False
15,0.01392064902,0.05601143033,100,0.2254305291,0.2254303301,38535,21,0.04477680651,0.000177884118,0.002312676846,0.002843892055,0.01858774975,1.525878906e-05,0.02392408032,0.01581200237,0.01986804135,0.02392408032,0,0.004962295224,0.00329193797,0.004127116597,0.004962295224,0.09200265169,False,False,False
15,0.01392064902,0.05601143033,100,0.2327951716,0.232794452,9329,19,0.04314670475,0.000177884118,0.002312676846,0.002843892055,0.01875222026,1.525878906e-05,0.02382531705,0.01594339715,0.0198843571,0.02382531705,0,0.004941809902,0.003319293358,0.00413055163,0.004941809902,0.1918789528,False,False,False
15,0.01392064902,0.05601143033,100,0.2183995861,0.2183969673,1243,16,0.04519407961,0.000177884118,0.002312676846,0.002843892055,0.01875592838,1.907348633e-05,0.02430739496,0.01546906882,0.01988823189,0.02430739496,0,0.005041801745,0.003220541826,0.004131171786,0.005041801745,0.09210831321,False,False,False
15,0.01392064902,0.05601143033,100,0.2183995861,0.2183969673,1243,16,0.04533375949,0.000177884118,0.002312676846,0.002843892055,0.01875592838,1.907348633e-05,0.02432764529,0.01545664283,0.01989214406,0.02432764529,0,0.005046002037,0.003217954831,0.004131978434,0.005046002037,0.08765629847,False,False,False
15,0.01392064902,0.05601143033,100,0.2327951716,0.232794452,9329,19,0.0432779989,0.000177884118,0.002312676846,0.002843892055,0.01875222026,1.525878906e-05,0.02383572706,0.01595033298,0.01989303002,0.02383572706,0,0.004943969129,0.003320737344,0.004132353237,0.004943969129,0.1874955401,False,False,False
15,0.01392064902,0.05601143033,100,0.2183995861,0.2183969673,1243,16,0.04518517257,0.000177884118,0.002312676846,0.002843892055,0.01875592838,1.907348633e-05,0.02430645059,0.0154810351,0.01989374284,0.02430645059,0,0.005041605865,0.003223033114,0.004132319489,0.005041605865,0.09239267362,False,False,False
15,0.01392064902,0.05601143033,100,0.2327951716,0.232794452,9329,19,0.04326946949,0.000177884118,0.002312676846,0.002843892055,0.01875222026,1.525878906e-05,0.0238267593,0.01596616005,0.01989645968,0.0238267593,0,0.004942109051,0.003324032418,0.004133070735,0.004942109051,0.1877799005,False,False,False
15,0.01392064902,0.05601143033,100,0.2183995861,0.2183969673,1243,16,0.04326946949,0.000177884118,0.002312676846,0.002843892055,0.01875592838,1.907348633e-05,0.0243298602,0.01546587921,0.0198978697,0.0243298602,0,0.005046461449,0.003219877774,0.004133169612,0.005046461449,0.1548926736,False,False,False
15,0.01392064902,0.05601143033,100,0.2183995861,0.2183969673,1243,16,0.0432779989,0.000177884118,0.002312676846,0.002843892055,0.01875592838,1.907348633e-05,0.02432809067,0.01547106186,0.01989957627,0.02432809067,0,0.005046094417,0.003220956763,0.00413352559,0.005046094417,0.1546083132,False,False,False
15,0.01392064902,0.05601143033,100,0.2183995861,0.2183969673,1243,16,0.04341175682,0.000177884118,0.002312676846,0.002843892055,0.01875592838,1.907348633e-05,0.02430209186,0.0155215048,0.01991179833,0.02430209186,0,0.005040701785,0.003231458597,0.004136080191,0.005040701785,0.1501562985,False,False,False
15,0.01392064902,0.05601143033,100,0.2229254201,0.2229254201,4871,18,0.04719499246,0.000177884118,0.002312676846,0.002843892055,0.01876303053,1.525878906e-05,0.02426575551,0.01556675814,0.01991625682,0.02426575551,0,0.005033164955,0.003240879995,0.004137022475,0.005033164955,0,False,False,False
15,0.01392064902,0.05601143033,100,0.2229254201,0.2229254201,4871,18,0.04718569107,0.000177884118,0.002312676846,0.002843892055,0.01876303053,1.525878906e-05,0.02427082188,0.01557270441,0.01992176314,0.02427082188,0,0.005034215813,0.003242117964,0.004138166889,0.005034215813,0.000284360412,False,False,False
15,0.01392064902,0.05601143033,100,0.2158730143,0.2158733076,40241,21,0.04326946949,0.000177884118,0.002312676846,0.002843892055,0.01875667328,1.907348633e-05,0.0244956564,0.01538413705,0.01993989673,0.0244956564,0,0.005080850637,0.003202859682,0.00414185516,0.005080850637,0.1716606291,False,False,False
15,0.01392064902,0.05601143033,100,0.2254305291,0.2254303301,38535,21,0.04718569107,0.000177884118,0.002312676846,0.002843892055,0.01858774975,1.525878906e-05,0.02400535638,0.01587691432,0.01994113535,0.02400535638,0,0.004979153377,0.00330545214,0.004142302759,0.004979153377,0.01640485774,False,False,False
15,0.01392064902,0.05601143033,100,0.2254305291,0.2254303301,38535,21,0.04719499246,0.000177884118,0.002312676846,0.002843892055,0.01858774975,1.525878906e-05,0.0240023504,0.01588310022,0.01994272531,0.0240023504,0,0.00497852988,0.003306739997,0.004142634939,0.00497852988,0.01612049733,False,False,False
16,0.01889656857,0.07603264991,100,0.2272205008,0.2272213785,53501,20,0.07467036357,0.0003012680433,0.002056730611,0.005117406251,0.01807086955,1.907348633e-05,0.0199455709,0.01329502423,0.01662029757,0.0199455709,3.051757812e-05,0.004168743461,0.003007470906,0.003588107183,0.004168743461,0.1104302285,False,True,True
16,0.01889656857,0.07603264991,100,0.2303578063,0.2303558822,52773,20,0.08142860888,0.0003012680433,0.002056730611,0.005117406251,0.01800211825,1.525878906e-05,0.01946439393,0.01374700757,0.01660570075,0.01946439393,3.051757812e-05,0.0040681746,0.003109714174,0.003588944387,0.0040681746,0.2551960869,False,False,False
16,0.01889656857,0.07603264991,100,0.2303578063,0.2303558822,52773,20,0.08154702481,0.0003012680433,0.002056730611,0.005117406251,0.01800211825,1.525878906e-05,0.01947948526,0.01373882078,0.01660915302,0.01947948526,3.051757812e-05,0.004071328778,0.003107862239,0.003589595509,0.004071328778,0.2572925734,False,False,False
16,0.01889656857,0.07603264991,100,0.2272205008,0.2272213785,53501,20,0.07413636213,0.0003012680433,0.002056730611,0.005117406251,0.01807086955,1.907348633e-05,0.01995962561,0.01331096671,0.01663529616,0.01995962561,3.051757812e-05,0.00417168098,0.003011077257,0.003591379119,0.00417168098,0.1000757968,False,False,False
16,0.01889656857,0.07603264991,100,0.2303578063,0.2303558822,52773,20,0.08054521216,0.0003012680433,0.002056730611,0.005117406251,0.01800211825,1.525878906e-05,0.01950466747,0.01373505252,0.01661985999,0.01950466747,3.051757812e-05,0.004076592009,0.003107009819,0.003591800914,0.004076592009,0.2394591649,False,False,False
16,0.01889656857,0.07603264991,100,0.2272205008,0.2272213785,53501,20,0.07505737102,0.0003012680433,0.002056730611,0.005117406251,0.01807086955,1.907348633e-05,0.01996641239,0.0133192964,0.0166428544,0.01996641239,3.051757812e-05,0.004173099456,0.00301296152,0.003593030488,0.004173099456,0.1178882318,False,False,False
16,0.01889656857,0.07603264991,100,0.2272205008,0.2272213785,53501,20,0.08054521216,0.0003012680433,0.002056730611,0.005117406251,0.01807086955,1.907348633e-05,0.01967194782,0.01359179011,0.01663186897,0.01967194782,3.051757812e-05,0.004111554604,0.003074602392,0.003593078498,0.004111554604,0.2196933065,False,False,False
16,0.01889656857,0.07603264991,100,0.2303578063,0.2303558822,52773,20,0.08113518108,0.0003012680433,0.002056730611,0.005117406251,0.01800211825,1.525878906e-05,0.01953981025,0.01372091965,0.01663036495,0.01953981025,3.051757812e-05,0.004083937062,0.003103812821,0.003593874941,0.004083937062,0.2499879494,False,False,False
16,0.01889656857,0.07603264991,100,0.2272205008,0.2272213785,53501,20,0.07386028522,0.0003012680433,0.002056730611,0.005117406251,0.01807086955,1.907348633e-05,0.02004781106,0.01325510776,0.01665145941,0.02004781106,3.051757812e-05,0.004190112266,0.002998441391,0.003594276828,0.004190112266,0.0946933065,False,False,False
16,0.01889656857,0.07603264991,100,0.2272205008,0.2272213785,53501,20,0.08084627618,0.0003012680433,0.002056730611,0.005117406251,0.01807086955,1.907348633e-05,0.01972562939,0.01355588133,0.01664075536,0.01972562939,3.051757812e-05,0.004122774371,0.003066479458,0.003594626915,0.004122774371,0.2250757968,False,False,False
16,0.01889656857,0.07603264991,100,0.2303578063,0.2303558822,52773,20,0.07769531558,0.0003012680433,0.002056730611,0.005117406251,0.01800211825,1.525878906e-05,0.01966310496,0.01361440098,0.01663875297,0.01966310496,3.051757812e-05,0.004109706393,0.003079717204,0.003594711799,0.004109706393,0.1874879494,False,False,False
16,0.01889656857,0.07603264991,100,0.2272205008,0.2272213785,53501,20,0.07769531558,0.0003012680433,0.002056730611,0.005117406251,0.01807086955,1.907348633e-05,0.01993610966,0.01338056312,0.01665833639,0.01993610966,3.051757812e-05,0.004166766005,0.00302682068,0.003596793343,0.004166766005,0.1677220909,False,False,False
16,0.01889656857,0.07603264991,100,0.2303578063,0.2303558822,52773,20,0.07570560043,0.0003012680433,0.002056730611,0.005117406251,0.01800211825,1.525878906e-05,0.01984801463,0.01346777384,0.01665789423,0.01984801463,3.051757812e-05,0.004148353618,0.003046548639,0.003597451128,0.004148353618,0.1500603609,False,False,False
16,0.01889656857,0.07603264991,100,0.2303578063,0.2303558822,52773,20,0.07477895146,0.0003012680433,0.002056730611,0.005117406251,0.01800211825,1.525878906e-05,0.01994169953,0.01338130946,0.0166615045,0.01994169953,3.051757812e-05,0.004167934322,0.003026989511,0.003597461916,0.004167934322,0.1322925734,False,False,False
16,0.01889656857,0.07603264991,100,0.2272205008,0.2272213785,53501,20,0.08113518108,0.0003012680433,0.002056730611,0.005117406251,0.01807086955,1.907348633e-05,0.01973342163,0.01357622545,0.01665482354,0.01973342163,3.051757812e-05,0.004124402996,0.003071081507,0.003597742252,0.004124402996,0.2302220909,False,False,False
16,0.01889656857,0.07603264991,100,0.2272205008,0.2272213785,53501,20,0.07838044474,0.0003012680433,0.002056730611,0.005117406251,0.01807086955,1.907348633e-05,0.01983747253,0.01348529073,0.01666138163,0.01983747253,3.051757812e-05,0.004146150255,0.00305051114,0.003598330698,0.004146150255,0.1803882318,False,False,False
16,0.01889656857,0.07603264991,100,0.2272205008,0.2272213785,53501,20,0.0744012891,0.0003012680433,0.002056730611,0.005117406251,0.01807086955,1.907348633e-05,0.02001618653,0.01332167427,0.0166689304,0.02001618653,3.051757812e-05,0.00418350255,0.003013499417,0.003598500983,0.00418350255,0.1052220909,False,False,False
16,0.01889656857,0.07603264991,100,0.2272205008,0.2272213785,53501,20,0.077976303,0.0003012680433,0.002056730611,0.005117406251,0.01807086955,1.907348633e-05,0.01988895377,0.01344177533,0.01666536455,0.01988895377,3.051757812e-05,0.004156910143,0.00304066751,0.003598788826,0.004156910143,0.1729302285,False,False,False
16,0.01889656857,0.07603264991,100,0.2272205008,0.2272213785,53501,20,0.0774186593,0.0003012680433,0.002056730611,0.005117406251,0.01807086955,1.907348633e-05,0.0199284453,0.01341250321,0.01667047425,0.0199284453,3.051757812e-05,0.004165164108,0.003034045856,0.003599604982,0.004165164108,0.1625757968,False,False,False
16,0.01889656857,0.07603264991,100,0.2303578063,0.2303558822,52773,20,0.077976303,0.0003012680433,0.002056730611,0.005117406251,0.01800211825,1.525878906e-05,0.01966435014,0.01365835792,0.01666135403,0.01966435014,3.051757812e-05,0.004109966642,0.003089660715,0.003599813679,0.004109966642,0.1926960869,False,False,False
16,0.01889656857,0.07603264991,100,0.2303578063,0.2303558822,52773,20,0.07467036357,0.0003012680433,0.002056730611,0.005117406251,0.01800211825,1.525878906e-05,0.01995537497,0.01339434515,0.01667486006,0.01995537497,3.051757812e-05,0.00417079257,0.003029938316,0.003600365443,0.00417079257,0.1301960869,False,False,False
16,0.01889656857,0.07603264991,100,0.2303578063,0.2303558822,52773,20,0.07808969849,0.0003012680433,0.002056730611,0.005117406251,0.01800211825,1.525878906e-05,0.01966985993,0.0136811186,0.01667548927,0.01966985993,3.051757812e-05,0.004111118222,0.003094809414,0.003602963818,0.004111118222,0.1947925734,False,False,False
16,0.02247193379,0.09041856825,100,0.3315197502,0.3315220192,43607,20,0.00908507682,0.0002655780102,0.002738781482,0.004855474213,0.02235745019,0,0.1865037098,0.07732658771,0.1319151488,0.1865037098,0.02084350586,0.03898038942,0.01749206761,0.02823622852,0.03898038942,4.058985206,True,False,False
16,0.02247193379,0.09041856825,100,0.3315197502,0.3315220192,43607,20,0.009094329166,0.0002655780102,0.002738781482,0.004855474213,0.02235745019,0,0.1863881921,0.07723655032,0.1318123712,0.1863881921,0.02075195312,0.03895624553,0.01747170023,0.02821397288,0.03895624553,4.057516697,True,False,False
16,0.02247193379,0.09041856825,100,0.3315197502,0.3315220192,43607,20,0.009487307534,0.0002655780102,0.002738781482,0.004855474213,0.02235745019,0,0.1816318854,0.07399417617,0.1278130308,0.1816318854,0.01708984375,0.03796214901,0.01673824193,0.02735019547,0.03796214901,3.996485206,True,False,False
16,0.02247193379,0.09041856825,100,0.3315197502,0.3315220192,43607,20,0.009496969516,0.0002655780102,0.002738781482,0.004855474213,0.02235745019,0,0.1815156654,0.07392665726,0.1277211613,0.1815156654,0.01699829102,0.03793785833,0.01672296846,0.02733041339,0.03793785833,3.995016697,True,False,False
16,0.02247193379,0.09041856825,100,0.3315197502,0.3315220192,43607,20,0.009907346524,0.0002655780102,0.002738781482,0.004855474213,0.02235745019,0,0.1767757752,0.0709808809,0.123878328,0.1767757752,0.01431274414,0.03694719297,0.01605660362,0.02650189829,0.03694719297,3.933985206,True,False,False
16,0.02247193379,0.09041856825,100,0.3315197502,0.3315220192,43607,20,0.009917436279,0.0002655780102,0.002738781482,0.004855474213,0.02235745019,0,0.1766621396,0.07090811698,0.1237851283,0.1766621396,0.01431274414,0.03692344245,0.01604014367,0.02648179306,0.03692344245,3.932516697,True,False,False
16,0.02247193379,0.09041856825,100,0.3315197502,0.3315220192,43607,20,0.01034598223,0.0002655780102,0.002738781482,0.004855474213,0.02235745019,0,0.171930475,0.06820025288,0.1200653639,0.171930475,0.01177978516,0.03593449628,0.01542759703,0.02568104665,0.03593449628,3.871485206,True,False,False
16,0.02247193379,0.09041856825,100,0.3315197502,0.3315220192,43607,20,0.01035651869,0.0002655780102,0.002738781482,0.004855474213,0.02235745019,0,0.1718215624,0.06813224027,0.1199769013,0.1718215624,0.01177978516,0.03591173291,0.01541221188,0.02566197239,0.03591173291,3.870016697,True,False,False
16,0.02247193379,0.09041856825,100,0.3315197502,0.3315220192,43607,20,0.0107881842,0.0002655780102,0.002738781482,0.004855474213,0.02235745019,0,0.1673384453,0.06573925976,0.1165388525,0.1673384453,0.009735107422,0.03497473465,0.01487089513,0.02492281489,0.03497473465,3.811103765,True,False,False
16,0.02247193379,0.09041856825,100,0.3315197502,0.3315220192,43607,20,0.01080403799,0.0002655780102,0.002738781482,0.004855474213,0.02235745019,0,0.1671729916,0.0656729012,0.1164229464,0.1671729916,0.009735107422,0.03494015384,0.01485588414,0.02489801899,0.03494015384,3.808985206,True,False,False
16,0.02247193379,0.09041856825,100,0.3315197502,0.3315220192,43607,20,0.01081504095,0.0002655780102,0.002738781482,0.004855474213,0.02235745019,0,0.1670721359,0.0656057809,0.1163389584,0.1670721359,0.009643554688,0.03491907439,0.01484070084,0.02487988761,0.03491907439,3.807516697,True,False,False
16,0.02247193379,0.09041856825,100,0.3315197502,0.3315220192,43607,20,0.01098558556,0.0002655780102,0.002738781482,0.004855474213,0.02235745019,0,0.1653210814,0.0647163028,0.1150186921,0.1653210814,0.008758544922,0.03455309354,0.01463949177,0.02459629265,0.03455309354,3.784944054,True,False,False
16,0.02247193379,0.09041856825,100,0.3315197502,0.3315220192,43607,20,0.01126581792,0.0002655780102,0.002738781482,0.004855474213,0.02235745019,0,0.1626204547,0.06334759077,0.1129840227,0.1626204547,0.008056640625,0.03398864643,0.01432987506,0.02415926074,0.03398864643,3.748603765,True,False,False
16,0.02247193379,0.09041856825,100,0.3315197502,0.3315220192,43607,20,0.01128237362,0.0002655780102,0.002738781482,0.004855474213,0.02235745019,0,0.162446034,0.06326240634,0.1128542202,0.162446034,0.008056640625,0.03395219147,0.01431060547,0.02413139847,0.03395219147,3.746485206,True,False,False
16,0.02247193379,0.09041856825,100,0.3315197502,0.3315220192,43607,20,0.01129386372,0.0002655780102,0.002738781482,0.004855474213,0.02235745019,0,0.1623448781,0.06320098535,0.1127729317,0.1623448781,0.008056640625,0.03393104927,0.01429671141,0.02411388034,0.03393104927,3.745016697,True,False,False
16,0.02247193379,0.09041856825,100,0.3315197502,0.3315220192,43607,20,0.01147195898,0.0002655780102,0.002738781482,0.004855474213,0.02235745019,0,0.1606201195,0.06238618621,0.1115031528,0.1606201195,0.007843017578,0.03357056442,0.01411239548,0.02384147995,0.03357056442,3.722444054,True,False,False
16,0.02247193379,0.09041856825,100,0.3315197502,0.3315220192,43607,20,0.01176459829,0.0002655780102,0.002738781482,0.004855474213,0.02235745019,0,0.1579050479,0.06111628444,0.1095106662,0.1579050479,0.007019042969,0.03300309823,0.01382513068,0.02341411445,0.03300309823,3.686103765,True,False,False
16,0.02247193379,0.09041856825,100,0.3315197502,0.3315220192,43607,20,0.01178188698,0.0002655780102,0.002738781482,0.004855474213,0.02235745019,0,0.1577436676,0.06104517012,0.1093944188,0.1577436676,0.006988525391,0.03296936879,0.01380904388,0.02338920634,0.03296936879,3.683985206,True,False,False
16,0.02247193379,0.09041856825,100,0.3315197502,0.3315220192,43607,20,0.01179388578,0.0002655780102,0.002738781482,0.004855474213,0.02235745019,0,0.1576255491,0.06098772888,0.109306639,0.1576255491,0.006988525391,0.03294468131,0.01379605009,0.0233703657,0.03294468131,3.682516697,True,False,False
16,0.02247193379,0.09041856825,100,0.3315197502,0.3315220192,43607,20,0.011979866,0.0002655780102,0.002738781482,0.004855474213,0.02235745019,0,0.1559990849,0.06022587907,0.108112482,0.1559990849,0.006744384766,0.03260474058,0.01362371184,0.02311422621,0.03260474058,3.659944054,True,False,False
16,0.02247193379,0.09041856825,100,0.3315197502,0.3315220192,43607,20,0.01228546156,0.0002655780102,0.002738781482,0.004855474213,0.02235745019,0,0.153289486,0.05904418661,0.1061668363,0.153289486,0.005798339844,0.03203841823,0.01335640088,0.02269740956,0.03203841823,3.623603765,True,False,False
16,0.02247193379,0.09041856825,100,0.3315197502,0.3315220192,43607,20,0.01230351568,0.0002655780102,0.002738781482,0.004855474213,0.02235745019,0,0.1531319246,0.05898338279,0.1060576537,0.1531319246,0.005798339844,0.03200548695,0.01334264643,0.02267406669,0.03200548695,3.621485206,True,False,False
16,0.02247193379,0.09041856825,100,0.3315197502,0.3315220192,43607,20,0.01231604572,0.0002655780102,0.002738781482,0.004855474213,0.02235745019,0,0.1530245469,0.05894740759,0.1059859772,0.1530245469,0.005767822266,0.03198304437,0.01333450848,0.02265877642,0.03198304437,3.620016697,True,False,False
16,0.02247193379,0.09041856825,100,0.3315197502,0.3315220192,43607,20,0.01251025998,0.0002655780102,0.002738781482,0.004855474213,0.02235745019,0,0.1513555946,0.05823076859,0.1047931816,0.1513555946,0.005493164062,0.03163422338,0.01317239738,0.02240331038,0.03163422338,3.597444054,True,False,False
16,0.02247193379,0.09041856825,100,0.3315197502,0.3315220192,43607,20,0.01282938541,0.0002655780102,0.002738781482,0.004855474213,0.02235745019,0,0.1487116218,0.05707534858,0.1028934852,0.1487116218,0.004760742188,0.03108161727,0.01291102952,0.02199632339,0.03108161727,3.561103765,True,False,False
16,0.02247193379,0.09041856825,100,0.3315197502,0.3315220192,43607,20,0.01284823885,0.0002655780102,0.002738781482,0.004855474213,0.02235745019,0,0.148557017,0.05701872792,0.1027878725,0.148557017,0.004760742188,0.03104930395,0.01289822134,0.02197376264,0.03104930395,3.558985206,True,False,False
16,0.02247193379,0.09041856825,100,0.3315197502,0.3315220192,43607,20,0.01286132365,0.0002655780102,0.002738781482,0.004855474213,0.02235745019,0,0.1484340872,0.05696891995,0.1027015036,0.1484340872,0.004760742188,0.03102361088,0.01288695427,0.02195528258,0.03102361088,3.557516697,True,False,False
16,0.02247193379,0.09041856825,100,0.3315197502,0.3315220192,43607,20,0.01306413651,0.0002655780102,0.002738781482,0.004855474213,0.02235745019,0,0.1467907,0.05630930028,0.1015500001,0.1467907,0.004608154297,0.03068013313,0.01273774153,0.02170893733,0.03068013313,3.534944054,True,False,False
16,0.02247193379,0.09041856825,100,0.3315197502,0.3315220192,43607,20,0.01339739083,0.0002655780102,0.002738781482,0.004855474213,0.02235745019,0,0.1441553253,0.05522869782,0.09969201154,0.1441553253,0.004150390625,0.03012932408,0.01249329817,0.02131131112,0.03012932408,3.498603765,True,False,False
16,0.02247193379,0.09041856825,100,0.3315197502,0.3315220192,43607,20,0.01364253525,0.0002655780102,0.002738781482,0.004855474213,0.02235745019,0,0.142314202,0.05450390815,0.09840905508,0.142314202,0.003784179688,0.02974451832,0.01232934331,0.02103693081,0.02974451832,3.472444054,True,False,False
16,0.02247193379,0.09041856825,100,0.3315197502,0.3315220192,43607,20,0.013990544,0.0002655780102,0.002738781482,0.004855474213,0.02235745019,0,0.1396410056,0.05345714183,0.09654907374,0.1396410056,0.003295898438,0.02918580431,0.01209255402,0.02063917917,0.02918580431,3.436103765,True,False,False
16,0.02247193379,0.09041856825,100,0.3315197502,0.3315220192,43607,20,0.01424654188,0.0002655780102,0.002738781482,0.004855474213,0.02235745019,0,0.1377502489,0.05274160162,0.09524592527,0.1377502489,0.003021240234,0.02879062486,0.01193069148,0.02036065817,0.02879062486,3.409944054,True,False,False
16,0.01889656857,0.07603264991,100,0.2272205008,0.2272213785,53501,20,0.08472734243,0.0003012680433,0.002056730611,0.005117406251,0.01807086955,1.907348633e-05,0.01979339498,0.01374528405,0.01676933952,0.01979339498,0,0.004136937785,0.003109324298,0.003623131041,0.004136937785,0.2927220909,False,False,False
16,0.01889656857,0.07603264991,100,0.2272205008,0.2272213785,53501,20,0.08442564662,0.0003012680433,0.002056730611,0.005117406251,0.01807086955,1.907348633e-05,0.01974417002,0.01380206529,0.01677311766,0.01974417002,0,0.004126649475,0.003122168796,0.003624409136,0.004126649475,0.2875757968,False,False,False
16,0.01889656857,0.07603264991,100,0.2303578063,0.2303558822,52773,20,0.08472734243,0.0003012680433,0.002056730611,0.005117406251,0.01800211825,1.525878906e-05,0.01963376882,0.01394422016,0.01678899449,0.01963376882,0,0.004103574964,0.003154325687,0.003628950326,0.004103574964,0.3124879494,False,False,False
16,0.01889656857,0.07603264991,100,0.2272205008,0.2272213785,53501,20,0.08503376139,0.0003012680433,0.002056730611,0.005117406251,0.01807086955,1.907348633e-05,0.01982554123,0.01375815559,0.01679184841,0.01982554123,0,0.004143656544,0.003112235972,0.003627946258,0.004143656544,0.2979302285,False,False,False
16,0.01889656857,0.07603264991,100,0.2303578063,0.2303558822,52773,20,0.08503376139,0.0003012680433,0.002056730611,0.005117406251,0.01800211825,1.525878906e-05,0.01965524923,0.0139306917,0.01679297047,0.01965524923,0,0.004108064498,0.00315126541,0.003629664954,0.004108064498,0.3176960869,False,False,False
16,0.01889656857,0.07603264991,100,0.2303578063,0.2303558822,52773,20,0.08515742004,0.0003012680433,0.002056730611,0.005117406251,0.01800211825,1.525878906e-05,0.0196728559,0.01394329877,0.01680807733,0.0196728559,0,0.004111744396,0.003154117258,0.003632930827,0.004111744396,0.3197925734,False,False,False
16,0.01889656857,0.07603264991,100,0.2205913911,0.2205913911,55109,20,0.0834437977,0.0003012680433,0.002056730611,0.005117406251,0.01839155261,2.288818359e-05,0.02020671675,0.01365410827,0.01693041251,0.02020671675,0,0.004223324503,0.0030886994,0.003656011952,0.004223324503,0.2279772013,False,False,False
16,0.01889656857,0.07603264991,100,0.2205913911,0.2205913911,55109,20,0.08472734243,0.0003012680433,0.002056730611,0.005117406251,0.01839155261,2.288818359e-05,0.02035000047,0.01358293597,0.01696646822,0.02035000047,0,0.004253271657,0.003072599496,0.003662935577,0.004253271657,0.25,False,False,False
16,0.01889656857,0.07603264991,100,0.2205913911,0.2205913911,55109,20,0.08503376139,0.0003012680433,0.002056730611,0.005117406251,0.01839155261,2.288818359e-05,0.02038123566,0.01363253315,0.0170068844,0.02038123566,0,0.004259799998,0.003083818886,0.003671809442,0.004259799998,0.2552081375,False,False,False
16,0.01889656857,0.07603264991,100,0.2272205008,0.2272213785,53501,20,0.08816348933,0.0003012680433,0.002056730611,0.005117406251,0.01807086955,1.907348633e-05,0.02015760316,0.0140640032,0.01711080318,0.02015760316,0,0.00421305947,0.003181421839,0.003697240655,0.00421305947,0.3500757968,False,False,False
16,0.02060685415,0.08291419267,100,0.2205913911,0.2205906226,60097,20,0.08481946903,0.0002771010775,0.002174100366,0.004697132275,0.01858075682,2.288818359e-05,0.02040279,0.01391348675,0.01715813838,0.02040279,0,0.004264304984,0.003147373474,0.003705839229,0.004264304984,0.5015728596,False,False,False
16,0.01889656857,0.07603264991,100,0.2303578063,0.2303558822,52773,20,0.08892766113,0.0003012680433,0.002056730611,0.005117406251,0.01800211825,1.525878906e-05,0.02009246219,0.01423104276,0.01716175247,0.02009246219,0,0.004199444617,0.003219207902,0.00370932626,0.004199444617,0.3822925734,False,False,False
16,0.01457124631,0.05862918789,99.99,0.2022832435,0.2022830253,46341,20,0.08879852764,0.0005254129763,0.002963753321,0.008254157387,0.02173287513,2.670288086e-05,0.02097430151,0.01335926357,0.01716678254,0.02097430151,0,0.004383754304,0.003022002503,0.003702878403,0.004383754304,1.192709366,False,False,False
16,0.02060685415,0.08291419267,100,0.2205913911,0.2205906226,60097,20,0.08503376139,0.0002771010775,0.002174100366,0.004697132275,0.01858075682,2.288818359e-05,0.02039541831,0.01394001625,0.01716771728,0.02039541831,0,0.004262764256,0.003153374718,0.003708069487,0.004262764256,0.5052131635,False,False,False
16,0.01889656857,0.07603264991,100,0.2205913911,0.2205913911,55109,20,0.08713817024,0.0003012680433,0.002056730611,0.005117406251,0.01839155261,2.288818359e-05,0.02059831807,0.01374852337,0.01717342072,0.02059831807,0,0.004305171519,0.003110057065,0.003707614292,0.004305171519,0.2904772013,False,False,False
16,0.01889656857,0.07603264991,100,0.2303578063,0.2303558822,52773,20,0.08879852764,0.0003012680433,0.002056730611,0.005117406251,0.01800211825,1.525878906e-05,0.02013609492,0.01421085374,0.01717347433,0.02013609492,0,0.004208564119,0.003214640937,0.003711602528,0.004208564119,0.3801960869,False,False,False
16,0.01457124631,0.05862918789,99.99,0.2022832435,0.2022830253,46341,20,0.08715291364,0.0005254129763,0.002963753321,0.008254157387,0.02173287513,2.670288086e-05,0.02093891024,0.01342185051,0.01718038038,0.02093891024,0,0.004376357317,0.003036160312,0.003706258814,0.004376357317,1.165722507,False,False,False
16,0.01889656857,0.07603264991,100,0.2272205008,0.2272213785,53501,20,0.08879852764,0.0003012680433,0.002056730611,0.005117406251,0.01807086955,1.907348633e-05,0.02028092081,0.0140990182,0.0171899695,0.02028092081,0,0.004238833595,0.003189342592,0.003714088093,0.004238833595,0.3604302285,False,False,False
16,0.02060685415,0.08291419267,100,0.2205913911,0.2205906226,60097,20,0.08472734243,0.0002771010775,0.002174100366,0.004697132275,0.01858075682,2.288818359e-05,0.02048032256,0.01390938812,0.01719485534,0.02048032256,0,0.004280509753,0.003146446323,0.003713478038,0.004280509753,0.5000050259,False,False,False
16,0.02060685415,0.08291419267,100,0.2272205008,0.2272223685,58343,20,0.08472734243,0.0002771010775,0.002174100366,0.004697132275,0.018281886,1.907348633e-05,0.02020017445,0.01423240844,0.01721629144,0.02020017445,0,0.004221957123,0.003219516833,0.003720736978,0.004221957123,0.5427283769,False,False,False
16,0.02060685415,0.08291419267,100,0.2272205008,0.2272223685,58343,20,0.0854082409,0.0002771010775,0.002174100366,0.004697132275,0.018281886,1.907348633e-05,0.02020963435,0.0142338236,0.01722172898,0.02020963435,0,0.004223934299,0.003219836957,0.003721885628,0.004223934299,0.5542760386,False,False,False
16,0.02060685415,0.08291419267,100,0.2272205008,0.2272223685,58343,20,0.08503376139,0.0002771010775,0.002174100366,0.004697132275,0.018281886,1.907348633e-05,0.0202518574,0.01424160433,0.01724673086,0.0202518574,0,0.00423275917,0.003221597036,0.003727178103,0.00423275917,0.5479365144,False,False,False
16,0.02060685415,0.08291419267,100,0.2205913911,0.2205906226,60097,20,0.08879852764,0.0002771010775,0.002174100366,0.004697132275,0.01858075682,2.288818359e-05,0.02061355095,0.01397159342,0.01729257218,0.02061355095,0,0.004308355281,0.003160517798,0.00373443654,0.004308355281,0.5677131635,False,False,False
16,0.02060685415,0.08291419267,100,0.2205913911,0.2205906226,60097,20,0.08857474775,0.0002771010775,0.002174100366,0.004697132275,0.01858075682,2.288818359e-05,0.02063126136,0.01395898124,0.0172951213,0.02063126136,0,0.004312056864,0.003157664793,0.003734860829,0.004312056864,0.5640728596,False,False,False
16,0.01457124631,0.05862918789,99.99,0.2022832435,0.2022830253,46341,20,0.09101150278,0.0005254129763,0.002963753321,0.008254157387,0.02173287513,2.670288086e-05,0.02123760302,0.01344700676,0.01734230489,0.02123760302,0,0.004438785892,0.003041850914,0.003740318403,0.004438785892,1.228222507,False,False,False
16,0.01889656857,0.07603264991,100,0.2303578063,0.2303558822,52773,20,0.09286482505,0.0003012680433,0.002056730611,0.005117406251,0.01800211825,1.525878906e-05,0.02031787735,0.01443904895,0.01737846315,0.02031787735,0,0.004246557734,0.003266261035,0.003756409385,0.004246557734,0.4447925734,False,False,False
17,0.0355705313,0.07780303099,99.99,0.3892945851,0.3892965132,16395,19,0.07707576721,0.001215477436,0.001294449786,0.003384332352,0.01800390909,3.814697266e-06,0.01815045308,0.0173348901,0.01774267159,0.01815045308,3.051757812e-05,0.003244162078,0.004384842371,0.003814502225,0.004384842371,1.695272329,False,True,True
17,0.0355705313,0.07780303099,99.99,0.3892945851,0.3892965132,16395,19,0.07554169246,0.001215477436,0.001294449786,0.003384332352,0.01800390909,3.814697266e-06,0.01814344748,0.01738986134,0.01776665441,0.01814344748,3.051757812e-05,0.003242909916,0.004398747287,0.003820828602,0.004398747287,1.666268091,False,False,False
17,0.0355705313,0.07780303099,99.99,0.3892945851,0.3892965132,16395,19,0.07233897253,0.001215477436,0.001294449786,0.003384332352,0.01800390909,3.814697266e-06,0.0182698849,0.01738513332,0.01782750911,0.0182698849,3.051757812e-05,0.003265508993,0.00439755134,0.003831530167,0.00439755134,1.603768091,False,False,False
17,0.0355705313,0.08175420281,99.995,0.3273564211,0.3273531619,40975,20,0.08041241559,0.001215477436,0.001308414907,0.003403080582,0.01695578547,7.629394531e-06,0.01490752202,0.01977071366,0.01733911784,0.01977071366,3.051757812e-05,0.002664529497,0.0050009814,0.003832755449,0.0050009814,1.434957284,False,False,False
17,0.0355705313,0.08175420281,99.995,0.3273564211,0.3273531619,40975,20,0.08048820296,0.001215477436,0.001308414907,0.003403080582,0.01695578547,7.629394531e-06,0.01494048379,0.01975857466,0.01734952922,0.01975857466,3.051757812e-05,0.002670420993,0.004997910851,0.003834165922,0.004997910851,1.436316359,False,False,False
17,0.0355705313,0.07780303099,99.99,0.3892945851,0.3892965132,16395,19,0.07888620891,0.001215477436,0.001294449786,0.003384332352,0.01800390909,3.814697266e-06,0.0181726059,0.01749045305,0.01783152947,0.0181726059,3.051757812e-05,0.003248121611,0.004424191857,0.003836156734,0.004424191857,1.728768091,False,False,False
17,0.0355705313,0.07780303099,99.99,0.3892945851,0.3892965132,16395,19,0.07380800754,0.001215477436,0.001294449786,0.003384332352,0.01800390909,3.814697266e-06,0.01829191893,0.01743005163,0.01786098528,0.01829191893,3.051757812e-05,0.003269447295,0.004408913381,0.003839180338,0.004408913381,1.632772329,False,False,False
17,0.0355705313,0.07780303099,99.99,0.3892945851,0.3892965132,16395,19,0.08237879976,0.001215477436,0.001294449786,0.003384332352,0.01800390909,3.814697266e-06,0.01815325693,0.0175563273,0.01785479211,0.01815325693,3.051757812e-05,0.003244663229,0.004440854679,0.003842758954,0.004440854679,1.791268091,False,False,False
17,0.0355705313,0.07780303099,99.99,0.3892945851,0.3892965132,16395,19,0.08048820296,0.001215477436,0.001294449786,0.003384332352,0.01800390909,3.814697266e-06,0.01814238896,0.01757374006,0.01785806451,0.01814238896,3.051757812e-05,0.003242720719,0.004445259218,0.003843989969,0.004445259218,1.757772329,False,False,False
17,0.06523664204,0.07796842029,99.99,0.3134775828,0.3134797426,40807,20,0.07707576721,0.0005125343975,0.001398677559,0.003493264257,0.01680679485,1.14440918e-05,0.01419749606,0.02036893329,0.01728321467,0.02036893329,3.051757812e-05,0.002537621408,0.005152300431,0.00384496092,0.005152300431,0.8796950498,False,False,False
17,0.06523664204,0.07796842029,99.99,0.3134775828,0.3134797426,40807,20,0.07380800754,0.0005125343975,0.001398677559,0.003493264257,0.01680679485,1.14440918e-05,0.01445061183,0.02024755367,0.01734908275,0.02024755367,3.051757812e-05,0.002582862626,0.005121597583,0.003852230104,0.005121597583,0.8171950498,False,False,False
17,0.0355705313,0.08175420281,99.995,0.3273564211,0.3273531619,40975,20,0.07707576721,0.001215477436,0.001308414907,0.003403080582,0.01695578547,7.629394531e-06,0.01512535208,0.01979112537,0.01745823873,0.01979112537,3.051757812e-05,0.002703463842,0.00500614452,0.003854804181,0.00500614452,1.373816359,False,False,False
17,0.0355705313,0.07780303099,99.99,0.3134775828,0.3134754222,40721,20,0.07707576721,0.001215477436,0.001294449786,0.003384332352,0.01678210096,1.14440918e-05,0.01430269403,0.02037583095,0.01733926249,0.02037583095,3.051757812e-05,0.002556424205,0.005154045187,0.003855234696,0.005154045187,1.507778478,False,False,False
17,0.06523664204,0.07796842029,99.99,0.3134775828,0.3134797426,40807,20,0.07628364868,0.0005125343975,0.001398677559,0.003493264257,0.01680679485,1.14440918e-05,0.01429940221,0.02038355488,0.01734147854,0.02038355488,3.051757812e-05,0.002555835833,0.005155998947,0.00385591739,0.005155998947,0.8647915549,False,False,False
17,0.0355705313,0.07780303099,99.99,0.3892945851,0.3892965132,16395,19,0.08405172014,0.001215477436,0.001294449786,0.003384332352,0.01800390909,3.814697266e-06,0.0182200007,0.01762114738,0.01792057404,0.0182200007,3.051757812e-05,0.003256592828,0.004457250852,0.00385692184,0.004457250852,1.820272329,False,False,False
17,0.0355705313,0.07780303099,99.99,0.3134775828,0.3134754222,40721,20,0.07579731371,0.001215477436,0.001294449786,0.003384332352,0.01678210096,1.14440918e-05,0.01433856122,0.02036860556,0.01735358339,0.02036860556,3.051757812e-05,0.002562835007,0.005152217531,0.003857526269,0.005152217531,1.483647853,False,False,False
17,0.0355705313,0.08175420281,99.995,0.3273564211,0.3273531619,40975,20,0.07373851022,0.001215477436,0.001308414907,0.003403080582,0.01695578547,7.629394531e-06,0.01529240199,0.01970934677,0.01750087438,0.01970934677,3.051757812e-05,0.002733321884,0.004985458709,0.003859390296,0.004985458709,1.309957284,False,False,False
17,0.0355705313,0.08175420281,99.995,0.3273564211,0.3273531619,40975,20,0.07700319298,0.001215477436,0.001308414907,0.003403080582,0.01695578547,7.629394531e-06,0.01518027087,0.01979873226,0.01748950157,0.01979873226,3.051757812e-05,0.002713279876,0.005008068675,0.003860674276,0.005008068675,1.372457284,False,False,False
17,0.05030432778,0.07794623902,99.99,0.3134775828,0.3134750614,10199,18,0.07245423334,0.0005544525821,0.00133546108,0.003418354289,0.01686868647,1.14440918e-05,0.01450568068,0.0202782046,0.01739194264,0.0202782046,3.051757812e-05,0.002592705479,0.005129350702,0.003861028091,0.005129350702,0.9159197258,False,False,False
17,0.06523664204,0.07796842029,99.99,0.3134775828,0.3134797426,40807,20,0.07304947224,0.0005125343975,0.001398677559,0.003493264257,0.01680679485,1.14440918e-05,0.014541975,0.02025628282,0.01739912891,0.02025628282,3.051757812e-05,0.002599192628,0.005123805612,0.00386149912,0.005123805612,0.8022915549,False,False,False
17,0.0355705313,0.0632787148,99.95,0.3001871617,0.3001893527,34585,20,0.07707576721,0.001215477436,0.002805665883,0.005084305355,0.01698729419,1.14440918e-05,0.01355874346,0.02099939151,0.01727906748,0.02099939151,3.051757812e-05,0.002423452525,0.005311774179,0.003867613352,0.005311774179,1.868364065,True,False,False
17,0.0355705313,0.0632787148,99.95,0.3001871617,0.3001893527,34585,20,0.08156087901,0.001215477436,0.002805665883,0.005084305355,0.01698729419,1.14440918e-05,0.01354213257,0.02102942771,0.01728578014,0.02102942771,3.051757812e-05,0.002420483541,0.005319371806,0.003869927673,0.005319371806,1.949964044,True,False,False
17,0.0355705313,0.0632787148,99.95,0.3001871617,0.3001893527,34585,20,0.08048820296,0.001215477436,0.002805665883,0.005084305355,0.01698729419,1.14440918e-05,0.0135113246,0.0210720583,0.01729169145,0.0210720583,3.051757812e-05,0.002414977008,0.005330155169,0.003872566089,0.005330155169,1.930864065,True,False,False
17,0.0355705313,0.0632787148,99.95,0.3001871617,0.3001893527,34585,20,0.07479165582,0.001215477436,0.002805665883,0.005084305355,0.01698729419,1.14440918e-05,0.01370646765,0.02090633059,0.01730639912,0.02090633059,3.051757812e-05,0.002449856341,0.005288234517,0.003869045429,0.005288234517,1.824964044,True,False,False
17,0.0355705313,0.0632787148,99.95,0.3001871617,0.3001893527,34585,20,0.07810296531,0.001215477436,0.002805665883,0.005084305355,0.01698729419,1.14440918e-05,0.01364780236,0.02097877909,0.01731329072,0.02097877909,3.051757812e-05,0.002439370668,0.005306560289,0.003872965479,0.005306560289,1.887464044,True,False,False
17,0.0355705313,0.0632787148,99.95,0.3001871617,0.3001893527,34585,20,0.07380800754,0.001215477436,0.002805665883,0.005084305355,0.01698729419,1.14440918e-05,0.01380621083,0.02082894225,0.01731757654,0.02082894225,3.051757812e-05,0.002467684163,0.005268659219,0.003868171691,0.005268659219,1.805864065,True,False,False
17,0.0355705313,0.0632787148,99.95,0.3001871617,0.3001893527,34585,20,0.07162073498,0.001215477436,0.002805665883,0.005084305355,0.01698729419,1.14440918e-05,0.01389647976,0.0207998051,0.01734814243,0.0207998051,3.051757812e-05,0.002483818582,0.005261289005,0.003872553794,0.005261289005,1.762464044,True,False,False
17,0.0355705313,0.07780303099,99.99,0.3134775828,0.3134754222,40721,20,0.07915314749,0.001215477436,0.001294449786,0.003384332352,0.01678210096,1.14440918e-05,0.01432799582,0.02042486218,0.017376429,0.02042486218,3.051757812e-05,0.002560946577,0.005166447584,0.003863697081,0.005166447584,1.546147853,False,False,False
17,0.0355705313,0.0632787148,99.95,0.3001871617,0.3001893527,34585,20,0.08405172014,0.001215477436,0.002805665883,0.005084305355,0.01698729419,1.14440918e-05,0.01357797339,0.02118359795,0.01738078567,0.02118359795,3.051757812e-05,0.00242688963,0.005358369008,0.003892629319,0.005358369008,1.993364065,True,False,False
17,0.0355705313,0.05517633595,99.9,0.4057665165,0.4057688474,11155,19,0.01338501221,0.001215477436,0.005769385058,0.007608762905,0.01943950984,0,0.0462659696,0.03893621581,0.04260109271,0.0462659696,0.02090454102,0.008269452194,0.009848875178,0.009059163686,0.009848875178,3.53441545,True,False,False
17,0.0355705313,0.05517633595,99.9,0.4057665165,0.4057688474,11155,19,0.0137825527,0.001215477436,0.005769385058,0.007608762905,0.01943950984,0,0.04483883501,0.03652584756,0.04068234128,0.04483883501,0.01846313477,0.008014370081,0.009239175044,0.008626772562,0.009239175044,3.492190788,True,False,False
17,0.0355705313,0.05517633595,99.9,0.4057665165,0.4057688474,11155,19,0.01397761733,0.001215477436,0.005769385058,0.007608762905,0.01943950984,0,0.04417291684,0.03541628505,0.03979460094,0.04417291684,0.01751708984,0.007895345698,0.008958512364,0.008426929031,0.008958512364,3.47191545,True,False,False
17,0.0355705313,0.05517633595,99.9,0.4057665165,0.4057688474,11155,19,0.01439275844,0.001215477436,0.005769385058,0.007608762905,0.01943950984,0,0.0429242296,0.03334301963,0.03813362461,0.0429242296,0.01525878906,0.007672158774,0.008434082037,0.008053120406,0.008434082037,3.429690788,True,False,False
17,0.0355705313,0.05517633595,99.9,0.4057665165,0.4057688474,11155,19,0.01459645932,0.001215477436,0.005769385058,0.007608762905,0.01943950984,0,0.04238744264,0.03238370712,0.03738557488,0.04238744264,0.01434326172,0.007576214949,0.008191424938,0.007883819944,0.008191424938,3.40941545,True,False,False
17,0.0355705313,0.05517633595,99.9,0.4057665165,0.4057688474,11155,19,0.01502998029,0.001215477436,0.005769385058,0.007608762905,0.01943950984,0,0.04131685312,0.03055807477,0.03593746395,0.04131685312,0.01290893555,0.007384860723,0.007729633141,0.007557246932,0.007729633141,3.367190788,True,False,False
17,0.0355705313,0.05517633595,99.9,0.4057665165,0.4057688474,11155,19,0.01516439639,0.001215477436,0.005769385058,0.007608762905,0.01943950984,0,0.0409610753,0.03006085198,0.03551096364,0.0409610753,0.01223754883,0.007321269973,0.007603861153,0.007462565563,0.007603861153,3.354345832,True,False,False
17,0.0355705313,0.05517633595,99.9,0.4057665165,0.4057688474,11155,19,0.01524269978,0.001215477436,0.005769385058,0.007608762905,0.01943950984,0,0.04078555169,0.0297838848,0.03528471824,0.04078555169,0.01211547852,0.007289897365,0.007533802595,0.00741184998,0.007533802595,3.34691545,True,False,False
17,0.0355705313,0.05517633595,99.9,0.4057665165,0.4057688474,11155,19,0.01541410057,0.001215477436,0.005769385058,0.007608762905,0.01943950984,0,0.0404182984,0.02912333918,0.03477081879,0.0404182984,0.01150512695,0.007224255522,0.007366718271,0.007295486896,0.007366718271,3.330783197,True,False,False
17,0.0355705313,0.05517633595,99.9,0.4057665165,0.4057688474,11155,19,0.01569541437,0.001215477436,0.005769385058,0.007608762905,0.01943950984,0,0.03987167688,0.02819875502,0.03403521595,0.03987167688,0.01040649414,0.007126553896,0.007132845671,0.007129699783,0.007132845671,3.304690788,True,False,False
17,0.0355705313,0.05517633595,99.9,0.4057665165,0.4057688474,11155,19,0.01583578158,0.001215477436,0.005769385058,0.007608762905,0.01943950984,0,0.0395760036,0.02774431887,0.03366016123,0.0395760036,0.009796142578,0.007073706065,0.007017896521,0.007045801293,0.007073706065,3.291845832,True,False,False
17,0.0355705313,0.05517633595,99.9,0.4057665165,0.4057688474,11155,19,0.01591755176,0.001215477436,0.005769385058,0.007608762905,0.01943950984,0,0.03942950341,0.02751889744,0.03347420043,0.03942950341,0.009643554688,0.007047521025,0.006960876406,0.007004198715,0.007047521025,3.28441545,True,False,False
17,0.0355705313,0.05517633595,99.9,0.4057665165,0.4057688474,11155,19,0.0160965411,0.001215477436,0.005769385058,0.007608762905,0.01943950984,0,0.0391326692,0.02701360332,0.03307313626,0.0391326692,0.009124755859,0.006994465695,0.006833062785,0.00691376424,0.006994465695,3.268283197,True,False,False
17,0.0355705313,0.05517633595,99.9,0.4057665165,0.4057688474,11155,19,0.01639030973,0.001215477436,0.005769385058,0.007608762905,0.01943950984,0,0.03863019987,0.02618748431,0.03240884209,0.03863019987,0.008270263672,0.006904655708,0.006624096844,0.006764376276,0.006904655708,3.242190788,True,False,False
17,0.0355705313,0.05517633595,99.9,0.4057665165,0.4057688474,11155,19,0.01653689152,0.001215477436,0.005769385058,0.007608762905,0.01943950984,0,0.03841092885,0.02581066553,0.03211079719,0.03841092885,0.007781982422,0.006865463809,0.006528780925,0.006697122367,0.006865463809,3.229345832,True,False,False
17,0.0355705313,0.05517633595,99.9,0.4057665165,0.4057688474,11155,19,0.01662228198,0.001215477436,0.005769385058,0.007608762905,0.01943950984,0,0.03831599502,0.02559506977,0.03195553239,0.03831599502,0.007568359375,0.006848495597,0.006474246202,0.0066613709,0.006848495597,3.22191545,True,False,False
17,0.0355705313,0.05517633595,99.9,0.4057665165,0.4057688474,11155,19,0.01680919586,0.001215477436,0.005769385058,0.007608762905,0.01943950984,0,0.03799963619,0.02513246459,0.03156605039,0.03799963619,0.007202148438,0.006791950489,0.006357230704,0.006574590597,0.006791950489,3.205783197,True,False,False
17,0.0355705313,0.05517633595,99.9,0.4057665165,0.4057688474,11155,19,0.01711597074,0.001215477436,0.005769385058,0.007608762905,0.01943950984,0,0.03754971919,0.02449707734,0.03102339827,0.03754971919,0.006500244141,0.006711533563,0.006196510163,0.006454021863,0.006711533563,3.179690788,True,False,False
17,0.0355705313,0.05517633595,99.9,0.4057665165,0.4057688474,11155,19,0.01726904226,0.001215477436,0.005769385058,0.007608762905,0.01943950984,0,0.03734084678,0.024181707,0.03076127689,0.03734084678,0.006256103516,0.006674200281,0.006116737564,0.006395468923,0.006674200281,3.166845832,True,False,False
17,0.0355705313,0.05517633595,99.9,0.4057665165,0.4057688474,11155,19,0.01735821328,0.001215477436,0.005769385058,0.007608762905,0.01943950984,0,0.03724432797,0.02400524966,0.03062478881,0.03724432797,0.006164550781,0.006656948775,0.006072102863,0.006364525819,0.006656948775,3.15941545,True,False,False
17,0.0355705313,0.05517633595,99.9,0.4057665165,0.4057688474,11155,19,0.01755340254,0.001215477436,0.005769385058,0.007608762905,0.01943950984,0,0.03705165787,0.023624528,0.03033809294,0.03705165787,0.005493164062,0.006622511451,0.005975799718,0.006299155584,0.006622511451,3.143283197,True,False,False
17,0.0355705313,0.05517633595,99.9,0.4057665165,0.4057688474,11155,19,0.0178737595,0.001215477436,0.005769385058,0.007608762905,0.01943950984,0,0.03667275011,0.02306149239,0.02986712125,0.03667275011,0.005035400391,0.006554786519,0.005833380447,0.006194083483,0.006554786519,3.117190788,True,False,False
17,0.0355705313,0.05517633595,99.9,0.4057665165,0.4057688474,11155,19,0.01803360808,0.001215477436,0.005769385058,0.007608762905,0.01943950984,0,0.03651145127,0.022793595,0.02965252313,0.03651145127,0.004730224609,0.006525956408,0.005765616082,0.006145786245,0.006525956408,3.104345832,True,False,False
17,0.0355705313,0.05517633595,99.9,0.4057665165,0.4057688474,11155,19,0.01812672703,0.001215477436,0.005769385058,0.007608762905,0.01943950984,0,0.03639388206,0.02264214557,0.02951801382,0.03639388206,0.004577636719,0.006504942412,0.005727307107,0.006116124759,0.006504942412,3.09691545,True,False,False
17,0.0355705313,0.05517633595,99.9,0.4057665165,0.4057688474,11155,19,0.01833055807,0.001215477436,0.005769385058,0.007608762905,0.01943950984,0,0.03619206954,0.02234114213,0.02926660584,0.03619206954,0.004333496094,0.006468870997,0.0056511686,0.006060019799,0.006468870997,3.080783197,True,False,False
17,0.0355705313,0.05517633595,99.9,0.4057665165,0.4057688474,11155,19,0.01866509844,0.001215477436,0.005769385058,0.007608762905,0.01943950984,0,0.0358702523,0.02187505839,0.02887265535,0.0358702523,0.004058837891,0.006411350268,0.005533273204,0.005972311736,0.006411350268,3.054690788,True,False,False
17,0.0355705313,0.05517633595,99.9,0.4057665165,0.4057688474,11155,19,0.01883202412,0.001215477436,0.005769385058,0.007608762905,0.01943950984,0,0.03570036099,0.02162131032,0.02866083566,0.03570036099,0.003753662109,0.006380984363,0.005469087895,0.005925036129,0.006380984363,3.041845832,True,False,False
17,0.0355705313,0.05517633595,99.9,0.4057665165,0.4057688474,11155,19,0.0189292658,0.001215477436,0.005769385058,0.007608762905,0.01943950984,0,0.03557445452,0.02148447708,0.0285294658,0.03557445452,0.003662109375,0.006358480187,0.005434476068,0.005896478127,0.006358480187,3.03441545,True,False,False
17,0.0355705313,0.05517633595,99.9,0.4057665165,0.4057688474,11155,19,0.01914212121,0.001215477436,0.005769385058,0.007608762905,0.01943950984,0,0.03544856277,0.02124488876,0.02834672577,0.03544856277,0.003448486328,0.006335978641,0.005373872454,0.005854925547,0.006335978641,3.018283197,True,False,False
17,0.0355705313,0.05517633595,99.9,0.4057665165,0.4057688474,11155,19,0.01949147295,0.001215477436,0.005769385058,0.007608762905,0.01943950984,0,0.03510448848,0.0208554884,0.02797998844,0.03510448848,0.003143310547,0.006274479749,0.005275374038,0.005774926894,0.006274479749,2.992190788,True,False,False
17,0.0355705313,0.05517633595,99.9,0.4057665165,0.4057688474,11155,19,0.01962935447,0.001215477436,0.005769385058,0.007608762905,0.01943950984,0,0.03497943477,0.02072430677,0.02785187077,0.03497943477,0.003051757812,0.006252127992,0.005242191782,0.005747159887,0.006252127992,2.982021176,True,False,False
17,0.0355705313,0.05517633595,99.9,0.4057665165,0.4057688474,11155,19,0.01966578906,0.001215477436,0.005769385058,0.007608762905,0.01943950984,0,0.03494737367,0.02069023299,0.02781880333,0.03494737367,0.003051757812,0.006246397479,0.005233572856,0.005739985167,0.006246397479,2.979345832,True,False,False
17,0.0355705313,0.0632787148,99.95,0.3001871617,0.3001893527,34585,20,0.08517188762,0.001215477436,0.002805665883,0.005084305355,0.01698729419,1.14440918e-05,0.01364992805,0.02120302322,0.01742647564,0.02120302322,0,0.002439750608,0.00536328261,0.003901516609,0.00536328261,2.012464044,True,False,False
17,0.06523664204,0.07796842029,99.99,0.3134775828,0.3134797426,40807,20,0.08687095213,0.0005125343975,0.001398677559,0.003493264257,0.01680679485,1.14440918e-05,0.01434946855,0.0205721562,0.01746081238,0.0205721562,0,0.002564784554,0.005203705454,0.003884245004,0.005203705454,1.052291555,False,False,False
17,0.05030432778,0.07794623902,99.99,0.3134775828,0.3134750614,10199,18,0.0861630898,0.0005544525821,0.00133546108,0.003418354289,0.01686868647,1.14440918e-05,0.01446059407,0.02053337973,0.0174969869,0.02053337973,0,0.002584646823,0.005193896985,0.003889271904,0.005193896985,1.165919726,False,False,False
17,0.05030432778,0.07794623902,99.99,0.3134775828,0.3134750614,10199,18,0.08777300771,0.0005544525821,0.00133546108,0.003418354289,0.01686868647,1.14440918e-05,0.01444283875,0.02056849861,0.01750566868,0.02056849861,0,0.002581473286,0.005202780271,0.003892126779,0.005202780271,1.192627085,False,False,False
17,0.06523664204,0.07796842029,99.99,0.3134775828,0.3134797426,40807,20,0.08777300771,0.0005125343975,0.001398677559,0.003493264257,0.01680679485,1.14440918e-05,0.01440700108,0.02062376354,0.01751538231,0.02062376354,0,0.00257506776,0.005216759476,0.003895913618,0.005216759476,1.06719505,False,False,False
17,0.0355705313,0.07780303099,99.99,0.3134775828,0.3134754222,40721,20,0.0863171194,0.001215477436,0.001294449786,0.003384332352,0.01678210096,1.14440918e-05,0.01451148848,0.02056791584,0.01753970216,0.02056791584,0,0.002593743551,0.00520263286,0.003898188205,0.00520263286,1.671147853,False,False,False
17,0.05485725843,0.07775044502,99.99,0.3134775828,0.3134790987,40693,20,0.08632570218,0.0005121282337,0.001344402056,0.003438497901,0.01682223486,1.14440918e-05,0.0144333219,0.02067807258,0.01755569724,0.02067807258,0,0.002579772272,0.005230496893,0.003905134582,0.005230496893,1.047249804,False,False,False
17,0.0355705313,0.07780303099,99.99,0.3134775828,0.3134754222,40721,20,0.08777300771,0.001215477436,0.001294449786,0.003384332352,0.01678210096,1.14440918e-05,0.01453674644,0.0205858238,0.01756128512,0.0205858238,0,0.002598258089,0.00520716266,0.003902710374,0.00520716266,1.695278478,False,False,False
17,0.0355705313,0.07780303099,99.99,0.3134775828,0.3134754222,40721,20,0.09013870477,0.001215477436,0.001294449786,0.003384332352,0.01678210096,1.14440918e-05,0.01444774721,0.02071903861,0.01758339291,0.02071903861,0,0.00258235061,0.005240859207,0.003911604909,0.005240859207,1.733647853,False,False,False
17,0.0355705313,0.0632787148,99.95,0.3001871617,0.3001893527,34585,20,0.09165905076,0.001215477436,0.002805665883,0.005084305355,0.01698729419,1.14440918e-05,0.01400629324,0.0211641016,0.01758519742,0.0211641016,0,0.002503446342,0.005353437425,0.003928441884,0.005353437425,2.118364065,True,False,False
17,0.0355705313,0.0632787148,99.95,0.3001871617,0.3001893527,34585,20,0.08777300771,0.001215477436,0.002805665883,0.005084305355,0.01698729419,1.14440918e-05,0.01378884836,0.021398351,0.01759359968,0.021398351,0,0.002464580842,0.005412690566,0.003938635704,0.005412690566,2.055864065,True,False,False
17,0.05030432778,0.07794623902,99.99,0.3134775828,0.3134750614,10199,18,0.09165905076,0.0005544525821,0.00133546108,0.003418354289,0.01686868647,1.14440918e-05,0.01451483273,0.02068898024,0.01760190648,0.02068898024,0,0.002594341293,0.005233255972,0.003913798632,0.005233255972,1.255127085,False,False,False
17,0.03878993943,0.07781985726,99.99,0.3134779468,0.3134816305,40729,20,0.08777300771,0.0009850795298,0.001299476855,0.003396480104,0.01683923234,1.14440918e-05,0.0144312006,0.02080711488,0.01761915774,0.02080711488,0,0.002579393115,0.005263138007,0.003921265561,0.005263138007,1.569937932,False,False,False
17,0.03878993943,0.07781985726,99.99,0.3134779468,0.3134816305,40729,20,0.08610937842,0.0009850795298,0.001299476855,0.003396480104,0.01683923234,1.14440918e-05,0.01443256068,0.02080628759,0.01761942413,0.02080628759,0,0.002579636212,0.005262928744,0.003921282478,0.005262928744,1.542330961,False,False,False
17,0.03878993943,0.07781985726,99.99,0.3134775828,0.313473934,20365,19,0.08610726427,0.0009850795298,0.001299476855,0.003396480104,0.01683787828,1.14440918e-05,0.01443222516,0.02080684808,0.01761953662,0.02080684808,0,0.002579576242,0.005263070519,0.003921323381,0.005263070519,1.542330961,False,False,False
17,0.03878993943,0.07781985726,99.99,0.3134775828,0.313473934,20365,19,0.08777300771,0.0009850795298,0.001299476855,0.003396480104,0.01683787828,1.14440918e-05,0.01443786299,0.02080808164,0.01762297231,0.02080808164,0,0.002580583933,0.005263382547,0.00392198324,0.005263382547,1.569973353,False,False,False
17,0.05485725843,0.07775044502,99.99,0.3134775828,0.3134790987,40693,20,0.08777300771,0.0005121282337,0.001344402056,0.003438497901,0.01682223486,1.14440918e-05,0.01452614089,0.02072341603,0.01762477846,0.02072341603,0,0.002596362483,0.005241966471,0.003919164477,0.005241966471,1.071236985,False,False,False
17,0.06523664204,0.07796842029,99.99,0.3134775828,0.3134797426,40807,20,0.09071705777,0.0005125343975,0.001398677559,0.003493264257,0.01680679485,1.14440918e-05,0.01455378155,0.02071589276,0.01763483715,0.02071589276,0,0.002601302897,0.005240063467,0.003920683182,0.005240063467,1.114791555,False,False,False
